dataset,method,seed,epoch,train_mse,train_acc,val_mse,val_acc,factor_mean
dry_bean,gradient descent,100,1,0.0393697031617552,0.9071451054453887,0.03990488465690485,0.9068627450980392,
dry_bean,gradient descent,100,2,0.026702041221695057,0.9102927289896129,0.027598689122642506,0.9068627450980392,
dry_bean,gradient descent,100,3,0.02062800765472572,0.9175322631413283,0.021533972526863707,0.9127450980392157,
dry_bean,gradient descent,100,4,0.018438273030869513,0.9227783023817018,0.019446650560357236,0.9225490196078432,
dry_bean,gradient descent,100,5,0.017486543229242403,0.9240373517993915,0.018458840473874343,0.9220588235294118,
dry_bean,gradient descent,100,6,0.017003404712803927,0.9256111635715035,0.018011760529085694,0.921078431372549,
dry_bean,gradient descent,100,7,0.01674621885354234,0.9238275102297765,0.017919636131732756,0.9235294117647059,
dry_bean,gradient descent,100,8,0.01640166990105968,0.925506242786696,0.017508018562265137,0.9220588235294118,
dry_bean,gradient descent,100,9,0.01630907603731231,0.9262406882803483,0.01755076836541991,0.9205882352941176,
dry_bean,gradient descent,100,10,0.016385386398074873,0.9261357674955408,0.01735762799058474,0.9269607843137255,
dry_bean,gradient descent,100,11,0.01611344058206743,0.9260308467107334,0.017252089608450052,0.9200980392156862,
dry_bean,gradient descent,100,12,0.015844689786276227,0.9268702129891931,0.016952466055596402,0.9259803921568628,
dry_bean,gradient descent,100,13,0.016014820521895134,0.9278145000524604,0.017226699328083503,0.9264705882352942,
dry_bean,gradient descent,100,14,0.015721883857272953,0.9281292624068828,0.01697005115136949,0.9259803921568628,
dry_bean,gradient descent,100,15,0.01560018771180533,0.9279194208372679,0.016969684614612027,0.9235294117647059,
dry_bean,gradient descent,100,16,0.015595416936228481,0.9279194208372679,0.016838987244371315,0.9240196078431373,
dry_bean,gradient descent,100,17,0.015441770110092146,0.9282341831916903,0.01674642697338145,0.9245098039215687,
dry_bean,gradient descent,100,18,0.015371080855471897,0.9278145000524604,0.01674413797830591,0.925,
dry_bean,gradient descent,100,19,0.015311589706805788,0.9283391039764978,0.01660980271900297,0.9264705882352942,
dry_bean,gradient descent,100,20,0.015612537573135155,0.9293883118245725,0.016925201372465882,0.9284313725490196,
dry_bean,gradient descent,100,21,0.015254908486045122,0.9302276781030322,0.016717589072904326,0.9240196078431373,
dry_bean,gradient descent,100,22,0.015173679574474259,0.9285489455461127,0.016704254878067683,0.9235294117647059,
dry_bean,gradient descent,100,23,0.015270094613284843,0.9302276781030322,0.01663765334356823,0.9284313725490196,
dry_bean,gradient descent,100,24,0.014944965497153493,0.9300178365334173,0.01650125399089021,0.925,
dry_bean,gradient descent,100,25,0.014933092263158174,0.9301227573182247,0.01638547240960359,0.9254901960784314,
dry_bean,gradient descent,100,26,0.014985015006869563,0.9297030741789949,0.01640397031406855,0.9259803921568628,
dry_bean,gradient descent,100,27,0.015152411140990455,0.9299129157486098,0.016534475423556717,0.9284313725490196,
dry_bean,gradient descent,100,28,0.01506362694191314,0.9305424404574546,0.016631478179803115,0.9254901960784314,
dry_bean,gradient descent,100,29,0.014817934064187648,0.9315916483055293,0.01634961806602231,0.9308823529411765,
dry_bean,gradient descent,100,30,0.014738595229168965,0.9306473612422621,0.016360630172606003,0.9235294117647059,
dry_bean,gradient descent,100,31,0.014772963491613523,0.9298079949638023,0.016373943885843862,0.9230392156862746,
dry_bean,gradient descent,100,32,0.014807654655483268,0.9300178365334173,0.01642511964638212,0.9259803921568628,
dry_bean,gradient descent,100,33,0.014634999272592672,0.9311719651662994,0.016331838572493037,0.9235294117647059,
dry_bean,gradient descent,100,34,0.014596434198307853,0.930857202811877,0.01629702162850906,0.9245098039215687,
dry_bean,gradient descent,100,35,0.0144821251886502,0.9325359353687965,0.016130170645391947,0.9279411764705883,
dry_bean,gradient descent,100,36,0.014436811048533615,0.9318014898751442,0.016072128085469102,0.9274509803921569,
dry_bean,gradient descent,100,37,0.014957274954082955,0.9320113314447592,0.01642415788521063,0.9313725490196079,
dry_bean,gradient descent,100,38,0.014788979186341457,0.9325359353687965,0.01640107546476456,0.9269607843137255,
dry_bean,gradient descent,100,39,0.014369969981547394,0.933060539292834,0.016127223049299755,0.9269607843137255,
dry_bean,gradient descent,100,40,0.014693319350755915,0.930857202811877,0.016583859255826613,0.921078431372549,
dry_bean,gradient descent,100,41,0.014416005507404336,0.9312768859511069,0.01634092462793363,0.9235294117647059,
dry_bean,gradient descent,100,42,0.014373415367511987,0.9316965690903368,0.0160393674274377,0.9279411764705883,
dry_bean,gradient descent,100,43,0.014249835554693576,0.932640856153604,0.016017614440580648,0.9279411764705883,
dry_bean,gradient descent,100,44,0.014287104577559969,0.9350540342041759,0.015991764776735404,0.9284313725490196,
dry_bean,gradient descent,100,45,0.0144424316187097,0.9315916483055293,0.016456687712281887,0.9225490196078432,
dry_bean,gradient descent,100,46,0.014274670401689346,0.9347392718497535,0.01596794602986868,0.928921568627451,
dry_bean,gradient descent,100,47,0.014279174643375513,0.9351589549889833,0.01612500326113074,0.9259803921568628,
dry_bean,gradient descent,100,48,0.01429835860536967,0.9342146679257161,0.015923319909107524,0.9284313725490196,
dry_bean,gradient descent,100,49,0.014212349116119342,0.9335851432168712,0.016029056343304197,0.9240196078431373,
dry_bean,gradient descent,100,50,0.014127991167885667,0.9348441926345609,0.015966162902340764,0.928921568627451,
dry_bean,gradient descent,100,51,0.014113495788845446,0.9351589549889833,0.015895935155078846,0.9284313725490196,
dry_bean,gradient descent,100,52,0.014154971071237105,0.9340048263561012,0.0159400605801955,0.9294117647058824,
dry_bean,gradient descent,100,53,0.014264156595693805,0.9347392718497535,0.016017186167456912,0.9284313725490196,
dry_bean,gradient descent,100,54,0.014153975826684474,0.9342146679257161,0.016054499461599477,0.9294117647058824,
dry_bean,gradient descent,100,55,0.014094257004444945,0.9349491134193684,0.015984426579178333,0.9269607843137255,
dry_bean,gradient descent,100,56,0.014190388324737334,0.9331654600776413,0.0159636888790059,0.9269607843137255,
dry_bean,gradient descent,100,57,0.013993408271808304,0.9352638757737908,0.015769675851763965,0.9299019607843138,
dry_bean,gradient descent,100,58,0.013946419458706283,0.9336900640016788,0.015977576250915917,0.9245098039215687,
dry_bean,gradient descent,100,59,0.014007712133039092,0.9343195887105236,0.016161690865576138,0.9240196078431373,
dry_bean,gradient descent,100,60,0.01392410059872709,0.9335851432168712,0.01595902177077366,0.9254901960784314,
dry_bean,gradient descent,101,1,0.039021970790550274,0.9009547791417479,0.03940870525267092,0.8980392156862745,
dry_bean,gradient descent,101,2,0.026106193426974594,0.9134403525338369,0.026807744658469333,0.9151960784313725,
dry_bean,gradient descent,101,3,0.020542545791725042,0.9214143321792047,0.02133849787401907,0.9191176470588235,
dry_bean,gradient descent,101,4,0.01846663969215685,0.922148777672857,0.019522257614286404,0.9200980392156862,
dry_bean,gradient descent,101,5,0.01775490369206175,0.9236176686601616,0.018732125874834006,0.9235294117647059,
dry_bean,gradient descent,101,6,0.016968844193929133,0.9251914804322736,0.017887304313956368,0.9220588235294118,
dry_bean,gradient descent,101,7,0.01693172905345292,0.9244570349386213,0.017901448549284136,0.9215686274509803,
dry_bean,gradient descent,101,8,0.01663355685947985,0.9238275102297765,0.017599717585621618,0.9205882352941176,
dry_bean,gradient descent,101,9,0.0163210183583906,0.9260308467107334,0.017415673862249823,0.921078431372549,
dry_bean,gradient descent,101,10,0.01628781194510171,0.925506242786696,0.017463974061755136,0.9205882352941176,
dry_bean,gradient descent,101,11,0.01619769348729662,0.9259259259259259,0.01725489255531656,0.921078431372549,
dry_bean,gradient descent,101,12,0.01679748152972906,0.9218340153184346,0.01797286147265046,0.9196078431372549,
dry_bean,gradient descent,101,13,0.015773194551764694,0.9267652922043856,0.016927724988961283,0.9279411764705883,
dry_bean,gradient descent,101,14,0.016212450450836836,0.9265554506347707,0.017378761887691847,0.9230392156862746,
dry_bean,gradient descent,101,15,0.015517061445754335,0.9287587871157277,0.01661707017490397,0.9264705882352942,
dry_bean,gradient descent,101,16,0.0157644930078137,0.9278145000524604,0.01703995253704371,0.9240196078431373,
dry_bean,gradient descent,101,17,0.015346697805034,0.9285489455461127,0.0165581960438758,0.9279411764705883,
dry_bean,gradient descent,101,18,0.015295404070135223,0.9293883118245725,0.01671109712652343,0.9254901960784314,
dry_bean,gradient descent,101,19,0.015319596002825075,0.929283391039765,0.01664795879873541,0.9264705882352942,
dry_bean,gradient descent,101,20,0.01508011109249921,0.9281292624068828,0.016405651618804692,0.9279411764705883,
dry_bean,gradient descent,101,21,0.015099825457160768,0.9288637079005351,0.016541126463796692,0.9240196078431373,
dry_bean,gradient descent,101,22,0.014942022905092568,0.9300178365334173,0.016213981495773376,0.9274509803921569,
dry_bean,gradient descent,101,23,0.014979669439066581,0.9289686286853426,0.01632483779105329,0.9240196078431373,
dry_bean,gradient descent,101,24,0.014948163775584188,0.929283391039765,0.01626056775079432,0.9264705882352942,
dry_bean,gradient descent,101,25,0.014867481026720133,0.9288637079005351,0.01627396874414803,0.9230392156862746,
dry_bean,gradient descent,101,26,0.014774246432223337,0.9312768859511069,0.016226324749802092,0.9264705882352942,
dry_bean,gradient descent,101,27,0.014726464515723622,0.9304375196726472,0.016147237766224478,0.9274509803921569,
dry_bean,gradient descent,101,28,0.014823056191980528,0.9314867275207218,0.016126427581043892,0.928921568627451,
dry_bean,gradient descent,101,29,0.01470327255089837,0.9307522820270696,0.016234611951013417,0.9254901960784314,
dry_bean,gradient descent,101,30,0.014972866298228913,0.9307522820270696,0.016703959120069545,0.921078431372549,
dry_bean,gradient descent,101,31,0.014814887248709881,0.9302276781030322,0.01639707430695131,0.9230392156862746,
dry_bean,gradient descent,101,32,0.014723840030087964,0.930857202811877,0.016207964024447134,0.9294117647058824,
dry_bean,gradient descent,101,33,0.014650562135959248,0.9309621235966845,0.0163300307466471,0.9235294117647059,
dry_bean,gradient descent,101,34,0.014514634599328186,0.9314867275207218,0.016047018566061774,0.9269607843137255,
dry_bean,gradient descent,101,35,0.014727120608572192,0.9321162522295666,0.016249191383586645,0.9264705882352942,
dry_bean,gradient descent,101,36,0.014536340126563714,0.9324310145839891,0.016114771942616093,0.928921568627451,
dry_bean,gradient descent,101,37,0.014812509533968458,0.9329556185080264,0.016288172358090134,0.9279411764705883,
dry_bean,gradient descent,101,38,0.014456357198625305,0.9316965690903368,0.016126292075049828,0.9254901960784314,
dry_bean,gradient descent,101,39,0.014691475666143997,0.931067044381492,0.01646634654560326,0.9235294117647059,
dry_bean,gradient descent,101,40,0.01461701157046558,0.9334802224320637,0.016173334515788496,0.9269607843137255,
dry_bean,gradient descent,101,41,0.01443597690542122,0.9309621235966845,0.01627656997096657,0.9220588235294118,
dry_bean,gradient descent,101,42,0.014400567897456364,0.9316965690903368,0.016036351471793536,0.9235294117647059,
dry_bean,gradient descent,101,43,0.014442175916474072,0.930857202811877,0.015994186469716273,0.9264705882352942,
dry_bean,gradient descent,101,44,0.01452096311171173,0.933060539292834,0.016107682506795454,0.9264705882352942,
dry_bean,gradient descent,101,45,0.014267448191023581,0.9332703808624488,0.015989559226161094,0.9269607843137255,
dry_bean,gradient descent,101,46,0.01449785373034742,0.9335851432168712,0.016140381622691564,0.9269607843137255,
dry_bean,gradient descent,101,47,0.014254120523241175,0.9321162522295666,0.015986816357664052,0.9235294117647059,
dry_bean,gradient descent,101,48,0.014407782061292814,0.9347392718497535,0.01598377846187493,0.9269607843137255,
dry_bean,gradient descent,101,49,0.014328113263953855,0.9329556185080264,0.016189080252279418,0.9220588235294118,
dry_bean,gradient descent,101,50,0.014210078516151952,0.9343195887105236,0.015926534498502228,0.9279411764705883,
dry_bean,gradient descent,101,51,0.014464669845228527,0.9343195887105236,0.016204249711479466,0.9259803921568628,
dry_bean,gradient descent,101,52,0.014550348023836687,0.9340048263561012,0.01637192392759268,0.9284313725490196,
dry_bean,gradient descent,101,53,0.014452842379113434,0.9336900640016788,0.01609704497940659,0.9259803921568628,
dry_bean,gradient descent,101,54,0.014203818484564085,0.9340048263561012,0.015991860849350916,0.9274509803921569,
dry_bean,gradient descent,101,55,0.014084494438602565,0.9342146679257161,0.015862149735511283,0.928921568627451,
dry_bean,gradient descent,101,56,0.01436339675499941,0.9319064106599517,0.016377407109644613,0.9200980392156862,
dry_bean,gradient descent,101,57,0.01434474820824735,0.9348441926345609,0.016168731219953058,0.9254901960784314,
dry_bean,gradient descent,101,58,0.01415166474384805,0.9343195887105236,0.015929332450913415,0.9284313725490196,
dry_bean,gradient descent,101,59,0.014039168115215873,0.9334802224320637,0.016063414993925683,0.9230392156862746,
dry_bean,gradient descent,101,60,0.014195363756306052,0.9340048263561012,0.015924538173647033,0.9299019607843138,
dry_bean,gradient descent,102,1,0.03890500971798699,0.9093484419263456,0.03947396041287698,0.9068627450980392,
dry_bean,gradient descent,102,2,0.024035460841038653,0.9151190850907565,0.02490542865265302,0.9117647058823529,
dry_bean,gradient descent,102,3,0.020184258967730226,0.9179519462805582,0.02120716983350726,0.917156862745098,
dry_bean,gradient descent,102,4,0.018172161277421186,0.923932431014584,0.019076040832172222,0.9196078431372549,
dry_bean,gradient descent,102,5,0.017581585296480608,0.9238275102297765,0.01846668084791654,0.921078431372549,
dry_bean,gradient descent,102,6,0.017028377867016636,0.9249816388626587,0.018088621416096823,0.921078431372549,
dry_bean,gradient descent,102,7,0.016783263569034656,0.9262406882803483,0.017663762545996366,0.9225490196078432,
dry_bean,gradient descent,102,8,0.016553265362532998,0.9256111635715035,0.01763692842191972,0.9225490196078432,
dry_bean,gradient descent,102,9,0.016283880781947615,0.9260308467107334,0.017384237037912417,0.9225490196078432,
dry_bean,gradient descent,102,10,0.016036048769273975,0.9264505298499632,0.017165608102601464,0.9240196078431373,
dry_bean,gradient descent,102,11,0.016158877843558316,0.925716084356311,0.017357514802580305,0.9254901960784314,
dry_bean,gradient descent,102,12,0.01674322858941476,0.9215192529640122,0.018021579451723155,0.9176470588235294,
dry_bean,gradient descent,102,13,0.015852440648819813,0.9270800545588082,0.017252527855744347,0.9215686274509803,
dry_bean,gradient descent,102,14,0.015621221282464478,0.9270800545588082,0.016834453631689714,0.925,
dry_bean,gradient descent,102,15,0.015598132325710973,0.9280243416220754,0.016860000119666242,0.9235294117647059,
dry_bean,gradient descent,102,16,0.015536847267526462,0.9287587871157277,0.016645318730660132,0.9245098039215687,
dry_bean,gradient descent,102,17,0.015509984860660825,0.9284440247613052,0.016831668437461728,0.9230392156862746,
dry_bean,gradient descent,102,18,0.015313204052552256,0.9291784702549575,0.016595091921596698,0.9264705882352942,
dry_bean,gradient descent,102,19,0.015596199621064797,0.9276046584828455,0.016980505231124623,0.9254901960784314,
dry_bean,gradient descent,102,20,0.015170107529531317,0.9298079949638023,0.016513847694797294,0.9279411764705883,
dry_bean,gradient descent,102,21,0.015124394591251379,0.9283391039764978,0.01660118550293723,0.9235294117647059,
dry_bean,gradient descent,102,22,0.015136807019487945,0.9305424404574546,0.01661046404328695,0.9240196078431373,
dry_bean,gradient descent,102,23,0.01509670202907589,0.9294932326093799,0.016766338441798305,0.925,
dry_bean,gradient descent,102,24,0.014936256935026699,0.9294932326093799,0.016428694384678075,0.9220588235294118,
dry_bean,gradient descent,102,25,0.014964524131479702,0.9301227573182247,0.01648849534928088,0.9245098039215687,
dry_bean,gradient descent,102,26,0.015010865745375948,0.9297030741789949,0.01661412212443873,0.9230392156862746,
dry_bean,gradient descent,102,27,0.01498114335397912,0.9299129157486098,0.016477603868293243,0.9259803921568628,
dry_bean,gradient descent,102,28,0.014785714966122961,0.9294932326093799,0.01634637033575184,0.9254901960784314,
dry_bean,gradient descent,102,29,0.014711405561039557,0.9307522820270696,0.01637371585490425,0.9254901960784314,
dry_bean,gradient descent,102,30,0.014764108483462312,0.931067044381492,0.01644790803034218,0.9274509803921569,
dry_bean,gradient descent,102,31,0.014715297229994519,0.9314867275207218,0.01629364595598474,0.9269607843137255,
dry_bean,gradient descent,102,32,0.014674512378312344,0.9301227573182247,0.016419509735798057,0.9230392156862746,
dry_bean,gradient descent,102,33,0.014616737300242225,0.9306473612422621,0.01636885726366689,0.9230392156862746,
dry_bean,gradient descent,102,34,0.014744731691116855,0.9305424404574546,0.016419288609053315,0.9240196078431373,
dry_bean,gradient descent,102,35,0.014557318995539638,0.9311719651662994,0.01617191127549783,0.9259803921568628,
dry_bean,gradient descent,102,36,0.014739842356925931,0.9301227573182247,0.01648475952815548,0.9254901960784314,
dry_bean,gradient descent,102,37,0.014599125464562468,0.9319064106599517,0.016393864742849536,0.9274509803921569,
dry_bean,gradient descent,102,38,0.014497947190466924,0.9328506977232189,0.01629811779625857,0.9274509803921569,
dry_bean,gradient descent,102,39,0.014826361996426547,0.931067044381492,0.016462519584618043,0.9274509803921569,
dry_bean,gradient descent,102,40,0.014854971906759539,0.9312768859511069,0.016452577158237017,0.9274509803921569,
dry_bean,gradient descent,102,41,0.014583447326061835,0.9315916483055293,0.016525456931992696,0.9225490196078432,
dry_bean,gradient descent,102,42,0.014560390291159029,0.9320113314447592,0.016430889507664203,0.9225490196078432,
dry_bean,gradient descent,102,43,0.014450663513927783,0.9323260937991816,0.016435966847095126,0.9235294117647059,
dry_bean,gradient descent,102,44,0.014293955184874908,0.9324310145839891,0.016054025484279304,0.9259803921568628,
dry_bean,gradient descent,102,45,0.014276307310200258,0.932640856153604,0.01615005365573272,0.9254901960784314,
dry_bean,gradient descent,102,46,0.014423113831114958,0.933060539292834,0.01622397274833302,0.9274509803921569,
dry_bean,gradient descent,102,47,0.01426921280120524,0.9315916483055293,0.01615370793413979,0.9259803921568628,
dry_bean,gradient descent,102,48,0.014316673051903426,0.9320113314447592,0.01632621054233598,0.9215686274509803,
dry_bean,gradient descent,102,49,0.014217099412883693,0.9323260937991816,0.01615453840030012,0.9240196078431373,
dry_bean,gradient descent,102,50,0.014226855386315348,0.9327457769384115,0.01622242791103673,0.9274509803921569,
dry_bean,gradient descent,102,51,0.014229506951345774,0.9347392718497535,0.016003485716608028,0.928921568627451,
dry_bean,gradient descent,102,52,0.014211753040034861,0.9323260937991816,0.016114274148054785,0.9254901960784314,
dry_bean,gradient descent,102,53,0.014146137235438451,0.9334802224320637,0.01612634497507676,0.9264705882352942,
dry_bean,gradient descent,102,54,0.014285290505922948,0.9332703808624488,0.01626084030296885,0.9220588235294118,
dry_bean,gradient descent,102,55,0.014211201754648756,0.9345294302801385,0.016065759093348144,0.9269607843137255,
dry_bean,gradient descent,102,56,0.014167295418978912,0.933060539292834,0.016027433759698336,0.9269607843137255,
dry_bean,gradient descent,102,57,0.01415090054950389,0.9336900640016788,0.016079948228153177,0.9245098039215687,
dry_bean,gradient descent,102,58,0.014103327275286839,0.9336900640016788,0.015945291126882328,0.9269607843137255,
dry_bean,gradient descent,102,59,0.014022209377682638,0.9336900640016788,0.01594697468341007,0.9284313725490196,
dry_bean,gradient descent,102,60,0.01426497250578903,0.9322211730143741,0.016145562863187704,0.9264705882352942,
dry_bean,gradient descent,103,1,0.03924670353015491,0.8935054034204176,0.039648096093274694,0.8911764705882353,
dry_bean,gradient descent,103,2,0.02635479967802486,0.9149092435211416,0.02702499077051991,0.9142156862745098,
dry_bean,gradient descent,103,3,0.020616499868991826,0.9177421047109432,0.02166715592434835,0.9161764705882353,
dry_bean,gradient descent,103,4,0.018421665459437395,0.9235127478753541,0.019292001500974085,0.9235294117647059,
dry_bean,gradient descent,103,5,0.01760167360453954,0.923932431014584,0.018603556019234975,0.9205882352941176,
dry_bean,gradient descent,103,6,0.01722614916725704,0.9243521141538139,0.018140851934044577,0.9240196078431373,
dry_bean,gradient descent,103,7,0.016855295428547194,0.9225684608120869,0.017828105520376187,0.921078431372549,
dry_bean,gradient descent,103,8,0.016538806949762515,0.925716084356311,0.017430195722366947,0.9245098039215687,
dry_bean,gradient descent,103,9,0.01626292312319345,0.9247717972930437,0.017316343061810614,0.9254901960784314,
dry_bean,gradient descent,103,10,0.016030783752857443,0.9264505298499632,0.017123463373029536,0.9220588235294118,
dry_bean,gradient descent,103,11,0.016041118264199853,0.9254013220018886,0.01708609630968457,0.921078431372549,
dry_bean,gradient descent,103,12,0.016176232503929903,0.9256111635715035,0.01739112648624496,0.9200980392156862,
dry_bean,gradient descent,103,13,0.01634277878988522,0.9252964012170811,0.017412790923206294,0.9235294117647059,
dry_bean,gradient descent,103,14,0.016021314074606625,0.925716084356311,0.01714457851070801,0.9245098039215687,
dry_bean,gradient descent,103,15,0.015495874962320072,0.9286538663309202,0.016813754900562347,0.9245098039215687,
dry_bean,gradient descent,103,16,0.015422790298821775,0.927709579267653,0.016689194649643004,0.9254901960784314,
dry_bean,gradient descent,103,17,0.015321063774714204,0.9288637079005351,0.0166166670962798,0.9235294117647059,
dry_bean,gradient descent,103,18,0.01581801672036332,0.9254013220018886,0.01724798189945159,0.9205882352941176,
dry_bean,gradient descent,103,19,0.015143162897244237,0.9299129157486098,0.016444584220124795,0.9240196078431373,
dry_bean,gradient descent,103,20,0.015628958311544885,0.9254013220018886,0.01715095313258838,0.9191176470588235,
dry_bean,gradient descent,103,21,0.015052233407870695,0.9289686286853426,0.01641469922181727,0.9245098039215687,
dry_bean,gradient descent,103,22,0.015243399606544637,0.9309621235966845,0.01657349842003425,0.9269607843137255,
dry_bean,gradient descent,103,23,0.01500247010629988,0.9309621235966845,0.016288275434166707,0.9264705882352942,
dry_bean,gradient descent,103,24,0.015002144291990318,0.9289686286853426,0.016448497774560568,0.9240196078431373,
dry_bean,gradient descent,103,25,0.015183016026701102,0.9286538663309202,0.016418075165758595,0.921078431372549,
dry_bean,gradient descent,103,26,0.01486619416355941,0.9312768859511069,0.016222669835170095,0.9274509803921569,
dry_bean,gradient descent,103,27,0.015172565816919404,0.9278145000524604,0.016781488113761917,0.921078431372549,
dry_bean,gradient descent,103,28,0.014835407437734394,0.9303325988878397,0.016132758585822218,0.9264705882352942,
dry_bean,gradient descent,103,29,0.014964797084022933,0.9311719651662994,0.01632098532942618,0.9259803921568628,
dry_bean,gradient descent,103,30,0.01472192084511319,0.9316965690903368,0.01611063694509433,0.928921568627451,
dry_bean,gradient descent,103,31,0.014827154194671984,0.9321162522295666,0.016334836935157467,0.9245098039215687,
dry_bean,gradient descent,103,32,0.014897704257422735,0.9307522820270696,0.01642025265275128,0.925,
dry_bean,gradient descent,103,33,0.014953326106759663,0.9285489455461127,0.016622414909746308,0.9205882352941176,
dry_bean,gradient descent,103,34,0.014540761862215798,0.9316965690903368,0.016012851744421356,0.9269607843137255,
dry_bean,gradient descent,103,35,0.014798555512110154,0.9299129157486098,0.016537217760038213,0.9225490196078432,
dry_bean,gradient descent,103,36,0.014492864338291044,0.9316965690903368,0.016078071862397788,0.9254901960784314,
dry_bean,gradient descent,103,37,0.014495094536695433,0.9313818067359144,0.01591575339920785,0.9254901960784314,
dry_bean,gradient descent,103,38,0.01458454866639159,0.9306473612422621,0.016338400109359774,0.9254901960784314,
dry_bean,gradient descent,103,39,0.01487998190813883,0.9285489455461127,0.016679127381561257,0.9200980392156862,
dry_bean,gradient descent,103,40,0.014453059782068184,0.9319064106599517,0.01610010735959876,0.925,
dry_bean,gradient descent,103,41,0.014381992850428628,0.932640856153604,0.016127123378028737,0.9230392156862746,
dry_bean,gradient descent,103,42,0.014532515120762772,0.9311719651662994,0.01628760898756763,0.9230392156862746,
dry_bean,gradient descent,103,43,0.014393136334663754,0.9316965690903368,0.01605611091387776,0.9230392156862746,
dry_bean,gradient descent,103,44,0.014522383164422054,0.9337949847864861,0.01614069859497995,0.9264705882352942,
dry_bean,gradient descent,103,45,0.014432407262907026,0.9327457769384115,0.015976196484080343,0.9274509803921569,
dry_bean,gradient descent,103,46,0.014241487391740627,0.9321162522295666,0.015925890224815258,0.9259803921568628,
dry_bean,gradient descent,103,47,0.014776592316783735,0.9303325988878397,0.016714827047920607,0.9220588235294118,
dry_bean,gradient descent,103,48,0.014186495915725829,0.9344245094953311,0.015997212518293696,0.9254901960784314,
dry_bean,gradient descent,103,49,0.014271392650421075,0.933060539292834,0.015942654470274903,0.9259803921568628,
dry_bean,gradient descent,103,50,0.014339543079521613,0.9332703808624488,0.01607547976857101,0.9259803921568628,
dry_bean,gradient descent,103,51,0.01414771266835455,0.9328506977232189,0.015833011938393506,0.9259803921568628,
dry_bean,gradient descent,103,52,0.014076789496149955,0.9337949847864861,0.015849535669653164,0.9279411764705883,
dry_bean,gradient descent,103,53,0.014439519144583874,0.9338999055712937,0.016037626032662053,0.9269607843137255,
dry_bean,gradient descent,103,54,0.014178620157266895,0.9338999055712937,0.016004441379711628,0.9254901960784314,
dry_bean,gradient descent,103,55,0.014665527201189023,0.9306473612422621,0.016702702042390365,0.9200980392156862,
dry_bean,gradient descent,103,56,0.014180306050220361,0.9338999055712937,0.015984351108901555,0.9269607843137255,
dry_bean,gradient descent,103,57,0.014162645299436302,0.9342146679257161,0.015914594801591263,0.928921568627451,
dry_bean,gradient descent,103,58,0.014155796164363308,0.9321162522295666,0.016136838416740237,0.9245098039215687,
dry_bean,gradient descent,103,59,0.014233537749327662,0.9341097471409087,0.016077768628102604,0.9284313725490196,
dry_bean,gradient descent,103,60,0.014064957744679425,0.934634351064946,0.015862164586661412,0.928921568627451,
dry_bean,gradient descent,104,1,0.038925095765691406,0.8875249186863918,0.03941575787551367,0.8769607843137255,
dry_bean,gradient descent,104,2,0.02496248382934866,0.9158535305844088,0.02575811889137771,0.9102941176470588,
dry_bean,gradient descent,104,3,0.02027393923668631,0.9195257580526702,0.021087787787107605,0.9166666666666666,
dry_bean,gradient descent,104,4,0.019046382056910175,0.9199454411919001,0.019936863674029043,0.9205882352941176,
dry_bean,gradient descent,104,5,0.017560151117998666,0.9229881439513168,0.018594766363656184,0.9196078431372549,
dry_bean,gradient descent,104,6,0.016970904396905254,0.9246668765082363,0.017860696999435578,0.921078431372549,
dry_bean,gradient descent,104,7,0.016747115640057576,0.925716084356311,0.017831481922050613,0.9215686274509803,
dry_bean,gradient descent,104,8,0.016368615778059294,0.9249816388626587,0.01743159306727066,0.9235294117647059,
dry_bean,gradient descent,104,9,0.016160238560584118,0.9266603714195782,0.017155130240358637,0.925,
dry_bean,gradient descent,104,10,0.016213456801785497,0.9258210051411184,0.017344324743697428,0.9220588235294118,
dry_bean,gradient descent,104,11,0.015884370182565083,0.9270800545588082,0.016987458449639035,0.9269607843137255,
dry_bean,gradient descent,104,12,0.01590045187470555,0.9261357674955408,0.016919591925012124,0.9245098039215687,
dry_bean,gradient descent,104,13,0.016259343117472232,0.9261357674955408,0.017328369050468802,0.9225490196078432,
dry_bean,gradient descent,104,14,0.015529635770079129,0.9273948169132306,0.016862045844388676,0.9240196078431373,
dry_bean,gradient descent,104,15,0.015409389514752287,0.9284440247613052,0.01661284812635831,0.9264705882352942,
dry_bean,gradient descent,104,16,0.015639722366904907,0.925716084356311,0.017022153191429613,0.921078431372549,
dry_bean,gradient descent,104,17,0.015538770076832296,0.9288637079005351,0.01670905194941236,0.9294117647058824,
dry_bean,gradient descent,104,18,0.015635447567568884,0.9265554506347707,0.017017211301386455,0.9230392156862746,
dry_bean,gradient descent,104,19,0.015216221508063706,0.9286538663309202,0.01671103356040945,0.9240196078431373,
dry_bean,gradient descent,104,20,0.015539030773619015,0.9258210051411184,0.017035745585953603,0.9196078431372549,
dry_bean,gradient descent,104,21,0.015152497447894675,0.9294932326093799,0.01645567972807543,0.9279411764705883,
dry_bean,gradient descent,104,22,0.015031098369290162,0.9285489455461127,0.016492395880261017,0.9245098039215687,
dry_bean,gradient descent,104,23,0.015244771203327652,0.930857202811877,0.01663314221173143,0.9274509803921569,
dry_bean,gradient descent,104,24,0.014918793389247524,0.9295981533941874,0.01639102567995536,0.9225490196078432,
dry_bean,gradient descent,104,25,0.014893113535430514,0.9291784702549575,0.016396037953708607,0.9254901960784314,
dry_bean,gradient descent,104,26,0.014933917845065474,0.9320113314447592,0.01620506283401572,0.928921568627451,
dry_bean,gradient descent,104,27,0.014836856569344792,0.9305424404574546,0.01623237625654591,0.9235294117647059,
dry_bean,gradient descent,104,28,0.014733655221486773,0.9315916483055293,0.01613397765296038,0.9274509803921569,
dry_bean,gradient descent,104,29,0.014886687698628298,0.9302276781030322,0.01638689830372381,0.9245098039215687,
dry_bean,gradient descent,104,30,0.014678447719505846,0.9311719651662994,0.016323732855018976,0.9254901960784314,
dry_bean,gradient descent,104,31,0.014585253464247425,0.9318014898751442,0.016200242284014177,0.925,
dry_bean,gradient descent,104,32,0.014645302134666797,0.9315916483055293,0.01616211038463835,0.9245098039215687,
dry_bean,gradient descent,104,33,0.014751852043037651,0.9332703808624488,0.016326577352798154,0.9264705882352942,
dry_bean,gradient descent,104,34,0.014573819555166078,0.9327457769384115,0.016103272175551787,0.9259803921568628,
dry_bean,gradient descent,104,35,0.014573940003578891,0.930857202811877,0.016207659408449204,0.9235294117647059,
dry_bean,gradient descent,104,36,0.014583080291551536,0.931067044381492,0.016338317506450137,0.9220588235294118,
dry_bean,gradient descent,104,37,0.014675931205145244,0.9305424404574546,0.016490187387331805,0.9220588235294118,
dry_bean,gradient descent,104,38,0.01482325004107926,0.929283391039765,0.016618909108208568,0.9220588235294118,
dry_bean,gradient descent,104,39,0.01454135205258701,0.9341097471409087,0.01614733309780133,0.9284313725490196,
dry_bean,gradient descent,104,40,0.01439269508896714,0.9323260937991816,0.01612730094116241,0.9240196078431373,
dry_bean,gradient descent,104,41,0.014365456785794322,0.9318014898751442,0.016163455027792255,0.9230392156862746,
dry_bean,gradient descent,104,42,0.01471772441172538,0.9300178365334173,0.01665642524803563,0.9235294117647059,
dry_bean,gradient descent,104,43,0.014263012166455178,0.9329556185080264,0.016193380848855025,0.9259803921568628,
dry_bean,gradient descent,104,44,0.014434251824693791,0.9304375196726472,0.016374045906287788,0.9215686274509803,
dry_bean,gradient descent,104,45,0.014338951895045528,0.9343195887105236,0.016073028098950136,0.9274509803921569,
dry_bean,gradient descent,104,46,0.01413924735512816,0.9331654600776413,0.015936112107821167,0.9264705882352942,
dry_bean,gradient descent,104,47,0.014282835167102544,0.9327457769384115,0.016287074727877465,0.9235294117647059,
dry_bean,gradient descent,104,48,0.014160959631059736,0.9337949847864861,0.01596770281161406,0.9274509803921569,
dry_bean,gradient descent,104,49,0.014478067406107728,0.9341097471409087,0.016221790623196373,0.9274509803921569,
dry_bean,gradient descent,104,50,0.014198883080944564,0.9341097471409087,0.016068799010181427,0.9264705882352942,
dry_bean,gradient descent,104,51,0.014378065839749836,0.9334802224320637,0.016089294453112354,0.9269607843137255,
dry_bean,gradient descent,104,52,0.014257548523538291,0.9347392718497535,0.016015658377413002,0.9284313725490196,
dry_bean,gradient descent,104,53,0.014146044718088389,0.9331654600776413,0.016022329981576718,0.9269607843137255,
dry_bean,gradient descent,104,54,0.01407595572943907,0.9331654600776413,0.01614476099137181,0.9235294117647059,
dry_bean,gradient descent,104,55,0.014026559315517974,0.9348441926345609,0.01606331370636314,0.9245098039215687,
dry_bean,gradient descent,104,56,0.014078653410639021,0.9344245094953311,0.016195891956613955,0.9269607843137255,
dry_bean,gradient descent,104,57,0.014127743834440234,0.9354737173434057,0.016010099356221642,0.9269607843137255,
dry_bean,gradient descent,104,58,0.013985834222140845,0.9335851432168712,0.01609674811954487,0.9245098039215687,
dry_bean,gradient descent,104,59,0.014025722183491525,0.9358934004826356,0.01607872767348567,0.9269607843137255,
dry_bean,gradient descent,104,60,0.014440776239495653,0.9318014898751442,0.016698469819443913,0.9215686274509803,
dry_bean,gradient descent,105,1,0.03956956677779358,0.8916168292938831,0.03994531462627057,0.8857843137254902,
dry_bean,gradient descent,105,2,0.026018263474274488,0.9169027384324835,0.026783046841611004,0.9107843137254902,
dry_bean,gradient descent,105,3,0.020423601814945486,0.9224635400272794,0.021334794093168283,0.9156862745098039,
dry_bean,gradient descent,105,4,0.018950720534503824,0.9206798866855525,0.0198681564332036,0.9161764705882353,
dry_bean,gradient descent,105,5,0.01758591024876987,0.9250865596474661,0.01857152049474505,0.9220588235294118,
dry_bean,gradient descent,105,6,0.0175060498491432,0.9207848074703598,0.018531993453360377,0.9181372549019607,
dry_bean,gradient descent,105,7,0.016707568513520975,0.9252964012170811,0.01778300167291174,0.9215686274509803,
dry_bean,gradient descent,105,8,0.016458089082729516,0.9256111635715035,0.01752950957151077,0.9240196078431373,
dry_bean,gradient descent,105,9,0.016468304567005595,0.9256111635715035,0.017555792514767122,0.9259803921568628,
dry_bean,gradient descent,105,10,0.016244351364179975,0.9254013220018886,0.01731276463934324,0.9230392156862746,
dry_bean,gradient descent,105,11,0.016107743204452036,0.927289896128423,0.017229367058080425,0.9279411764705883,
dry_bean,gradient descent,105,12,0.016466843712295832,0.922358619242472,0.017730323664223044,0.9181372549019607,
dry_bean,gradient descent,105,13,0.015791060837333157,0.9279194208372679,0.017010978628533447,0.9274509803921569,
dry_bean,gradient descent,105,14,0.01565526630989906,0.9279194208372679,0.016912328181689265,0.9245098039215687,
dry_bean,gradient descent,105,15,0.015561643920046001,0.9273948169132306,0.016765832407512983,0.9264705882352942,
dry_bean,gradient descent,105,16,0.015467820561282453,0.927709579267653,0.01675666929854088,0.9245098039215687,
dry_bean,gradient descent,105,17,0.015432712170760428,0.927709579267653,0.01669757463583573,0.9235294117647059,
dry_bean,gradient descent,105,18,0.015407419823677708,0.9300178365334173,0.016680645610086225,0.925,
dry_bean,gradient descent,105,19,0.01537478251599088,0.9287587871157277,0.016855532294616078,0.925,
dry_bean,gradient descent,105,20,0.015157245624418423,0.9291784702549575,0.016536334368483334,0.9259803921568628,
dry_bean,gradient descent,105,21,0.015485291615478632,0.9291784702549575,0.01658789579692545,0.9284313725490196,
dry_bean,gradient descent,105,22,0.015187105621500042,0.9283391039764978,0.01667302388175635,0.9225490196078432,
dry_bean,gradient descent,105,23,0.015503660855685048,0.9271849753436155,0.01704380644746055,0.9191176470588235,
dry_bean,gradient descent,105,24,0.014979433486048709,0.929283391039765,0.016303233699693942,0.9279411764705883,
dry_bean,gradient descent,105,25,0.014964142734005124,0.9305424404574546,0.016343805427560826,0.925,
dry_bean,gradient descent,105,26,0.014936342337303564,0.9305424404574546,0.016386359399288866,0.9259803921568628,
dry_bean,gradient descent,105,27,0.014928105897735345,0.9309621235966845,0.01625935505474557,0.928921568627451,
dry_bean,gradient descent,105,28,0.014901451038353018,0.9311719651662994,0.016341685013362774,0.9274509803921569,
dry_bean,gradient descent,105,29,0.014833080276742254,0.9304375196726472,0.01636075879141872,0.9240196078431373,
dry_bean,gradient descent,105,30,0.014739309306700173,0.9311719651662994,0.016189441206368126,0.9284313725490196,
dry_bean,gradient descent,105,31,0.014961076738209952,0.9290735494701501,0.016610068416418714,0.925,
dry_bean,gradient descent,105,32,0.014863300470847473,0.9320113314447592,0.01651198391927017,0.9264705882352942,
dry_bean,gradient descent,105,33,0.014944278800678026,0.9313818067359144,0.01632054769069598,0.9294117647058824,
dry_bean,gradient descent,105,34,0.014738059461157712,0.9319064106599517,0.016356947155298146,0.925,
dry_bean,gradient descent,105,35,0.014564993182226595,0.9316965690903368,0.016072228478474195,0.9308823529411765,
dry_bean,gradient descent,105,36,0.014684152949985974,0.9309621235966845,0.016258591154994624,0.9235294117647059,
dry_bean,gradient descent,105,37,0.014543321350436636,0.9312768859511069,0.01612551425665247,0.9284313725490196,
dry_bean,gradient descent,105,38,0.014442536524804922,0.9318014898751442,0.01607265041658651,0.9264705882352942,
dry_bean,gradient descent,105,39,0.015095973459892621,0.931067044381492,0.016468225782276757,0.9279411764705883,
dry_bean,gradient descent,105,40,0.014358103414733933,0.9327457769384115,0.01598076899755704,0.9284313725490196,
dry_bean,gradient descent,105,41,0.01443037506833704,0.9327457769384115,0.016209028900681363,0.9245098039215687,
dry_bean,gradient descent,105,42,0.014571701417544377,0.933060539292834,0.016262282204158682,0.9274509803921569,
dry_bean,gradient descent,105,43,0.014320641940507582,0.9324310145839891,0.016030546551059958,0.9294117647058824,
dry_bean,gradient descent,105,44,0.014529526665552734,0.9315916483055293,0.016191011009170097,0.9245098039215687,
dry_bean,gradient descent,105,45,0.014300520028983464,0.9332703808624488,0.016017329184123182,0.9279411764705883,
dry_bean,gradient descent,105,46,0.014623357529622027,0.932640856153604,0.016190652034174108,0.925,
dry_bean,gradient descent,105,47,0.014327067534605607,0.9322211730143741,0.01605515830979344,0.9240196078431373,
dry_bean,gradient descent,105,48,0.014283045574006906,0.9327457769384115,0.016035812870269568,0.9274509803921569,
dry_bean,gradient descent,105,49,0.014494533990695639,0.9319064106599517,0.016305856088073983,0.9240196078431373,
dry_bean,gradient descent,105,50,0.014212810753274381,0.932640856153604,0.01608423945282698,0.9240196078431373,
dry_bean,gradient descent,105,51,0.014653984948544398,0.9304375196726472,0.01665105401349959,0.9225490196078432,
dry_bean,gradient descent,105,52,0.014142754543799558,0.9337949847864861,0.015940154879846992,0.9259803921568628,
dry_bean,gradient descent,105,53,0.014123852831933993,0.9328506977232189,0.016045496099601157,0.9240196078431373,
dry_bean,gradient descent,105,54,0.014229645336175087,0.9335851432168712,0.016048721521211243,0.9294117647058824,
dry_bean,gradient descent,105,55,0.014321954527198835,0.9329556185080264,0.016300679459880636,0.9235294117647059,
dry_bean,gradient descent,105,56,0.014465929075459771,0.9334802224320637,0.01649499521188284,0.9215686274509803,
dry_bean,gradient descent,105,57,0.014050443785160757,0.9337949847864861,0.015901257665284437,0.925,
dry_bean,gradient descent,105,58,0.014162112876212003,0.9321162522295666,0.015944677212026685,0.9274509803921569,
dry_bean,gradient descent,105,59,0.014169480145054968,0.9348441926345609,0.015910357840653148,0.9279411764705883,
dry_bean,gradient descent,105,60,0.014253955195813508,0.9341097471409087,0.016032754246975214,0.9254901960784314,
dry_bean,gradient descent,106,1,0.039362208950596514,0.8964431853950268,0.039796230038371176,0.8941176470588236,
dry_bean,gradient descent,106,2,0.025138065530545112,0.9179519462805582,0.026014317490060952,0.9093137254901961,
dry_bean,gradient descent,106,3,0.020179635734618225,0.9190011541286329,0.021117533380731045,0.9147058823529411,
dry_bean,gradient descent,106,4,0.018565693550180958,0.9225684608120869,0.019412907200466935,0.9235294117647059,
dry_bean,gradient descent,106,5,0.01751351318298077,0.9244570349386213,0.018499149080376504,0.9215686274509803,
dry_bean,gradient descent,106,6,0.016937259479472045,0.9261357674955408,0.01800832099464312,0.9235294117647059,
dry_bean,gradient descent,106,7,0.016530978533708877,0.9254013220018886,0.017563332963239548,0.925,
dry_bean,gradient descent,106,8,0.016532310781898752,0.9250865596474661,0.01753512104760016,0.9205882352941176,
dry_bean,gradient descent,106,9,0.01622592535273832,0.9261357674955408,0.017381075829397144,0.9235294117647059,
dry_bean,gradient descent,106,10,0.016106946657075804,0.9267652922043856,0.017274851485209068,0.9279411764705883,
dry_bean,gradient descent,106,11,0.016232124114685244,0.9243521141538139,0.01742681470459383,0.9215686274509803,
dry_bean,gradient descent,106,12,0.01562539915109339,0.9264505298499632,0.016765106215049286,0.9269607843137255,
dry_bean,gradient descent,106,13,0.01577448738584994,0.9278145000524604,0.01710141863320742,0.9220588235294118,
dry_bean,gradient descent,106,14,0.015411567162723109,0.9282341831916903,0.016776354195881676,0.9230392156862746,
dry_bean,gradient descent,106,15,0.015367229255347172,0.9283391039764978,0.016704246013613894,0.9279411764705883,
dry_bean,gradient descent,106,16,0.015376351917006845,0.9299129157486098,0.0166324119408902,0.9284313725490196,
dry_bean,gradient descent,106,17,0.015383548312935928,0.9273948169132306,0.01687806163721789,0.9230392156862746,
dry_bean,gradient descent,106,18,0.015328946349557126,0.9299129157486098,0.016815203588688498,0.9235294117647059,
dry_bean,gradient descent,106,19,0.015211371570793738,0.9302276781030322,0.01645012672421326,0.9284313725490196,
dry_bean,gradient descent,106,20,0.015057860560083779,0.9290735494701501,0.016385605174922494,0.9269607843137255,
dry_bean,gradient descent,106,21,0.014937367541201788,0.929283391039765,0.016426339504206078,0.9235294117647059,
dry_bean,gradient descent,106,22,0.015344419766428861,0.927709579267653,0.016810020202163444,0.9215686274509803,
dry_bean,gradient descent,106,23,0.014797364525577431,0.9298079949638023,0.01631090350691993,0.9274509803921569,
dry_bean,gradient descent,106,24,0.015052129567307452,0.9315916483055293,0.01642895598958442,0.928921568627451,
dry_bean,gradient descent,106,25,0.014801571541768177,0.9297030741789949,0.01630667429328303,0.9235294117647059,
dry_bean,gradient descent,106,26,0.014713321322895436,0.9293883118245725,0.016296715278475402,0.9245098039215687,
dry_bean,gradient descent,106,27,0.014636317732698018,0.9307522820270696,0.01622708387191292,0.9274509803921569,
dry_bean,gradient descent,106,28,0.014711123406033269,0.9309621235966845,0.016261906457472435,0.9254901960784314,
dry_bean,gradient descent,106,29,0.014692894656567692,0.9329556185080264,0.016191071387980552,0.9284313725490196,
dry_bean,gradient descent,106,30,0.014865108315586436,0.9316965690903368,0.016285588144267612,0.9245098039215687,
dry_bean,gradient descent,106,31,0.014843223294898032,0.9321162522295666,0.016372581642341472,0.9269607843137255,
dry_bean,gradient descent,106,32,0.014613515357474334,0.9307522820270696,0.016378927636286778,0.9240196078431373,
dry_bean,gradient descent,106,33,0.014798836500320173,0.9303325988878397,0.016550234680358825,0.9225490196078432,
dry_bean,gradient descent,106,34,0.01452202041426265,0.933060539292834,0.016320308617717362,0.9254901960784314,
dry_bean,gradient descent,106,35,0.01452435917389708,0.9309621235966845,0.016403974488853782,0.9230392156862746,
dry_bean,gradient descent,106,36,0.014500721336906506,0.9335851432168712,0.0161963433258412,0.9264705882352942,
dry_bean,gradient descent,106,37,0.014521806466914214,0.9334802224320637,0.01610773641142587,0.9284313725490196,
dry_bean,gradient descent,106,38,0.014477136671421607,0.9332703808624488,0.016105138518366056,0.9274509803921569,
dry_bean,gradient descent,106,39,0.014398404262374397,0.9311719651662994,0.01623749939179965,0.9220588235294118,
dry_bean,gradient descent,106,40,0.014391778659253347,0.933060539292834,0.015935255289121,0.9259803921568628,
dry_bean,gradient descent,106,41,0.014321312311369428,0.9333753016472564,0.016005268388248686,0.9294117647058824,
dry_bean,gradient descent,106,42,0.014424021194319746,0.931067044381492,0.01641016363510251,0.921078431372549,
dry_bean,gradient descent,106,43,0.014619516766611612,0.9307522820270696,0.016550300512234783,0.9245098039215687,
dry_bean,gradient descent,106,44,0.014223242289717459,0.9329556185080264,0.01598113904961695,0.9279411764705883,
dry_bean,gradient descent,106,45,0.014194764924013056,0.9335851432168712,0.015946673889058644,0.9259803921568628,
dry_bean,gradient descent,106,46,0.014151380628239842,0.9324310145839891,0.01585326753064801,0.9274509803921569,
dry_bean,gradient descent,106,47,0.014138055930485395,0.933060539292834,0.016085795139400096,0.9235294117647059,
dry_bean,gradient descent,106,48,0.014076309721296676,0.9333753016472564,0.01590421238643621,0.9240196078431373,
dry_bean,gradient descent,106,49,0.014082121868674446,0.9345294302801385,0.015890297652499354,0.928921568627451,
dry_bean,gradient descent,106,50,0.014218909970440572,0.9357884796978282,0.016004376297000068,0.928921568627451,
dry_bean,gradient descent,106,51,0.014125533078833064,0.9341097471409087,0.016024422894933908,0.9240196078431373,
dry_bean,gradient descent,106,52,0.014063812341681945,0.9349491134193684,0.01578140870142192,0.9299019607843138,
dry_bean,gradient descent,106,53,0.013990597029888727,0.9341097471409087,0.01594051150848694,0.9264705882352942,
dry_bean,gradient descent,106,54,0.014114252273353056,0.9331654600776413,0.016119103235306284,0.9220588235294118,
dry_bean,gradient descent,106,55,0.014179320041719215,0.9327457769384115,0.016001895058896716,0.9259803921568628,
dry_bean,gradient descent,106,56,0.013941762917028665,0.9344245094953311,0.015831567384423942,0.9264705882352942,
dry_bean,gradient descent,106,57,0.014053636091935015,0.9345294302801385,0.01610428605724905,0.9274509803921569,
dry_bean,gradient descent,106,58,0.01415127496931224,0.9352638757737908,0.01608816485939206,0.9274509803921569,
dry_bean,gradient descent,106,59,0.014082443080159969,0.9343195887105236,0.016037426942606146,0.9274509803921569,
dry_bean,gradient descent,106,60,0.013887365333564864,0.9338999055712937,0.01587672521671441,0.9274509803921569,
dry_bean,gradient descent,107,1,0.039579451235229476,0.8831182457244781,0.04003807624041797,0.8774509803921569,
dry_bean,gradient descent,107,2,0.025623907853651137,0.9171125800020984,0.026414665288240307,0.9151960784313725,
dry_bean,gradient descent,107,3,0.02079025685258809,0.9198405204070926,0.021597154777936525,0.913235294117647,
dry_bean,gradient descent,107,4,0.01857823811201858,0.9234078270905466,0.0194915712719873,0.9196078431372549,
dry_bean,gradient descent,107,5,0.01772898495210461,0.9230930647361242,0.018664958767104552,0.9235294117647059,
dry_bean,gradient descent,107,6,0.017553613851326602,0.9222536984576645,0.018498694860021373,0.9191176470588235,
dry_bean,gradient descent,107,7,0.016850470251382824,0.9254013220018886,0.017804756185714348,0.9254901960784314,
dry_bean,gradient descent,107,8,0.016638406604485456,0.9244570349386213,0.017690531324500228,0.9205882352941176,
dry_bean,gradient descent,107,9,0.01647592334969191,0.925716084356311,0.017527658375900455,0.9200980392156862,
dry_bean,gradient descent,107,10,0.016120148970263943,0.9266603714195782,0.017191149160994713,0.9264705882352942,
dry_bean,gradient descent,107,11,0.01595136541312628,0.9269751337740006,0.017017982794750874,0.925,
dry_bean,gradient descent,107,12,0.015771908964001963,0.927289896128423,0.01683150523320179,0.9254901960784314,
dry_bean,gradient descent,107,13,0.015907125044717925,0.9241422725841989,0.017119848706171347,0.9200980392156862,
dry_bean,gradient descent,107,14,0.015870408831690854,0.9258210051411184,0.01725818398162115,0.921078431372549,
dry_bean,gradient descent,107,15,0.015596571468927392,0.9286538663309202,0.016883005952522973,0.9245098039215687,
dry_bean,gradient descent,107,16,0.015312602327382196,0.9278145000524604,0.016673751082883496,0.9235294117647059,
dry_bean,gradient descent,107,17,0.01584544754723157,0.9291784702549575,0.017123582301544697,0.9254901960784314,
dry_bean,gradient descent,107,18,0.015178573647000815,0.9287587871157277,0.01655437980560155,0.9230392156862746,
dry_bean,gradient descent,107,19,0.015060242334798865,0.9294932326093799,0.01642787591572064,0.9254901960784314,
dry_bean,gradient descent,107,20,0.015150219656467304,0.9280243416220754,0.01658614455381501,0.921078431372549,
dry_bean,gradient descent,107,21,0.015178945742544062,0.9281292624068828,0.01672628981702171,0.9240196078431373,
dry_bean,gradient descent,107,22,0.014961116957138483,0.9294932326093799,0.016443298492289735,0.9230392156862746,
dry_bean,gradient descent,107,23,0.014956601184822296,0.9309621235966845,0.016366880451944368,0.9294117647058824,
dry_bean,gradient descent,107,24,0.014906043057457305,0.9300178365334173,0.016490207793058032,0.9245098039215687,
dry_bean,gradient descent,107,25,0.01505503275462269,0.9313818067359144,0.01643037991688875,0.9299019607843138,
dry_bean,gradient descent,107,26,0.014840864741321751,0.9306473612422621,0.01628168913928765,0.9240196078431373,
dry_bean,gradient descent,107,27,0.01509407216296544,0.9314867275207218,0.016640228323293003,0.925,
dry_bean,gradient descent,107,28,0.014671735471604748,0.9312768859511069,0.016230128934752928,0.9235294117647059,
dry_bean,gradient descent,107,29,0.014728503570547351,0.9318014898751442,0.016235176564528137,0.928921568627451,
dry_bean,gradient descent,107,30,0.01471437648721203,0.9315916483055293,0.016176618050287417,0.9269607843137255,
dry_bean,gradient descent,107,31,0.014660663993145884,0.9325359353687965,0.016091222405946216,0.9284313725490196,
dry_bean,gradient descent,107,32,0.014769113447056389,0.933060539292834,0.01633238439762176,0.9303921568627451,
dry_bean,gradient descent,107,33,0.01462953949229908,0.9332703808624488,0.01617327035399632,0.9269607843137255,
dry_bean,gradient descent,107,34,0.014443917271405779,0.9319064106599517,0.01606237225324151,0.9284313725490196,
dry_bean,gradient descent,107,35,0.01447008890145353,0.9318014898751442,0.016176787458884255,0.9279411764705883,
dry_bean,gradient descent,107,36,0.014392203322594688,0.9320113314447592,0.016123984834095266,0.9245098039215687,
dry_bean,gradient descent,107,37,0.014576747631056403,0.9316965690903368,0.016348736194334544,0.9259803921568628,
dry_bean,gradient descent,107,38,0.014361533949413094,0.9323260937991816,0.016069264561760783,0.925,
dry_bean,gradient descent,107,39,0.014387015626609354,0.9333753016472564,0.016026825171932844,0.9284313725490196,
dry_bean,gradient descent,107,40,0.01433827784175531,0.9341097471409087,0.01603415759795535,0.9299019607843138,
dry_bean,gradient descent,107,41,0.01428852550845545,0.9327457769384115,0.016065179039715754,0.9274509803921569,
dry_bean,gradient descent,107,42,0.014173771308981174,0.9336900640016788,0.0159365252344958,0.9264705882352942,
dry_bean,gradient descent,107,43,0.014189594858555832,0.9334802224320637,0.015936463963937032,0.9264705882352942,
dry_bean,gradient descent,107,44,0.014208433391399596,0.9334802224320637,0.01599738362614268,0.9284313725490196,
dry_bean,gradient descent,107,45,0.014225124628944513,0.9322211730143741,0.01587887130833183,0.9294117647058824,
dry_bean,gradient descent,107,46,0.014115096721371257,0.9331654600776413,0.01601787480746433,0.9274509803921569,
dry_bean,gradient descent,107,47,0.014162857980811043,0.9323260937991816,0.01612697255061528,0.9254901960784314,
dry_bean,gradient descent,107,48,0.014172090976479212,0.9343195887105236,0.015884822040359247,0.9284313725490196,
dry_bean,gradient descent,107,49,0.014243124933795622,0.9337949847864861,0.01620843761586093,0.925,
dry_bean,gradient descent,107,50,0.014016663524744474,0.9336900640016788,0.015951442494741407,0.9254901960784314,
dry_bean,gradient descent,107,51,0.01413492163904028,0.933060539292834,0.016171842092857863,0.9240196078431373,
dry_bean,gradient descent,107,52,0.01428682335080301,0.9327457769384115,0.01626815934290572,0.925,
dry_bean,gradient descent,107,53,0.01399651482541269,0.9338999055712937,0.01597644431037081,0.9254901960784314,
dry_bean,gradient descent,107,54,0.013997461065053611,0.934634351064946,0.015880091321276626,0.9318627450980392,
dry_bean,gradient descent,107,55,0.013955327046565845,0.9344245094953311,0.015899916386943432,0.9264705882352942,
dry_bean,gradient descent,107,56,0.013915395270593413,0.9344245094953311,0.015876385680224012,0.9279411764705883,
dry_bean,gradient descent,107,57,0.014004778890347723,0.9349491134193684,0.016018038836501953,0.928921568627451,
dry_bean,gradient descent,107,58,0.013922275800475475,0.934634351064946,0.015836202095309306,0.9303921568627451,
dry_bean,gradient descent,107,59,0.013887484474355168,0.9337949847864861,0.015889554074088163,0.9259803921568628,
dry_bean,gradient descent,107,60,0.014350103057471936,0.9327457769384115,0.01660080723180908,0.9235294117647059,
dry_bean,gradient descent,108,1,0.039088808915863346,0.8804952261042912,0.03944054062905467,0.8764705882352941,
dry_bean,gradient descent,108,2,0.024683496999651004,0.918581470989403,0.02544248100115952,0.9137254901960784,
dry_bean,gradient descent,108,3,0.020091397874629616,0.9195257580526702,0.020972785829092545,0.917156862745098,
dry_bean,gradient descent,108,4,0.01845559419738579,0.9219389361032421,0.019409628282207415,0.9161764705882353,
dry_bean,gradient descent,108,5,0.017669911628823875,0.9237225894449691,0.018688722746876805,0.9200980392156862,
dry_bean,gradient descent,108,6,0.017072309636955583,0.9248767180778512,0.018022613363234175,0.9240196078431373,
dry_bean,gradient descent,108,7,0.017144981640039525,0.9244570349386213,0.01810873864470148,0.9220588235294118,
dry_bean,gradient descent,108,8,0.016527297391658348,0.9254013220018886,0.017457121753952577,0.9254901960784314,
dry_bean,gradient descent,108,9,0.016313598028334632,0.925506242786696,0.017397412763945345,0.9196078431372549,
dry_bean,gradient descent,108,10,0.016017119495814424,0.9259259259259259,0.017144518381032495,0.9225490196078432,
dry_bean,gradient descent,108,11,0.01679687815440646,0.9216241737488197,0.018066471113444244,0.9161764705882353,
dry_bean,gradient descent,108,12,0.015700180002889478,0.927709579267653,0.01691565779004004,0.9245098039215687,
dry_bean,gradient descent,108,13,0.015846988340198973,0.9262406882803483,0.01702199508302723,0.9225490196078432,
dry_bean,gradient descent,108,14,0.015507700440095414,0.9271849753436155,0.016629975806042283,0.9254901960784314,
dry_bean,gradient descent,108,15,0.015391162220226002,0.9281292624068828,0.016633704709642025,0.9245098039215687,
dry_bean,gradient descent,108,16,0.015598532867660777,0.9269751337740006,0.016692747410530773,0.9259803921568628,
dry_bean,gradient descent,108,17,0.0153205399468865,0.9285489455461127,0.016614290023959866,0.9205882352941176,
dry_bean,gradient descent,108,18,0.015175879899452006,0.9278145000524604,0.016452808273936113,0.9230392156862746,
dry_bean,gradient descent,108,19,0.015172020586175781,0.9299129157486098,0.01643020769308212,0.9274509803921569,
dry_bean,gradient descent,108,20,0.015201099934837694,0.927499737698038,0.016642103576463778,0.9205882352941176,
dry_bean,gradient descent,108,21,0.015190235547108051,0.9307522820270696,0.016459390297984895,0.9284313725490196,
dry_bean,gradient descent,108,22,0.01486125747918871,0.9294932326093799,0.016183310062222542,0.9259803921568628,
dry_bean,gradient descent,108,23,0.014983247086403225,0.929283391039765,0.016398065873014865,0.9235294117647059,
dry_bean,gradient descent,108,24,0.014845947926173112,0.9291784702549575,0.01618975936940895,0.9235294117647059,
dry_bean,gradient descent,108,25,0.014766234010914224,0.9293883118245725,0.01626338223862223,0.9259803921568628,
dry_bean,gradient descent,108,26,0.014791442128789814,0.9311719651662994,0.016180303649710587,0.9274509803921569,
dry_bean,gradient descent,108,27,0.014905183978094897,0.9300178365334173,0.0163722643481948,0.9254901960784314,
dry_bean,gradient descent,108,28,0.014808071012331829,0.930857202811877,0.016332005222961254,0.9230392156862746,
dry_bean,gradient descent,108,29,0.014662420931564677,0.9304375196726472,0.01619545227026558,0.9230392156862746,
dry_bean,gradient descent,108,30,0.014913245602860703,0.9294932326093799,0.016400514424264604,0.9230392156862746,
dry_bean,gradient descent,108,31,0.01481793307020529,0.9309621235966845,0.016228671212289648,0.9274509803921569,
dry_bean,gradient descent,108,32,0.014534430200127652,0.9324310145839891,0.015994426068261455,0.928921568627451,
dry_bean,gradient descent,108,33,0.014541298877719596,0.9304375196726472,0.01607724610966871,0.9245098039215687,
dry_bean,gradient descent,108,34,0.014399688177870592,0.9321162522295666,0.015943038446932845,0.9269607843137255,
dry_bean,gradient descent,108,35,0.014466062633865415,0.9311719651662994,0.01616344746671366,0.9274509803921569,
dry_bean,gradient descent,108,36,0.015164606909306051,0.9311719651662994,0.016678505865426543,0.925,
dry_bean,gradient descent,108,37,0.014537099799535685,0.9335851432168712,0.016107501128107535,0.9303921568627451,
dry_bean,gradient descent,108,38,0.014295452597460278,0.9319064106599517,0.0160290211935207,0.9259803921568628,
dry_bean,gradient descent,108,39,0.01451529593129219,0.9309621235966845,0.01627677624218328,0.9225490196078432,
dry_bean,gradient descent,108,40,0.01439512038526401,0.9340048263561012,0.015961897593045272,0.9284313725490196,
dry_bean,gradient descent,108,41,0.01434504469150581,0.9336900640016788,0.015931647604380577,0.9269607843137255,
dry_bean,gradient descent,108,42,0.014305683612989013,0.9312768859511069,0.015935113050823253,0.9264705882352942,
dry_bean,gradient descent,108,43,0.014168153171953359,0.9328506977232189,0.015881999989580023,0.9284313725490196,
dry_bean,gradient descent,108,44,0.014249778018903134,0.9319064106599517,0.01614885866828437,0.9230392156862746,
dry_bean,gradient descent,108,45,0.014227748809337689,0.933060539292834,0.016034806001157798,0.9235294117647059,
dry_bean,gradient descent,108,46,0.014341437797622874,0.934634351064946,0.016206315822028004,0.9279411764705883,
dry_bean,gradient descent,108,47,0.01434332410957818,0.9327457769384115,0.016392442330519768,0.9225490196078432,
dry_bean,gradient descent,108,48,0.014125295157852236,0.9332703808624488,0.01601873807414233,0.925,
dry_bean,gradient descent,108,49,0.014108253474226208,0.9336900640016788,0.015884764333620915,0.9274509803921569,
dry_bean,gradient descent,108,50,0.014050319221883014,0.9345294302801385,0.0158374323649583,0.9269607843137255,
dry_bean,gradient descent,108,51,0.014521322228215625,0.931067044381492,0.01661692479905843,0.9200980392156862,
dry_bean,gradient descent,108,52,0.014050295757738408,0.9337949847864861,0.016045443031378046,0.9235294117647059,
dry_bean,gradient descent,108,53,0.014011119531376293,0.9329556185080264,0.015838131939776963,0.9269607843137255,
dry_bean,gradient descent,108,54,0.013983478183696108,0.9352638757737908,0.015806774421833272,0.9294117647058824,
dry_bean,gradient descent,108,55,0.014299149992592792,0.9329556185080264,0.016378159268599056,0.9235294117647059,
dry_bean,gradient descent,108,56,0.014251402905765135,0.9332703808624488,0.01601992157782009,0.928921568627451,
dry_bean,gradient descent,108,57,0.014005485550915507,0.9342146679257161,0.015846909239596536,0.9254901960784314,
dry_bean,gradient descent,108,58,0.01397574411566921,0.9347392718497535,0.015919673557788977,0.9299019607843138,
dry_bean,gradient descent,108,59,0.013912703413713971,0.933060539292834,0.015868393473670712,0.9254901960784314,
dry_bean,gradient descent,108,60,0.013895929862905028,0.9340048263561012,0.015877796481463702,0.9259803921568628,
dry_bean,gradient descent,109,1,0.03925387890153601,0.8922463540027279,0.039680671122509635,0.8852941176470588,
dry_bean,gradient descent,109,2,0.026038073343200407,0.9174273423565208,0.026643997262283024,0.917156862745098,
dry_bean,gradient descent,109,3,0.020460794955518724,0.920155282761515,0.021399869561569737,0.9196078431372549,
dry_bean,gradient descent,109,4,0.01853832705869854,0.9231979855209317,0.01943053328270165,0.9225490196078432,
dry_bean,gradient descent,109,5,0.017897836641961144,0.922358619242472,0.018840077461538565,0.9205882352941176,
dry_bean,gradient descent,109,6,0.01740501817118795,0.9231979855209317,0.018368550678462055,0.9196078431372549,
dry_bean,gradient descent,109,7,0.016740488541470883,0.925506242786696,0.017673652246933937,0.9225490196078432,
dry_bean,gradient descent,109,8,0.016432437785622638,0.9249816388626587,0.01744763030382188,0.9235294117647059,
dry_bean,gradient descent,109,9,0.016256500762267336,0.9262406882803483,0.01720214782014928,0.9264705882352942,
dry_bean,gradient descent,109,10,0.01596208726440531,0.9267652922043856,0.017001631677929584,0.9245098039215687,
dry_bean,gradient descent,109,11,0.016172079370671107,0.9256111635715035,0.017239852416043686,0.9196078431372549,
dry_bean,gradient descent,109,12,0.01580400154225193,0.9273948169132306,0.016886679498655986,0.925,
dry_bean,gradient descent,109,13,0.01570810312204277,0.927709579267653,0.016857694619500884,0.9254901960784314,
dry_bean,gradient descent,109,14,0.01561229892015154,0.9270800545588082,0.016905899559160147,0.921078431372549,
dry_bean,gradient descent,109,15,0.01555860716901428,0.9278145000524604,0.016905814210460345,0.9240196078431373,
dry_bean,gradient descent,109,16,0.015441552279593663,0.929283391039765,0.01666646317191467,0.9264705882352942,
dry_bean,gradient descent,109,17,0.015565909163463502,0.9278145000524604,0.016918283321742,0.9240196078431373,
dry_bean,gradient descent,109,18,0.015236584266204957,0.9299129157486098,0.016484965556971765,0.9274509803921569,
dry_bean,gradient descent,109,19,0.015198128682862286,0.930857202811877,0.016369407025533647,0.9313725490196079,
dry_bean,gradient descent,109,20,0.015170978117327334,0.9304375196726472,0.016426854253339222,0.9313725490196079,
dry_bean,gradient descent,109,21,0.015297248346080195,0.9301227573182247,0.016549443233433228,0.9274509803921569,
dry_bean,gradient descent,109,22,0.01503606708825205,0.9287587871157277,0.016498786566651824,0.9240196078431373,
dry_bean,gradient descent,109,23,0.015003243293778225,0.9305424404574546,0.016470862490078245,0.9259803921568628,
dry_bean,gradient descent,109,24,0.014957657109638962,0.9315916483055293,0.01614493012801191,0.9284313725490196,
dry_bean,gradient descent,109,25,0.014798031520336902,0.9299129157486098,0.016260348601565035,0.9230392156862746,
dry_bean,gradient descent,109,26,0.014736677986805629,0.9301227573182247,0.016163221001509034,0.9269607843137255,
dry_bean,gradient descent,109,27,0.015018372519619128,0.9284440247613052,0.01657837516474709,0.9225490196078432,
dry_bean,gradient descent,109,28,0.014750710624523463,0.9313818067359144,0.01610689303354268,0.9274509803921569,
dry_bean,gradient descent,109,29,0.014585091789855216,0.9305424404574546,0.015997402689414145,0.9269607843137255,
dry_bean,gradient descent,109,30,0.01480579688755216,0.9316965690903368,0.016086042768983226,0.9269607843137255,
dry_bean,gradient descent,109,31,0.01540415115965773,0.9297030741789949,0.0168278988319919,0.9240196078431373,
dry_bean,gradient descent,109,32,0.01452308823451148,0.9315916483055293,0.01614955818688979,0.9225490196078432,
dry_bean,gradient descent,109,33,0.014544711809421068,0.931067044381492,0.016192697102519603,0.921078431372549,
dry_bean,gradient descent,109,34,0.014497213856795229,0.9314867275207218,0.01605474807681649,0.925,
dry_bean,gradient descent,109,35,0.01452695611081263,0.9318014898751442,0.016233114567473887,0.9240196078431373,
dry_bean,gradient descent,109,36,0.014369815085265358,0.9327457769384115,0.015900080677948486,0.9279411764705883,
dry_bean,gradient descent,109,37,0.01440325714904343,0.9319064106599517,0.016057423580692214,0.9240196078431373,
dry_bean,gradient descent,109,38,0.01435174214141558,0.9327457769384115,0.016006527199684265,0.9269607843137255,
dry_bean,gradient descent,109,39,0.014420797740324271,0.933060539292834,0.015988971378966075,0.9230392156862746,
dry_bean,gradient descent,109,40,0.014279035814654723,0.9328506977232189,0.015970469714598028,0.925,
dry_bean,gradient descent,109,41,0.01486827088043457,0.9303325988878397,0.016657588849073684,0.9230392156862746,
dry_bean,gradient descent,109,42,0.014311229409221693,0.932640856153604,0.01608369834475935,0.9259803921568628,
dry_bean,gradient descent,109,43,0.014773408087096769,0.9333753016472564,0.01644042737701566,0.9264705882352942,
dry_bean,gradient descent,109,44,0.014383549764347383,0.9327457769384115,0.016105125612055488,0.9240196078431373,
dry_bean,gradient descent,109,45,0.014403350264100317,0.9314867275207218,0.016099901319942163,0.9235294117647059,
dry_bean,gradient descent,109,46,0.014187454265120613,0.933060539292834,0.015946162396603167,0.9259803921568628,
dry_bean,gradient descent,109,47,0.014198160326756512,0.9327457769384115,0.015819856704460563,0.9254901960784314,
dry_bean,gradient descent,109,48,0.014204525422125447,0.9321162522295666,0.01605119299980739,0.921078431372549,
dry_bean,gradient descent,109,49,0.014296765557550006,0.9342146679257161,0.015984382683043245,0.9279411764705883,
dry_bean,gradient descent,109,50,0.014154173056362003,0.9335851432168712,0.016035724304838826,0.9274509803921569,
dry_bean,gradient descent,109,51,0.014069647949336909,0.9342146679257161,0.01583465934614322,0.9264705882352942,
dry_bean,gradient descent,109,52,0.01404654279296435,0.9334802224320637,0.015910255366899557,0.9279411764705883,
dry_bean,gradient descent,109,53,0.014106183601041442,0.932640856153604,0.01596109096251757,0.9230392156862746,
dry_bean,gradient descent,109,54,0.01414211393572204,0.9336900640016788,0.01601671281201631,0.9259803921568628,
dry_bean,gradient descent,109,55,0.014160050530487486,0.9336900640016788,0.015901309766008776,0.9254901960784314,
dry_bean,gradient descent,109,56,0.014486613152662513,0.9340048263561012,0.016282237014755657,0.9264705882352942,
dry_bean,gradient descent,109,57,0.014035851175074745,0.9341097471409087,0.015955535431165013,0.9235294117647059,
dry_bean,gradient descent,109,58,0.014022508476518748,0.9335851432168712,0.01597507324343687,0.9215686274509803,
dry_bean,gradient descent,109,59,0.013922012184899343,0.9334802224320637,0.015907925828060655,0.9259803921568628,
dry_bean,gradient descent,109,60,0.01406802036008833,0.9336900640016788,0.015830106419345052,0.9269607843137255,
dry_bean,gradient descent,110,1,0.03882020090090032,0.8910922253698458,0.03949735847576667,0.8838235294117647,
dry_bean,gradient descent,110,2,0.024017112351119307,0.9151190850907565,0.024902465507684202,0.9151960784313725,
dry_bean,gradient descent,110,3,0.019699643932117514,0.9214143321792047,0.020608920167079593,0.917156862745098,
dry_bean,gradient descent,110,4,0.018443198069146335,0.9227783023817018,0.019317049593649886,0.9240196078431373,
dry_bean,gradient descent,110,5,0.017533464302940092,0.9244570349386213,0.01838326655436567,0.9220588235294118,
dry_bean,gradient descent,110,6,0.017746997414836367,0.9231979855209317,0.018669098274446176,0.9254901960784314,
dry_bean,gradient descent,110,7,0.016886259037414017,0.925716084356311,0.01793776250313276,0.9191176470588235,
dry_bean,gradient descent,110,8,0.016623341822754725,0.9241422725841989,0.017644894494396286,0.9200980392156862,
dry_bean,gradient descent,110,9,0.016367243002583805,0.9250865596474661,0.017278764437513867,0.9254901960784314,
dry_bean,gradient descent,110,10,0.016358310560982674,0.9269751337740006,0.017284590108971317,0.9279411764705883,
dry_bean,gradient descent,110,11,0.015890486145415137,0.9262406882803483,0.01695364601603746,0.9240196078431373,
dry_bean,gradient descent,110,12,0.016048119809552015,0.9261357674955408,0.017069634377080745,0.9240196078431373,
dry_bean,gradient descent,110,13,0.015739205729054576,0.9285489455461127,0.01679298295946336,0.9264705882352942,
dry_bean,gradient descent,110,14,0.01556690900759733,0.9273948169132306,0.01673331027967742,0.9235294117647059,
dry_bean,gradient descent,110,15,0.015592669188695191,0.927709579267653,0.016691970567445476,0.9240196078431373,
dry_bean,gradient descent,110,16,0.01580468718956027,0.927499737698038,0.016987204708844784,0.9269607843137255,
dry_bean,gradient descent,110,17,0.015333594032748268,0.927709579267653,0.016588049125171377,0.9230392156862746,
dry_bean,gradient descent,110,18,0.015290629558991216,0.9300178365334173,0.016486286349393992,0.9259803921568628,
dry_bean,gradient descent,110,19,0.015486843237354655,0.927289896128423,0.01687670140927894,0.921078431372549,
dry_bean,gradient descent,110,20,0.015329510718719404,0.9293883118245725,0.01649389831012929,0.9279411764705883,
dry_bean,gradient descent,110,21,0.015138730570398558,0.9284440247613052,0.016553737042639027,0.921078431372549,
dry_bean,gradient descent,110,22,0.015068826957734942,0.9285489455461127,0.01650946437358064,0.9245098039215687,
dry_bean,gradient descent,110,23,0.015076994870222024,0.9286538663309202,0.016544426098030484,0.9230392156862746,
dry_bean,gradient descent,110,24,0.014843700821027551,0.9297030741789949,0.016216657706126646,0.9259803921568628,
dry_bean,gradient descent,110,25,0.015581629735971117,0.9270800545588082,0.01709809884620247,0.9191176470588235,
dry_bean,gradient descent,110,26,0.01473393363235798,0.9300178365334173,0.016136388983936163,0.9264705882352942,
dry_bean,gradient descent,110,27,0.01497379125919352,0.931067044381492,0.01657033539611796,0.9235294117647059,
dry_bean,gradient descent,110,28,0.014758234686079766,0.9299129157486098,0.01633757081514833,0.9225490196078432,
dry_bean,gradient descent,110,29,0.01470023184349562,0.9309621235966845,0.016259760129746233,0.9235294117647059,
dry_bean,gradient descent,110,30,0.014754158267920866,0.9301227573182247,0.016242018458347385,0.9230392156862746,
dry_bean,gradient descent,110,31,0.01457071858770558,0.9321162522295666,0.016031399893607943,0.9279411764705883,
dry_bean,gradient descent,110,32,0.014542796466844385,0.9320113314447592,0.016048604948009068,0.9274509803921569,
dry_bean,gradient descent,110,33,0.014607948830416143,0.9314867275207218,0.016249601579339135,0.9264705882352942,
dry_bean,gradient descent,110,34,0.014448923601594778,0.9315916483055293,0.016050984530731793,0.9235294117647059,
dry_bean,gradient descent,110,35,0.014458436243659712,0.9318014898751442,0.0160079511626829,0.9264705882352942,
dry_bean,gradient descent,110,36,0.014437244836020031,0.9340048263561012,0.01604335423776737,0.9264705882352942,
dry_bean,gradient descent,110,37,0.014405977758434552,0.9328506977232189,0.015929456079545243,0.9269607843137255,
dry_bean,gradient descent,110,38,0.014390887461799002,0.9322211730143741,0.016123324794055035,0.9240196078431373,
dry_bean,gradient descent,110,39,0.014336412599409428,0.9336900640016788,0.01591632213558609,0.9279411764705883,
dry_bean,gradient descent,110,40,0.014299338611792724,0.9325359353687965,0.01597369853415305,0.9274509803921569,
dry_bean,gradient descent,110,41,0.014314279380492942,0.9322211730143741,0.016040987416793728,0.9269607843137255,
dry_bean,gradient descent,110,42,0.014367873531602094,0.9328506977232189,0.01587708306427281,0.9284313725490196,
dry_bean,gradient descent,110,43,0.014246687983886097,0.9329556185080264,0.015946984058243095,0.9254901960784314,
dry_bean,gradient descent,110,44,0.014820355840895529,0.9323260937991816,0.016318874471293095,0.9279411764705883,
dry_bean,gradient descent,110,45,0.014250417706672508,0.9329556185080264,0.016088191812516698,0.9240196078431373,
dry_bean,gradient descent,110,46,0.014142074368559944,0.9336900640016788,0.01580374996930475,0.9269607843137255,
dry_bean,gradient descent,110,47,0.014228485832481812,0.9316965690903368,0.016045769407135355,0.9279411764705883,
dry_bean,gradient descent,110,48,0.01408794600977883,0.9335851432168712,0.015815143682364356,0.9269607843137255,
dry_bean,gradient descent,110,49,0.01406105674657658,0.9329556185080264,0.015703879408648407,0.9264705882352942,
dry_bean,gradient descent,110,50,0.014108817012270989,0.9342146679257161,0.01598662308005611,0.9279411764705883,
dry_bean,gradient descent,110,51,0.014043206685466813,0.9336900640016788,0.015730959286433623,0.9284313725490196,
dry_bean,gradient descent,110,52,0.014245154058983434,0.9338999055712937,0.016001273999685352,0.9259803921568628,
dry_bean,gradient descent,110,53,0.014079860715890121,0.9327457769384115,0.015856531156533873,0.9225490196078432,
dry_bean,gradient descent,110,54,0.014097795272067825,0.9332703808624488,0.016051751077204787,0.9254901960784314,
dry_bean,gradient descent,110,55,0.013968811481987562,0.9348441926345609,0.01589183023798434,0.9264705882352942,
dry_bean,gradient descent,110,56,0.014067691254923187,0.9337949847864861,0.01601390703236122,0.9245098039215687,
dry_bean,gradient descent,110,57,0.013953481033525018,0.9324310145839891,0.01585909025395388,0.9254901960784314,
dry_bean,gradient descent,110,58,0.014011401907750545,0.9329556185080264,0.016022496659988998,0.9259803921568628,
dry_bean,gradient descent,110,59,0.013963446926638284,0.9344245094953311,0.015812156891625812,0.9259803921568628,
dry_bean,gradient descent,110,60,0.013969954069722214,0.9352638757737908,0.01575011424415311,0.928921568627451,
dry_bean,gradient descent,111,1,0.039304949324364694,0.9026335116986675,0.03983778687564951,0.8965686274509804,
dry_bean,gradient descent,111,2,0.025831503220891575,0.9176371839261358,0.026566739862892697,0.9176470588235294,
dry_bean,gradient descent,111,3,0.020240614838622425,0.9206798866855525,0.021001522674150324,0.9151960784313725,
dry_bean,gradient descent,111,4,0.01847674442510636,0.9237225894449691,0.01928341067639048,0.9196078431372549,
dry_bean,gradient descent,111,5,0.018970306052994313,0.9199454411919001,0.0198627544197708,0.9220588235294118,
dry_bean,gradient descent,111,6,0.017438234006616937,0.9246668765082363,0.018218713621387408,0.925,
dry_bean,gradient descent,111,7,0.0167469477852712,0.9262406882803483,0.01760701124744444,0.9269607843137255,
dry_bean,gradient descent,111,8,0.016452274592210787,0.9268702129891931,0.01741674175754823,0.9259803921568628,
dry_bean,gradient descent,111,9,0.016383458207174545,0.9266603714195782,0.017243980388301095,0.925,
dry_bean,gradient descent,111,10,0.016139081911612913,0.9265554506347707,0.017011187110431772,0.9274509803921569,
dry_bean,gradient descent,111,11,0.016461396681615524,0.9248767180778512,0.017526299865562988,0.9220588235294118,
dry_bean,gradient descent,111,12,0.015904134407358887,0.9283391039764978,0.01704767192492612,0.9259803921568628,
dry_bean,gradient descent,111,13,0.015712805569124688,0.9286538663309202,0.016866748149179957,0.9254901960784314,
dry_bean,gradient descent,111,14,0.015777725063664632,0.9266603714195782,0.016895913434447612,0.9215686274509803,
dry_bean,gradient descent,111,15,0.015442785157982765,0.9283391039764978,0.016642493987316747,0.9269607843137255,
dry_bean,gradient descent,111,16,0.015700636190812835,0.9265554506347707,0.017020687851786113,0.9235294117647059,
dry_bean,gradient descent,111,17,0.01596509161031941,0.9254013220018886,0.01736480119734691,0.9191176470588235,
dry_bean,gradient descent,111,18,0.01551811081799774,0.927709579267653,0.01661192708065877,0.9220588235294118,
dry_bean,gradient descent,111,19,0.015339019528350943,0.927709579267653,0.016591977423698837,0.925,
dry_bean,gradient descent,111,20,0.015081463403680035,0.9298079949638023,0.016279792936094564,0.9279411764705883,
dry_bean,gradient descent,111,21,0.01515912468267333,0.929283391039765,0.016254638120009962,0.9303921568627451,
dry_bean,gradient descent,111,22,0.014970583506769147,0.9301227573182247,0.01629423824096571,0.9274509803921569,
dry_bean,gradient descent,111,23,0.015121592207209373,0.9306473612422621,0.016371592123817086,0.928921568627451,
dry_bean,gradient descent,111,24,0.014993280121264082,0.9291784702549575,0.01636878501838022,0.925,
dry_bean,gradient descent,111,25,0.014858322715394254,0.9301227573182247,0.016298722688569647,0.9264705882352942,
dry_bean,gradient descent,111,26,0.014902480270458212,0.9302276781030322,0.01630699930972301,0.9279411764705883,
dry_bean,gradient descent,111,27,0.014736891170024101,0.9300178365334173,0.016127544939335138,0.9284313725490196,
dry_bean,gradient descent,111,28,0.01559321918165244,0.9301227573182247,0.016861408121284293,0.9269607843137255,
dry_bean,gradient descent,111,29,0.015026914854425947,0.9312768859511069,0.0164107688211621,0.9294117647058824,
dry_bean,gradient descent,111,30,0.014752592068767447,0.9312768859511069,0.016154571420665127,0.9294117647058824,
dry_bean,gradient descent,111,31,0.014754794452686883,0.9316965690903368,0.016176570219832365,0.9299019607843138,
dry_bean,gradient descent,111,32,0.01462226963277466,0.9315916483055293,0.016252206745060088,0.9259803921568628,
dry_bean,gradient descent,111,33,0.014573149182978348,0.9311719651662994,0.01613002332940226,0.9284313725490196,
dry_bean,gradient descent,111,34,0.014872165052604558,0.9303325988878397,0.016404352735239238,0.9235294117647059,
dry_bean,gradient descent,111,35,0.014726930528152453,0.9301227573182247,0.016374522881514808,0.9245098039215687,
dry_bean,gradient descent,111,36,0.014633337971466326,0.930857202811877,0.01604048867532676,0.9279411764705883,
dry_bean,gradient descent,111,37,0.014952732056355533,0.9297030741789949,0.016718993583225917,0.9235294117647059,
dry_bean,gradient descent,111,38,0.014507488255345478,0.9333753016472564,0.01601446562680689,0.9299019607843138,
dry_bean,gradient descent,111,39,0.014402078612875574,0.9320113314447592,0.01597101338467683,0.9274509803921569,
dry_bean,gradient descent,111,40,0.014395059892377823,0.9333753016472564,0.016112169517766915,0.9269607843137255,
dry_bean,gradient descent,111,41,0.014540219704218147,0.9309621235966845,0.016212612028885118,0.9245098039215687,
dry_bean,gradient descent,111,42,0.014558456711318009,0.9331654600776413,0.01612883107316265,0.9259803921568628,
dry_bean,gradient descent,111,43,0.014512016155345668,0.933060539292834,0.01611938555529383,0.9274509803921569,
dry_bean,gradient descent,111,44,0.01452667922983284,0.9306473612422621,0.016411930538376158,0.9205882352941176,
dry_bean,gradient descent,111,45,0.014308661919567464,0.9323260937991816,0.01590599843321817,0.9274509803921569,
dry_bean,gradient descent,111,46,0.014309893907584052,0.9324310145839891,0.01612679341466509,0.925,
dry_bean,gradient descent,111,47,0.014582296899327045,0.932640856153604,0.016529351181644135,0.9235294117647059,
dry_bean,gradient descent,111,48,0.014256400502384019,0.9322211730143741,0.01595532140991646,0.9240196078431373,
dry_bean,gradient descent,111,49,0.014165033966623776,0.9340048263561012,0.015902131006014078,0.9303921568627451,
dry_bean,gradient descent,111,50,0.01418992397948524,0.9331654600776413,0.01607023765161664,0.9259803921568628,
dry_bean,gradient descent,111,51,0.01448282120365808,0.9302276781030322,0.01643849874774739,0.9215686274509803,
dry_bean,gradient descent,111,52,0.014243572465393784,0.932640856153604,0.01591355305047779,0.9279411764705883,
dry_bean,gradient descent,111,53,0.014738314589436193,0.9297030741789949,0.016796251840317366,0.9220588235294118,
dry_bean,gradient descent,111,54,0.014098929628696749,0.9324310145839891,0.01606116313507418,0.9240196078431373,
dry_bean,gradient descent,111,55,0.014433282054548724,0.9338999055712937,0.016469497635981465,0.9254901960784314,
dry_bean,gradient descent,111,56,0.014224196849399127,0.932640856153604,0.016302857922082886,0.9240196078431373,
dry_bean,gradient descent,111,57,0.01419470134409197,0.934634351064946,0.016192111424270673,0.9264705882352942,
dry_bean,gradient descent,111,58,0.014229366205260528,0.9340048263561012,0.01618891314962877,0.9245098039215687,
dry_bean,gradient descent,111,59,0.014316326848222176,0.9337949847864861,0.01628496839733088,0.9225490196078432,
dry_bean,gradient descent,111,60,0.01419830910617781,0.9329556185080264,0.016109328077737548,0.9240196078431373,
dry_bean,gradient descent,112,1,0.03915900386362331,0.8978071555975239,0.039560174071614905,0.8921568627450981,
dry_bean,gradient descent,112,2,0.02504548929178236,0.9162732137236387,0.02591343900829763,0.9102941176470588,
dry_bean,gradient descent,112,3,0.02016620168348261,0.9191060749134403,0.021163579501328016,0.9151960784313725,
dry_bean,gradient descent,112,4,0.01846843032779695,0.9227783023817018,0.019401753330841078,0.9225490196078432,
dry_bean,gradient descent,112,5,0.017801276867383406,0.9229881439513168,0.018823351398153648,0.921078431372549,
dry_bean,gradient descent,112,6,0.017524207865486262,0.9216241737488197,0.018607649498084262,0.9215686274509803,
dry_bean,gradient descent,112,7,0.017531755459307,0.9199454411919001,0.018648496499022022,0.917156862745098,
dry_bean,gradient descent,112,8,0.017089728308356932,0.9207848074703598,0.018274110763646056,0.9161764705882353,
dry_bean,gradient descent,112,9,0.016331621198083943,0.925716084356311,0.01739589301015452,0.9259803921568628,
dry_bean,gradient descent,112,10,0.016145062733225305,0.9258210051411184,0.01732889572750351,0.9230392156862746,
dry_bean,gradient descent,112,11,0.01604079746133378,0.925716084356311,0.01722951423617988,0.9245098039215687,
dry_bean,gradient descent,112,12,0.015994798209342513,0.9276046584828455,0.017092192425005624,0.9279411764705883,
dry_bean,gradient descent,112,13,0.015984670695319333,0.9249816388626587,0.017232031399332718,0.921078431372549,
dry_bean,gradient descent,112,14,0.01609018422794286,0.9225684608120869,0.017304756299502004,0.9205882352941176,
dry_bean,gradient descent,112,15,0.015701345593654457,0.927289896128423,0.0169102903508168,0.9240196078431373,
dry_bean,gradient descent,112,16,0.015648141181711817,0.927289896128423,0.016884725940711987,0.9245098039215687,
dry_bean,gradient descent,112,17,0.015386446389606305,0.9271849753436155,0.01672929125497377,0.9215686274509803,
dry_bean,gradient descent,112,18,0.01528776997049141,0.9290735494701501,0.01658933343227611,0.925,
dry_bean,gradient descent,112,19,0.015316344027077365,0.9268702129891931,0.01681903169766508,0.9215686274509803,
dry_bean,gradient descent,112,20,0.015180519271450612,0.9294932326093799,0.016457193284688417,0.9279411764705883,
dry_bean,gradient descent,112,21,0.01526944372954323,0.9267652922043856,0.016722279009683535,0.9220588235294118,
dry_bean,gradient descent,112,22,0.015056677195049143,0.9290735494701501,0.016388379643629325,0.925,
dry_bean,gradient descent,112,23,0.01498318511666246,0.9286538663309202,0.01632115391343885,0.9235294117647059,
dry_bean,gradient descent,112,24,0.014977820649909256,0.9298079949638023,0.016398722809196617,0.925,
dry_bean,gradient descent,112,25,0.015063476060268711,0.9309621235966845,0.016463957996010144,0.9274509803921569,
dry_bean,gradient descent,112,26,0.015358279139362309,0.9283391039764978,0.01697976426078088,0.9200980392156862,
dry_bean,gradient descent,112,27,0.015050813817286884,0.9314867275207218,0.016354767456373216,0.9284313725490196,
dry_bean,gradient descent,112,28,0.014709357942668037,0.9306473612422621,0.016126266200069284,0.9294117647058824,
dry_bean,gradient descent,112,29,0.014705836769299648,0.9299129157486098,0.01616248646351329,0.9254901960784314,
dry_bean,gradient descent,112,30,0.014711712190523932,0.9297030741789949,0.016330628490322137,0.9245098039215687,
dry_bean,gradient descent,112,31,0.014767758161193406,0.9303325988878397,0.01638471019635314,0.9235294117647059,
dry_bean,gradient descent,112,32,0.01485219070136472,0.9313818067359144,0.016312033693573414,0.9294117647058824,
dry_bean,gradient descent,112,33,0.015067235574877541,0.9299129157486098,0.016537259601875562,0.9269607843137255,
dry_bean,gradient descent,112,34,0.0146718666069678,0.9303325988878397,0.016350119961132146,0.9225490196078432,
dry_bean,gradient descent,112,35,0.014757716474347888,0.9302276781030322,0.016443510352676893,0.9230392156862746,
dry_bean,gradient descent,112,36,0.014507608975866367,0.9319064106599517,0.016157420954101075,0.9245098039215687,
dry_bean,gradient descent,112,37,0.014612251459755346,0.9312768859511069,0.016263588086841183,0.9245098039215687,
dry_bean,gradient descent,112,38,0.014455438734973526,0.9318014898751442,0.01601472683032636,0.928921568627451,
dry_bean,gradient descent,112,39,0.014378249126640427,0.9316965690903368,0.015992946207947008,0.9274509803921569,
dry_bean,gradient descent,112,40,0.014327801959088615,0.930857202811877,0.015964472402661075,0.9269607843137255,
dry_bean,gradient descent,112,41,0.014329878915799484,0.932640856153604,0.016065140531685295,0.9259803921568628,
dry_bean,gradient descent,112,42,0.014357313743458645,0.9318014898751442,0.01613734657069006,0.9235294117647059,
dry_bean,gradient descent,112,43,0.014345132159840774,0.9313818067359144,0.015917450317769057,0.928921568627451,
dry_bean,gradient descent,112,44,0.014542222601760862,0.931067044381492,0.016444340510717435,0.9235294117647059,
dry_bean,gradient descent,112,45,0.014391849329734068,0.9333753016472564,0.016066192111006957,0.9274509803921569,
dry_bean,gradient descent,112,46,0.014268438989057466,0.9332703808624488,0.015865602396182028,0.928921568627451,
dry_bean,gradient descent,112,47,0.014378827361946537,0.9340048263561012,0.015960083425231978,0.928921568627451,
dry_bean,gradient descent,112,48,0.014264443996932628,0.933060539292834,0.016042092982318627,0.9274509803921569,
dry_bean,gradient descent,112,49,0.014274115655569684,0.9329556185080264,0.016074891228705115,0.925,
dry_bean,gradient descent,112,50,0.014237545572958317,0.9334802224320637,0.01606403401425439,0.928921568627451,
dry_bean,gradient descent,112,51,0.014086398589097092,0.9332703808624488,0.01583023303290824,0.9284313725490196,
dry_bean,gradient descent,112,52,0.014286187621045646,0.9323260937991816,0.016307306615253907,0.9220588235294118,
dry_bean,gradient descent,112,53,0.014176305208694616,0.9328506977232189,0.015769350418878593,0.928921568627451,
dry_bean,gradient descent,112,54,0.014489224924715452,0.9329556185080264,0.016483775974099567,0.925,
dry_bean,gradient descent,112,55,0.014082764633583832,0.9327457769384115,0.015714071164125532,0.928921568627451,
dry_bean,gradient descent,112,56,0.014127511267410296,0.9333753016472564,0.015797185431726642,0.9264705882352942,
dry_bean,gradient descent,112,57,0.014217514449903722,0.9322211730143741,0.015894325328765783,0.9259803921568628,
dry_bean,gradient descent,112,58,0.014009622885611524,0.9347392718497535,0.015767504099881036,0.9274509803921569,
dry_bean,gradient descent,112,59,0.014193130580117508,0.9325359353687965,0.016095995985560583,0.9245098039215687,
dry_bean,gradient descent,112,60,0.014207893850629668,0.9353687965585983,0.015993145633906067,0.9284313725490196,
dry_bean,gradient descent,113,1,0.03684831261743131,0.9120763823313398,0.03737899190481496,0.9117647058823529,
dry_bean,gradient descent,113,2,0.023437093519406007,0.918371629419788,0.024205186968835352,0.9161764705882353,
dry_bean,gradient descent,113,3,0.019615925704112795,0.920574965900745,0.02041590749344799,0.9181372549019607,
dry_bean,gradient descent,113,4,0.018524137264458004,0.9207848074703598,0.01940028884588067,0.9176470588235294,
dry_bean,gradient descent,113,5,0.018015012621819183,0.9230930647361242,0.018960179988482432,0.9225490196078432,
dry_bean,gradient descent,113,6,0.016993157808239633,0.9256111635715035,0.01802545094849199,0.9220588235294118,
dry_bean,gradient descent,113,7,0.016562587580746913,0.9271849753436155,0.017491259576163178,0.9225490196078432,
dry_bean,gradient descent,113,8,0.016324308784642593,0.9261357674955408,0.017381461514386354,0.9235294117647059,
dry_bean,gradient descent,113,9,0.01616264524820608,0.9273948169132306,0.017167210905690237,0.9220588235294118,
dry_bean,gradient descent,113,10,0.016006440674290558,0.9261357674955408,0.017092615062571294,0.9220588235294118,
dry_bean,gradient descent,113,11,0.01586234117611278,0.9280243416220754,0.016974137023546772,0.9254901960784314,
dry_bean,gradient descent,113,12,0.01571752520765161,0.9273948169132306,0.0169474499661466,0.9230392156862746,
dry_bean,gradient descent,113,13,0.01566612828422537,0.9276046584828455,0.0169353548770332,0.9245098039215687,
dry_bean,gradient descent,113,14,0.015527321560037909,0.9283391039764978,0.016740703245663468,0.9264705882352942,
dry_bean,gradient descent,113,15,0.015395514510809808,0.9286538663309202,0.01673637045082405,0.9245098039215687,
dry_bean,gradient descent,113,16,0.015300539271188681,0.9299129157486098,0.016548164267559083,0.9269607843137255,
dry_bean,gradient descent,113,17,0.015302350696244,0.9299129157486098,0.016545078909541145,0.925,
dry_bean,gradient descent,113,18,0.01522009251937793,0.9298079949638023,0.016442976150109,0.9279411764705883,
dry_bean,gradient descent,113,19,0.015123373149850525,0.9303325988878397,0.01639328336881452,0.9269607843137255,
dry_bean,gradient descent,113,20,0.01516426620166214,0.9307522820270696,0.01671223244453139,0.9259803921568628,
dry_bean,gradient descent,113,21,0.014980584657853784,0.9298079949638023,0.016326917841577023,0.9240196078431373,
dry_bean,gradient descent,113,22,0.01510466534694599,0.9304375196726472,0.01649062955159724,0.9269607843137255,
dry_bean,gradient descent,113,23,0.01496279239370215,0.9293883118245725,0.01642722911482281,0.9264705882352942,
dry_bean,gradient descent,113,24,0.01484381114385137,0.9297030741789949,0.016352560311327407,0.9245098039215687,
dry_bean,gradient descent,113,25,0.014772310523105509,0.9318014898751442,0.016263927635631455,0.9264705882352942,
dry_bean,gradient descent,113,26,0.014778545593193087,0.9315916483055293,0.016378554649736327,0.9245098039215687,
dry_bean,gradient descent,113,27,0.015447823446674749,0.9298079949638023,0.017020019520100356,0.9225490196078432,
dry_bean,gradient descent,113,28,0.01471737870680924,0.9301227573182247,0.016392061012297284,0.9245098039215687,
dry_bean,gradient descent,113,29,0.014752046838473701,0.9324310145839891,0.016218037963028703,0.9279411764705883,
dry_bean,gradient descent,113,30,0.015149565544289523,0.9316965690903368,0.016765284774785328,0.9259803921568628,
dry_bean,gradient descent,113,31,0.01454255414338864,0.9324310145839891,0.016121859451664652,0.9259803921568628,
dry_bean,gradient descent,113,32,0.014708384431152887,0.9319064106599517,0.016311447754146117,0.9269607843137255,
dry_bean,gradient descent,113,33,0.014596672501124397,0.9323260937991816,0.016351983002874864,0.9235294117647059,
dry_bean,gradient descent,113,34,0.014509686233016308,0.9331654600776413,0.016238510164118532,0.925,
dry_bean,gradient descent,113,35,0.014445061238825998,0.9331654600776413,0.01611638887727183,0.9274509803921569,
dry_bean,gradient descent,113,36,0.014456168881049081,0.9334802224320637,0.01623867819315243,0.9230392156862746,
dry_bean,gradient descent,113,37,0.014520673283297996,0.9338999055712937,0.01615575793051095,0.9259803921568628,
dry_bean,gradient descent,113,38,0.01433900490964999,0.933060539292834,0.015908689465479877,0.9269607843137255,
dry_bean,gradient descent,113,39,0.014331104360120745,0.9322211730143741,0.01617584566567893,0.9259803921568628,
dry_bean,gradient descent,113,40,0.01426394773922814,0.9332703808624488,0.016019981537485534,0.925,
dry_bean,gradient descent,113,41,0.014296236448059304,0.9341097471409087,0.01611943383174475,0.9279411764705883,
dry_bean,gradient descent,113,42,0.014378255573215171,0.9333753016472564,0.016045128183253075,0.9269607843137255,
dry_bean,gradient descent,113,43,0.014291146148271061,0.933060539292834,0.016188023491531638,0.925,
dry_bean,gradient descent,113,44,0.014193729148388326,0.9333753016472564,0.01611179219815867,0.925,
dry_bean,gradient descent,113,45,0.014565121925684982,0.9307522820270696,0.016596626919222344,0.9225490196078432,
dry_bean,gradient descent,113,46,0.01429698044536193,0.9333753016472564,0.016264128845873436,0.9240196078431373,
dry_bean,gradient descent,113,47,0.01411235076499676,0.9347392718497535,0.016147542328207063,0.9240196078431373,
dry_bean,gradient descent,113,48,0.014222328504993121,0.9323260937991816,0.0161366397332156,0.9254901960784314,
dry_bean,gradient descent,113,49,0.014125304566673191,0.9355786381282132,0.01591678313621837,0.9279411764705883,
dry_bean,gradient descent,113,50,0.014289356203955158,0.9334802224320637,0.016270027040286707,0.9220588235294118,
dry_bean,gradient descent,113,51,0.014170435714753321,0.9329556185080264,0.016019253054392037,0.9254901960784314,
dry_bean,gradient descent,113,52,0.014146936947873051,0.9337949847864861,0.01624835822296027,0.9240196078431373,
dry_bean,gradient descent,113,53,0.01489213798845809,0.9334802224320637,0.016824769138221687,0.9254901960784314,
dry_bean,gradient descent,113,54,0.0139903175825161,0.9341097471409087,0.01599359859970251,0.9259803921568628,
dry_bean,gradient descent,113,55,0.01404004481211075,0.9354737173434057,0.01596528624195875,0.9264705882352942,
dry_bean,gradient descent,113,56,0.013917783240933297,0.936208162837058,0.015988898692617808,0.9274509803921569,
dry_bean,gradient descent,113,57,0.01399332934428002,0.9333753016472564,0.015898878066826362,0.9269607843137255,
dry_bean,gradient descent,113,58,0.013947712807651466,0.9358934004826356,0.01610119566725703,0.9274509803921569,
dry_bean,gradient descent,113,59,0.013909358708305966,0.934634351064946,0.016032275796205395,0.9259803921568628,
dry_bean,gradient descent,113,60,0.013954768752920354,0.9356835589130207,0.016031925833217834,0.9279411764705883,
dry_bean,gradient descent,114,1,0.039885697031412364,0.8765082362816073,0.04042446699165981,0.8676470588235294,
dry_bean,gradient descent,114,2,0.02527005840278991,0.9142797188122967,0.026231599119559478,0.9122549019607843,
dry_bean,gradient descent,114,3,0.020271253484178024,0.9214143321792047,0.02112231125283514,0.9176470588235294,
dry_bean,gradient descent,114,4,0.0188516186038937,0.9195257580526702,0.0197707849707098,0.9151960784313725,
dry_bean,gradient descent,114,5,0.017691162347210375,0.9238275102297765,0.018620422533970216,0.9230392156862746,
dry_bean,gradient descent,114,6,0.017117151858180742,0.9246668765082363,0.018039814389469267,0.925,
dry_bean,gradient descent,114,7,0.01709644303719066,0.9227783023817018,0.018094638614683814,0.9186274509803921,
dry_bean,gradient descent,114,8,0.017322191079855873,0.9200503619767075,0.01835836588505989,0.9191176470588235,
dry_bean,gradient descent,114,9,0.016234301731110196,0.9263456090651558,0.01726678749410893,0.9215686274509803,
dry_bean,gradient descent,114,10,0.016112959216482422,0.9263456090651558,0.01711838694553277,0.9264705882352942,
dry_bean,gradient descent,114,11,0.016046012631895135,0.9260308467107334,0.017058134216048026,0.9245098039215687,
dry_bean,gradient descent,114,12,0.015901409855784955,0.9262406882803483,0.016906509038390045,0.9235294117647059,
dry_bean,gradient descent,114,13,0.016072163489800968,0.9248767180778512,0.01712311367196399,0.9230392156862746,
dry_bean,gradient descent,114,14,0.015617375516675032,0.927499737698038,0.016666476577631775,0.9230392156862746,
dry_bean,gradient descent,114,15,0.015535258509151861,0.9283391039764978,0.016560252971895336,0.9274509803921569,
dry_bean,gradient descent,114,16,0.015596469808163463,0.9270800545588082,0.016733645857740214,0.9240196078431373,
dry_bean,gradient descent,114,17,0.015367704164369354,0.9283391039764978,0.016540515621907437,0.9230392156862746,
dry_bean,gradient descent,114,18,0.015279251301367182,0.9283391039764978,0.01651876803809332,0.9264705882352942,
dry_bean,gradient descent,114,19,0.015189072935161132,0.9278145000524604,0.016337410888058915,0.9269607843137255,
dry_bean,gradient descent,114,20,0.01515641970167058,0.9295981533941874,0.016319657581935536,0.9308823529411765,
dry_bean,gradient descent,114,21,0.015017182925313163,0.9289686286853426,0.01610026252272054,0.9274509803921569,
dry_bean,gradient descent,114,22,0.01506972714492067,0.9298079949638023,0.016293149087387025,0.9254901960784314,
dry_bean,gradient descent,114,23,0.015147961480334142,0.9282341831916903,0.01639516088755249,0.9245098039215687,
dry_bean,gradient descent,114,24,0.01499537956536605,0.9286538663309202,0.016234136287511813,0.9259803921568628,
dry_bean,gradient descent,114,25,0.014857391170498871,0.9302276781030322,0.016061681789217186,0.9279411764705883,
dry_bean,gradient descent,114,26,0.014857046964725033,0.9301227573182247,0.016213708112335624,0.9245098039215687,
dry_bean,gradient descent,114,27,0.01518668610526897,0.931067044381492,0.016359244635797153,0.9294117647058824,
dry_bean,gradient descent,114,28,0.014832602221588886,0.9297030741789949,0.01626324198667623,0.9264705882352942,
dry_bean,gradient descent,114,29,0.01483767035576921,0.9314867275207218,0.016131554774196772,0.9303921568627451,
dry_bean,gradient descent,114,30,0.014657074322249017,0.9312768859511069,0.01584464023692413,0.928921568627451,
dry_bean,gradient descent,114,31,0.01464470854013667,0.933060539292834,0.01581558799271297,0.9303921568627451,
dry_bean,gradient descent,114,32,0.014719727085497802,0.9320113314447592,0.015919276993407054,0.928921568627451,
dry_bean,gradient descent,114,33,0.014569726810901837,0.9323260937991816,0.015957916968071962,0.9264705882352942,
dry_bean,gradient descent,114,34,0.014802275362257209,0.9338999055712937,0.016071049476310936,0.9303921568627451,
dry_bean,gradient descent,114,35,0.01448049570299122,0.9315916483055293,0.015978497584677908,0.9254901960784314,
dry_bean,gradient descent,114,36,0.014710692131327106,0.9318014898751442,0.01586497582894243,0.928921568627451,
dry_bean,gradient descent,114,37,0.014685180450421954,0.9324310145839891,0.01604716747267151,0.9279411764705883,
dry_bean,gradient descent,114,38,0.014431573917437558,0.9323260937991816,0.015887368732961496,0.9299019607843138,
dry_bean,gradient descent,114,39,0.01438903484007856,0.9324310145839891,0.015936869419164976,0.9284313725490196,
dry_bean,gradient descent,114,40,0.01450801455691696,0.9324310145839891,0.016054247262925293,0.928921568627451,
dry_bean,gradient descent,114,41,0.014402088081602399,0.933060539292834,0.015789331716067834,0.9284313725490196,
dry_bean,gradient descent,114,42,0.01422717587550078,0.9324310145839891,0.0157815792573599,0.9279411764705883,
dry_bean,gradient descent,114,43,0.014268167737050193,0.9327457769384115,0.015828629237176355,0.9259803921568628,
dry_bean,gradient descent,114,44,0.014177624261947545,0.9321162522295666,0.015634468585820696,0.9284313725490196,
dry_bean,gradient descent,114,45,0.01420222976794807,0.933060539292834,0.015867537186361847,0.9254901960784314,
dry_bean,gradient descent,114,46,0.01417492007884244,0.9335851432168712,0.01572039966338326,0.9274509803921569,
dry_bean,gradient descent,114,47,0.014152950760390724,0.9336900640016788,0.015610346788260402,0.9299019607843138,
dry_bean,gradient descent,114,48,0.014151437191088254,0.9347392718497535,0.015840062799626718,0.9264705882352942,
dry_bean,gradient descent,114,49,0.01421227551378147,0.9337949847864861,0.015910237526759873,0.9240196078431373,
dry_bean,gradient descent,114,50,0.01405366265217856,0.9342146679257161,0.015686762196469774,0.9279411764705883,
dry_bean,gradient descent,114,51,0.014070871388579036,0.9331654600776413,0.015723989652663303,0.9269607843137255,
dry_bean,gradient descent,114,52,0.014044625096830072,0.9338999055712937,0.01563870647152943,0.9279411764705883,
dry_bean,gradient descent,114,53,0.014065542475727812,0.9329556185080264,0.015722342855242825,0.9259803921568628,
dry_bean,gradient descent,114,54,0.014177210746088853,0.9345294302801385,0.01577232565266674,0.9254901960784314,
dry_bean,gradient descent,114,55,0.014012698524489164,0.9353687965585983,0.01570899832844556,0.9294117647058824,
dry_bean,gradient descent,114,56,0.013987227640930572,0.9349491134193684,0.01559549199702211,0.9264705882352942,
dry_bean,gradient descent,114,57,0.014301292594970079,0.9320113314447592,0.016103815217449975,0.925,
dry_bean,gradient descent,114,58,0.014108280124101907,0.9358934004826356,0.01574642067487651,0.9303921568627451,
dry_bean,gradient descent,114,59,0.014054263471123339,0.9341097471409087,0.015765826125315723,0.9274509803921569,
dry_bean,gradient descent,114,60,0.01414083266447393,0.9340048263561012,0.015800192902723626,0.9274509803921569,
dry_bean,gradient descent,115,1,0.03924756209426662,0.9106074913440353,0.03978367340324561,0.9049019607843137,
dry_bean,gradient descent,115,2,0.02506844149107637,0.9144895603819116,0.02596310429651381,0.9122549019607843,
dry_bean,gradient descent,115,3,0.02005633309964828,0.9222536984576645,0.020957306605351722,0.9186274509803921,
dry_bean,gradient descent,115,4,0.018807018160078327,0.9218340153184346,0.019735191139946075,0.9240196078431373,
dry_bean,gradient descent,115,5,0.01817276334440944,0.9202602035463225,0.019259883087707427,0.917156862745098,
dry_bean,gradient descent,115,6,0.017467190928003265,0.9235127478753541,0.018541897255398086,0.9240196078431373,
dry_bean,gradient descent,115,7,0.017309483530328802,0.9193159164830553,0.01843752630447748,0.9186274509803921,
dry_bean,gradient descent,115,8,0.016625037439867856,0.9260308467107334,0.0176259188778548,0.9200980392156862,
dry_bean,gradient descent,115,9,0.01629874267820628,0.9252964012170811,0.01732155744677522,0.9230392156862746,
dry_bean,gradient descent,115,10,0.016179273652376012,0.9266603714195782,0.017252772031464598,0.9259803921568628,
dry_bean,gradient descent,115,11,0.01592084591990054,0.9264505298499632,0.017059074357254428,0.9220588235294118,
dry_bean,gradient descent,115,12,0.01624669089799595,0.9264505298499632,0.017461902977424965,0.9230392156862746,
dry_bean,gradient descent,115,13,0.015826387160068598,0.9269751337740006,0.016991938193591502,0.9245098039215687,
dry_bean,gradient descent,115,14,0.015674089995597686,0.9287587871157277,0.01699756376030311,0.9235294117647059,
dry_bean,gradient descent,115,15,0.015529553657964282,0.9284440247613052,0.016823609591450028,0.9264705882352942,
dry_bean,gradient descent,115,16,0.015655199703233917,0.9267652922043856,0.01690856860720366,0.9274509803921569,
dry_bean,gradient descent,115,17,0.015360118393843523,0.9303325988878397,0.016730350185111192,0.9245098039215687,
dry_bean,gradient descent,115,18,0.01524999132673993,0.9279194208372679,0.016528563994358585,0.9240196078431373,
dry_bean,gradient descent,115,19,0.015694033610060186,0.9262406882803483,0.017164740353418424,0.921078431372549,
dry_bean,gradient descent,115,20,0.015558361280020493,0.9254013220018886,0.016968999014253087,0.9200980392156862,
dry_bean,gradient descent,115,21,0.015086545058193622,0.9288637079005351,0.016448673166272014,0.925,
dry_bean,gradient descent,115,22,0.015114850068584923,0.929283391039765,0.01661832826254664,0.921078431372549,
dry_bean,gradient descent,115,23,0.015054278902219926,0.930857202811877,0.016347403146695007,0.9245098039215687,
dry_bean,gradient descent,115,24,0.014924119361068584,0.9297030741789949,0.01618357126835989,0.9259803921568628,
dry_bean,gradient descent,115,25,0.0148401741798932,0.9304375196726472,0.0162665228143561,0.9254901960784314,
dry_bean,gradient descent,115,26,0.014870477570770674,0.931067044381492,0.0163428127733107,0.9269607843137255,
dry_bean,gradient descent,115,27,0.015015444467113354,0.9302276781030322,0.016463264353267174,0.9294117647058824,
dry_bean,gradient descent,115,28,0.014790894395791013,0.9307522820270696,0.01620818683292594,0.9279411764705883,
dry_bean,gradient descent,115,29,0.015556002908913078,0.9287587871157277,0.016835482698273015,0.9269607843137255,
dry_bean,gradient descent,115,30,0.014716093107182101,0.9301227573182247,0.016339978353959846,0.9235294117647059,
dry_bean,gradient descent,115,31,0.014760823419942583,0.9299129157486098,0.01628407349471694,0.9274509803921569,
dry_bean,gradient descent,115,32,0.014672320742965093,0.9314867275207218,0.016220797725075734,0.925,
dry_bean,gradient descent,115,33,0.01463877548115154,0.9322211730143741,0.016108456849606042,0.928921568627451,
dry_bean,gradient descent,115,34,0.01479321192254646,0.9304375196726472,0.016280280242365185,0.9269607843137255,
dry_bean,gradient descent,115,35,0.014885113717679761,0.9322211730143741,0.01632892724155211,0.9299019607843138,
dry_bean,gradient descent,115,36,0.014474632565182492,0.9321162522295666,0.01599928198944119,0.9279411764705883,
dry_bean,gradient descent,115,37,0.014543028680789348,0.9322211730143741,0.016216910116152134,0.9254901960784314,
dry_bean,gradient descent,115,38,0.014463562418252284,0.9323260937991816,0.01615332077483046,0.9274509803921569,
dry_bean,gradient descent,115,39,0.014506940098810999,0.9331654600776413,0.016171461129840844,0.9279411764705883,
dry_bean,gradient descent,115,40,0.014447900955954607,0.9325359353687965,0.01601783332439352,0.9254901960784314,
dry_bean,gradient descent,115,41,0.01437275232468003,0.9320113314447592,0.015940758129038626,0.9274509803921569,
dry_bean,gradient descent,115,42,0.014439609122031336,0.9329556185080264,0.016039581821520366,0.9284313725490196,
dry_bean,gradient descent,115,43,0.014321262684055435,0.9319064106599517,0.01598460185294816,0.9274509803921569,
dry_bean,gradient descent,115,44,0.014420808752568312,0.9316965690903368,0.01602798303182279,0.9264705882352942,
dry_bean,gradient descent,115,45,0.014370569440989106,0.9324310145839891,0.016261472934799875,0.9235294117647059,
dry_bean,gradient descent,115,46,0.014325534898242427,0.9328506977232189,0.01610410420771245,0.9259803921568628,
dry_bean,gradient descent,115,47,0.014233679398770939,0.9328506977232189,0.015941035196647316,0.9279411764705883,
dry_bean,gradient descent,115,48,0.01464673114123157,0.9331654600776413,0.01616638561372309,0.9303921568627451,
dry_bean,gradient descent,115,49,0.014160273639880507,0.9333753016472564,0.015856804792070897,0.928921568627451,
dry_bean,gradient descent,115,50,0.014215525002441179,0.9313818067359144,0.01587917547653477,0.9274509803921569,
dry_bean,gradient descent,115,51,0.014475158163351366,0.9349491134193684,0.016203675728729123,0.928921568627451,
dry_bean,gradient descent,115,52,0.014301611833447461,0.9320113314447592,0.016179579593518935,0.9235294117647059,
dry_bean,gradient descent,115,53,0.014169297233988833,0.9325359353687965,0.016024024769347226,0.9245098039215687,
dry_bean,gradient descent,115,54,0.014148375050772447,0.9335851432168712,0.01585767751739179,0.9279411764705883,
dry_bean,gradient descent,115,55,0.014334285460063967,0.9315916483055293,0.01626231403300033,0.9230392156862746,
dry_bean,gradient descent,115,56,0.014231918344384899,0.9318014898751442,0.01587514294253957,0.9269607843137255,
dry_bean,gradient descent,115,57,0.014057108446752745,0.9336900640016788,0.01578464779998465,0.9284313725490196,
dry_bean,gradient descent,115,58,0.014163969883483864,0.9329556185080264,0.016081734900683164,0.9235294117647059,
dry_bean,gradient descent,115,59,0.01396263795698051,0.9349491134193684,0.015788596678576503,0.928921568627451,
dry_bean,gradient descent,115,60,0.013954972999922122,0.9345294302801385,0.015746525272754358,0.9279411764705883,
dry_bean,KarciFANN,100,1,0.055883420394686856,0.8355891302066939,0.05616482958757868,0.8333333333333334,1.3977002565059145
dry_bean,KarciFANN,100,2,0.04045889629023268,0.8926660371419578,0.040871740947367126,0.8892156862745098,1.6937315496264154
dry_bean,KarciFANN,100,3,0.03128547940774744,0.9097681250655755,0.03183650571533783,0.9058823529411765,1.9270281942417244
dry_bean,KarciFANN,100,4,0.023495326139390937,0.9174273423565208,0.024344717915040736,0.9147058823529411,2.647911732705505
dry_bean,KarciFANN,100,5,0.019876047380618954,0.9200503619767075,0.020760298345540457,0.9176470588235294,2.8757075708009214
dry_bean,KarciFANN,100,6,0.018358715832726177,0.9235127478753541,0.019276094025638124,0.917156862745098,2.856757893933543
dry_bean,KarciFANN,100,7,0.017624183920855838,0.9231979855209317,0.018706542846686984,0.9181372549019607,2.4892459543865124
dry_bean,KarciFANN,100,8,0.01707325806354714,0.9251914804322736,0.018091030827139046,0.9205882352941176,2.927465543354538
dry_bean,KarciFANN,100,9,0.01680315071442501,0.9248767180778512,0.01789661388908025,0.9186274509803921,3.685486764556383
dry_bean,KarciFANN,100,10,0.016665422297089297,0.925506242786696,0.017546399236470035,0.9254901960784314,2.6056774259103297
dry_bean,KarciFANN,100,11,0.016352778249419855,0.9254013220018886,0.017390678167578753,0.9215686274509803,3.0370823736751116
dry_bean,KarciFANN,100,12,0.01607189303522245,0.9262406882803483,0.017066224801524456,0.9245098039215687,2.9255815068528412
dry_bean,KarciFANN,100,13,0.016059408303767272,0.9270800545588082,0.017144065372692165,0.9269607843137255,2.5749051711118356
dry_bean,KarciFANN,100,14,0.01583135243235842,0.9269751337740006,0.0169707331701528,0.9240196078431373,3.547094902063693
dry_bean,KarciFANN,100,15,0.015671758358432906,0.927289896128423,0.016899236556968285,0.925,2.5769249832793366
dry_bean,KarciFANN,100,16,0.015615420499112298,0.927289896128423,0.01671223571263286,0.925,3.136539936294633
dry_bean,KarciFANN,100,17,0.015494208722385114,0.9278145000524604,0.016643743727672973,0.9254901960784314,3.328022806182327
dry_bean,KarciFANN,100,18,0.015367541559105266,0.9287587871157277,0.016603107953113087,0.9264705882352942,2.8744177211962136
dry_bean,KarciFANN,100,19,0.015321058685024175,0.9280243416220754,0.016565550353131193,0.9259803921568628,3.3169295974469106
dry_bean,KarciFANN,100,20,0.01546117823559722,0.9289686286853426,0.016661420036378213,0.9264705882352942,3.2156178636039057
dry_bean,KarciFANN,100,21,0.015207302519217699,0.9291784702549575,0.016577875141316464,0.9254901960784314,2.8035860179135255
dry_bean,KarciFANN,100,22,0.015058795121003466,0.9294932326093799,0.016434862964217187,0.925,3.134918688987013
dry_bean,KarciFANN,100,23,0.01525064501264498,0.9303325988878397,0.016523052143559997,0.9299019607843138,2.9666154543638843
dry_bean,KarciFANN,100,24,0.014906706684136508,0.9294932326093799,0.016301638349285913,0.9269607843137255,2.9331754919019453
dry_bean,KarciFANN,100,25,0.01490178782956064,0.9294932326093799,0.01625518970301442,0.9254901960784314,3.422710582153703
dry_bean,KarciFANN,100,26,0.014939309318211648,0.9300178365334173,0.01621830768550724,0.9264705882352942,3.1925327945861612
dry_bean,KarciFANN,100,27,0.015032108243216475,0.9314867275207218,0.016314346704633557,0.928921568627451,2.710712145255639
dry_bean,KarciFANN,100,28,0.015097913398052741,0.9312768859511069,0.01651693319524724,0.9284313725490196,2.9527998301798215
dry_bean,KarciFANN,100,29,0.01478189604303015,0.9322211730143741,0.016205766511745098,0.9269607843137255,3.6637215439176147
dry_bean,KarciFANN,100,30,0.014737185347452792,0.931067044381492,0.01628727527324054,0.9230392156862746,2.937124054833468
dry_bean,KarciFANN,100,31,0.014709405595375123,0.931067044381492,0.016188260623770323,0.9225490196078432,4.3247600207002765
dry_bean,KarciFANN,100,32,0.014817443989615455,0.9309621235966845,0.01636590205535396,0.9235294117647059,3.043631474216333
dry_bean,KarciFANN,100,33,0.014588110459392532,0.9322211730143741,0.016168584691700343,0.9264705882352942,2.7559051546478925
dry_bean,KarciFANN,100,34,0.014630884577806992,0.9306473612422621,0.01627884352734658,0.9245098039215687,2.846100265067535
dry_bean,KarciFANN,100,35,0.014507926210931934,0.9316965690903368,0.016024501695481454,0.928921568627451,3.8758224507595087
dry_bean,KarciFANN,100,36,0.014484043490580936,0.933060539292834,0.01603644233152678,0.9274509803921569,3.295411153133494
dry_bean,KarciFANN,100,37,0.015033370505894506,0.9316965690903368,0.016409751659058343,0.9274509803921569,3.679757708546274
dry_bean,KarciFANN,100,38,0.014742779692126166,0.9327457769384115,0.016248333875111202,0.9274509803921569,4.474847475692888
dry_bean,KarciFANN,100,39,0.014398710843129915,0.9331654600776413,0.01603571090986095,0.9274509803921569,3.4098471772539587
dry_bean,KarciFANN,100,40,0.014842682711366222,0.9297030741789949,0.016675478453066224,0.9196078431372549,3.269804400913913
dry_bean,KarciFANN,100,41,0.014475650934496813,0.9323260937991816,0.016329390238757235,0.9259803921568628,3.3786468969508587
dry_bean,KarciFANN,100,42,0.014438972903225206,0.9321162522295666,0.01602338944553179,0.9269607843137255,3.4405239733354342
dry_bean,KarciFANN,100,43,0.014379091759057975,0.9320113314447592,0.016002594062319832,0.9284313725490196,3.890854356104514
dry_bean,KarciFANN,100,44,0.014353297247827164,0.9327457769384115,0.015961706559388895,0.928921568627451,2.8054993727914472
dry_bean,KarciFANN,100,45,0.014640515637775502,0.9298079949638023,0.016601116450457542,0.9220588235294118,3.3401865530707924
dry_bean,KarciFANN,100,46,0.014374655658637431,0.9335851432168712,0.016006608395187916,0.925,3.163987339492032
dry_bean,KarciFANN,100,47,0.014365891365628207,0.9334802224320637,0.016157097348281056,0.9274509803921569,4.125237704355978
dry_bean,KarciFANN,100,48,0.014544529896741832,0.9327457769384115,0.0160019255836515,0.9259803921568628,3.021326797832966
dry_bean,KarciFANN,100,49,0.014290872051208955,0.9321162522295666,0.01597666031261121,0.9259803921568628,3.097985435526086
dry_bean,KarciFANN,100,50,0.01429219336067178,0.9333753016472564,0.015956157793520324,0.9303921568627451,2.7197399354143506
dry_bean,KarciFANN,100,51,0.014259423360036171,0.934634351064946,0.015898304168863994,0.9279411764705883,2.935930069177902
dry_bean,KarciFANN,100,52,0.014262025694337052,0.9335851432168712,0.015916321644032963,0.9264705882352942,2.963406092698707
dry_bean,KarciFANN,100,53,0.014602394543992045,0.9333753016472564,0.0162063634301874,0.9259803921568628,6.68781350444266
dry_bean,KarciFANN,100,54,0.014329868183052612,0.9336900640016788,0.016076771087439563,0.9269607843137255,5.052274627546667
dry_bean,KarciFANN,100,55,0.01428870609655791,0.9335851432168712,0.016060444900381835,0.9269607843137255,4.049232342043454
dry_bean,KarciFANN,100,56,0.014279118924434332,0.9335851432168712,0.01595905084291637,0.9269607843137255,2.743548774340649
dry_bean,KarciFANN,100,57,0.014124873937229793,0.9342146679257161,0.015783344367473525,0.9264705882352942,3.2562630047180763
dry_bean,KarciFANN,100,58,0.014145715579507777,0.9336900640016788,0.016075567651535512,0.9254901960784314,3.48819579859702
dry_bean,KarciFANN,100,59,0.014137674212240705,0.9342146679257161,0.016160743401169683,0.9254901960784314,3.5785629309512648
dry_bean,KarciFANN,100,60,0.014081829204847648,0.9341097471409087,0.015981515907073404,0.9269607843137255,3.3779674465701017
dry_bean,KarciFANN,101,1,0.057734700441117975,0.8641275836743258,0.057836772763440375,0.8637254901960785,1.4858652606800238
dry_bean,KarciFANN,101,2,0.04203550235221273,0.8838526912181303,0.042379643314780974,0.8759803921568627,1.7549072902076002
dry_bean,KarciFANN,101,3,0.0330900866707881,0.9064106599517364,0.033515740182805454,0.9053921568627451,1.977550268845981
dry_bean,KarciFANN,101,4,0.02342430233807671,0.9209946490399749,0.024328466772226238,0.9151960784313725,2.2482193654805904
dry_bean,KarciFANN,101,5,0.01955176508222098,0.9237225894449691,0.020313587039981675,0.9205882352941176,2.067402373442442
dry_bean,KarciFANN,101,6,0.01806473183179448,0.9234078270905466,0.01878924610319886,0.9225490196078432,2.614856432021034
dry_bean,KarciFANN,101,7,0.017674978265963936,0.9228832231665093,0.01848170454867289,0.9196078431372549,3.057462544881175
dry_bean,KarciFANN,101,8,0.017070185580862447,0.9241422725841989,0.017846514906384593,0.9215686274509803,2.9166839627107457
dry_bean,KarciFANN,101,9,0.016593271639280944,0.9259259259259259,0.017419034032231946,0.9225490196078432,2.2784581375146935
dry_bean,KarciFANN,101,10,0.016441955495347375,0.9251914804322736,0.017315128270489113,0.9230392156862746,3.3572854259350122
dry_bean,KarciFANN,101,11,0.01642727700040598,0.9249816388626587,0.01726532160386822,0.9220588235294118,2.8252822695646906
dry_bean,KarciFANN,101,12,0.01672649793231881,0.9217290945336271,0.017722554952024995,0.9200980392156862,2.564892768324336
dry_bean,KarciFANN,101,13,0.015817268938105214,0.9282341831916903,0.0167747181583704,0.9245098039215687,2.9464454816007906
dry_bean,KarciFANN,101,14,0.016104796366073773,0.927499737698038,0.017051995540281646,0.9235294117647059,3.3911733803002555
dry_bean,KarciFANN,101,15,0.015558520761666412,0.9279194208372679,0.01646827273263434,0.9259803921568628,3.2447948914511513
dry_bean,KarciFANN,101,16,0.01565753420732845,0.9295981533941874,0.016723474632770942,0.9254901960784314,2.8874371283686506
dry_bean,KarciFANN,101,17,0.015365466750220875,0.9300178365334173,0.016453201525269846,0.9279411764705883,3.493911499969016
dry_bean,KarciFANN,101,18,0.015290437888204621,0.9298079949638023,0.016565921719785576,0.925,2.9962953084025314
dry_bean,KarciFANN,101,19,0.01529179235224181,0.9309621235966845,0.016440767483298858,0.9240196078431373,3.2004243577887515
dry_bean,KarciFANN,101,20,0.015107705252654063,0.9299129157486098,0.01630823675180654,0.9279411764705883,3.921030058010079
dry_bean,KarciFANN,101,21,0.015082857358084527,0.9293883118245725,0.01637969107785371,0.9274509803921569,3.5792093204091757
dry_bean,KarciFANN,101,22,0.014972981802950305,0.930857202811877,0.01613532998826322,0.9269607843137255,3.502904083374264
dry_bean,KarciFANN,101,23,0.014968583152543973,0.9298079949638023,0.016246423547339663,0.9284313725490196,2.7356836029608695
dry_bean,KarciFANN,101,24,0.014974257835626139,0.9307522820270696,0.016125370075802264,0.9264705882352942,3.2850628315345713
dry_bean,KarciFANN,101,25,0.01491116463925964,0.9304375196726472,0.01619979443177579,0.9274509803921569,3.5168934472378295
dry_bean,KarciFANN,101,26,0.014793833792739974,0.9313818067359144,0.016153424388303337,0.928921568627451,3.525732516961121
dry_bean,KarciFANN,101,27,0.01481278226554816,0.9319064106599517,0.01607588682963231,0.9279411764705883,3.288228597268206
dry_bean,KarciFANN,101,28,0.014812482853772251,0.9320113314447592,0.015997053389508912,0.9279411764705883,3.409711083936447
dry_bean,KarciFANN,101,29,0.014768397823394829,0.9318014898751442,0.01622636596107087,0.9264705882352942,3.3887331838610146
dry_bean,KarciFANN,101,30,0.015023999238327633,0.9311719651662994,0.016727335934709105,0.9230392156862746,3.3951618228996634
dry_bean,KarciFANN,101,31,0.014903772123312753,0.9304375196726472,0.016438547222867056,0.9230392156862746,3.248829747349248
dry_bean,KarciFANN,101,32,0.01481689914680033,0.9329556185080264,0.01617887573231464,0.9284313725490196,3.6533710661787717
dry_bean,KarciFANN,101,33,0.014660213542494608,0.9316965690903368,0.016270627953839156,0.925,2.961465434933039
dry_bean,KarciFANN,101,34,0.014570022085107581,0.9324310145839891,0.015986458178382394,0.9264705882352942,3.6219988269103203
dry_bean,KarciFANN,101,35,0.014713221434826089,0.9323260937991816,0.01614622568294604,0.9259803921568628,2.8413836678395192
dry_bean,KarciFANN,101,36,0.014533720664565519,0.9325359353687965,0.016096519303607327,0.9274509803921569,3.8364558716710873
dry_bean,KarciFANN,101,37,0.014618749626587761,0.9324310145839891,0.016013345429684397,0.928921568627451,3.0741895891683595
dry_bean,KarciFANN,101,38,0.014547508612964957,0.9332703808624488,0.016173661568247805,0.9225490196078432,3.5791562531020418
dry_bean,KarciFANN,101,39,0.014754771455384492,0.930857202811877,0.016431871853483014,0.9191176470588235,4.322321383644974
dry_bean,KarciFANN,101,40,0.014617234074553752,0.9328506977232189,0.016051608502383057,0.9284313725490196,2.9201670414615712
dry_bean,KarciFANN,101,41,0.014588400383199073,0.9321162522295666,0.01634955886490769,0.9215686274509803,3.336341775194365
dry_bean,KarciFANN,101,42,0.014484902563687011,0.9323260937991816,0.015975054622997847,0.9269607843137255,3.2724381053852962
dry_bean,KarciFANN,101,43,0.014556920815161738,0.9316965690903368,0.0159750149404994,0.9264705882352942,3.346800597433594
dry_bean,KarciFANN,101,44,0.014576581491622642,0.9327457769384115,0.016037189623560436,0.9294117647058824,3.3243100702454873
dry_bean,KarciFANN,101,45,0.014376288094376452,0.9334802224320637,0.01597540251730259,0.928921568627451,3.341225198275274
dry_bean,KarciFANN,101,46,0.014449078523735066,0.9329556185080264,0.01603121129432496,0.9299019607843138,3.039328138283169
dry_bean,KarciFANN,101,47,0.01438389281048781,0.9325359353687965,0.015986798588941486,0.9259803921568628,4.171180941560686
dry_bean,KarciFANN,101,48,0.014522013727821517,0.9336900640016788,0.015921733887629155,0.9274509803921569,3.2292421819372312
dry_bean,KarciFANN,101,49,0.014452781134447763,0.932640856153604,0.01618431800966242,0.9230392156862746,3.2557208068887182
dry_bean,KarciFANN,101,50,0.014277311538274157,0.9333753016472564,0.015914289416794996,0.9274509803921569,3.0108907074267734
dry_bean,KarciFANN,101,51,0.014530051852092347,0.9336900640016788,0.016191842024637925,0.925,3.974311209510519
dry_bean,KarciFANN,101,52,0.014585016135094317,0.9338999055712937,0.016292472747700033,0.9279411764705883,2.7145157912236773
dry_bean,KarciFANN,101,53,0.014641421705346156,0.9327457769384115,0.016139291743741256,0.925,3.523981261803422
dry_bean,KarciFANN,101,54,0.01427225068060109,0.9335851432168712,0.015951417619323425,0.9284313725490196,3.9205223200430743
dry_bean,KarciFANN,101,55,0.014189762666169748,0.9345294302801385,0.015816013008309968,0.9284313725490196,3.6050903798082774
dry_bean,KarciFANN,101,56,0.014449815972228903,0.9337949847864861,0.0163159388327215,0.9186274509803921,2.9928849782988407
dry_bean,KarciFANN,101,57,0.014417997664555603,0.9341097471409087,0.016129541300004765,0.9254901960784314,3.4052646617230353
dry_bean,KarciFANN,101,58,0.014355275655040849,0.9344245094953311,0.01595568927550503,0.9274509803921569,4.035547413718237
dry_bean,KarciFANN,101,59,0.014246916054374852,0.9333753016472564,0.016252795651002006,0.921078431372549,3.167799872294273
dry_bean,KarciFANN,101,60,0.01433298563383091,0.9343195887105236,0.015897596122026694,0.9284313725490196,3.920472860062375
dry_bean,KarciFANN,102,1,0.05821652943607543,0.8712621970412339,0.05834515129376385,0.8725490196078431,1.3540765799265846
dry_bean,KarciFANN,102,2,0.04211459005368608,0.8860560276990872,0.04264688291106347,0.878921568627451,1.7686783183463133
dry_bean,KarciFANN,102,3,0.027533653332294936,0.9140698772426817,0.028463007677251826,0.9112745098039216,2.02496995032556
dry_bean,KarciFANN,102,4,0.02082733819548398,0.922148777672857,0.021724116905808177,0.9166666666666666,2.7638622136245767
dry_bean,KarciFANN,102,5,0.018881150854276704,0.9225684608120869,0.019758642695517695,0.9176470588235294,2.772097549051666
dry_bean,KarciFANN,102,6,0.01790416986785481,0.9230930647361242,0.018903259794432234,0.9176470588235294,2.6665322884206697
dry_bean,KarciFANN,102,7,0.017349538336463736,0.9242471933690064,0.01819665359321304,0.9215686274509803,2.637119651773845
dry_bean,KarciFANN,102,8,0.0169948808022484,0.9247717972930437,0.01803299318603094,0.9191176470588235,3.6975632361340294
dry_bean,KarciFANN,102,9,0.01667983219911797,0.9248767180778512,0.017697936964172177,0.9230392156862746,3.7841031718470908
dry_bean,KarciFANN,102,10,0.016351548829975342,0.9254013220018886,0.017440310721271068,0.9225490196078432,2.429353236399407
dry_bean,KarciFANN,102,11,0.016370695908878293,0.9245619557234288,0.01750025904504555,0.9225490196078432,3.090954739220192
dry_bean,KarciFANN,102,12,0.01652482973628788,0.922358619242472,0.01768739611666701,0.9176470588235294,2.4077220201135856
dry_bean,KarciFANN,102,13,0.016030511059037477,0.9258210051411184,0.017343290441408147,0.9200980392156862,2.8718031683584764
dry_bean,KarciFANN,102,14,0.015797035101051442,0.9269751337740006,0.016963788259369124,0.9235294117647059,3.0363357666354593
dry_bean,KarciFANN,102,15,0.01577037293695748,0.9276046584828455,0.016974611603185544,0.925,2.694024007885419
dry_bean,KarciFANN,102,16,0.015650731463045284,0.9267652922043856,0.0167493700293435,0.9230392156862746,2.5047066134749305
dry_bean,KarciFANN,102,17,0.015582275693233736,0.9279194208372679,0.0168870570352223,0.9215686274509803,3.5926939649716942
dry_bean,KarciFANN,102,18,0.015455654421949207,0.9287587871157277,0.01670932750453542,0.9254901960784314,3.437963506995255
dry_bean,KarciFANN,102,19,0.01555925687438981,0.9280243416220754,0.016952794472391234,0.925,2.876009258836518
dry_bean,KarciFANN,102,20,0.01529272645741301,0.9288637079005351,0.01666725645999026,0.9254901960784314,2.9642697029007117
dry_bean,KarciFANN,102,21,0.015263700477751316,0.9284440247613052,0.016710122748291218,0.9225490196078432,3.394426202759242
dry_bean,KarciFANN,102,22,0.015207069121977031,0.9299129157486098,0.016725061839959938,0.9240196078431373,2.938263965080832
dry_bean,KarciFANN,102,23,0.015145981275310083,0.9303325988878397,0.016831891345252682,0.9259803921568628,2.859076977928591
dry_bean,KarciFANN,102,24,0.014986920303431808,0.9293883118245725,0.0165266854143093,0.9254901960784314,2.880251447389152
dry_bean,KarciFANN,102,25,0.015024818267830704,0.9295981533941874,0.01660528103012286,0.925,2.95583943263764
dry_bean,KarciFANN,102,26,0.015167410440441526,0.9285489455461127,0.016846825551126828,0.9200980392156862,2.4672656694657555
dry_bean,KarciFANN,102,27,0.015054991664152632,0.930857202811877,0.016729392952564842,0.9230392156862746,2.795453844831984
dry_bean,KarciFANN,102,28,0.014853808612543687,0.9314867275207218,0.016511132635436843,0.925,3.2343938545866813
dry_bean,KarciFANN,102,29,0.014778720529995576,0.9315916483055293,0.01654458113157309,0.9264705882352942,2.8981870869746236
dry_bean,KarciFANN,102,30,0.014860539611599895,0.9322211730143741,0.016636453428041587,0.9259803921568628,3.846131845903015
dry_bean,KarciFANN,102,31,0.014799788094904434,0.9319064106599517,0.016516788884815257,0.9274509803921569,2.944039364224474
dry_bean,KarciFANN,102,32,0.014723640584769554,0.9309621235966845,0.016555530413758124,0.9225490196078432,2.996799079807995
dry_bean,KarciFANN,102,33,0.014680660078221504,0.9309621235966845,0.01660317327778014,0.9220588235294118,3.529101106039388
dry_bean,KarciFANN,102,34,0.01464359385324008,0.9319064106599517,0.016390981531375092,0.9245098039215687,2.5777358297067385
dry_bean,KarciFANN,102,35,0.014588637461955467,0.9324310145839891,0.016299588580954205,0.9269607843137255,3.6858065838919583
dry_bean,KarciFANN,102,36,0.014699257666046652,0.9309621235966845,0.016514322945503125,0.9264705882352942,2.6511473033538513
dry_bean,KarciFANN,102,37,0.014594473296608925,0.9328506977232189,0.016534514678719876,0.9254901960784314,3.3753853779671705
dry_bean,KarciFANN,102,38,0.014510570798733174,0.9345294302801385,0.0164225768952256,0.9264705882352942,2.945428625048383
dry_bean,KarciFANN,102,39,0.014713815376477436,0.9322211730143741,0.016476335421019145,0.9264705882352942,2.9119987876528666
dry_bean,KarciFANN,102,40,0.014749555429449713,0.9318014898751442,0.016434873638735126,0.9279411764705883,2.851248943096237
dry_bean,KarciFANN,102,41,0.01455598647578116,0.9334802224320637,0.016560797891356505,0.9230392156862746,3.1636287820589613
dry_bean,KarciFANN,102,42,0.014577106247229174,0.9332703808624488,0.0164891631144012,0.9235294117647059,3.3640442327564375
dry_bean,KarciFANN,102,43,0.014383702519565318,0.9344245094953311,0.016362869095231648,0.9240196078431373,2.4955874908853932
dry_bean,KarciFANN,102,44,0.014330342084527502,0.9329556185080264,0.016140474038092534,0.9274509803921569,3.0476677631142497
dry_bean,KarciFANN,102,45,0.014269008433024826,0.9341097471409087,0.016130262450644618,0.9274509803921569,3.5359726123049153
dry_bean,KarciFANN,102,46,0.014442585461508912,0.9345294302801385,0.0162010494472163,0.9269607843137255,3.168991441212127
dry_bean,KarciFANN,102,47,0.014227929976021889,0.9331654600776413,0.016047155966576528,0.9274509803921569,3.4083544380879047
dry_bean,KarciFANN,102,48,0.014234246213032245,0.9322211730143741,0.016169850701386157,0.9254901960784314,4.671985667666223
dry_bean,KarciFANN,102,49,0.014202467677666829,0.9334802224320637,0.01609648760025578,0.925,2.432389156461257
dry_bean,KarciFANN,102,50,0.014182631698296722,0.9336900640016788,0.016158813126273135,0.9240196078431373,6.608763054417503
dry_bean,KarciFANN,102,51,0.014196744256086895,0.9350540342041759,0.015903604179720657,0.9303921568627451,3.284454901242121
dry_bean,KarciFANN,102,52,0.014118620404654841,0.9340048263561012,0.015923141628010104,0.9279411764705883,2.5503259346718608
dry_bean,KarciFANN,102,53,0.01412690873512956,0.9348441926345609,0.015943685385953633,0.9299019607843138,2.6069971814674324
dry_bean,KarciFANN,102,54,0.01414222942346159,0.933060539292834,0.01597250326868636,0.9269607843137255,2.719896774757597
dry_bean,KarciFANN,102,55,0.014144294434563517,0.9351589549889833,0.015922608483153244,0.9284313725490196,3.498479187268457
dry_bean,KarciFANN,102,56,0.014153293206038526,0.9352638757737908,0.015867955925430062,0.928921568627451,4.451051815885528
dry_bean,KarciFANN,102,57,0.014063571908213878,0.9343195887105236,0.01584592660682177,0.9284313725490196,3.648771915278214
dry_bean,KarciFANN,102,58,0.014038004905719855,0.934634351064946,0.015764807602455543,0.9303921568627451,3.7272257476508637
dry_bean,KarciFANN,102,59,0.013965498350202186,0.9357884796978282,0.015785613681893292,0.9323529411764706,3.3216428689427
dry_bean,KarciFANN,102,60,0.014211619283445437,0.9343195887105236,0.015927842654066993,0.9284313725490196,3.2826919505064986
dry_bean,KarciFANN,103,1,0.0546196333110956,0.8626586926870213,0.05495221446789506,0.8544117647058823,1.5239949228960423
dry_bean,KarciFANN,103,2,0.040502748989383275,0.874409820585458,0.04097063487533026,0.8642156862745098,1.8287958471058516
dry_bean,KarciFANN,103,3,0.03232556432013156,0.9110271744832651,0.03293887781223697,0.903921568627451,1.9904923518480304
dry_bean,KarciFANN,103,4,0.023222957976413515,0.9192109956982478,0.023977032244657484,0.9142156862745098,2.6049969212111095
dry_bean,KarciFANN,103,5,0.019609039897554602,0.9208897282551674,0.020513668380166307,0.9181372549019607,2.736975484536355
dry_bean,KarciFANN,103,6,0.018153726181788645,0.923932431014584,0.018963557488631835,0.9235294117647059,2.6509384622596928
dry_bean,KarciFANN,103,7,0.01741352395262089,0.923932431014584,0.018257692966237787,0.9196078431372549,2.95241355616998
dry_bean,KarciFANN,103,8,0.016901812026222804,0.9252964012170811,0.017754089659959164,0.9245098039215687,2.5150456605936338
dry_bean,KarciFANN,103,9,0.01655619539273359,0.9252964012170811,0.017496457466200908,0.9235294117647059,2.7690837957651815
dry_bean,KarciFANN,103,10,0.016296460896893045,0.9264505298499632,0.017310099848726373,0.9215686274509803,3.7084423781444253
dry_bean,KarciFANN,103,11,0.01628272517918089,0.9254013220018886,0.017259779199721968,0.9205882352941176,5.038496815579774
dry_bean,KarciFANN,103,12,0.016174285402154834,0.9260308467107334,0.017312026749938505,0.921078431372549,2.728767020673343
dry_bean,KarciFANN,103,13,0.016399501762004717,0.9246668765082363,0.01744552316088415,0.9235294117647059,3.204044720191618
dry_bean,KarciFANN,103,14,0.016118881219807604,0.9261357674955408,0.017179766334449884,0.9245098039215687,2.910065461225928
dry_bean,KarciFANN,103,15,0.01560533221601167,0.927709579267653,0.016833915538366658,0.9235294117647059,3.1441956580950734
dry_bean,KarciFANN,103,16,0.015514517772251036,0.9268702129891931,0.016695001694975228,0.925,2.9567368255700264
dry_bean,KarciFANN,103,17,0.015390226968728129,0.9281292624068828,0.016614732166818302,0.925,2.9296175974686975
dry_bean,KarciFANN,103,18,0.015616243642998198,0.9270800545588082,0.0169509417038539,0.9200980392156862,2.899433292894931
dry_bean,KarciFANN,103,19,0.015225868849798152,0.9291784702549575,0.016489234750326858,0.9240196078431373,3.1252694141579935
dry_bean,KarciFANN,103,20,0.01549754677448409,0.9265554506347707,0.016933371606360898,0.921078431372549,2.338521088321905
dry_bean,KarciFANN,103,21,0.015088375457224069,0.9285489455461127,0.01639215754977559,0.9240196078431373,3.5096206352005908
dry_bean,KarciFANN,103,22,0.015216161987567818,0.9320113314447592,0.016531740951017962,0.9240196078431373,3.187435747019668
dry_bean,KarciFANN,103,23,0.015048508969251986,0.931067044381492,0.01628719419101863,0.9269607843137255,2.725791130446296
dry_bean,KarciFANN,103,24,0.0149906367040522,0.9285489455461127,0.016389688233178216,0.9220588235294118,2.3956665106614485
dry_bean,KarciFANN,103,25,0.015070003420261446,0.9301227573182247,0.016280861883402765,0.9245098039215687,3.40871138816885
dry_bean,KarciFANN,103,26,0.014917242618718385,0.9311719651662994,0.016200380730414826,0.9245098039215687,3.379268136316063
dry_bean,KarciFANN,103,27,0.015162923614631115,0.9291784702549575,0.016712947509613767,0.9205882352941176,3.0336948637218564
dry_bean,KarciFANN,103,28,0.014972360940952851,0.930857202811877,0.01629661049492417,0.9254901960784314,3.491539544383497
dry_bean,KarciFANN,103,29,0.014950344247457883,0.9313818067359144,0.016284688253622826,0.9259803921568628,3.127164936273607
dry_bean,KarciFANN,103,30,0.01473650762851649,0.9316965690903368,0.01608125526107142,0.9284313725490196,3.109449133935853
dry_bean,KarciFANN,103,31,0.014738013261647939,0.9320113314447592,0.016142468654618953,0.9235294117647059,2.4434640834552885
dry_bean,KarciFANN,103,32,0.014819276287804968,0.9319064106599517,0.016322805198792388,0.925,2.8438046240423667
dry_bean,KarciFANN,103,33,0.014991774548687123,0.9287587871157277,0.016629137380431633,0.9200980392156862,3.9090137356586703
dry_bean,KarciFANN,103,34,0.014630320062904406,0.9325359353687965,0.016043836122280473,0.9269607843137255,2.2827663560932883
dry_bean,KarciFANN,103,35,0.01474522403853047,0.9305424404574546,0.016438985296195575,0.921078431372549,2.9208750441413565
dry_bean,KarciFANN,103,36,0.014477182345223305,0.9325359353687965,0.015990839866421316,0.9264705882352942,2.535626439488737
dry_bean,KarciFANN,103,37,0.014537345522633834,0.9316965690903368,0.015968378371869596,0.9245098039215687,2.8272975123761426
dry_bean,KarciFANN,103,38,0.014667125125126265,0.9306473612422621,0.016392934011638542,0.9225490196078432,4.125862311320102
dry_bean,KarciFANN,103,39,0.014609318047980385,0.9321162522295666,0.016274086486102,0.921078431372549,4.945246283368751
dry_bean,KarciFANN,103,40,0.014513535988853004,0.933060539292834,0.016152944849111776,0.9254901960784314,2.7644904432274524
dry_bean,KarciFANN,103,41,0.014384046330785358,0.9327457769384115,0.016015984045893206,0.925,2.7324211023099783
dry_bean,KarciFANN,103,42,0.014470809532339292,0.9320113314447592,0.016217955557922867,0.925,3.225015432297703
dry_bean,KarciFANN,103,43,0.01436425117279623,0.9331654600776413,0.01599944895700675,0.9245098039215687,3.061831851521653
dry_bean,KarciFANN,103,44,0.014558033490962097,0.9329556185080264,0.01612612913676596,0.9254901960784314,5.039602295556406
dry_bean,KarciFANN,103,45,0.014407034803303912,0.9340048263561012,0.015932609121161186,0.9274509803921569,4.2547602438799474
dry_bean,KarciFANN,103,46,0.014292578848552054,0.9324310145839891,0.01598434057466039,0.9259803921568628,4.828933193649055
dry_bean,KarciFANN,103,47,0.014550879385122065,0.9320113314447592,0.016390300523649388,0.9225490196078432,3.047124443664497
dry_bean,KarciFANN,103,48,0.01423835936471308,0.9335851432168712,0.016039300286977257,0.9240196078431373,3.197185728592562
dry_bean,KarciFANN,103,49,0.014378694322086074,0.9327457769384115,0.016070572345363358,0.9225490196078432,3.364099547209465
dry_bean,KarciFANN,103,50,0.01435542808534908,0.9328506977232189,0.01607196632851799,0.9279411764705883,2.8823084227630535
dry_bean,KarciFANN,103,51,0.014165289813981198,0.9347392718497535,0.01585489635143052,0.9259803921568628,3.6793184529052505
dry_bean,KarciFANN,103,52,0.01410015055512919,0.9338999055712937,0.01583403665706453,0.9245098039215687,4.035743522420346
dry_bean,KarciFANN,103,53,0.014336877242504166,0.934634351064946,0.015899051005708004,0.9274509803921569,3.9593856249892543
dry_bean,KarciFANN,103,54,0.014177163672571422,0.9337949847864861,0.0160170945631199,0.9245098039215687,3.0106106190366573
dry_bean,KarciFANN,103,55,0.014431554014560158,0.9331654600776413,0.0164099423055825,0.9191176470588235,3.216902371445599
dry_bean,KarciFANN,103,56,0.014127803707093897,0.9342146679257161,0.015965399253973833,0.925,3.391317437721736
dry_bean,KarciFANN,103,57,0.014109922413161296,0.934634351064946,0.015828766039902988,0.9303921568627451,2.375524258515538
dry_bean,KarciFANN,103,58,0.014115260169139908,0.9316965690903368,0.015977615959375524,0.9259803921568628,3.090856640458767
dry_bean,KarciFANN,103,59,0.014217787477570475,0.9347392718497535,0.015994641010603917,0.9279411764705883,2.9070825650669305
dry_bean,KarciFANN,103,60,0.014055845681440577,0.9347392718497535,0.01582756973193077,0.9294117647058824,3.022793624774222
dry_bean,KarciFANN,104,1,0.05754017609033338,0.8297135662574756,0.057789332038590185,0.8323529411764706,1.4358464206931503
dry_bean,KarciFANN,104,2,0.040618343627522306,0.9030531948378974,0.04102634788908505,0.8931372549019608,1.7262957402804844
dry_bean,KarciFANN,104,3,0.030593797150966492,0.9117616199769174,0.031207246058399356,0.9083333333333333,2.0313090314020523
dry_bean,KarciFANN,104,4,0.023236997392130646,0.9140698772426817,0.02396918357684897,0.9142156862745098,2.7290964177380403
dry_bean,KarciFANN,104,5,0.019587038569878215,0.9210995698247822,0.02047829765921425,0.9137254901960784,2.8478344796871076
dry_bean,KarciFANN,104,6,0.018194816046123163,0.9224635400272794,0.0189706849227755,0.9186274509803921,2.6102171618872014
dry_bean,KarciFANN,104,7,0.017549155875724212,0.9230930647361242,0.01847132003323782,0.9186274509803921,2.751201610811412
dry_bean,KarciFANN,104,8,0.017032179985493084,0.9251914804322736,0.01792164584184021,0.9225490196078432,3.0332699687777307
dry_bean,KarciFANN,104,9,0.01677215734295372,0.9249816388626587,0.017620512299256017,0.9230392156862746,3.817545108894069
dry_bean,KarciFANN,104,10,0.0167229524069414,0.9237225894449691,0.017691403347931723,0.9240196078431373,3.2825344984518123
dry_bean,KarciFANN,104,11,0.016285881059373297,0.9254013220018886,0.017266177626259392,0.9240196078431373,3.0496073356606037
dry_bean,KarciFANN,104,12,0.016542515348137953,0.9244570349386213,0.017407914782039836,0.9235294117647059,2.0555438655848435
dry_bean,KarciFANN,104,13,0.01665823333895708,0.923932431014584,0.017647289126259635,0.9220588235294118,2.5131438391586625
dry_bean,KarciFANN,104,14,0.015891249868298606,0.9261357674955408,0.016986395810064978,0.9230392156862746,2.2100040634919793
dry_bean,KarciFANN,104,15,0.015780313145359114,0.9268702129891931,0.01685352884494926,0.9245098039215687,2.758832458262019
dry_bean,KarciFANN,104,16,0.01601205535263721,0.9248767180778512,0.017209467689602798,0.9196078431372549,3.1488092126459697
dry_bean,KarciFANN,104,17,0.01574235511201997,0.9280243416220754,0.01688357615399018,0.9269607843137255,2.698246649623439
dry_bean,KarciFANN,104,18,0.01592169482054307,0.9260308467107334,0.01716365985699532,0.9225490196078432,3.5262869898089546
dry_bean,KarciFANN,104,19,0.015519757244661756,0.9281292624068828,0.016863984431669598,0.9240196078431373,2.6243265056368674
dry_bean,KarciFANN,104,20,0.015730542763296763,0.925716084356311,0.017104289638726556,0.9196078431372549,3.224687374150081
dry_bean,KarciFANN,104,21,0.015388271119221779,0.9279194208372679,0.01663632433665113,0.9269607843137255,2.8032739225311802
dry_bean,KarciFANN,104,22,0.015236175887514374,0.9278145000524604,0.016507294050709786,0.9230392156862746,3.2070141704097916
dry_bean,KarciFANN,104,23,0.015414208644083657,0.9287587871157277,0.016673278568372606,0.928921568627451,3.330584696219044
dry_bean,KarciFANN,104,24,0.015131032535748311,0.927709579267653,0.01646175022203127,0.9230392156862746,2.8851539152785586
dry_bean,KarciFANN,104,25,0.015046547695775698,0.9289686286853426,0.01639030761869359,0.9245098039215687,2.367998214285662
dry_bean,KarciFANN,104,26,0.015115030879612596,0.9299129157486098,0.0162681942418441,0.928921568627451,3.647457813846841
dry_bean,KarciFANN,104,27,0.015001763796617973,0.9288637079005351,0.016242383790650416,0.925,3.2792648224916783
dry_bean,KarciFANN,104,28,0.014920874935609693,0.9302276781030322,0.016225378988087985,0.9279411764705883,4.48670190209431
dry_bean,KarciFANN,104,29,0.014991005708843617,0.929283391039765,0.016369575230957008,0.9230392156862746,3.1256916917985005
dry_bean,KarciFANN,104,30,0.01481546113580946,0.9305424404574546,0.016298294788836373,0.9245098039215687,2.684041237019531
dry_bean,KarciFANN,104,31,0.014740460149595975,0.9305424404574546,0.01619342775573181,0.9264705882352942,2.7535117833035256
dry_bean,KarciFANN,104,32,0.014762388853120837,0.9305424404574546,0.01617328519755296,0.9254901960784314,2.7560049663164725
dry_bean,KarciFANN,104,33,0.014781352355779041,0.9314867275207218,0.0161930393459538,0.928921568627451,3.018811141591222
dry_bean,KarciFANN,104,34,0.01468465187623415,0.9313818067359144,0.016038954169206938,0.9269607843137255,3.572266657853269
dry_bean,KarciFANN,104,35,0.014727411566364368,0.9301227573182247,0.016248157916592818,0.9230392156862746,2.846923371229494
dry_bean,KarciFANN,104,36,0.014784218943217386,0.9293883118245725,0.016406732845266777,0.9220588235294118,4.0092973449673694
dry_bean,KarciFANN,104,37,0.014733314629819977,0.9309621235966845,0.0163456081074995,0.9230392156862746,4.07498513349902
dry_bean,KarciFANN,104,38,0.0149433101041249,0.9294932326093799,0.016600382270361307,0.9200980392156862,3.0844477748779413
dry_bean,KarciFANN,104,39,0.01460486240047765,0.9338999055712937,0.01609024030571504,0.928921568627451,3.2568918429094413
dry_bean,KarciFANN,104,40,0.01454280163577687,0.9319064106599517,0.01611276592626709,0.9254901960784314,4.54661228563306
dry_bean,KarciFANN,104,41,0.014463120033265945,0.9319064106599517,0.01606351671520334,0.9264705882352942,3.598161677654043
dry_bean,KarciFANN,104,42,0.014732655527845036,0.9305424404574546,0.01647528134068934,0.9200980392156862,4.6810326890242715
dry_bean,KarciFANN,104,43,0.014399681368253711,0.9316965690903368,0.016189599199266238,0.925,3.4118383764530247
dry_bean,KarciFANN,104,44,0.01449284534748307,0.9312768859511069,0.0162616915777619,0.9230392156862746,3.3226332827545573
dry_bean,KarciFANN,104,45,0.014424883979878721,0.9333753016472564,0.016051504498891027,0.9264705882352942,3.3113422510599455
dry_bean,KarciFANN,104,46,0.014245635584136511,0.9314867275207218,0.015904712786053255,0.9274509803921569,3.0231565970424947
dry_bean,KarciFANN,104,47,0.014351252093043181,0.9315916483055293,0.016195483000900925,0.925,3.457479202152254
dry_bean,KarciFANN,104,48,0.014257994212168477,0.9329556185080264,0.015877622407619824,0.928921568627451,3.011467743237233
dry_bean,KarciFANN,104,49,0.014463484047360566,0.9331654600776413,0.01607456849437301,0.9284313725490196,3.08042722160381
dry_bean,KarciFANN,104,50,0.014307168794511948,0.9336900640016788,0.016008714731158783,0.9284313725490196,3.5161999109692426
dry_bean,KarciFANN,104,51,0.014427452401317988,0.9337949847864861,0.015983725415556,0.9279411764705883,3.436516904210563
dry_bean,KarciFANN,104,52,0.014330248548896774,0.9344245094953311,0.015875649395536543,0.9303921568627451,3.707093132629784
dry_bean,KarciFANN,104,53,0.014188084124226496,0.9324310145839891,0.015899128277619735,0.9274509803921569,2.8784303489772523
dry_bean,KarciFANN,104,54,0.014160059415768936,0.9329556185080264,0.016016915657697375,0.9254901960784314,3.4979963953759534
dry_bean,KarciFANN,104,55,0.014202483835330874,0.9340048263561012,0.016040877426649117,0.9235294117647059,2.889007045157034
dry_bean,KarciFANN,104,56,0.014169360664891993,0.9329556185080264,0.01608746254428641,0.9269607843137255,3.353387430662004
dry_bean,KarciFANN,104,57,0.014172111214005592,0.9332703808624488,0.015878677787242168,0.9299019607843138,3.604057999087838
dry_bean,KarciFANN,104,58,0.014045176140755773,0.933060539292834,0.015927140368308897,0.9274509803921569,2.819058953634178
dry_bean,KarciFANN,104,59,0.014136563273865626,0.9338999055712937,0.01596941429662886,0.9303921568627451,3.4535504198035567
dry_bean,KarciFANN,104,60,0.01449123805564551,0.9318014898751442,0.01648312686441582,0.9215686274509803,3.264193996721336
dry_bean,KarciFANN,105,1,0.058012769808934245,0.8279299129157486,0.05804529342735292,0.8230392156862745,1.4649076787842965
dry_bean,KarciFANN,105,2,0.04243825138273966,0.9022138285594377,0.04270944903122841,0.8985294117647059,1.6955138518137356
dry_bean,KarciFANN,105,3,0.032472040784245336,0.9065155807365439,0.03291562973701071,0.9014705882352941,2.223791005171832
dry_bean,KarciFANN,105,4,0.02349720117064166,0.9187913125590179,0.024313155047214964,0.917156862745098,2.2775064850085696
dry_bean,KarciFANN,105,5,0.019479664261482607,0.9228832231665093,0.020346900714797608,0.9200980392156862,2.3773545958230544
dry_bean,KarciFANN,105,6,0.018399146973754887,0.9210995698247822,0.01928528639903534,0.9166666666666666,2.719372800379228
dry_bean,KarciFANN,105,7,0.01735874467433926,0.9235127478753541,0.018263511553332452,0.9220588235294118,2.9410011318876372
dry_bean,KarciFANN,105,8,0.016917495881329597,0.9248767180778512,0.01782224609611653,0.9215686274509803,2.5246613468887755
dry_bean,KarciFANN,105,9,0.016751523954634626,0.9258210051411184,0.01769929339386389,0.9235294117647059,2.760688435650506
dry_bean,KarciFANN,105,10,0.016537268537875655,0.9250865596474661,0.017485081968999824,0.9200980392156862,3.606444887821975
dry_bean,KarciFANN,105,11,0.016338252475446055,0.9261357674955408,0.017311740829640324,0.9225490196078432,3.1470518267413996
dry_bean,KarciFANN,105,12,0.016673438915715627,0.9212044906095898,0.017797239909209603,0.9176470588235294,2.510808323332572
dry_bean,KarciFANN,105,13,0.015961034759674964,0.9261357674955408,0.017050387316625375,0.9254901960784314,2.5212987696549636
dry_bean,KarciFANN,105,14,0.015805908945716592,0.9267652922043856,0.01689188031136736,0.9240196078431373,3.033378454790263
dry_bean,KarciFANN,105,15,0.01573680881094453,0.9270800545588082,0.0168043564007712,0.9254901960784314,2.947693279332184
dry_bean,KarciFANN,105,16,0.01566073736529244,0.9266603714195782,0.016810579280718628,0.9215686274509803,2.693205471858275
dry_bean,KarciFANN,105,17,0.015576476582759052,0.9281292624068828,0.016687176741372756,0.9220588235294118,4.039541245721681
dry_bean,KarciFANN,105,18,0.015547013789047515,0.9288637079005351,0.016676422514044702,0.9259803921568628,3.387265872461203
dry_bean,KarciFANN,105,19,0.015520529321167988,0.9265554506347707,0.016848176428548835,0.9254901960784314,2.846777780205078
dry_bean,KarciFANN,105,20,0.01531960571261618,0.9290735494701501,0.016614002118793717,0.9215686274509803,3.127921603338187
dry_bean,KarciFANN,105,21,0.015473778932190922,0.9289686286853426,0.016474673274339904,0.9264705882352942,3.90986509653822
dry_bean,KarciFANN,105,22,0.015308847303312294,0.9290735494701501,0.016668110498626754,0.9205882352941176,3.5323777181278175
dry_bean,KarciFANN,105,23,0.015493793495851105,0.9276046584828455,0.01689240113754839,0.9200980392156862,4.417888498762975
dry_bean,KarciFANN,105,24,0.015104497276379868,0.9298079949638023,0.01631332058642253,0.925,3.3157160178080933
dry_bean,KarciFANN,105,25,0.015046733444498538,0.9295981533941874,0.016326438303696022,0.925,3.149035547460518
dry_bean,KarciFANN,105,26,0.01498279399030115,0.9302276781030322,0.016345373573266805,0.9254901960784314,2.90174753825313
dry_bean,KarciFANN,105,27,0.014885742334525739,0.9299129157486098,0.01617227124699429,0.9259803921568628,2.5984698129211083
dry_bean,KarciFANN,105,28,0.014995601899189834,0.9309621235966845,0.01637597911174152,0.925,2.937071297509843
dry_bean,KarciFANN,105,29,0.014887605064732988,0.9307522820270696,0.016300059822802027,0.925,3.5335464744315574
dry_bean,KarciFANN,105,30,0.014847445497370127,0.9319064106599517,0.01621275386057189,0.9279411764705883,2.6739403737710217
dry_bean,KarciFANN,105,31,0.014994262917745001,0.929283391039765,0.016562521609395208,0.9225490196078432,3.1055429108687655
dry_bean,KarciFANN,105,32,0.014884353618235402,0.930857202811877,0.01640461553542393,0.9269607843137255,3.247050433148614
dry_bean,KarciFANN,105,33,0.014958065861697468,0.9322211730143741,0.016282605098626904,0.9279411764705883,2.8755066712352524
dry_bean,KarciFANN,105,34,0.014817145836872242,0.9315916483055293,0.016354381726041627,0.9225490196078432,2.871553583170335
dry_bean,KarciFANN,105,35,0.014642123221140177,0.9321162522295666,0.01606135384956582,0.9284313725490196,3.379270013673066
dry_bean,KarciFANN,105,36,0.01461639369469137,0.9322211730143741,0.01607406829084817,0.9259803921568628,2.6603658098847767
dry_bean,KarciFANN,105,37,0.014684853589165816,0.9320113314447592,0.016154044811447256,0.9294117647058824,5.034970259264592
dry_bean,KarciFANN,105,38,0.01455491549055404,0.9328506977232189,0.01611215048577267,0.9230392156862746,6.33355796580234
dry_bean,KarciFANN,105,39,0.01491096894540424,0.9321162522295666,0.016247439522307738,0.9274509803921569,3.571108713731161
dry_bean,KarciFANN,105,40,0.014469121236060449,0.9327457769384115,0.01603418496101765,0.925,2.842040253205647
dry_bean,KarciFANN,105,41,0.014520112352764087,0.9324310145839891,0.01619170778705839,0.9235294117647059,3.0704984307278416
dry_bean,KarciFANN,105,42,0.014531040844161909,0.9324310145839891,0.01615834502108773,0.9284313725490196,2.888398384487783
dry_bean,KarciFANN,105,43,0.01447098264581793,0.9338999055712937,0.016052996304923118,0.928921568627451,2.7037719358428496
dry_bean,KarciFANN,105,44,0.014633682295277572,0.9321162522295666,0.016297244863214794,0.9254901960784314,5.000203934921632
dry_bean,KarciFANN,105,45,0.014365930846041215,0.9331654600776413,0.016048580272143283,0.9279411764705883,2.9403207142617376
dry_bean,KarciFANN,105,46,0.014586621421900753,0.9323260937991816,0.01616582236739832,0.9259803921568628,2.426133246539325
dry_bean,KarciFANN,105,47,0.01445169810311349,0.9319064106599517,0.016129596205881017,0.9230392156862746,3.3450909812634517
dry_bean,KarciFANN,105,48,0.014378459310617262,0.9335851432168712,0.016097814925674414,0.9264705882352942,3.564394118712562
dry_bean,KarciFANN,105,49,0.014440840631664795,0.9334802224320637,0.016205220985326733,0.925,3.108368025942859
dry_bean,KarciFANN,105,50,0.014333184402347024,0.9332703808624488,0.016124691898250425,0.9245098039215687,2.922972344731994
dry_bean,KarciFANN,105,51,0.014359739890004638,0.933060539292834,0.016170357282153082,0.9225490196078432,2.3269431695365737
dry_bean,KarciFANN,105,52,0.014229894195345257,0.9332703808624488,0.015956445351522252,0.9254901960784314,3.202820398461873
dry_bean,KarciFANN,105,53,0.014223384423438649,0.9327457769384115,0.016023839008190873,0.9240196078431373,3.075854062768103
dry_bean,KarciFANN,105,54,0.014242473646467177,0.9344245094953311,0.01594908982737155,0.9269607843137255,3.212940042957122
dry_bean,KarciFANN,105,55,0.01435477495372426,0.9329556185080264,0.016280283516987838,0.9225490196078432,3.527751642529304
dry_bean,KarciFANN,105,56,0.01442408846567808,0.9335851432168712,0.01631210384127127,0.9254901960784314,3.2206622560984135
dry_bean,KarciFANN,105,57,0.014163149985842212,0.9333753016472564,0.015935859097325984,0.9269607843137255,4.186218501541778
dry_bean,KarciFANN,105,58,0.014271235407915707,0.9332703808624488,0.016030618186534437,0.9259803921568628,3.5648643490418803
dry_bean,KarciFANN,105,59,0.01434309160880372,0.9342146679257161,0.015958167923880273,0.928921568627451,4.332714541177479
dry_bean,KarciFANN,105,60,0.014280138336498025,0.9345294302801385,0.016005727081533278,0.9279411764705883,3.240262184590861
dry_bean,KarciFANN,106,1,0.05737281312007038,0.8456615255482111,0.057515859425052204,0.846078431372549,1.4977694043520917
dry_bean,KarciFANN,106,2,0.040772352995988456,0.8901479383065786,0.04116999511582291,0.8862745098039215,1.657997301785013
dry_bean,KarciFANN,106,3,0.03134504121821349,0.9134403525338369,0.03187165263115887,0.9102941176470588,2.0551859515736948
dry_bean,KarciFANN,106,4,0.023408631771043055,0.9188962333438254,0.024159453863382127,0.9181372549019607,2.430643854974665
dry_bean,KarciFANN,106,5,0.019720414426600386,0.9220438568880496,0.020513903156560778,0.9215686274509803,2.668988990090835
dry_bean,KarciFANN,106,6,0.01847009949546067,0.9227783023817018,0.019338678624564322,0.9215686274509803,3.1037339713379115
dry_bean,KarciFANN,106,7,0.017586681994721097,0.9241422725841989,0.018420153931075944,0.9205882352941176,2.8216822480846226
dry_bean,KarciFANN,106,8,0.017227486315192272,0.9241422725841989,0.018005960200220873,0.9225490196078432,2.537734958844115
dry_bean,KarciFANN,106,9,0.016808929120746045,0.9244570349386213,0.017722508279132864,0.921078431372549,2.849636789948113
dry_bean,KarciFANN,106,10,0.016657992011801223,0.9259259259259259,0.017594151631573924,0.9240196078431373,2.8892905390326686
dry_bean,KarciFANN,106,11,0.01662241325042354,0.9245619557234288,0.017590198984382577,0.9230392156862746,2.9921680629317837
dry_bean,KarciFANN,106,12,0.016038173843112683,0.9270800545588082,0.016973998247551542,0.9245098039215687,2.6745096151334504
dry_bean,KarciFANN,106,13,0.01603960421063103,0.9265554506347707,0.01714718583608151,0.9230392156862746,2.8263115347814747
dry_bean,KarciFANN,106,14,0.0157606046617416,0.9278145000524604,0.01686042489403809,0.9220588235294118,2.7748586036956318
dry_bean,KarciFANN,106,15,0.015714987224288126,0.9276046584828455,0.016829879204828622,0.9279411764705883,2.4975734234269873
dry_bean,KarciFANN,106,16,0.015667898768934183,0.9273948169132306,0.016712217913161718,0.9264705882352942,3.6375061518188825
dry_bean,KarciFANN,106,17,0.015690602148833943,0.9270800545588082,0.01692440641274539,0.921078431372549,3.598400424686933
dry_bean,KarciFANN,106,18,0.015570248403252678,0.9290735494701501,0.016838998127481266,0.9230392156862746,2.788870072708047
dry_bean,KarciFANN,106,19,0.01539809206054264,0.9288637079005351,0.01644649644597385,0.9254901960784314,2.9668557221684217
dry_bean,KarciFANN,106,20,0.015292133746992315,0.9281292624068828,0.01642602915619862,0.9254901960784314,2.6519159577034284
dry_bean,KarciFANN,106,21,0.015143255164684335,0.9288637079005351,0.016448256692557603,0.9245098039215687,3.0758486579262443
dry_bean,KarciFANN,106,22,0.015463131494553523,0.927289896128423,0.016739573456994082,0.9220588235294118,3.525821808547424
dry_bean,KarciFANN,106,23,0.015006738972636258,0.9291784702549575,0.01636594141185138,0.9254901960784314,2.6429517614950595
dry_bean,KarciFANN,106,24,0.015255569438483909,0.9298079949638023,0.016509163329589786,0.9299019607843138,3.3948296608141098
dry_bean,KarciFANN,106,25,0.015103989399215666,0.9299129157486098,0.01643823913664527,0.9230392156862746,4.190467521443328
dry_bean,KarciFANN,106,26,0.014929593744144931,0.9295981533941874,0.016387220083942743,0.9230392156862746,3.2927381966489775
dry_bean,KarciFANN,106,27,0.014840845328418895,0.9307522820270696,0.016298461789959643,0.9269607843137255,3.090190202035912
dry_bean,KarciFANN,106,28,0.014831413194676709,0.9299129157486098,0.01629602183948723,0.9274509803921569,3.151161737221026
dry_bean,KarciFANN,106,29,0.01482745020109548,0.9313818067359144,0.016232845199981992,0.9299019607843138,3.3277538141840752
dry_bean,KarciFANN,106,30,0.014926712793877703,0.9294932326093799,0.01620684925160773,0.9279411764705883,3.3681876869702267
dry_bean,KarciFANN,106,31,0.014926939161764975,0.931067044381492,0.016316298951758377,0.9294117647058824,2.65606386817763
dry_bean,KarciFANN,106,32,0.014769078712241755,0.9303325988878397,0.016402839080618924,0.9225490196078432,4.130189449349162
dry_bean,KarciFANN,106,33,0.014842908395931203,0.9306473612422621,0.01645914384258269,0.9225490196078432,3.0261409370580297
dry_bean,KarciFANN,106,34,0.014664603941430184,0.9318014898751442,0.016388118040425913,0.9254901960784314,4.144940117087455
dry_bean,KarciFANN,106,35,0.01465851933959841,0.9307522820270696,0.016452332954301593,0.9220588235294118,3.3392750187797637
dry_bean,KarciFANN,106,36,0.01461445637671581,0.932640856153604,0.01623865048977646,0.9279411764705883,2.896975311810907
dry_bean,KarciFANN,106,37,0.01468633114655775,0.933060539292834,0.01614784029502517,0.9279411764705883,3.250088871195367
dry_bean,KarciFANN,106,38,0.014612831986189312,0.933060539292834,0.016191264502720706,0.9259803921568628,2.631440661911872
dry_bean,KarciFANN,106,39,0.01446984191346762,0.9327457769384115,0.016278129297587172,0.9259803921568628,2.8218634970545065
dry_bean,KarciFANN,106,40,0.014548822257814007,0.9327457769384115,0.01601575905824799,0.9299019607843138,2.6785369349988635
dry_bean,KarciFANN,106,41,0.014427010202307808,0.9327457769384115,0.01611433709173948,0.9279411764705883,3.814754499168967
dry_bean,KarciFANN,106,42,0.014488945004151666,0.9328506977232189,0.016442488349260393,0.9220588235294118,3.094841180785993
dry_bean,KarciFANN,106,43,0.01461619206785968,0.9327457769384115,0.01654400096260735,0.9235294117647059,3.7840664448615215
dry_bean,KarciFANN,106,44,0.014353800232691756,0.9337949847864861,0.016086130008429192,0.9279411764705883,3.6476102046071803
dry_bean,KarciFANN,106,45,0.014276310195426514,0.9336900640016788,0.01602083036366009,0.9299019607843138,2.5993463535027654
dry_bean,KarciFANN,106,46,0.014266394826893238,0.9338999055712937,0.015949820560793665,0.9303921568627451,3.0221532137355185
dry_bean,KarciFANN,106,47,0.014276500532554701,0.9329556185080264,0.016240779994230597,0.9235294117647059,4.881617046547186
dry_bean,KarciFANN,106,48,0.014156469874879061,0.9328506977232189,0.015947197211568318,0.9294117647058824,2.7704530839167503
dry_bean,KarciFANN,106,49,0.01416320547246673,0.9335851432168712,0.015994518302352892,0.9294117647058824,3.649201813859912
dry_bean,KarciFANN,106,50,0.014300835457915521,0.934634351064946,0.016135205611500676,0.9284313725490196,3.471499746503757
dry_bean,KarciFANN,106,51,0.014168600443983543,0.932640856153604,0.016065663169325645,0.9245098039215687,3.416843354489809
dry_bean,KarciFANN,106,52,0.014171415290926304,0.9340048263561012,0.0159511976612858,0.9299019607843138,4.321335755298263
dry_bean,KarciFANN,106,53,0.01407458033676083,0.9334802224320637,0.016091616597737994,0.9279411764705883,3.4331376543965084
dry_bean,KarciFANN,106,54,0.014163125095305498,0.9336900640016788,0.016202217970603342,0.9235294117647059,3.47265085395686
dry_bean,KarciFANN,106,55,0.014394653908034976,0.9324310145839891,0.016274640438444954,0.925,3.1240768151227964
dry_bean,KarciFANN,106,56,0.014130238555833282,0.9331654600776413,0.016046831779149617,0.9269607843137255,4.459797297248087
dry_bean,KarciFANN,106,57,0.014146287750723649,0.9352638757737908,0.016222253003773363,0.9269607843137255,3.7734098361465183
dry_bean,KarciFANN,106,58,0.014214107636326773,0.9352638757737908,0.016142577468958676,0.9274509803921569,3.147588595479663
dry_bean,KarciFANN,106,59,0.01414902199291884,0.9344245094953311,0.016119040091096912,0.9279411764705883,4.0043727440333745
dry_bean,KarciFANN,106,60,0.013989406365921029,0.9340048263561012,0.01606600280976722,0.9264705882352942,3.137832245416931
dry_bean,KarciFANN,107,1,0.057123488857884444,0.7922568460812087,0.057364057559539536,0.7799019607843137,1.5363153906784148
dry_bean,KarciFANN,107,2,0.041406408926163006,0.9035777987619348,0.041886737939094115,0.8950980392156863,1.7771705265235958
dry_bean,KarciFANN,107,3,0.03276041788071377,0.9073549470150036,0.033289907238496765,0.9029411764705882,2.1981384785440556
dry_bean,KarciFANN,107,4,0.023941891688281477,0.917007659217291,0.024745818211221474,0.9142156862745098,2.488781334375749
dry_bean,KarciFANN,107,5,0.020060436817250466,0.920155282761515,0.02085654265206868,0.9196078431372549,2.6597861212982585
dry_bean,KarciFANN,107,6,0.018820804633342018,0.9193159164830553,0.019590137030141064,0.9186274509803921,2.9589122362362974
dry_bean,KarciFANN,107,7,0.017747125487883708,0.9220438568880496,0.018513185804234104,0.9235294117647059,2.765082503801757
dry_bean,KarciFANN,107,8,0.017336867374742534,0.9236176686601616,0.018133844555003355,0.9186274509803921,2.7720818174292488
dry_bean,KarciFANN,107,9,0.017011729345406363,0.9237225894449691,0.017812570256520912,0.921078431372549,2.629902758341476
dry_bean,KarciFANN,107,10,0.01660937621673461,0.9249816388626587,0.01752668237469969,0.9230392156862746,2.901308404153884
dry_bean,KarciFANN,107,11,0.01639230340133754,0.9254013220018886,0.017230744000167927,0.9245098039215687,3.753586148000084
dry_bean,KarciFANN,107,12,0.01615637489136962,0.9258210051411184,0.0170407498681128,0.9264705882352942,3.013289877149965
dry_bean,KarciFANN,107,13,0.016112585793946258,0.9246668765082363,0.017063989791457252,0.9215686274509803,2.6843524304156605
dry_bean,KarciFANN,107,14,0.016132544096367853,0.9242471933690064,0.01728592891437683,0.9215686274509803,2.9852016507149957
dry_bean,KarciFANN,107,15,0.015804254578253404,0.9262406882803483,0.01684918677636743,0.9254901960784314,2.756017125429889
dry_bean,KarciFANN,107,16,0.015556862092606033,0.9251914804322736,0.016703091544870305,0.9220588235294118,2.3383029215103766
dry_bean,KarciFANN,107,17,0.0159668834255251,0.9268702129891931,0.017053417586049585,0.9254901960784314,2.8013473566727574
dry_bean,KarciFANN,107,18,0.015377677407923248,0.9271849753436155,0.016527979450742105,0.9225490196078432,3.2072716775435244
dry_bean,KarciFANN,107,19,0.015239800708614245,0.927499737698038,0.01641402390847625,0.9259803921568628,3.2177192061029105
dry_bean,KarciFANN,107,20,0.015290085660437217,0.927499737698038,0.01647856516370797,0.9200980392156862,3.035953141731516
dry_bean,KarciFANN,107,21,0.01524091212141106,0.9278145000524604,0.016545028199665354,0.9259803921568628,2.6508914068582436
dry_bean,KarciFANN,107,22,0.015058146650927171,0.9287587871157277,0.016321707069771343,0.9240196078431373,3.418988770700768
dry_bean,KarciFANN,107,23,0.015014531814561406,0.9293883118245725,0.016224306593427867,0.9269607843137255,2.7475327639134055
dry_bean,KarciFANN,107,24,0.014951577988245446,0.9299129157486098,0.0163250140695165,0.9254901960784314,4.760151738523011
dry_bean,KarciFANN,107,25,0.015063354006467055,0.9304375196726472,0.016229190090448105,0.9284313725490196,3.5853156504691372
dry_bean,KarciFANN,107,26,0.014886002555181207,0.9299129157486098,0.016135968391249148,0.9274509803921569,2.932733653009592
dry_bean,KarciFANN,107,27,0.015255221995956107,0.9309621235966845,0.01659732789567085,0.9245098039215687,3.2776690738896748
dry_bean,KarciFANN,107,28,0.014736598120211854,0.9315916483055293,0.01609527203697865,0.9220588235294118,2.928931240506726
dry_bean,KarciFANN,107,29,0.014690414539130787,0.9325359353687965,0.016030856576108525,0.9254901960784314,2.9777129289292485
dry_bean,KarciFANN,107,30,0.014707952183859783,0.9309621235966845,0.015953752665297666,0.9284313725490196,3.3677526489849865
dry_bean,KarciFANN,107,31,0.014623163382014259,0.9322211730143741,0.015866896816075296,0.9303921568627451,4.237070436757028
dry_bean,KarciFANN,107,32,0.014873439701876571,0.9322211730143741,0.016191309410782787,0.9313725490196079,2.6389655796440024
dry_bean,KarciFANN,107,33,0.01463529707731776,0.9318014898751442,0.01597544045984929,0.9279411764705883,3.5405711819492542
dry_bean,KarciFANN,107,34,0.014433103013169175,0.9320113314447592,0.015865107110653875,0.9299019607843138,4.685356988118117
dry_bean,KarciFANN,107,35,0.014400303057189291,0.9311719651662994,0.015895777257724224,0.9279411764705883,2.9222044991192804
dry_bean,KarciFANN,107,36,0.014391270524225203,0.9316965690903368,0.015946559511771687,0.925,3.006831611270253
dry_bean,KarciFANN,107,37,0.014496972726630948,0.9321162522295666,0.016098384768633865,0.9245098039215687,3.124734086338639
dry_bean,KarciFANN,107,38,0.014310592206217597,0.9314867275207218,0.015796975760489405,0.9279411764705883,3.39141116192266
dry_bean,KarciFANN,107,39,0.014276863151070249,0.9336900640016788,0.01570523684574666,0.9294117647058824,2.9883987322685606
dry_bean,KarciFANN,107,40,0.014273150486794105,0.9337949847864861,0.01576178136707137,0.9303921568627451,3.4409545941469672
dry_bean,KarciFANN,107,41,0.014251447463351866,0.9328506977232189,0.015837954131469083,0.9274509803921569,3.4334631304671293
dry_bean,KarciFANN,107,42,0.014145932973497637,0.9335851432168712,0.01574287716178558,0.9264705882352942,3.596995382350386
dry_bean,KarciFANN,107,43,0.014142867921815155,0.9329556185080264,0.015761759723727335,0.9284313725490196,4.127741613431129
dry_bean,KarciFANN,107,44,0.014131238836594215,0.9335851432168712,0.015743919960289225,0.9294117647058824,3.152711334860488
dry_bean,KarciFANN,107,45,0.01413495287010016,0.9336900640016788,0.01563246787822817,0.9313725490196079,3.3712722377569198
dry_bean,KarciFANN,107,46,0.014024731773435722,0.9340048263561012,0.015752131271944005,0.9279411764705883,2.408356909815547
dry_bean,KarciFANN,107,47,0.014171448915104082,0.9327457769384115,0.01607223062325579,0.9240196078431373,3.0648059864429347
dry_bean,KarciFANN,107,48,0.014114143253037748,0.9344245094953311,0.015698749754123928,0.9299019607843138,3.9785133628932647
dry_bean,KarciFANN,107,49,0.014107971513432606,0.9342146679257161,0.015970530364378656,0.925,3.7282984097638585
dry_bean,KarciFANN,107,50,0.01395216799215792,0.9338999055712937,0.015748711824695123,0.9279411764705883,2.983502662095585
dry_bean,KarciFANN,107,51,0.014031331581940767,0.9338999055712937,0.015951845701228803,0.9254901960784314,3.524283325026147
dry_bean,KarciFANN,107,52,0.014154353453879527,0.9334802224320637,0.016066042133236945,0.9259803921568628,3.8661635625328126
dry_bean,KarciFANN,107,53,0.01391041007603404,0.933060539292834,0.015761186275298062,0.9264705882352942,2.7486417077716703
dry_bean,KarciFANN,107,54,0.013906499425004139,0.9340048263561012,0.015640926267822777,0.9303921568627451,3.2159687153544843
dry_bean,KarciFANN,107,55,0.014022891825786848,0.9345294302801385,0.015928737555385653,0.9264705882352942,3.100068522126702
dry_bean,KarciFANN,107,56,0.013860736876929883,0.9352638757737908,0.015694726205796577,0.928921568627451,4.64408190343684
dry_bean,KarciFANN,107,57,0.01388745931559843,0.9349491134193684,0.015773059309988176,0.9294117647058824,3.28090297094581
dry_bean,KarciFANN,107,58,0.01387773369417497,0.9355786381282132,0.015695708675939626,0.9299019607843138,5.676958216651559
dry_bean,KarciFANN,107,59,0.013801173080461684,0.9354737173434057,0.015676003666744973,0.9284313725490196,3.106540478531791
dry_bean,KarciFANN,107,60,0.014399931695214504,0.9327457769384115,0.016520466237625236,0.9230392156862746,3.4997198415765842
dry_bean,KarciFANN,108,1,0.05538188179168033,0.814395131675585,0.05566494496288915,0.8073529411764706,1.4817742060703147
dry_bean,KarciFANN,108,2,0.0402710168006089,0.8934004826356101,0.04070475515413647,0.8931372549019608,1.7338002908756698
dry_bean,KarciFANN,108,3,0.03161044919116139,0.9112370160528801,0.032112915549559,0.9073529411764706,1.9445264409559389
dry_bean,KarciFANN,108,4,0.022919673633120297,0.9169027384324835,0.023672888153098495,0.9122549019607843,2.419489061209456
dry_bean,KarciFANN,108,5,0.01950822950045872,0.9212044906095898,0.02028755197195104,0.9191176470588235,2.767517626921691
dry_bean,KarciFANN,108,6,0.01807462770863955,0.9225684608120869,0.018848778155033864,0.9215686274509803,2.666581099542155
dry_bean,KarciFANN,108,7,0.017793850977084302,0.9219389361032421,0.018561696051747956,0.921078431372549,2.3504973549395336
dry_bean,KarciFANN,108,8,0.01706993336552401,0.9250865596474661,0.017760680237763546,0.9235294117647059,3.0226059904445366
dry_bean,KarciFANN,108,9,0.016717025123509283,0.9251914804322736,0.017545739628752065,0.9196078431372549,2.554795919447011
dry_bean,KarciFANN,108,10,0.016410591913746976,0.9252964012170811,0.017309683550945084,0.9225490196078432,2.745442713769535
dry_bean,KarciFANN,108,11,0.016924904256858553,0.9210995698247822,0.017887481580421333,0.9191176470588235,3.3351276735600632
dry_bean,KarciFANN,108,12,0.015921031703865465,0.9263456090651558,0.016903623374231867,0.9254901960784314,3.1890913282314193
dry_bean,KarciFANN,108,13,0.01604678049496676,0.9258210051411184,0.01698319786831678,0.9240196078431373,3.659675849212844
dry_bean,KarciFANN,108,14,0.01564122326537828,0.9268702129891931,0.016535051012295666,0.925,2.9765050329181397
dry_bean,KarciFANN,108,15,0.015501863235607611,0.927709579267653,0.01646173938141556,0.9264705882352942,3.2450422093673184
dry_bean,KarciFANN,108,16,0.015512346442559423,0.9266603714195782,0.016394913460993508,0.9259803921568628,2.9281967974089995
dry_bean,KarciFANN,108,17,0.015350520680676471,0.9278145000524604,0.0163818538066137,0.9230392156862746,3.593732500981316
dry_bean,KarciFANN,108,18,0.015256901027796092,0.9289686286853426,0.016282122999911868,0.9245098039215687,3.163503827068732
dry_bean,KarciFANN,108,19,0.015193947964549709,0.9281292624068828,0.01625515525715614,0.9284313725490196,3.3927155618045055
dry_bean,KarciFANN,108,20,0.01526879937774134,0.9273948169132306,0.01644560964386233,0.9245098039215687,3.6854261051674984
dry_bean,KarciFANN,108,21,0.015225446957937185,0.9302276781030322,0.016263352463058336,0.928921568627451,4.75107014786894
dry_bean,KarciFANN,108,22,0.01492718104108547,0.9288637079005351,0.01603131929472217,0.9269607843137255,3.6544806124346723
dry_bean,KarciFANN,108,23,0.014998369331142578,0.9293883118245725,0.016189970108557133,0.9254901960784314,2.8051026786441855
dry_bean,KarciFANN,108,24,0.014947049598750508,0.9293883118245725,0.016077494546839943,0.9259803921568628,2.9656314922182534
dry_bean,KarciFANN,108,25,0.014843191485216503,0.9302276781030322,0.01612253617591859,0.9259803921568628,2.648112358721183
dry_bean,KarciFANN,108,26,0.014796185237735899,0.9304375196726472,0.01601935793406254,0.9274509803921569,2.570575490005192
dry_bean,KarciFANN,108,27,0.014924347421099677,0.9300178365334173,0.01618904653426876,0.9245098039215687,2.8750492312911136
dry_bean,KarciFANN,108,28,0.0148885631352948,0.9295981533941874,0.01618102175371438,0.9240196078431373,2.962370947813724
dry_bean,KarciFANN,108,29,0.01473637686259284,0.9303325988878397,0.01602621983800034,0.9274509803921569,4.203664409862622
dry_bean,KarciFANN,108,30,0.014890268545448313,0.9293883118245725,0.016152884095334077,0.925,2.9507653963407354
dry_bean,KarciFANN,108,31,0.014860739318683735,0.9318014898751442,0.015996195054765523,0.9294117647058824,3.317130353574948
dry_bean,KarciFANN,108,32,0.014603650593916757,0.9324310145839891,0.015822358193136165,0.9279411764705883,3.0844142509344623
dry_bean,KarciFANN,108,33,0.014647212280793173,0.9298079949638023,0.0159693272789041,0.9279411764705883,3.8095641638855655
dry_bean,KarciFANN,108,34,0.014497675064021063,0.9318014898751442,0.01579298113030465,0.928921568627451,3.8479739626220026
dry_bean,KarciFANN,108,35,0.0145342083522722,0.9319064106599517,0.01594850594968703,0.9264705882352942,3.5280539726072977
dry_bean,KarciFANN,108,36,0.015075527416470141,0.9320113314447592,0.016339803559690398,0.9269607843137255,2.7608479014810596
dry_bean,KarciFANN,108,37,0.014713961116516886,0.9328506977232189,0.015998877684787693,0.9279411764705883,4.084606416056555
dry_bean,KarciFANN,108,38,0.014397306492468497,0.9318014898751442,0.01583011228332548,0.9269607843137255,4.048467268128115
dry_bean,KarciFANN,108,39,0.014647142454951939,0.9307522820270696,0.016143391668868596,0.9220588235294118,3.753202229521754
dry_bean,KarciFANN,108,40,0.014556376951558364,0.9325359353687965,0.015886988809162485,0.9279411764705883,3.312454801300086
dry_bean,KarciFANN,108,41,0.014463290469306589,0.9329556185080264,0.015747404652598097,0.9274509803921569,3.7841957827571457
dry_bean,KarciFANN,108,42,0.014417747952163268,0.9327457769384115,0.015752601333237776,0.9269607843137255,3.1257307840791997
dry_bean,KarciFANN,108,43,0.014305612685659863,0.9335851432168712,0.015746376515124477,0.9294117647058824,3.5362729018434513
dry_bean,KarciFANN,108,44,0.014388751671154214,0.9320113314447592,0.016049850816409434,0.925,3.105563319994633
dry_bean,KarciFANN,108,45,0.014277368019621336,0.9332703808624488,0.015797431856543778,0.9259803921568628,3.2162770506536464
dry_bean,KarciFANN,108,46,0.014536487324972576,0.9341097471409087,0.01612462028830574,0.9264705882352942,3.077665942791242
dry_bean,KarciFANN,108,47,0.014397874163816878,0.9318014898751442,0.01616411044757913,0.9254901960784314,4.400050954503648
dry_bean,KarciFANN,108,48,0.014265911342153565,0.9323260937991816,0.015899411128321474,0.9269607843137255,4.024295871032422
dry_bean,KarciFANN,108,49,0.014229645129806595,0.9342146679257161,0.015752303687038356,0.9264705882352942,2.3892213510613516
dry_bean,KarciFANN,108,50,0.01416593071412632,0.9345294302801385,0.015692331092654836,0.9274509803921569,4.666306232445509
dry_bean,KarciFANN,108,51,0.014408205311476446,0.932640856153604,0.016127768182093955,0.921078431372549,5.276356671935733
dry_bean,KarciFANN,108,52,0.01422955287052948,0.9333753016472564,0.01595377107194003,0.9240196078431373,3.5583410398919115
dry_bean,KarciFANN,108,53,0.014182543546887924,0.9323260937991816,0.01581185011231511,0.9259803921568628,4.395783608557559
dry_bean,KarciFANN,108,54,0.014147283366830654,0.9355786381282132,0.01569179603428878,0.9294117647058824,2.4780309616236473
dry_bean,KarciFANN,108,55,0.01439856872744932,0.9327457769384115,0.016137106993434392,0.925,3.3886538617130886
dry_bean,KarciFANN,108,56,0.014279012914602722,0.9341097471409087,0.01577742890007418,0.9279411764705883,2.667505122424969
dry_bean,KarciFANN,108,57,0.014152625019432858,0.9349491134193684,0.015677110042400504,0.9264705882352942,3.4502837084764084
dry_bean,KarciFANN,108,58,0.014033543543011088,0.9358934004826356,0.015776599225068865,0.9269607843137255,2.8617181759502683
dry_bean,KarciFANN,108,59,0.01401123471631245,0.9333753016472564,0.01564586483849737,0.9269607843137255,4.34459120835037
dry_bean,KarciFANN,108,60,0.014052460686156175,0.9332703808624488,0.01572147191277172,0.9274509803921569,3.0330180970285134
dry_bean,KarciFANN,109,1,0.056515674458186546,0.8325464274472774,0.05681608579135086,0.828921568627451,1.5102054294850713
dry_bean,KarciFANN,109,2,0.04191035446830017,0.892036512433113,0.04233715232491243,0.8838235294117647,1.7382605065081131
dry_bean,KarciFANN,109,3,0.033814904061935866,0.904522085825202,0.034347777456504545,0.9014705882352941,1.8575935762671048
dry_bean,KarciFANN,109,4,0.025685413213882662,0.9171125800020984,0.026436133305121366,0.9161764705882353,2.1168890505610136
dry_bean,KarciFANN,109,5,0.02111639257421794,0.9190011541286329,0.022050126040157395,0.9161764705882353,2.4215436412112394
dry_bean,KarciFANN,109,6,0.01900581357453304,0.9220438568880496,0.019923780095166776,0.9191176470588235,2.429994428166054
dry_bean,KarciFANN,109,7,0.017770339708440625,0.9244570349386213,0.01867838253489,0.9205882352941176,2.649001167918571
dry_bean,KarciFANN,109,8,0.017126554691870962,0.9256111635715035,0.018070307955919407,0.9230392156862746,2.9301292555844127
dry_bean,KarciFANN,109,9,0.016712669000664395,0.9258210051411184,0.017640917054695532,0.9235294117647059,2.749193418181041
dry_bean,KarciFANN,109,10,0.01632114932525377,0.9268702129891931,0.017345281814760114,0.9220588235294118,4.314878029751645
dry_bean,KarciFANN,109,11,0.016329052592955588,0.9254013220018886,0.017383362170058217,0.9200980392156862,2.805422187651182
dry_bean,KarciFANN,109,12,0.015952830524974832,0.9269751337740006,0.01702870819387293,0.9235294117647059,3.08957365288571
dry_bean,KarciFANN,109,13,0.015815996418362965,0.9269751337740006,0.016960251166299904,0.9254901960784314,2.8130274745313244
dry_bean,KarciFANN,109,14,0.01571877438646565,0.927289896128423,0.016962264839644213,0.9205882352941176,3.02047593066069
dry_bean,KarciFANN,109,15,0.015581563906178361,0.927709579267653,0.016908172216836197,0.9200980392156862,3.1663165460578044
dry_bean,KarciFANN,109,16,0.015463245537925403,0.9300178365334173,0.01670735858051755,0.9254901960784314,2.858728277687012
dry_bean,KarciFANN,109,17,0.015467602245154389,0.9278145000524604,0.01679708993284561,0.9220588235294118,2.7563594954664263
dry_bean,KarciFANN,109,18,0.015203870878453311,0.9305424404574546,0.016441167768750355,0.9264705882352942,2.832070984741135
dry_bean,KarciFANN,109,19,0.015144990701892668,0.931067044381492,0.016333882717689006,0.9279411764705883,3.4320956447715676
dry_bean,KarciFANN,109,20,0.015085303821275188,0.9316965690903368,0.016325653774290617,0.9274509803921569,3.3784299514217935
dry_bean,KarciFANN,109,21,0.01532875469648572,0.9307522820270696,0.01658537091508602,0.9254901960784314,3.1129933716055116
dry_bean,KarciFANN,109,22,0.015025606584665778,0.9295981533941874,0.016494322140605977,0.9205882352941176,3.0367744275069373
dry_bean,KarciFANN,109,23,0.014916324004122728,0.9313818067359144,0.01636046734748746,0.9264705882352942,3.3424265390507197
dry_bean,KarciFANN,109,24,0.01483480960401989,0.9304375196726472,0.016006889741876664,0.9279411764705883,2.9259280158220764
dry_bean,KarciFANN,109,25,0.014713118718525486,0.9321162522295666,0.016120937942337613,0.9259803921568628,3.3967249381165567
dry_bean,KarciFANN,109,26,0.014680797911506017,0.9313818067359144,0.01606492415750252,0.925,3.4703633284728506
dry_bean,KarciFANN,109,27,0.014745629941265326,0.9312768859511069,0.01625395800472517,0.9225490196078432,3.116089952398632
dry_bean,KarciFANN,109,28,0.014660229666502081,0.9321162522295666,0.015997441992280922,0.9254901960784314,2.569701569809002
dry_bean,KarciFANN,109,29,0.01452883571160973,0.9323260937991816,0.015907968366106886,0.9269607843137255,5.173550692561044
dry_bean,KarciFANN,109,30,0.014698587825226785,0.9325359353687965,0.01595378338291569,0.9274509803921569,3.14562246828363
dry_bean,KarciFANN,109,31,0.015065896464976363,0.9316965690903368,0.016437013162787346,0.9245098039215687,3.161922359242162
dry_bean,KarciFANN,109,32,0.014448648090016626,0.9333753016472564,0.01602650951909683,0.9220588235294118,4.259116678850527
dry_bean,KarciFANN,109,33,0.014406208648653685,0.9318014898751442,0.015945194505298646,0.925,4.021904105735787
dry_bean,KarciFANN,109,34,0.014424053072908909,0.9328506977232189,0.015938997895848964,0.9240196078431373,3.6082887369797194
dry_bean,KarciFANN,109,35,0.01438119747886674,0.9333753016472564,0.01602030786222125,0.9245098039215687,3.5110762625981904
dry_bean,KarciFANN,109,36,0.014270321457445131,0.9331654600776413,0.015765585726839795,0.9294117647058824,3.614803484065912
dry_bean,KarciFANN,109,37,0.014257635364686931,0.9341097471409087,0.015846402527744923,0.9259803921568628,3.067583698017842
dry_bean,KarciFANN,109,38,0.014225869268177304,0.9327457769384115,0.015810063533320602,0.9259803921568628,4.18945164874461
dry_bean,KarciFANN,109,39,0.014272437232479786,0.9336900640016788,0.015785024067464383,0.9269607843137255,2.6089200675870683
dry_bean,KarciFANN,109,40,0.014193848602601748,0.933060539292834,0.01579132712519969,0.925,2.8990284671019806
dry_bean,KarciFANN,109,41,0.014659866961117205,0.9316965690903368,0.016396680691891267,0.9200980392156862,4.263212567274
dry_bean,KarciFANN,109,42,0.014174867026125684,0.9316965690903368,0.015877182219205872,0.9264705882352942,3.7484927367652783
dry_bean,KarciFANN,109,43,0.014411752865639681,0.9342146679257161,0.016008186795044826,0.9269607843137255,2.8769454642935592
dry_bean,KarciFANN,109,44,0.014184495220434858,0.9336900640016788,0.015843639714796964,0.9269607843137255,3.289896923061002
dry_bean,KarciFANN,109,45,0.01421937028137641,0.9329556185080264,0.01581218202168518,0.9264705882352942,2.634144670132303
dry_bean,KarciFANN,109,46,0.014097815068858807,0.9327457769384115,0.01577761998155507,0.9264705882352942,3.8303008510891656
dry_bean,KarciFANN,109,47,0.01404890526809535,0.9341097471409087,0.015624271738633243,0.9259803921568628,4.140481927497416
dry_bean,KarciFANN,109,48,0.014010360118565395,0.9328506977232189,0.015760918812434792,0.9264705882352942,2.3860990438293674
dry_bean,KarciFANN,109,49,0.014127650790522238,0.9353687965585983,0.015733194088115895,0.9299019607843138,3.271784025002291
dry_bean,KarciFANN,109,50,0.014011085211181027,0.9331654600776413,0.015826706013180928,0.9264705882352942,3.332497478434369
dry_bean,KarciFANN,109,51,0.013967447734261382,0.9349491134193684,0.01566251823952573,0.9264705882352942,3.307441096837496
dry_bean,KarciFANN,109,52,0.013926811982961454,0.9335851432168712,0.015745128602357845,0.9274509803921569,3.582311944805543
dry_bean,KarciFANN,109,53,0.013954763353062992,0.9337949847864861,0.015696772338644534,0.9269607843137255,3.947600483585827
dry_bean,KarciFANN,109,54,0.01393901834840153,0.9349491134193684,0.015732009167915232,0.9279411764705883,3.438624983370953
dry_bean,KarciFANN,109,55,0.014044777473587261,0.9344245094953311,0.015718052241401926,0.9274509803921569,3.9796587687947578
dry_bean,KarciFANN,109,56,0.01432156017876552,0.9338999055712937,0.016038607342343657,0.9259803921568628,4.906161837613703
dry_bean,KarciFANN,109,57,0.013880326508764692,0.9336900640016788,0.015704361870276573,0.9254901960784314,3.0164705496444
dry_bean,KarciFANN,109,58,0.013897368671703596,0.9345294302801385,0.015766209046915274,0.9240196078431373,3.6740769860439983
dry_bean,KarciFANN,109,59,0.013815898947064283,0.9349491134193684,0.015719182169346976,0.9279411764705883,4.050674208042901
dry_bean,KarciFANN,109,60,0.013959247898890748,0.9345294302801385,0.015660856310191436,0.9279411764705883,3.7754802503964564
dry_bean,KarciFANN,110,1,0.05751149490365425,0.8018046374986885,0.05792011167649125,0.7990196078431373,1.452102521123227
dry_bean,KarciFANN,110,2,0.03971416057245239,0.8918266708634981,0.0403959123665998,0.8803921568627451,1.9407672084803802
dry_bean,KarciFANN,110,3,0.026781458680556917,0.9180568670653656,0.027582838004100056,0.9142156862745098,2.291599376858478
dry_bean,KarciFANN,110,4,0.021102862723906036,0.9198405204070926,0.021937681192296013,0.9205882352941176,2.369948372441601
dry_bean,KarciFANN,110,5,0.01897343657921846,0.9220438568880496,0.019723200131017908,0.9205882352941176,2.8101458628854985
dry_bean,KarciFANN,110,6,0.018401283190072802,0.9228832231665093,0.019195880775401505,0.9235294117647059,2.7298365258501156
dry_bean,KarciFANN,110,7,0.01750585223075857,0.9245619557234288,0.018391232253156902,0.9191176470588235,2.755838691301925
dry_bean,KarciFANN,110,8,0.017040887838166374,0.9220438568880496,0.01792505424151443,0.921078431372549,2.724649988364246
dry_bean,KarciFANN,110,9,0.016682632136329686,0.9242471933690064,0.017480811138245945,0.9254901960784314,3.1906863172666458
dry_bean,KarciFANN,110,10,0.016553640726078626,0.9249816388626587,0.017353176814654075,0.9254901960784314,2.941279581587146
dry_bean,KarciFANN,110,11,0.01610821081108889,0.925506242786696,0.017075740474837772,0.9235294117647059,3.050410480115338
dry_bean,KarciFANN,110,12,0.01619692468674915,0.9267652922043856,0.017140113847165576,0.9230392156862746,3.4583404948049643
dry_bean,KarciFANN,110,13,0.015835433657221936,0.9269751337740006,0.016780243256427522,0.9245098039215687,2.2497420983546244
dry_bean,KarciFANN,110,14,0.01567221253721083,0.9261357674955408,0.016739816061479014,0.9225490196078432,3.1653874367837616
dry_bean,KarciFANN,110,15,0.015625309945132535,0.9273948169132306,0.016676201511024922,0.9200980392156862,3.532102439992224
dry_bean,KarciFANN,110,16,0.01575660295546996,0.9283391039764978,0.016862206824426944,0.9274509803921569,2.6627833008356876
dry_bean,KarciFANN,110,17,0.015385363100484658,0.9271849753436155,0.016524300827580985,0.9230392156862746,3.306323697643599
dry_bean,KarciFANN,110,18,0.015338168936597028,0.9300178365334173,0.01643404031327,0.9264705882352942,2.921801990292207
dry_bean,KarciFANN,110,19,0.015437290775784632,0.9266603714195782,0.016683956844905517,0.9205882352941176,3.4976060223303143
dry_bean,KarciFANN,110,20,0.015346725160621452,0.9282341831916903,0.016469781019832985,0.9259803921568628,3.175786451363833
dry_bean,KarciFANN,110,21,0.015070910197373248,0.9281292624068828,0.01635250496764436,0.9220588235294118,3.2604931764899865
dry_bean,KarciFANN,110,22,0.015040421186331575,0.9286538663309202,0.01639805663384875,0.9230392156862746,2.9534441423895847
dry_bean,KarciFANN,110,23,0.015004541394756108,0.9290735494701501,0.01633946637024591,0.9200980392156862,2.7576644302345015
dry_bean,KarciFANN,110,24,0.014880765472945104,0.9289686286853426,0.01619957921486576,0.9240196078431373,3.2815348309088335
dry_bean,KarciFANN,110,25,0.015344016249942175,0.9301227573182247,0.01675636776770275,0.921078431372549,2.7276706855691644
dry_bean,KarciFANN,110,26,0.014761184443784377,0.9300178365334173,0.016131583195452458,0.9254901960784314,2.8815319454554795
dry_bean,KarciFANN,110,27,0.014951194483396095,0.9299129157486098,0.016470391804580844,0.9220588235294118,3.158602922329142
dry_bean,KarciFANN,110,28,0.014785889140273331,0.9299129157486098,0.01629632579040763,0.9220588235294118,3.3554282021853923
dry_bean,KarciFANN,110,29,0.014739105910746446,0.9305424404574546,0.016211747892195757,0.9220588235294118,3.1437267924285672
dry_bean,KarciFANN,110,30,0.014701396723836578,0.9303325988878397,0.016110103303608903,0.9215686274509803,2.925138498582406
dry_bean,KarciFANN,110,31,0.014599474633599263,0.9322211730143741,0.015984065338380413,0.9284313725490196,4.917138935098498
dry_bean,KarciFANN,110,32,0.014558641343890948,0.9316965690903368,0.01597723681012856,0.9279411764705883,4.619568971466981
dry_bean,KarciFANN,110,33,0.014626204964472934,0.9312768859511069,0.016237618938665016,0.9269607843137255,2.961262367421587
dry_bean,KarciFANN,110,34,0.014469280391722033,0.9313818067359144,0.016016022177172774,0.9230392156862746,3.12393456611692
dry_bean,KarciFANN,110,35,0.014434183204566397,0.9314867275207218,0.015960266372903473,0.9264705882352942,2.6602176230783092
dry_bean,KarciFANN,110,36,0.014414970982123942,0.933060539292834,0.015941919433218484,0.9264705882352942,3.1321506264255183
dry_bean,KarciFANN,110,37,0.014440204113037222,0.9324310145839891,0.01590035107804571,0.9294117647058824,3.608668059803261
dry_bean,KarciFANN,110,38,0.01444372205235924,0.9320113314447592,0.016104475691707715,0.9254901960784314,3.3306758018841487
dry_bean,KarciFANN,110,39,0.014379153817706537,0.933060539292834,0.015834173261044828,0.9284313725490196,2.7286978899065932
dry_bean,KarciFANN,110,40,0.014339885516880011,0.9323260937991816,0.0159440317850025,0.9259803921568628,3.542873474788264
dry_bean,KarciFANN,110,41,0.014354213524521108,0.9313818067359144,0.016019326798889337,0.9254901960784314,2.8973478516847657
dry_bean,KarciFANN,110,42,0.014389887070172679,0.9322211730143741,0.01578410482341833,0.928921568627451,3.1573927759386917
dry_bean,KarciFANN,110,43,0.014287696520491734,0.9325359353687965,0.01588604962045901,0.9264705882352942,2.8597661141260518
dry_bean,KarciFANN,110,44,0.014617948260509512,0.933060539292834,0.016071136161947882,0.9274509803921569,2.7763131630258453
dry_bean,KarciFANN,110,45,0.014292019219319572,0.9316965690903368,0.01602096848827769,0.9245098039215687,3.371891278097927
dry_bean,KarciFANN,110,46,0.014178542140089274,0.9322211730143741,0.015790927955395922,0.9279411764705883,3.394243308681026
dry_bean,KarciFANN,110,47,0.014262387701950126,0.9322211730143741,0.015983858468341713,0.9264705882352942,3.11640564225286
dry_bean,KarciFANN,110,48,0.014183764041902107,0.9336900640016788,0.015815130021625004,0.9284313725490196,2.7433926662777592
dry_bean,KarciFANN,110,49,0.014104208469615522,0.9342146679257161,0.01566039374762466,0.928921568627451,2.751185762206148
dry_bean,KarciFANN,110,50,0.014146587776838242,0.9334802224320637,0.015917490455111243,0.9259803921568628,3.530151961415394
dry_bean,KarciFANN,110,51,0.014092394225930806,0.9340048263561012,0.01569709409124839,0.9274509803921569,3.7134366132350958
dry_bean,KarciFANN,110,52,0.014255356387816573,0.9340048263561012,0.015926035313019782,0.9259803921568628,3.779686469309889
dry_bean,KarciFANN,110,53,0.014178557216114211,0.9314867275207218,0.015852812563945422,0.9230392156862746,3.1461785822002577
dry_bean,KarciFANN,110,54,0.014200941439968374,0.9322211730143741,0.016143120771873867,0.9225490196078432,4.465096471316179
dry_bean,KarciFANN,110,55,0.014017025470127618,0.9336900640016788,0.015833484765077743,0.925,3.536249228479512
dry_bean,KarciFANN,110,56,0.014089955647722308,0.9343195887105236,0.015938288568566817,0.9254901960784314,3.6275082362598523
dry_bean,KarciFANN,110,57,0.014005121454149902,0.9334802224320637,0.0157639829743726,0.9274509803921569,4.664615150900553
dry_bean,KarciFANN,110,58,0.014071931260753755,0.9338999055712937,0.015952453992848777,0.9254901960784314,3.4041758669960456
dry_bean,KarciFANN,110,59,0.013992699544539898,0.934634351064946,0.01575069420567952,0.9284313725490196,5.446978345894944
dry_bean,KarciFANN,110,60,0.014029618091004652,0.9335851432168712,0.015700511354547208,0.9294117647058824,2.7987179901709176
dry_bean,KarciFANN,111,1,0.055934360639770135,0.8259364180044066,0.0562923661992546,0.8205882352941176,1.443032647796254
dry_bean,KarciFANN,111,2,0.04165502144590581,0.8959185814709894,0.042015024753858266,0.8877450980392156,1.7183787941209239
dry_bean,KarciFANN,111,3,0.032738566559113516,0.9094533627111531,0.03319870567327754,0.9019607843137255,1.8930275661123173
dry_bean,KarciFANN,111,4,0.023275802375719565,0.9194208372678627,0.02397921204495006,0.9156862745098039,2.357031661018092
dry_bean,KarciFANN,111,5,0.02072678276766907,0.9174273423565208,0.021450975815365505,0.9205882352941176,2.540269325912352
dry_bean,KarciFANN,111,6,0.018612909316931305,0.9222536984576645,0.019297533214177584,0.9215686274509803,3.157178154341886
dry_bean,KarciFANN,111,7,0.017699387884948327,0.9236176686601616,0.018398252014397112,0.9245098039215687,2.333785739522351
dry_bean,KarciFANN,111,8,0.017114484338040706,0.9244570349386213,0.017928774954000366,0.9230392156862746,2.9172471565179934
dry_bean,KarciFANN,111,9,0.016943816572745247,0.9243521141538139,0.01766142605741116,0.9240196078431373,3.287318781993711
dry_bean,KarciFANN,111,10,0.016545205992772573,0.9261357674955408,0.017374096079038292,0.9230392156862746,3.237946290296502
dry_bean,KarciFANN,111,11,0.016668887484035944,0.9236176686601616,0.017555517313348097,0.9225490196078432,2.812804084984495
dry_bean,KarciFANN,111,12,0.016259366706240758,0.9270800545588082,0.01727473828619584,0.9245098039215687,2.6602767765420405
dry_bean,KarciFANN,111,13,0.01601165645282911,0.927289896128423,0.017060606622499155,0.9230392156862746,2.7598627407476406
dry_bean,KarciFANN,111,14,0.016031523832043152,0.9262406882803483,0.017061543834145196,0.9230392156862746,3.4318729464378084
dry_bean,KarciFANN,111,15,0.015772631736383116,0.9280243416220754,0.016868853883274776,0.9259803921568628,3.4783052528139593
dry_bean,KarciFANN,111,16,0.01599538205466806,0.9258210051411184,0.017226456568721314,0.9235294117647059,3.479372450539292
dry_bean,KarciFANN,111,17,0.015953911501078746,0.9267652922043856,0.017203849206416866,0.921078431372549,2.3727018550778087
dry_bean,KarciFANN,111,18,0.015661694859789247,0.9271849753436155,0.0166777846494766,0.9254901960784314,2.5678963601665568
dry_bean,KarciFANN,111,19,0.015503030036462157,0.9279194208372679,0.01666777093013737,0.9215686274509803,3.4511172769934912
dry_bean,KarciFANN,111,20,0.015388608662225701,0.9287587871157277,0.016517524283760583,0.9259803921568628,2.7879181234789763
dry_bean,KarciFANN,111,21,0.01541448822214728,0.9282341831916903,0.016446563244071153,0.928921568627451,3.0503111398837404
dry_bean,KarciFANN,111,22,0.015187301243114322,0.9295981533941874,0.01639890668059348,0.9269607843137255,2.744989101204018
dry_bean,KarciFANN,111,23,0.015301980494685542,0.9294932326093799,0.016495391194547765,0.9284313725490196,2.8962840495927793
dry_bean,KarciFANN,111,24,0.015163998634934475,0.9282341831916903,0.016431060779786878,0.9230392156862746,4.882504174923735
dry_bean,KarciFANN,111,25,0.01501860354316467,0.9297030741789949,0.01631634688341858,0.9264705882352942,3.2187513948203064
dry_bean,KarciFANN,111,26,0.015074361356241385,0.9301227573182247,0.01635089671251356,0.9279411764705883,2.8125493425614962
dry_bean,KarciFANN,111,27,0.014880493088321138,0.9295981533941874,0.016175216334184908,0.9274509803921569,3.418675038127871
dry_bean,KarciFANN,111,28,0.015522987819154933,0.929283391039765,0.01672375026731288,0.9264705882352942,3.1582782309968636
dry_bean,KarciFANN,111,29,0.01524422441699734,0.9313818067359144,0.016479281843946997,0.9284313725490196,4.200889209824164
dry_bean,KarciFANN,111,30,0.014812393384942365,0.9314867275207218,0.016097498002493004,0.9284313725490196,2.5370313670866835
dry_bean,KarciFANN,111,31,0.014849216919972005,0.9315916483055293,0.01614934385912829,0.9299019607843138,4.276420269215629
dry_bean,KarciFANN,111,32,0.014686055426706842,0.9309621235966845,0.016114909237510203,0.9274509803921569,3.002673165693002
dry_bean,KarciFANN,111,33,0.014629943214880758,0.9303325988878397,0.01601210910124133,0.9294117647058824,3.3457344140665444
dry_bean,KarciFANN,111,34,0.014834429062836321,0.9304375196726472,0.016226215679925795,0.9259803921568628,3.1361846817384027
dry_bean,KarciFANN,111,35,0.014588344505865866,0.9316965690903368,0.015990709776857303,0.9269607843137255,2.5794205355136066
dry_bean,KarciFANN,111,36,0.014679484718877787,0.9329556185080264,0.0159323049191609,0.9294117647058824,3.11605865365227
dry_bean,KarciFANN,111,37,0.01485054503270616,0.9297030741789949,0.01640689121118503,0.9240196078431373,3.284997414489125
dry_bean,KarciFANN,111,38,0.014560708706134403,0.9337949847864861,0.01595328189814909,0.928921568627451,3.8249803394255295
dry_bean,KarciFANN,111,39,0.0144359623514601,0.9316965690903368,0.015905374748798242,0.925,3.1921830720041826
dry_bean,KarciFANN,111,40,0.014396736351584337,0.9329556185080264,0.015939229981316902,0.9279411764705883,3.2668915833224377
dry_bean,KarciFANN,111,41,0.014508608054696785,0.9309621235966845,0.016040397186837137,0.9245098039215687,3.2502970764663335
dry_bean,KarciFANN,111,42,0.014497153814713096,0.9324310145839891,0.015926727883580186,0.9279411764705883,4.791032603975568
dry_bean,KarciFANN,111,43,0.01446708634285226,0.933060539292834,0.01593466725781874,0.9294117647058824,3.4116502024587656
dry_bean,KarciFANN,111,44,0.014514656846969969,0.9314867275207218,0.016220766377185267,0.9225490196078432,3.1447284086621736
dry_bean,KarciFANN,111,45,0.014286068393997814,0.9327457769384115,0.015788377008964325,0.9279411764705883,2.790761531537939
dry_bean,KarciFANN,111,46,0.014272287620917304,0.933060539292834,0.015935045660316314,0.9259803921568628,3.23963985982787
dry_bean,KarciFANN,111,47,0.01438736109726869,0.933060539292834,0.016126217320475915,0.9254901960784314,2.8962597076362004
dry_bean,KarciFANN,111,48,0.014230760383863839,0.932640856153604,0.01583904686639673,0.9245098039215687,3.2247426590840007
dry_bean,KarciFANN,111,49,0.014146345385260158,0.9337949847864861,0.015756289902419632,0.9313725490196079,4.293218873573412
dry_bean,KarciFANN,111,50,0.01414434306455578,0.9341097471409087,0.015871526206002146,0.9279411764705883,3.3283395340102797
dry_bean,KarciFANN,111,51,0.01430049720190371,0.9322211730143741,0.016117625920824254,0.9235294117647059,2.8880154848119846
dry_bean,KarciFANN,111,52,0.014204331592927376,0.9332703808624488,0.015821473817767603,0.9264705882352942,3.38773591748648
dry_bean,KarciFANN,111,53,0.014830492553407714,0.9291784702549575,0.01681858515915072,0.9191176470588235,5.61927589299171
dry_bean,KarciFANN,111,54,0.014019732357152561,0.9334802224320637,0.015832215132351887,0.9284313725490196,2.9486233303044136
dry_bean,KarciFANN,111,55,0.014292557341655776,0.9347392718497535,0.016183095532001302,0.9254901960784314,2.8246175061485017
dry_bean,KarciFANN,111,56,0.0141054921668782,0.9333753016472564,0.0160478562594945,0.9264705882352942,2.8856267862322915
dry_bean,KarciFANN,111,57,0.014173074122145208,0.934634351064946,0.01601653395502384,0.9254901960784314,4.77678443151105
dry_bean,KarciFANN,111,58,0.01408367295472052,0.9333753016472564,0.015959075929383892,0.925,2.8620848572463498
dry_bean,KarciFANN,111,59,0.014215720202209877,0.9338999055712937,0.016119578527217387,0.9245098039215687,3.4541191475215234
dry_bean,KarciFANN,111,60,0.0139848787538255,0.9338999055712937,0.015862338674464214,0.9269607843137255,2.7962175620104417
dry_bean,KarciFANN,112,1,0.057576485294721085,0.8323365858776623,0.057676306881430446,0.8299019607843138,1.4905014219178765
dry_bean,KarciFANN,112,2,0.041403104925698875,0.8786066519777568,0.041714630292153845,0.8740196078431373,1.738557784716734
dry_bean,KarciFANN,112,3,0.031860509809206135,0.907879550939041,0.03235182967822808,0.9014705882352941,2.1369908839258382
dry_bean,KarciFANN,112,4,0.022587073238961374,0.9177421047109432,0.023293690671149475,0.9161764705882353,2.2831144298503556
dry_bean,KarciFANN,112,5,0.0194003135627686,0.9219389361032421,0.020120805057221365,0.921078431372549,2.8313248187306264
dry_bean,KarciFANN,112,6,0.01838744246419098,0.9195257580526702,0.01919430958341846,0.9200980392156862,2.6842927744312863
dry_bean,KarciFANN,112,7,0.017954384056387652,0.9197355996222851,0.018796880596125793,0.9166666666666666,2.6786062883064217
dry_bean,KarciFANN,112,8,0.01748760846872798,0.9192109956982478,0.018424127127789264,0.9166666666666666,4.009943439909964
dry_bean,KarciFANN,112,9,0.016720096112691072,0.9236176686601616,0.01756667925766765,0.921078431372549,2.6769969565434026
dry_bean,KarciFANN,112,10,0.016484731245172378,0.9254013220018886,0.017446357171238512,0.9220588235294118,3.1387977420208903
dry_bean,KarciFANN,112,11,0.01641340411285776,0.9245619557234288,0.017423638419747384,0.9230392156862746,2.5800062720346597
dry_bean,KarciFANN,112,12,0.01626725069458657,0.9268702129891931,0.017170376793532782,0.9254901960784314,2.3480106285212745
dry_bean,KarciFANN,112,13,0.01630580726839684,0.9245619557234288,0.017305688122146543,0.9205882352941176,3.2502421269222816
dry_bean,KarciFANN,112,14,0.01632143403990777,0.922148777672857,0.017341614060779668,0.9176470588235294,3.104557172818101
dry_bean,KarciFANN,112,15,0.0158753139696803,0.9267652922043856,0.01686378522833928,0.9235294117647059,2.7043643111898916
dry_bean,KarciFANN,112,16,0.015924811724735397,0.9265554506347707,0.01692813269317524,0.9259803921568628,3.2338046922517134
dry_bean,KarciFANN,112,17,0.015625098364799448,0.9280243416220754,0.016764435903244067,0.9220588235294118,4.105863722007607
dry_bean,KarciFANN,112,18,0.015477939248657698,0.9279194208372679,0.01653734093595223,0.925,2.662559033167761
dry_bean,KarciFANN,112,19,0.015522810939737118,0.9261357674955408,0.01670990928645367,0.9220588235294118,2.7103235120518123
dry_bean,KarciFANN,112,20,0.015387087717820897,0.929283391039765,0.01641283148219577,0.9279411764705883,3.6745478734850043
dry_bean,KarciFANN,112,21,0.015495228781276921,0.9264505298499632,0.01667846883526582,0.9205882352941176,2.8867784340363642
dry_bean,KarciFANN,112,22,0.015187332982882074,0.929283391039765,0.016273828953941083,0.9235294117647059,2.3784404004779147
dry_bean,KarciFANN,112,23,0.01512518751569327,0.9287587871157277,0.016223586918016633,0.9235294117647059,3.1889421252883614
dry_bean,KarciFANN,112,24,0.015132885962464546,0.9300178365334173,0.01629107200000258,0.9254901960784314,2.5117094117190146
dry_bean,KarciFANN,112,25,0.015201050655664147,0.9301227573182247,0.01631807258507798,0.9294117647058824,3.389646375621608
dry_bean,KarciFANN,112,26,0.01549009923194934,0.9285489455461127,0.016791994366757924,0.9191176470588235,3.097999578336011
dry_bean,KarciFANN,112,27,0.015024478199083008,0.9306473612422621,0.01609440081458504,0.9284313725490196,2.675409462393131
dry_bean,KarciFANN,112,28,0.014911289804187,0.9313818067359144,0.01598561095400796,0.9299019607843138,2.7733652695536297
dry_bean,KarciFANN,112,29,0.01481612623167269,0.9300178365334173,0.016013662138041198,0.9259803921568628,3.0659500627031804
dry_bean,KarciFANN,112,30,0.01483287756832263,0.929283391039765,0.01613527101894079,0.9235294117647059,3.428306416816965
dry_bean,KarciFANN,112,31,0.014829635810545475,0.931067044381492,0.016123936451183436,0.925,3.6547749868576895
dry_bean,KarciFANN,112,32,0.015119418326038896,0.9313818067359144,0.016311437034569443,0.9259803921568628,2.830815358719958
dry_bean,KarciFANN,112,33,0.01506386263162576,0.9311719651662994,0.01627010703790343,0.9269607843137255,3.384055040316683
dry_bean,KarciFANN,112,34,0.014846407122204561,0.9312768859511069,0.016204386105966303,0.921078431372549,2.904665330474195
dry_bean,KarciFANN,112,35,0.014885871864446173,0.9305424404574546,0.016330032436072058,0.9230392156862746,3.0344194122724635
dry_bean,KarciFANN,112,36,0.014623003783409569,0.9322211730143741,0.01598813184621334,0.9245098039215687,3.5903927341801856
dry_bean,KarciFANN,112,37,0.014656328038241104,0.9309621235966845,0.016036723886175722,0.9259803921568628,3.8529501071161887
dry_bean,KarciFANN,112,38,0.014575355652136404,0.9319064106599517,0.01590454130323047,0.9284313725490196,3.162457563407933
dry_bean,KarciFANN,112,39,0.014511723985379709,0.9324310145839891,0.015899679991429702,0.9259803921568628,3.5159710481875384
dry_bean,KarciFANN,112,40,0.014446004547492822,0.9314867275207218,0.015860818761018285,0.9269607843137255,2.7215785373267583
dry_bean,KarciFANN,112,41,0.014403970457525369,0.9324310145839891,0.015843907398547626,0.9254901960784314,4.139575430529978
dry_bean,KarciFANN,112,42,0.01443580844387787,0.9328506977232189,0.015934864580871563,0.9235294117647059,3.6586323870280473
dry_bean,KarciFANN,112,43,0.014522132974661452,0.932640856153604,0.01585570225534112,0.9259803921568628,3.1083008190718027
dry_bean,KarciFANN,112,44,0.014687468807661797,0.9315916483055293,0.016313693551616944,0.9215686274509803,3.1295021787663555
dry_bean,KarciFANN,112,45,0.014579554303931375,0.932640856153604,0.016014067106691343,0.9279411764705883,5.239816401063597
dry_bean,KarciFANN,112,46,0.014364431848166544,0.9340048263561012,0.01576349401305054,0.9294117647058824,3.275433664932147
dry_bean,KarciFANN,112,47,0.014561102133816678,0.932640856153604,0.015938431590183006,0.9284313725490196,3.3400972259571673
dry_bean,KarciFANN,112,48,0.014354132724622121,0.9335851432168712,0.01590390862162016,0.9264705882352942,2.948774089152146
dry_bean,KarciFANN,112,49,0.014477050797240551,0.933060539292834,0.016132987361867836,0.921078431372549,3.8403603637641632
dry_bean,KarciFANN,112,50,0.01432423846913748,0.9338999055712937,0.015881817916920987,0.9303921568627451,3.0901738148518794
dry_bean,KarciFANN,112,51,0.014215932398381302,0.9336900640016788,0.01580347898736756,0.9294117647058824,3.1794942664363566
dry_bean,KarciFANN,112,52,0.014293623118593094,0.9335851432168712,0.01606082561671117,0.9235294117647059,3.1960715832719626
dry_bean,KarciFANN,112,53,0.014262470834102906,0.9321162522295666,0.015779883272097426,0.9259803921568628,4.015631362321626
dry_bean,KarciFANN,112,54,0.014688765198870413,0.9332703808624488,0.01652210743066149,0.9225490196078432,3.3570907996839026
dry_bean,KarciFANN,112,55,0.014199944542705728,0.933060539292834,0.015714241024367085,0.9274509803921569,2.978274770691187
dry_bean,KarciFANN,112,56,0.014213557270462907,0.9337949847864861,0.015785046935921625,0.9264705882352942,4.092203379061524
dry_bean,KarciFANN,112,57,0.014259844829864811,0.932640856153604,0.01581592208006486,0.9303921568627451,2.6614494285479147
dry_bean,KarciFANN,112,58,0.01410726969860587,0.9353687965585983,0.01569532934267223,0.928921568627451,2.751975105914564
dry_bean,KarciFANN,112,59,0.014220583557815053,0.9338999055712937,0.015942797046191302,0.9240196078431373,2.9478849444786492
dry_bean,KarciFANN,112,60,0.014396712110165072,0.9350540342041759,0.015972302143004435,0.9279411764705883,3.059554872609455
dry_bean,KarciFANN,113,1,0.05621158492996317,0.8488091490924352,0.056507629848691336,0.8450980392156863,1.3639733303047403
dry_bean,KarciFANN,113,2,0.038194306706009054,0.8950792151925296,0.03867773769887228,0.8867647058823529,1.917458353963084
dry_bean,KarciFANN,113,3,0.027706709336277724,0.9137551148882593,0.028444943541088688,0.9098039215686274,2.212886089545261
dry_bean,KarciFANN,113,4,0.021161348717611914,0.9181617878501731,0.021981537443522776,0.9166666666666666,2.272793112022521
dry_bean,KarciFANN,113,5,0.019087966224249745,0.9218340153184346,0.019852417170417847,0.9205882352941176,2.359609520330249
dry_bean,KarciFANN,113,6,0.01774863092257215,0.9245619557234288,0.018575081865683088,0.921078431372549,2.854712581438604
dry_bean,KarciFANN,113,7,0.01710441957575835,0.9245619557234288,0.01785234464866923,0.9230392156862746,3.4815179485329564
dry_bean,KarciFANN,113,8,0.016715247902759602,0.9241422725841989,0.01757429714947838,0.9215686274509803,2.545010109310839
dry_bean,KarciFANN,113,9,0.01646051662084177,0.9268702129891931,0.01725225354271837,0.9220588235294118,3.5283815987036786
dry_bean,KarciFANN,113,10,0.016222397352824835,0.925506242786696,0.01716211314634092,0.921078431372549,4.197352200132039
dry_bean,KarciFANN,113,11,0.01602932262789919,0.9273948169132306,0.016962649467579593,0.9220588235294118,3.0459855720761055
dry_bean,KarciFANN,113,12,0.01589500666081464,0.9261357674955408,0.016956534301498464,0.9220588235294118,2.8831368340023786
dry_bean,KarciFANN,113,13,0.015759451377675447,0.9270800545588082,0.016858524194495166,0.9230392156862746,2.671425357114161
dry_bean,KarciFANN,113,14,0.015608582155815483,0.9279194208372679,0.01667248566944755,0.9245098039215687,2.7655770082728006
dry_bean,KarciFANN,113,15,0.015468218301403167,0.9285489455461127,0.016667251497872827,0.9245098039215687,2.737526203718784
dry_bean,KarciFANN,113,16,0.015405327190454123,0.9282341831916903,0.01653895685356279,0.925,3.1564649665538274
dry_bean,KarciFANN,113,17,0.015371425018503205,0.9289686286853426,0.016485623553026293,0.9245098039215687,3.4631172702426958
dry_bean,KarciFANN,113,18,0.015300689545886493,0.9299129157486098,0.01643015089155284,0.9254901960784314,3.1233765226840893
dry_bean,KarciFANN,113,19,0.015173448231068356,0.9301227573182247,0.016337459762753314,0.925,2.715373073742265
dry_bean,KarciFANN,113,20,0.015195467204124595,0.930857202811877,0.016550295632394123,0.925,3.160979519109545
dry_bean,KarciFANN,113,21,0.015025234250403108,0.9302276781030322,0.016262112921422982,0.925,3.405851648304895
dry_bean,KarciFANN,113,22,0.015095038351495569,0.9299129157486098,0.016382900478915215,0.9274509803921569,3.4838628242043503
dry_bean,KarciFANN,113,23,0.014979880029072674,0.9302276781030322,0.016343874976326344,0.9259803921568628,2.704220024924844
dry_bean,KarciFANN,113,24,0.014885301147709076,0.9300178365334173,0.016346810324432273,0.9235294117647059,2.9393591918442183
dry_bean,KarciFANN,113,25,0.01480843114030504,0.9298079949638023,0.01616565073025518,0.9264705882352942,3.3229339904390227
dry_bean,KarciFANN,113,26,0.01476672002844513,0.9309621235966845,0.016278602091672985,0.9274509803921569,3.2464151426558336
dry_bean,KarciFANN,113,27,0.015582327526292033,0.9288637079005351,0.017093797908201896,0.9240196078431373,4.021461417720473
dry_bean,KarciFANN,113,28,0.014841382669632879,0.9307522820270696,0.016446750715695714,0.921078431372549,4.548424171492956
dry_bean,KarciFANN,113,29,0.014729595145982858,0.9322211730143741,0.01614496968090832,0.9264705882352942,2.881649808929153
dry_bean,KarciFANN,113,30,0.014839439616082363,0.9320113314447592,0.016344092942294986,0.9269607843137255,2.8947282959752503
dry_bean,KarciFANN,113,31,0.014519278646377486,0.9318014898751442,0.01598501195648825,0.9303921568627451,3.0529811108180276
dry_bean,KarciFANN,113,32,0.014707096114640349,0.9305424404574546,0.016316018992831978,0.9254901960784314,3.2716426574813053
dry_bean,KarciFANN,113,33,0.01455959296825367,0.9321162522295666,0.016174525166864934,0.9269607843137255,2.6594717803708465
dry_bean,KarciFANN,113,34,0.014488768276658638,0.932640856153604,0.016164512997685482,0.9269607843137255,3.126266808629151
dry_bean,KarciFANN,113,35,0.014426719923132948,0.9327457769384115,0.015975545286938737,0.928921568627451,3.694877387782067
dry_bean,KarciFANN,113,36,0.014422138835433373,0.9320113314447592,0.016113082966159934,0.9274509803921569,4.043210162936969
dry_bean,KarciFANN,113,37,0.014502321365001769,0.933060539292834,0.016043289191309474,0.9274509803921569,4.317764486919107
dry_bean,KarciFANN,113,38,0.014319253422286822,0.9328506977232189,0.015834481831648924,0.9308823529411765,4.062537761763753
dry_bean,KarciFANN,113,39,0.014305681412435479,0.932640856153604,0.016128242994358024,0.9269607843137255,3.604882095946177
dry_bean,KarciFANN,113,40,0.014266225747233074,0.9332703808624488,0.015924135882158196,0.9294117647058824,3.4271325101895243
dry_bean,KarciFANN,113,41,0.014235898960530713,0.9338999055712937,0.01597402917936814,0.9313725490196079,3.06179617857441
dry_bean,KarciFANN,113,42,0.014378534840982284,0.9333753016472564,0.016069798096948144,0.9269607843137255,4.086731529735935
dry_bean,KarciFANN,113,43,0.014223427770786811,0.933060539292834,0.016042715174638813,0.9245098039215687,2.48895110337529
dry_bean,KarciFANN,113,44,0.014197962096099762,0.933060539292834,0.016094753494292156,0.9259803921568628,3.049860061512492
dry_bean,KarciFANN,113,45,0.014598391658227121,0.9305424404574546,0.016608686635835816,0.925,3.344834369712789
dry_bean,KarciFANN,113,46,0.01417294186373307,0.9338999055712937,0.015986241461087618,0.925,3.479973755940591
dry_bean,KarciFANN,113,47,0.014098555265316882,0.9333753016472564,0.01607725867293618,0.9254901960784314,2.3310611000329264
dry_bean,KarciFANN,113,48,0.014169667826561802,0.9318014898751442,0.016084699280809148,0.9264705882352942,2.656528846568923
dry_bean,KarciFANN,113,49,0.014109431200035,0.9341097471409087,0.015822036984948037,0.9308823529411765,4.075508494111444
dry_bean,KarciFANN,113,50,0.014193554914800087,0.9329556185080264,0.016144298431409528,0.9264705882352942,3.23203493040697
dry_bean,KarciFANN,113,51,0.014144567918603192,0.9338999055712937,0.015955260243789793,0.9269607843137255,3.387440796344102
dry_bean,KarciFANN,113,52,0.014038273425995234,0.9333753016472564,0.01600356349709784,0.9279411764705883,2.542060552140716
dry_bean,KarciFANN,113,53,0.014422484779246484,0.9344245094953311,0.01627001818159478,0.9235294117647059,3.2431769608359455
dry_bean,KarciFANN,113,54,0.014002779029025381,0.9341097471409087,0.015922406313622527,0.9294117647058824,3.1237929015170707
dry_bean,KarciFANN,113,55,0.01402530672056119,0.9348441926345609,0.015918301215103667,0.9284313725490196,3.7201590672651057
dry_bean,KarciFANN,113,56,0.013910858597788019,0.9344245094953311,0.015916631242030955,0.928921568627451,3.4834543453953937
dry_bean,KarciFANN,113,57,0.01400540292168868,0.9349491134193684,0.01586735474061161,0.9284313725490196,3.3756504323143757
dry_bean,KarciFANN,113,58,0.013963032233762624,0.9349491134193684,0.016055446127109105,0.9274509803921569,3.5717672490275754
dry_bean,KarciFANN,113,59,0.013903342525375997,0.9341097471409087,0.015916014809562357,0.9269607843137255,6.137728392911248
dry_bean,KarciFANN,113,60,0.01387889637191798,0.9356835589130207,0.015857041671209826,0.9284313725490196,3.0973514273587135
dry_bean,KarciFANN,114,1,0.05731861699533974,0.8629734550414437,0.057600448465841704,0.8627450980392157,1.4017355971214736
dry_bean,KarciFANN,114,2,0.04118656082855833,0.8895184135977338,0.04179361874398459,0.8867647058823529,1.7665322107228987
dry_bean,KarciFANN,114,3,0.03014440154517214,0.9119714615465324,0.03086160326902066,0.9102941176470588,2.141168878467532
dry_bean,KarciFANN,114,4,0.02246441905825924,0.9160633721540237,0.023333336093030548,0.9093137254901961,2.738048738934709
dry_bean,KarciFANN,114,5,0.019601537694679472,0.9208897282551674,0.020448023613672924,0.9186274509803921,2.9520981236200865
dry_bean,KarciFANN,114,6,0.018402476138969674,0.9228832231665093,0.019200601105613634,0.9205882352941176,2.523369830565799
dry_bean,KarciFANN,114,7,0.01790497934302791,0.922148777672857,0.018772592775175182,0.9200980392156862,3.132247722449227
dry_bean,KarciFANN,114,8,0.017639194963099878,0.9215192529640122,0.01850996318829542,0.9176470588235294,2.7553417321419507
dry_bean,KarciFANN,114,9,0.016823943130629626,0.9258210051411184,0.01766455817090909,0.9225490196078432,3.106891832928465
dry_bean,KarciFANN,114,10,0.016597671465262764,0.9260308467107334,0.01744561748118446,0.9254901960784314,3.320576521741687
dry_bean,KarciFANN,114,11,0.016389235008812404,0.9265554506347707,0.01726488783265165,0.9225490196078432,2.6286451486978146
dry_bean,KarciFANN,114,12,0.01622866742110864,0.925506242786696,0.017101322258396515,0.9215686274509803,2.8546818265288927
dry_bean,KarciFANN,114,13,0.01624481428541289,0.9262406882803483,0.01721587756191808,0.921078431372549,2.9572084054903147
dry_bean,KarciFANN,114,14,0.01587741840647556,0.9265554506347707,0.01683411582211333,0.9230392156862746,2.866867069904737
dry_bean,KarciFANN,114,15,0.0157820787003798,0.9284440247613052,0.01671973760788353,0.9269607843137255,3.294593301910365
dry_bean,KarciFANN,114,16,0.015844504247548682,0.9273948169132306,0.016837804398637857,0.9240196078431373,2.867592829678965
dry_bean,KarciFANN,114,17,0.015554783079023035,0.9287587871157277,0.016689492115267827,0.9235294117647059,2.98611427386283
dry_bean,KarciFANN,114,18,0.015412075965544976,0.9285489455461127,0.01655370241862802,0.9279411764705883,3.3754026536113613
dry_bean,KarciFANN,114,19,0.015317307632610161,0.9295981533941874,0.016468626695824468,0.9269607843137255,3.026672519914222
dry_bean,KarciFANN,114,20,0.015427552242641735,0.9304375196726472,0.01653147462663748,0.928921568627451,2.87267524431383
dry_bean,KarciFANN,114,21,0.015180207018125358,0.9297030741789949,0.01625764965078744,0.9274509803921569,2.7654528384923913
dry_bean,KarciFANN,114,22,0.015181981843719307,0.9282341831916903,0.016422528781705633,0.9235294117647059,3.4243741983897307
dry_bean,KarciFANN,114,23,0.015181790090763517,0.9283391039764978,0.016454020960670813,0.9225490196078432,3.0886442590678227
dry_bean,KarciFANN,114,24,0.015085192634511139,0.9288637079005351,0.016326414663433222,0.9264705882352942,2.9531039995078854
dry_bean,KarciFANN,114,25,0.01496167107761399,0.9299129157486098,0.016195937792153,0.9274509803921569,3.949577645036428
dry_bean,KarciFANN,114,26,0.014974417133801541,0.9300178365334173,0.016375394933925088,0.9240196078431373,2.7646897258146574
dry_bean,KarciFANN,114,27,0.015216853672493652,0.9305424404574546,0.016384825302482635,0.9299019607843138,3.4425697602223218
dry_bean,KarciFANN,114,28,0.0148564774451164,0.9315916483055293,0.01630230288113319,0.9259803921568628,2.874706397096693
dry_bean,KarciFANN,114,29,0.014899453997337503,0.9325359353687965,0.016223299020378182,0.9274509803921569,3.7295239444794324
dry_bean,KarciFANN,114,30,0.014742727238828362,0.9321162522295666,0.01597326630045396,0.9274509803921569,4.681187037721987
dry_bean,KarciFANN,114,31,0.014747708388311126,0.9334802224320637,0.015980301559635392,0.9284313725490196,3.0063623819270737
dry_bean,KarciFANN,114,32,0.01496851826717609,0.9316965690903368,0.016102727388363384,0.9303921568627451,4.83928644862214
dry_bean,KarciFANN,114,33,0.014656134150212182,0.9323260937991816,0.016030341963968218,0.9259803921568628,2.7201349559073065
dry_bean,KarciFANN,114,34,0.014790234137998544,0.9343195887105236,0.016073835363787245,0.9274509803921569,3.0433764018830116
dry_bean,KarciFANN,114,35,0.014563289171296692,0.9318014898751442,0.016141716390398037,0.9259803921568628,3.544960333650466
dry_bean,KarciFANN,114,36,0.014749128579372184,0.9314867275207218,0.015947907338182108,0.9259803921568628,3.2031867128766933
dry_bean,KarciFANN,114,37,0.01473306543773204,0.9329556185080264,0.0161510423391422,0.9274509803921569,3.9241650003968505
dry_bean,KarciFANN,114,38,0.014487782761718545,0.9324310145839891,0.01593233640322182,0.9269607843137255,3.1236244361023275
dry_bean,KarciFANN,114,39,0.014493946428546995,0.9332703808624488,0.016008312908059742,0.9274509803921569,3.1401078595861707
dry_bean,KarciFANN,114,40,0.014561769076957934,0.9327457769384115,0.016065936596728583,0.9269607843137255,3.827421936277115
dry_bean,KarciFANN,114,41,0.01447523610872418,0.9319064106599517,0.015847036322152813,0.9274509803921569,3.607212598894987
dry_bean,KarciFANN,114,42,0.014372491058902358,0.9323260937991816,0.01591637292425007,0.9284313725490196,4.115649911507574
dry_bean,KarciFANN,114,43,0.014476196288617814,0.9320113314447592,0.016061389354139557,0.9264705882352942,3.019525748956027
dry_bean,KarciFANN,114,44,0.014302317085292504,0.9316965690903368,0.01577126446503297,0.928921568627451,3.577830930785679
dry_bean,KarciFANN,114,45,0.014359030498556882,0.9325359353687965,0.015965563703721704,0.9284313725490196,3.444648864767667
dry_bean,KarciFANN,114,46,0.014305140545304003,0.9325359353687965,0.01580143524538336,0.9303921568627451,3.307796867444757
dry_bean,KarciFANN,114,47,0.014256791171723982,0.9322211730143741,0.015707872773097115,0.9294117647058824,2.8956001552768416
dry_bean,KarciFANN,114,48,0.014296236967583476,0.9341097471409087,0.015982627183107098,0.9264705882352942,3.099177084802811
dry_bean,KarciFANN,114,49,0.014258611472631052,0.9336900640016788,0.015918729721864592,0.9279411764705883,3.1511826175181175
dry_bean,KarciFANN,114,50,0.014167141536004017,0.9328506977232189,0.015684295014758567,0.928921568627451,3.230218047578399
dry_bean,KarciFANN,114,51,0.014213184962538233,0.9336900640016788,0.015795965113405905,0.9294117647058824,3.83200469676675
dry_bean,KarciFANN,114,52,0.014193030192388763,0.9338999055712937,0.015724545599233645,0.9303921568627451,3.720666972883951
dry_bean,KarciFANN,114,53,0.014211184921969289,0.933060539292834,0.0157929119628447,0.9279411764705883,2.6443819101200594
dry_bean,KarciFANN,114,54,0.01428307980718965,0.9347392718497535,0.015839894230471146,0.925,4.395692009703908
dry_bean,KarciFANN,114,55,0.014127709066353734,0.9349491134193684,0.015732019316683554,0.9294117647058824,3.6477553623564787
dry_bean,KarciFANN,114,56,0.014161605869631371,0.9334802224320637,0.015674725017304943,0.928921568627451,2.859927350347935
dry_bean,KarciFANN,114,57,0.01439700374203201,0.932640856153604,0.01613817064955823,0.9259803921568628,4.352230227678003
dry_bean,KarciFANN,114,58,0.014254559791441572,0.9352638757737908,0.015760885677622904,0.9284313725490196,3.4782569891909807
dry_bean,KarciFANN,114,59,0.014064494998935447,0.9340048263561012,0.015614604015726652,0.928921568627451,3.292984990541304
dry_bean,KarciFANN,114,60,0.014324204109882326,0.9328506977232189,0.015895403442453254,0.9264705882352942,2.71261142161459
dry_bean,KarciFANN,115,1,0.058642814788937146,0.8216346658273004,0.05888136351923415,0.8156862745098039,1.4187096479434318
dry_bean,KarciFANN,115,2,0.042488614267849,0.8990662050152135,0.04289448887459445,0.8926470588235295,1.6900824189440538
dry_bean,KarciFANN,115,3,0.03190085759446062,0.9121813031161473,0.0324127497866413,0.907843137254902,2.003222100797477
dry_bean,KarciFANN,115,4,0.02330743323245606,0.9190011541286329,0.024158327506144682,0.9176470588235294,2.1071894600927483
dry_bean,KarciFANN,115,5,0.020245407221789996,0.9190011541286329,0.021215456646453308,0.9191176470588235,2.455697825339302
dry_bean,KarciFANN,115,6,0.018689053389875438,0.9218340153184346,0.019652683065344376,0.9200980392156862,2.6952191736994484
dry_bean,KarciFANN,115,7,0.018133050186753954,0.9208897282551674,0.019167458584758434,0.9176470588235294,2.717436910842099
dry_bean,KarciFANN,115,8,0.017286327918804724,0.9242471933690064,0.018233288356367373,0.9205882352941176,2.9890119874420313
dry_bean,KarciFANN,115,9,0.016878600419468957,0.9240373517993915,0.01781867828177157,0.921078431372549,2.8574416066108297
dry_bean,KarciFANN,115,10,0.0166208763016088,0.9243521141538139,0.017602787752166053,0.9235294117647059,2.885027422082992
dry_bean,KarciFANN,115,11,0.016308811710657838,0.9242471933690064,0.017344945395642682,0.9230392156862746,2.818545323514675
dry_bean,KarciFANN,115,12,0.016436407998084237,0.9250865596474661,0.017561644801728084,0.9215686274509803,2.758088504625947
dry_bean,KarciFANN,115,13,0.01606676472652512,0.9260308467107334,0.01713171681295901,0.9259803921568628,4.0817178022499885
dry_bean,KarciFANN,115,14,0.015879379691375057,0.9283391039764978,0.017102366076219712,0.9245098039215687,2.8507356837648334
dry_bean,KarciFANN,115,15,0.015706755151868625,0.927289896128423,0.016894431387853178,0.9264705882352942,3.048308214267489
dry_bean,KarciFANN,115,16,0.015803793587007193,0.9258210051411184,0.016973362745182623,0.9269607843137255,2.8802649372275804
dry_bean,KarciFANN,115,17,0.015501968787921844,0.9290735494701501,0.016773095495241846,0.925,2.979717889730334
dry_bean,KarciFANN,115,18,0.015403320588357122,0.9286538663309202,0.016618514607820652,0.9235294117647059,3.5060635370341133
dry_bean,KarciFANN,115,19,0.01573675501171922,0.9265554506347707,0.017105111652215666,0.9200980392156862,2.863019579816452
dry_bean,KarciFANN,115,20,0.015502487211657647,0.927709579267653,0.016835923022863658,0.9205882352941176,2.4788892134672773
dry_bean,KarciFANN,115,21,0.015216048031568166,0.9283391039764978,0.01653279681520967,0.9240196078431373,3.9358748426435732
dry_bean,KarciFANN,115,22,0.015225775512274504,0.9291784702549575,0.01663572496348815,0.9215686274509803,3.9313944226111532
dry_bean,KarciFANN,115,23,0.015203455788838426,0.9299129157486098,0.016453456519725015,0.9274509803921569,4.493954975059505
dry_bean,KarciFANN,115,24,0.015030317573430894,0.9294932326093799,0.016244532726661858,0.9264705882352942,2.7512182854152014
dry_bean,KarciFANN,115,25,0.014942905497994501,0.9295981533941874,0.01627776927813419,0.9259803921568628,3.5281848028628295
dry_bean,KarciFANN,115,26,0.014994917362992766,0.9304375196726472,0.016388532405758983,0.9269607843137255,4.758158503881366
dry_bean,KarciFANN,115,27,0.014960406278094704,0.930857202811877,0.016369586947088673,0.9259803921568628,3.07853497224321
dry_bean,KarciFANN,115,28,0.014856756877585033,0.9315916483055293,0.016198868892366835,0.9269607843137255,3.7977508895108674
dry_bean,KarciFANN,115,29,0.015358549160589059,0.9301227573182247,0.016593925060748638,0.9284313725490196,2.773866777159406
dry_bean,KarciFANN,115,30,0.014765924674581259,0.9306473612422621,0.016324451619928102,0.9235294117647059,3.5224983154086007
dry_bean,KarciFANN,115,31,0.014801576931526249,0.9305424404574546,0.016294282018013775,0.9274509803921569,3.801399140012104
dry_bean,KarciFANN,115,32,0.014713527156797274,0.9314867275207218,0.016260835334395825,0.9279411764705883,3.2923371098407017
dry_bean,KarciFANN,115,33,0.014722048159001305,0.9316965690903368,0.016156986957373755,0.928921568627451,3.472274281417255
dry_bean,KarciFANN,115,34,0.01501871759716547,0.9307522820270696,0.016480757856859065,0.9259803921568628,2.740477401248962
dry_bean,KarciFANN,115,35,0.014965397276906258,0.9322211730143741,0.01635550669853502,0.9299019607843138,3.938039049094092
dry_bean,KarciFANN,115,36,0.014579046596567922,0.9324310145839891,0.016109056126014265,0.9279411764705883,3.684430969323479
dry_bean,KarciFANN,115,37,0.014563451916055487,0.9325359353687965,0.016223477561707153,0.9254901960784314,3.621647291390508
dry_bean,KarciFANN,115,38,0.014517924445856782,0.9322211730143741,0.01617923173921868,0.9279411764705883,7.137737730327253
dry_bean,KarciFANN,115,39,0.014617011298622697,0.933060539292834,0.0163299986058977,0.9254901960784314,3.737584108796898
dry_bean,KarciFANN,115,40,0.014518233174748887,0.9312768859511069,0.016132931210004527,0.9259803921568628,4.292342549838199
dry_bean,KarciFANN,115,41,0.014451164701780048,0.932640856153604,0.016051324603815493,0.9254901960784314,3.284416599771317
dry_bean,KarciFANN,115,42,0.014567351804039248,0.9327457769384115,0.01611146416545213,0.9269607843137255,4.783952867506493
dry_bean,KarciFANN,115,43,0.01442558457126788,0.9320113314447592,0.016107434308290147,0.9269607843137255,3.0700060330647476
dry_bean,KarciFANN,115,44,0.014439829217538043,0.9319064106599517,0.016088464353496087,0.9259803921568628,2.6764070486969747
dry_bean,KarciFANN,115,45,0.014454719458469684,0.933060539292834,0.016322744767847515,0.925,4.312562389401021
dry_bean,KarciFANN,115,46,0.014382226047262098,0.932640856153604,0.016140089451851594,0.9245098039215687,3.299219138406549
dry_bean,KarciFANN,115,47,0.014305609254489567,0.9329556185080264,0.016031117879543436,0.925,3.4857949185826524
dry_bean,KarciFANN,115,48,0.01462874336186731,0.9325359353687965,0.01611932190424198,0.928921568627451,3.6582863518973707
dry_bean,KarciFANN,115,49,0.014272693593952055,0.9331654600776413,0.015926176518003782,0.9294117647058824,2.8089843303627173
dry_bean,KarciFANN,115,50,0.014289022251845297,0.9319064106599517,0.015927430270668477,0.9269607843137255,3.089138689906122
dry_bean,KarciFANN,115,51,0.014489741020107498,0.9345294302801385,0.016208878245188938,0.9264705882352942,2.988198492660845
dry_bean,KarciFANN,115,52,0.01442759947411576,0.931067044381492,0.016313147664822336,0.921078431372549,3.695856783185163
dry_bean,KarciFANN,115,53,0.01423167335308159,0.932640856153604,0.016055969155093948,0.9245098039215687,3.499659008752241
dry_bean,KarciFANN,115,54,0.014188601175468775,0.9329556185080264,0.01594704069175797,0.9274509803921569,3.4036006332152957
dry_bean,KarciFANN,115,55,0.014425576324520717,0.9323260937991816,0.016357516364023963,0.9230392156862746,3.753995094145261
dry_bean,KarciFANN,115,56,0.01431930053312807,0.9327457769384115,0.015930715088382303,0.9245098039215687,2.9770480900954084
dry_bean,KarciFANN,115,57,0.014147110582013447,0.9335851432168712,0.015867018142908074,0.9259803921568628,4.705948407655285
dry_bean,KarciFANN,115,58,0.014278137394908685,0.9336900640016788,0.016200835771686208,0.9220588235294118,3.670509159010618
dry_bean,KarciFANN,115,59,0.014078455054353175,0.9344245094953311,0.015933287467729935,0.9264705882352942,4.858324694205414
dry_bean,KarciFANN,115,60,0.014097285197839777,0.9341097471409087,0.01590144021877294,0.9245098039215687,6.595100167492964
dry_bean,exp,100,1,0.04049953083581547,0.9053614521036617,0.041031684839581285,0.9044117647058824,0.9350014233988673
dry_bean,exp,100,2,0.02809541566466319,0.9113419368376875,0.028942585708816377,0.9068627450980392,0.9120492333659789
dry_bean,exp,100,3,0.02166606316645938,0.9173224215717134,0.022556102423884113,0.9117647058823529,0.9005573961535506
dry_bean,exp,100,4,0.0191749574292011,0.9225684608120869,0.020147676767577078,0.9205882352941176,0.8893512267682443
dry_bean,exp,100,5,0.0180736364125242,0.9236176686601616,0.019021566665378502,0.9215686274509803,0.8848367149829156
dry_bean,exp,100,6,0.01747989289923756,0.9248767180778512,0.018468740232151663,0.9215686274509803,0.8817077278628126
dry_bean,exp,100,7,0.017127297866560257,0.9240373517993915,0.018243175613410968,0.9205882352941176,0.8808185989996656
dry_bean,exp,100,8,0.016766225345200964,0.9254013220018886,0.017838630051949723,0.9235294117647059,0.8761144722727311
dry_bean,exp,100,9,0.016632502930956708,0.9262406882803483,0.017809909829046382,0.9205882352941176,0.8720915912185038
dry_bean,exp,100,10,0.01665471884487346,0.9262406882803483,0.017618331392689927,0.9274509803921569,0.8741853062133573
dry_bean,exp,100,11,0.01633983198965387,0.9258210051411184,0.017444271249009137,0.9196078431372549,0.8703675230205434
dry_bean,exp,100,12,0.016126224573472948,0.9270800545588082,0.017224436251215988,0.925,0.8692612969843898
dry_bean,exp,100,13,0.016240667661144133,0.9265554506347707,0.01742162586022378,0.9269607843137255,0.8701062821512922
dry_bean,exp,100,14,0.01596762394821257,0.9281292624068828,0.01717972212263389,0.9259803921568628,0.8650372093745398
dry_bean,exp,100,15,0.015814051258342714,0.9279194208372679,0.017115126517858726,0.9245098039215687,0.8678504270924171
dry_bean,exp,100,16,0.015848963903704768,0.9270800545588082,0.017058740430779266,0.9235294117647059,0.8635859621018754
dry_bean,exp,100,17,0.015676237319079803,0.927709579267653,0.016939817396142358,0.9240196078431373,0.861843535543957
dry_bean,exp,100,18,0.015591595235729566,0.9282341831916903,0.016912752003030582,0.925,0.862731534517425
dry_bean,exp,100,19,0.015546398684579268,0.9280243416220754,0.01679627860687946,0.9264705882352942,0.8598308537583511
dry_bean,exp,100,20,0.015788089926944228,0.9288637079005351,0.01706716953854567,0.9269607843137255,0.859610748506922
dry_bean,exp,100,21,0.015496673858154448,0.9293883118245725,0.01690592400896401,0.925,0.8600010627532237
dry_bean,exp,100,22,0.015408008536050679,0.927289896128423,0.016871376964507998,0.9230392156862746,0.8575111825409578
dry_bean,exp,100,23,0.01553638177868036,0.9289686286853426,0.016853040407171505,0.9269607843137255,0.8576680022628762
dry_bean,exp,100,24,0.015213301775367434,0.9290735494701501,0.01670216625471613,0.925,0.8569343962423952
dry_bean,exp,100,25,0.015182454275408331,0.9295981533941874,0.016586012444827727,0.9245098039215687,0.854509727756938
dry_bean,exp,100,26,0.015240613579366869,0.9293883118245725,0.016593303576353913,0.9240196078431373,0.8541580358776008
dry_bean,exp,100,27,0.015380463661775642,0.9298079949638023,0.016714606582836355,0.9284313725490196,0.8554574475964982
dry_bean,exp,100,28,0.015273450642603766,0.9291784702549575,0.01676756092917638,0.9269607843137255,0.8549386681626189
dry_bean,exp,100,29,0.015057270553211504,0.9302276781030322,0.01653947464181714,0.9294117647058824,0.8514150171853021
dry_bean,exp,100,30,0.015008313432988385,0.929283391039765,0.016578555636326844,0.9235294117647059,0.8527519127805296
dry_bean,exp,100,31,0.015014810545837236,0.9287587871157277,0.016561160046432283,0.9225490196078432,0.8490307674146175
dry_bean,exp,100,32,0.015069238991239332,0.9294932326093799,0.016641746446712107,0.9245098039215687,0.8513330865054952
dry_bean,exp,100,33,0.014904582502522908,0.9298079949638023,0.016522545645578594,0.9225490196078432,0.851340701155771
dry_bean,exp,100,34,0.014841808906709091,0.9298079949638023,0.016457490992048452,0.9230392156862746,0.8507859709523312
dry_bean,exp,100,35,0.014766495682748232,0.9299129157486098,0.016351414908083582,0.9269607843137255,0.8474330032895154
dry_bean,exp,100,36,0.014718291727867067,0.9311719651662994,0.016288354469056934,0.9259803921568628,0.8475746797673205
dry_bean,exp,100,37,0.015186064602369535,0.931067044381492,0.01660111098773392,0.928921568627451,0.846109149213653
dry_bean,exp,100,38,0.015000095095164392,0.9314867275207218,0.016551529018789767,0.9274509803921569,0.8447544393483085
dry_bean,exp,100,39,0.01465353579247443,0.9321162522295666,0.016328468358459722,0.9245098039215687,0.8457881904022522
dry_bean,exp,100,40,0.014926133491361425,0.9291784702549575,0.016727489394251463,0.9225490196078432,0.8455227390312196
dry_bean,exp,100,41,0.014684169976907828,0.9301227573182247,0.01650142568992083,0.9245098039215687,0.844676722871376
dry_bean,exp,100,42,0.014625151042918425,0.930857202811877,0.016235036222541167,0.925,0.8439111830304515
dry_bean,exp,100,43,0.01453191291770729,0.9321162522295666,0.016201071260217626,0.9259803921568628,0.8424503514995642
dry_bean,exp,100,44,0.014525075201765785,0.9324310145839891,0.016178359367720604,0.928921568627451,0.8453280002491885
dry_bean,exp,100,45,0.014731174964076516,0.9293883118245725,0.016662097074461008,0.9230392156862746,0.8432479700433374
dry_bean,exp,100,46,0.01453747539790732,0.9323260937991816,0.01616259899396072,0.9279411764705883,0.8429183399940375
dry_bean,exp,100,47,0.014511872399696956,0.9324310145839891,0.0162668981469902,0.9240196078431373,0.8404634419869808
dry_bean,exp,100,48,0.014544824964237776,0.9329556185080264,0.0160984929863054,0.9299019607843138,0.8423822334654123
dry_bean,exp,100,49,0.0144658495181622,0.9322211730143741,0.016204192168374015,0.9259803921568628,0.8415703063420521
dry_bean,exp,100,50,0.014381720207070245,0.933060539292834,0.016144095735135852,0.9274509803921569,0.8425912940596296
dry_bean,exp,100,51,0.014388154126051175,0.9333753016472564,0.016092238842823688,0.9259803921568628,0.8407172718079758
dry_bean,exp,100,52,0.014416503526890598,0.9333753016472564,0.01615106834247091,0.9259803921568628,0.8394177166127922
dry_bean,exp,100,53,0.01443711460273863,0.9340048263561012,0.01613082665909076,0.928921568627451,0.8355316005852548
dry_bean,exp,100,54,0.014422226402156074,0.9331654600776413,0.01624305534077356,0.928921568627451,0.8357999923013397
dry_bean,exp,100,55,0.01439246037147074,0.9342146679257161,0.016190270686032213,0.9294117647058824,0.8363860898084525
dry_bean,exp,100,56,0.0143962234050487,0.9315916483055293,0.01609425496975711,0.9269607843137255,0.8401170840081135
dry_bean,exp,100,57,0.014255465369933827,0.9336900640016788,0.01596564190890445,0.9279411764705883,0.8368807585138857
dry_bean,exp,100,58,0.01420546910461258,0.933060539292834,0.016122410306049433,0.9245098039215687,0.8358423784445529
dry_bean,exp,100,59,0.014249228051057489,0.9331654600776413,0.016270426334806,0.9240196078431373,0.8351569892428117
dry_bean,exp,100,60,0.014194938115976578,0.9325359353687965,0.016131247700867407,0.9259803921568628,0.8350543093549806
dry_bean,exp,101,1,0.040104602806045296,0.9026335116986675,0.040495741659306556,0.8995098039215687,0.9342390759505532
dry_bean,exp,101,2,0.027814675321961448,0.9126009862553772,0.028477193370212258,0.9117647058823529,0.9123580194818784
dry_bean,exp,101,3,0.021778272000784353,0.9208897282551674,0.02253919613180893,0.9186274509803921,0.9012903220513239
dry_bean,exp,101,4,0.01921231419351537,0.9213094113943973,0.020264045747514264,0.9176470588235294,0.8930062858850351
dry_bean,exp,101,5,0.01830033956644028,0.9233029063057392,0.019283803730046494,0.9235294117647059,0.8918839424797834
dry_bean,exp,101,6,0.0174598845770215,0.9248767180778512,0.0183924665014487,0.9220588235294118,0.8839932183754443
dry_bean,exp,101,7,0.01731135478301631,0.9234078270905466,0.018296979274550207,0.9215686274509803,0.8801296754627279
dry_bean,exp,101,8,0.016949917430740154,0.9226733815968944,0.017916056388199642,0.9200980392156862,0.8782553510706316
dry_bean,exp,101,9,0.01662193528133881,0.925506242786696,0.01771831080605623,0.9200980392156862,0.8802385220713238
dry_bean,exp,101,10,0.016580177247996417,0.9249816388626587,0.01773865605154994,0.9191176470588235,0.8729866932978387
dry_bean,exp,101,11,0.01651569908728828,0.9249816388626587,0.01756938052227411,0.921078431372549,0.8734704407998126
dry_bean,exp,101,12,0.01684818924880009,0.9206798866855525,0.0179760769842447,0.9200980392156862,0.873082871387989
dry_bean,exp,101,13,0.016078821097725758,0.9248767180778512,0.017193228559153857,0.9254901960784314,0.8695247373885963
dry_bean,exp,101,14,0.016445659481562624,0.9252964012170811,0.017565386228030767,0.9225490196078432,0.866768523423662
dry_bean,exp,101,15,0.015910420558051936,0.9270800545588082,0.016954642235867932,0.9235294117647059,0.866371043362275
dry_bean,exp,101,16,0.01611756937090668,0.9260308467107334,0.01733547504662015,0.9225490196078432,0.8664682346739603
dry_bean,exp,101,17,0.01573231980397406,0.9271849753436155,0.016889368057587773,0.925,0.8633319989793798
dry_bean,exp,101,18,0.015670118713455188,0.9276046584828455,0.016990664924372883,0.9230392156862746,0.8634481005306757
dry_bean,exp,101,19,0.01574622323383082,0.9262406882803483,0.017003791450891422,0.9245098039215687,0.86232087171045
dry_bean,exp,101,20,0.01549503815682871,0.9280243416220754,0.016758619799471044,0.9259803921568628,0.8594232092171079
dry_bean,exp,101,21,0.015509813658743606,0.9288637079005351,0.016885567829524065,0.9235294117647059,0.8590551599939982
dry_bean,exp,101,22,0.015360293252335528,0.9284440247613052,0.016591631606633888,0.9254901960784314,0.8586544458982441
dry_bean,exp,101,23,0.0153661794622407,0.9281292624068828,0.01666770482815827,0.9240196078431373,0.860034915313995
dry_bean,exp,101,24,0.015336520098419572,0.9278145000524604,0.0165855963665475,0.9254901960784314,0.857303080560853
dry_bean,exp,101,25,0.015249971738164992,0.9290735494701501,0.016577077205623413,0.9245098039215687,0.8557947669355179
dry_bean,exp,101,26,0.015130750595417778,0.9295981533941874,0.016539674934271477,0.9235294117647059,0.8550532882876207
dry_bean,exp,101,27,0.015075910239955118,0.929283391039765,0.016440290536261712,0.9245098039215687,0.8549210523342975
dry_bean,exp,101,28,0.01513585230378803,0.9305424404574546,0.016402103476378747,0.9284313725490196,0.8538203904701183
dry_bean,exp,101,29,0.015008923195855622,0.9289686286853426,0.016441891290295375,0.9230392156862746,0.8531804773032338
dry_bean,exp,101,30,0.015250896413748752,0.9291784702549575,0.016879219095720623,0.9205882352941176,0.8524910828026444
dry_bean,exp,101,31,0.015072433815200795,0.9289686286853426,0.01655895756649961,0.9245098039215687,0.8522943241868354
dry_bean,exp,101,32,0.014983418070081316,0.9295981533941874,0.0164244027561489,0.9274509803921569,0.8505593824074319
dry_bean,exp,101,33,0.01492869723958956,0.929283391039765,0.016487941564705157,0.9245098039215687,0.8514804516939448
dry_bean,exp,101,34,0.014814905934790021,0.9304375196726472,0.016273153248385724,0.9235294117647059,0.8494260739809709
dry_bean,exp,101,35,0.01499277224259025,0.9309621235966845,0.01644788946719503,0.9284313725490196,0.851625917362179
dry_bean,exp,101,36,0.014768384086421954,0.9311719651662994,0.016269680908252968,0.9269607843137255,0.8474819337189188
dry_bean,exp,101,37,0.014915282055063208,0.9315916483055293,0.016333714831494813,0.9279411764705883,0.8490430673613131
dry_bean,exp,101,38,0.014708626108836557,0.9298079949638023,0.01626200505474098,0.925,0.8470077778628473
dry_bean,exp,101,39,0.014919027179055792,0.9301227573182247,0.016556754810129446,0.9220588235294118,0.8450122353024522
dry_bean,exp,101,40,0.014831705200193558,0.9315916483055293,0.01631607267277728,0.9264705882352942,0.8478455357489104
dry_bean,exp,101,41,0.01467526432079058,0.9303325988878397,0.01637517863815135,0.9240196078431373,0.8459710670562679
dry_bean,exp,101,42,0.014648047739260027,0.9304375196726472,0.016155735762313588,0.925,0.8454324201495647
dry_bean,exp,101,43,0.014652708715040963,0.9302276781030322,0.016128383109004673,0.9254901960784314,0.8451474005645255
dry_bean,exp,101,44,0.014683674986199295,0.9324310145839891,0.016198050143383276,0.9274509803921569,0.8440992897817936
dry_bean,exp,101,45,0.014532400911424053,0.9309621235966845,0.016145210153607887,0.9284313725490196,0.8435717190966195
dry_bean,exp,101,46,0.014680358490178395,0.9321162522295666,0.016253054342843208,0.9269607843137255,0.8442871496342135
dry_bean,exp,101,47,0.014500026096830161,0.9302276781030322,0.016122294623689106,0.9235294117647059,0.8418940394383038
dry_bean,exp,101,48,0.014629136852621178,0.9333753016472564,0.016111897417891152,0.9254901960784314,0.8427510685098634
dry_bean,exp,101,49,0.014532723306366508,0.9314867275207218,0.01623056461664661,0.925,0.8421234037379313
dry_bean,exp,101,50,0.014430884439031056,0.9320113314447592,0.016048752337076973,0.9269607843137255,0.8427125593673385
dry_bean,exp,101,51,0.014641581751697361,0.9328506977232189,0.01627049638402707,0.9279411764705883,0.839654989818956
dry_bean,exp,101,52,0.01470736921196604,0.9337949847864861,0.016381707780712976,0.928921568627451,0.843196450206596
dry_bean,exp,101,53,0.014608907625531985,0.932640856153604,0.01615256568049834,0.9269607843137255,0.8395256967759208
dry_bean,exp,101,54,0.014382639249498346,0.9325359353687965,0.01606027032196977,0.9269607843137255,0.8382600502198838
dry_bean,exp,101,55,0.01432334410043119,0.9325359353687965,0.015970341052720504,0.9279411764705883,0.8384379945167585
dry_bean,exp,101,56,0.014547335748056936,0.931067044381492,0.016384414567186038,0.9220588235294118,0.839524135046088
dry_bean,exp,101,57,0.014522651445987725,0.9337949847864861,0.01622212366916026,0.9269607843137255,0.8382276700257221
dry_bean,exp,101,58,0.014345036163733078,0.9338999055712937,0.01601327316067717,0.9284313725490196,0.8361659634777873
dry_bean,exp,101,59,0.014279754136737646,0.9320113314447592,0.016149278569778512,0.9230392156862746,0.8375560337438508
dry_bean,exp,101,60,0.01441011611545242,0.9332703808624488,0.016021224033784892,0.9284313725490196,0.8355557166099488
dry_bean,exp,102,1,0.04067962284904916,0.907879550939041,0.04123427990857468,0.9044117647058824,0.9365056589081783
dry_bean,exp,102,2,0.026044741108190293,0.9133354317490295,0.02686909587730093,0.9098039215686274,0.9111956795779845
dry_bean,exp,102,3,0.021283439571821956,0.9177421047109432,0.022299455396033636,0.917156862745098,0.9010825294256024
dry_bean,exp,102,4,0.01893126279856804,0.9236176686601616,0.01982716526138152,0.9200980392156862,0.8913998512698983
dry_bean,exp,102,5,0.018180410244500088,0.9238275102297765,0.01905250242146341,0.9215686274509803,0.8873990996997793
dry_bean,exp,102,6,0.017527528508314946,0.9243521141538139,0.01856064381525192,0.9200980392156862,0.8848961709010389
dry_bean,exp,102,7,0.01718505131367996,0.9256111635715035,0.018050404958022855,0.9240196078431373,0.8824769393903705
dry_bean,exp,102,8,0.016917484206940937,0.925716084356311,0.017970916052169324,0.9205882352941176,0.8768365852619655
dry_bean,exp,102,9,0.016598729030405844,0.9260308467107334,0.01767833834202484,0.9225490196078432,0.8743387204200486
dry_bean,exp,102,10,0.01635392580729598,0.9264505298499632,0.017444356953203167,0.9245098039215687,0.8776736521167523
dry_bean,exp,102,11,0.016426270518056837,0.9250865596474661,0.017582189068409592,0.9254901960784314,0.872877858443988
dry_bean,exp,102,12,0.016903195091375896,0.9218340153184346,0.01812091295812047,0.9186274509803921,0.8750511563931873
dry_bean,exp,102,13,0.01613918834698156,0.9260308467107334,0.017472592771964147,0.9240196078431373,0.871211011279177
dry_bean,exp,102,14,0.015900030128568093,0.9268702129891931,0.017056582598488735,0.9259803921568628,0.8688944175831368
dry_bean,exp,102,15,0.015862861227963692,0.9276046584828455,0.017048520070312646,0.9230392156862746,0.8695269087186054
dry_bean,exp,102,16,0.01580505770039478,0.9280243416220754,0.01688136309372724,0.9245098039215687,0.8697603154707684
dry_bean,exp,102,17,0.015766002533993666,0.927709579267653,0.017000735790443932,0.9220588235294118,0.8648407889498598
dry_bean,exp,102,18,0.015613914933294414,0.9284440247613052,0.016830161129590654,0.9264705882352942,0.8644605276974612
dry_bean,exp,102,19,0.015769483135586237,0.9266603714195782,0.017079832037536255,0.9264705882352942,0.8649159143945323
dry_bean,exp,102,20,0.01546782583716365,0.9288637079005351,0.016729654843964603,0.9254901960784314,0.8634672852233853
dry_bean,exp,102,21,0.015410645957820131,0.9273948169132306,0.016789286877827474,0.9225490196078432,0.8612684741143225
dry_bean,exp,102,22,0.015411693395890342,0.9287587871157277,0.01677533161299339,0.9230392156862746,0.8620663781199949
dry_bean,exp,102,23,0.015342610646263551,0.9289686286853426,0.016872587472635422,0.925,0.8616746957454235
dry_bean,exp,102,24,0.015223191001070668,0.9284440247613052,0.01659908635947507,0.9240196078431373,0.8603586310578448
dry_bean,exp,102,25,0.015241081519481574,0.929283391039765,0.016646743976464474,0.9240196078431373,0.8600824587643616
dry_bean,exp,102,26,0.015288561210457362,0.9278145000524604,0.01674493001329459,0.9220588235294118,0.861804929713096
dry_bean,exp,102,27,0.015231887292313121,0.9288637079005351,0.016648545239030373,0.9269607843137255,0.8591195019950709
dry_bean,exp,102,28,0.015066527838861818,0.9295981533941874,0.016493576448375406,0.9240196078431373,0.8567666390506412
dry_bean,exp,102,29,0.014994154489950057,0.9297030741789949,0.016527239576668705,0.925,0.8574356561405825
dry_bean,exp,102,30,0.015051714742951918,0.9304375196726472,0.016597013686494737,0.9259803921568628,0.8540966996782416
dry_bean,exp,102,31,0.014996995611667492,0.9302276781030322,0.016468004544317433,0.9279411764705883,0.8558184821641104
dry_bean,exp,102,32,0.014946316934650731,0.929283391039765,0.01654564114245944,0.9230392156862746,0.8549426554893641
dry_bean,exp,102,33,0.014887749373251671,0.9302276781030322,0.01649077159160437,0.9225490196078432,0.85297596247963
dry_bean,exp,102,34,0.014930810748462468,0.9294932326093799,0.01643923795231522,0.9245098039215687,0.8565168535408083
dry_bean,exp,102,35,0.014822926382486366,0.9305424404574546,0.01629865150992702,0.9269607843137255,0.8517393751076348
dry_bean,exp,102,36,0.014955571050478835,0.9290735494701501,0.016538350974767097,0.9235294117647059,0.8552656818891422
dry_bean,exp,102,37,0.014844430235378916,0.9307522820270696,0.016509109336433066,0.9269607843137255,0.8515918811712849
dry_bean,exp,102,38,0.014744972051263808,0.9314867275207218,0.016375907605655878,0.9284313725490196,0.8521027804719891
dry_bean,exp,102,39,0.014973441311941232,0.9303325988878397,0.016500479587738155,0.9294117647058824,0.8518365430322055
dry_bean,exp,102,40,0.01499938563435833,0.930857202811877,0.016485664252321147,0.9299019607843138,0.8516148598506792
dry_bean,exp,102,41,0.014769288318533755,0.9301227573182247,0.01651947376195551,0.9235294117647059,0.849796946798127
dry_bean,exp,102,42,0.014758583179879409,0.9298079949638023,0.016455902530656624,0.9225490196078432,0.848696830394782
dry_bean,exp,102,43,0.014651756021304047,0.9313818067359144,0.01644164566406842,0.9235294117647059,0.8521705315379691
dry_bean,exp,102,44,0.014542936295108765,0.9316965690903368,0.01615223567901377,0.9254901960784314,0.8489765806566796
dry_bean,exp,102,45,0.014508535472560409,0.9315916483055293,0.016202107584819613,0.9269607843137255,0.8467955475092072
dry_bean,exp,102,46,0.014637032925887913,0.9320113314447592,0.01628969760825595,0.9269607843137255,0.8473065552072705
dry_bean,exp,102,47,0.014500190107283891,0.931067044381492,0.01622136776243515,0.925,0.8465923345264159
dry_bean,exp,102,48,0.01454690562240137,0.9305424404574546,0.0163660720126833,0.9230392156862746,0.844525630652599
dry_bean,exp,102,49,0.01446760944547428,0.9312768859511069,0.016224302538695112,0.9245098039215687,0.8500149239407
dry_bean,exp,102,50,0.014448025102502664,0.9325359353687965,0.016268157566414452,0.9254901960784314,0.8422076814039375
dry_bean,exp,102,51,0.014467799437681906,0.9325359353687965,0.016080319318168935,0.9299019607843138,0.8449312560815444
dry_bean,exp,102,52,0.014429468118051412,0.9319064106599517,0.016129538666381518,0.9254901960784314,0.8472757365263262
dry_bean,exp,102,53,0.01438784696521413,0.9327457769384115,0.016166808505058514,0.9274509803921569,0.8464144750944119
dry_bean,exp,102,54,0.014418016427260646,0.9323260937991816,0.016188296794115736,0.9240196078431373,0.8456615477378427
dry_bean,exp,102,55,0.014414472770986713,0.9327457769384115,0.016122639884529576,0.9284313725490196,0.8424195521116418
dry_bean,exp,102,56,0.014385479756182222,0.9329556185080264,0.016077986121537012,0.9264705882352942,0.8405391062470651
dry_bean,exp,102,57,0.014362029761063877,0.9327457769384115,0.016084641787435187,0.9254901960784314,0.8410656618177661
dry_bean,exp,102,58,0.01432179252269801,0.932640856153604,0.016015888058034874,0.9259803921568628,0.8404468446766109
dry_bean,exp,102,59,0.014268258385133972,0.9324310145839891,0.016031179558089897,0.928921568627451,0.8408912732801795
dry_bean,exp,102,60,0.014446654065842696,0.9313818067359144,0.016190410566291284,0.9240196078431373,0.840668105549917
dry_bean,exp,103,1,0.040405179773137755,0.8923512747875354,0.04081412105473339,0.8911764705882353,0.9346978422732185
dry_bean,exp,103,2,0.028438264030072623,0.9124960654705697,0.029057911218272756,0.907843137254902,0.9139240386792485
dry_bean,exp,103,3,0.02194765703177929,0.9165879760780611,0.022979181613923042,0.9127450980392157,0.9009578922451309
dry_bean,exp,103,4,0.01926844531685539,0.9231979855209317,0.020147254093270294,0.9235294117647059,0.8920081172937476
dry_bean,exp,103,5,0.018240778367047406,0.9236176686601616,0.01925650207752771,0.921078431372549,0.8873667941650978
dry_bean,exp,103,6,0.01771395649799544,0.9244570349386213,0.01864965860853048,0.9245098039215687,0.8847031351955604
dry_bean,exp,103,7,0.017280280583050846,0.9229881439513168,0.018271486094340275,0.9200980392156862,0.8806520930386017
dry_bean,exp,103,8,0.016920561997794844,0.925506242786696,0.01782059797768677,0.9245098039215687,0.8804993883529395
dry_bean,exp,103,9,0.01659021300484319,0.925506242786696,0.01764530139693171,0.9235294117647059,0.8772263852367352
dry_bean,exp,103,10,0.01635847345802385,0.9263456090651558,0.017436531770357377,0.9225490196078432,0.8725121705913895
dry_bean,exp,103,11,0.016315680109424878,0.925506242786696,0.01734727372334733,0.921078431372549,0.8693033447835257
dry_bean,exp,103,12,0.01638650073778139,0.9256111635715035,0.017562401348111753,0.9200980392156862,0.8719214411694606
dry_bean,exp,103,13,0.016517071130732353,0.9250865596474661,0.017564592434979428,0.9245098039215687,0.8687830410077275
dry_bean,exp,103,14,0.016300591415879372,0.9259259259259259,0.017392722464163686,0.9240196078431373,0.868477761118351
dry_bean,exp,103,15,0.015799860869055625,0.9281292624068828,0.01705710760728582,0.925,0.8666596069980816
dry_bean,exp,103,16,0.015729261183199207,0.9268702129891931,0.016954650659475844,0.9240196078431373,0.865785955685908
dry_bean,exp,103,17,0.015621813539990835,0.9280243416220754,0.01685269734252248,0.9235294117647059,0.8644437064053148
dry_bean,exp,103,18,0.016007584329449504,0.9252964012170811,0.017350926413650474,0.9205882352941176,0.8638656545841663
dry_bean,exp,103,19,0.015453612065521524,0.9286538663309202,0.016683568196068255,0.9235294117647059,0.8618044362735651
dry_bean,exp,103,20,0.015831347151841715,0.9236176686601616,0.017239739940885197,0.9196078431372549,0.8648374724406072
dry_bean,exp,103,21,0.015347251508375785,0.9285489455461127,0.016631675831490344,0.9235294117647059,0.8588615849782785
dry_bean,exp,103,22,0.015495387498210446,0.9294932326093799,0.0167455123027568,0.9264705882352942,0.8589530072872024
dry_bean,exp,103,23,0.015294060121718361,0.9300178365334173,0.016504360784819806,0.9259803921568628,0.859783532903323
dry_bean,exp,103,24,0.015258766324738108,0.9276046584828455,0.01663529052500651,0.9230392156862746,0.8612585678216921
dry_bean,exp,103,25,0.01540061819768864,0.9287587871157277,0.016564220834286016,0.921078431372549,0.8554822406033844
dry_bean,exp,103,26,0.01512506627608168,0.9302276781030322,0.016406337738353163,0.9254901960784314,0.8547098097103675
dry_bean,exp,103,27,0.015263919321666661,0.9273948169132306,0.016727882788772998,0.9215686274509803,0.8555939472657099
dry_bean,exp,103,28,0.015071881363148012,0.9294932326093799,0.01631748240562596,0.9269607843137255,0.8531858853950739
dry_bean,exp,103,29,0.015141398599464168,0.9307522820270696,0.01643133333155853,0.9264705882352942,0.853740796719714
dry_bean,exp,103,30,0.014971129069685079,0.9304375196726472,0.01628722241808796,0.9284313725490196,0.852859755738643
dry_bean,exp,103,31,0.015040249984918997,0.9299129157486098,0.016441346686570768,0.9225490196078432,0.8550078375698527
dry_bean,exp,103,32,0.015078730874081885,0.9290735494701501,0.01651239069186836,0.925,0.8524641626422415
dry_bean,exp,103,33,0.015146739292970017,0.9281292624068828,0.01670983759579767,0.9196078431372549,0.8486979904524605
dry_bean,exp,103,34,0.014782388387598105,0.9304375196726472,0.01616832012408547,0.9269607843137255,0.854878336619582
dry_bean,exp,103,35,0.015046673669363382,0.9280243416220754,0.01668218449324478,0.9220588235294118,0.8499641181254057
dry_bean,exp,103,36,0.014722707010992006,0.9307522820270696,0.01620703566224718,0.9259803921568628,0.8514958286953398
dry_bean,exp,103,37,0.014719897196006231,0.9303325988878397,0.01607266126830167,0.9254901960784314,0.8491379366684398
dry_bean,exp,103,38,0.014778727309044627,0.9304375196726472,0.016416812348977818,0.9235294117647059,0.845326323185632
dry_bean,exp,103,39,0.014983232332006574,0.9291784702549575,0.016643373133158987,0.9215686274509803,0.843925474713423
dry_bean,exp,103,40,0.014667998781743226,0.9307522820270696,0.0161893274634973,0.9269607843137255,0.8479549189482569
dry_bean,exp,103,41,0.014592980979701544,0.9316965690903368,0.01619292426262609,0.9240196078431373,0.8475490560085682
dry_bean,exp,103,42,0.014683595485839591,0.9301227573182247,0.016306631965111423,0.9230392156862746,0.8445879254107813
dry_bean,exp,103,43,0.014633119334901181,0.9302276781030322,0.016199211392943013,0.9245098039215687,0.8450271287730665
dry_bean,exp,103,44,0.014723784243505938,0.9324310145839891,0.01623302606777543,0.9274509803921569,0.8414543713586556
dry_bean,exp,103,45,0.014631493935773288,0.9322211730143741,0.01607676469912674,0.9264705882352942,0.8410867119387586
dry_bean,exp,103,46,0.01446802669995432,0.9312768859511069,0.01603097904671721,0.9245098039215687,0.8398404105376603
dry_bean,exp,103,47,0.014780035226924644,0.9307522820270696,0.016517415165382146,0.9225490196078432,0.8426577471090893
dry_bean,exp,103,48,0.014407604524494327,0.9328506977232189,0.01605495487495374,0.9259803921568628,0.8415634419975898
dry_bean,exp,103,49,0.014469699567590696,0.9316965690903368,0.016040322265971345,0.9264705882352942,0.8409478734882662
dry_bean,exp,103,50,0.014528384096310448,0.9327457769384115,0.016136373525135653,0.9269607843137255,0.8412783877909839
dry_bean,exp,103,51,0.014369197311699085,0.9321162522295666,0.015917457872275147,0.9254901960784314,0.8389959296705802
dry_bean,exp,103,52,0.014320238663670494,0.9323260937991816,0.015929816308175793,0.9264705882352942,0.8379942207040768
dry_bean,exp,103,53,0.014607866018194597,0.933060539292834,0.016093354848780907,0.9259803921568628,0.8373242728655983
dry_bean,exp,103,54,0.014378429733864223,0.9324310145839891,0.01603395456275026,0.9254901960784314,0.8395622314344824
dry_bean,exp,103,55,0.014603479411488323,0.930857202811877,0.01639732337357494,0.9235294117647059,0.8383606665358551
dry_bean,exp,103,56,0.014383106841661136,0.933060539292834,0.016026485588653775,0.9264705882352942,0.8373583497546983
dry_bean,exp,103,57,0.014352924145197435,0.9347392718497535,0.01595813378996625,0.9294117647058824,0.8418349696358866
dry_bean,exp,103,58,0.014371375751482613,0.9312768859511069,0.016163855167158778,0.9225490196078432,0.8373785819260503
dry_bean,exp,103,59,0.014419829483273828,0.9331654600776413,0.016089081619127133,0.9264705882352942,0.8378727710499604
dry_bean,exp,103,60,0.014298332734371547,0.9340048263561012,0.015914163948787356,0.9303921568627451,0.8369013820091903
dry_bean,exp,104,1,0.0402241377523894,0.88511174063582,0.04071393951176096,0.8735294117647059,0.9342452405297227
dry_bean,exp,104,2,0.02678185415339802,0.9156436890147939,0.027547773628147476,0.9093137254901961,0.9123198321188413
dry_bean,exp,104,3,0.02132408971878786,0.9194208372678627,0.02213009585928999,0.913235294117647,0.8993882606339139
dry_bean,exp,104,4,0.0196421459938372,0.9199454411919001,0.020515456878523988,0.9205882352941176,0.8908986375552179
dry_bean,exp,104,5,0.018126123717767263,0.9229881439513168,0.019140505283749935,0.9191176470588235,0.886190060965392
dry_bean,exp,104,6,0.017429051270783,0.9246668765082363,0.018329412033615034,0.921078431372549,0.8839707688051096
dry_bean,exp,104,7,0.017122879330216542,0.9249816388626587,0.018198503476501784,0.9200980392156862,0.8804814995078354
dry_bean,exp,104,8,0.01670726669595294,0.9250865596474661,0.01776423357288226,0.9230392156862746,0.8769655538069941
dry_bean,exp,104,9,0.016477182161681498,0.9267652922043856,0.017480925797748507,0.9245098039215687,0.8729792626488799
dry_bean,exp,104,10,0.01646512111564558,0.9250865596474661,0.017574562194968422,0.9225490196078432,0.8719050028837866
dry_bean,exp,104,11,0.01616476393322273,0.9264505298499632,0.017253522971666886,0.9254901960784314,0.8707780784272224
dry_bean,exp,104,12,0.016199620976720733,0.9258210051411184,0.017204529959399927,0.9245098039215687,0.8758802009913076
dry_bean,exp,104,13,0.016437923168134,0.9256111635715035,0.017504165372397823,0.9230392156862746,0.8704807347758793
dry_bean,exp,104,14,0.015802022650784443,0.927289896128423,0.017093603561355804,0.9240196078431373,0.8719920619764127
dry_bean,exp,104,15,0.015679029175617986,0.9283391039764978,0.016857315395251767,0.9254901960784314,0.8666033156177744
dry_bean,exp,104,16,0.015851539356596132,0.9261357674955408,0.017166108477746595,0.9215686274509803,0.8637960054116389
dry_bean,exp,104,17,0.015733572673117063,0.9283391039764978,0.016882863646425376,0.928921568627451,0.8644182924774501
dry_bean,exp,104,18,0.015770430076363817,0.9265554506347707,0.017099256367733413,0.9215686274509803,0.8605562360516525
dry_bean,exp,104,19,0.015473004218883198,0.9280243416220754,0.016889221264533467,0.9240196078431373,0.8630544707724698
dry_bean,exp,104,20,0.015760087498040743,0.9252964012170811,0.017189509297793452,0.921078431372549,0.8594792807517231
dry_bean,exp,104,21,0.015392300069084394,0.9280243416220754,0.01665332563972633,0.9279411764705883,0.8600153653089146
dry_bean,exp,104,22,0.015284201175639247,0.9270800545588082,0.016682698881687566,0.9225490196078432,0.8577797952513612
dry_bean,exp,104,23,0.015463592926560223,0.9294932326093799,0.016807599847859764,0.9284313725490196,0.8566268934224428
dry_bean,exp,104,24,0.015160635527002215,0.9287587871157277,0.016573986934660438,0.9220588235294118,0.8572377316632698
dry_bean,exp,104,25,0.015141733673638037,0.9286538663309202,0.01655704964324082,0.9230392156862746,0.859816771488892
dry_bean,exp,104,26,0.015130004547164858,0.9306473612422621,0.016366266965432814,0.9308823529411765,0.8536336805802629
dry_bean,exp,104,27,0.015061751146611955,0.9295981533941874,0.01636729878757405,0.9235294117647059,0.8534295418885952
dry_bean,exp,104,28,0.014971993918486378,0.9298079949638023,0.01630421357112156,0.9254901960784314,0.850633365110856
dry_bean,exp,104,29,0.015098288180537368,0.9294932326093799,0.016510256439546414,0.9254901960784314,0.8525879061511004
dry_bean,exp,104,30,0.014897774065977068,0.9298079949638023,0.0164306488545169,0.9245098039215687,0.8538902118697447
dry_bean,exp,104,31,0.014833743314183502,0.9306473612422621,0.016351477166280166,0.9279411764705883,0.8529426689197988
dry_bean,exp,104,32,0.01488069966872477,0.9301227573182247,0.016301337578434515,0.9240196078431373,0.8520928512338573
dry_bean,exp,104,33,0.01496915632157198,0.9311719651662994,0.016438658799573985,0.9279411764705883,0.8502911716224485
dry_bean,exp,104,34,0.014825689014779937,0.9307522820270696,0.016244098101034155,0.9259803921568628,0.8483424347219305
dry_bean,exp,104,35,0.014825879437286834,0.9293883118245725,0.01635257528406615,0.9215686274509803,0.8501083165985874
dry_bean,exp,104,36,0.014805580953794438,0.9309621235966845,0.016430454147140155,0.9225490196078432,0.846371102935262
dry_bean,exp,104,37,0.014842124058913393,0.9304375196726472,0.016488921206842526,0.9240196078431373,0.8457302178340006
dry_bean,exp,104,38,0.01504891182331178,0.9289686286853426,0.016693639503770185,0.9215686274509803,0.8474410656574322
dry_bean,exp,104,39,0.014768833396697281,0.932640856153604,0.016228080408263772,0.928921568627451,0.8462470483543796
dry_bean,exp,104,40,0.014622574886680796,0.9314867275207218,0.016240901714515553,0.925,0.8432712352118373
dry_bean,exp,104,41,0.014606091643396671,0.930857202811877,0.016242241038312108,0.9240196078431373,0.844303222418961
dry_bean,exp,104,42,0.014846350770796511,0.9298079949638023,0.016567264899710114,0.9240196078431373,0.842238136358889
dry_bean,exp,104,43,0.014529959111726708,0.9321162522295666,0.01627330684880729,0.9264705882352942,0.8440251685710818
dry_bean,exp,104,44,0.014656129826918982,0.9306473612422621,0.016401852749234235,0.9230392156862746,0.8437409021486084
dry_bean,exp,104,45,0.014563510943594319,0.932640856153604,0.016142009743829427,0.9284313725490196,0.8432141522680356
dry_bean,exp,104,46,0.014437136467579263,0.9323260937991816,0.01605772117237749,0.9279411764705883,0.843445520399128
dry_bean,exp,104,47,0.014541896016314226,0.9320113314447592,0.0163444953524901,0.9240196078431373,0.8414404789058918
dry_bean,exp,104,48,0.014436080470566636,0.933060539292834,0.01605858625496539,0.9279411764705883,0.8429142229812734
dry_bean,exp,104,49,0.014635967802699481,0.9334802224320637,0.01622790291341148,0.9284313725490196,0.8418707204780975
dry_bean,exp,104,50,0.014431514063379768,0.932640856153604,0.016122864910990742,0.9259803921568628,0.8401757496408593
dry_bean,exp,104,51,0.014643014037181042,0.9337949847864861,0.01616996227730412,0.9269607843137255,0.8398440960528435
dry_bean,exp,104,52,0.014467065299747988,0.9342146679257161,0.016059787332213176,0.9284313725490196,0.8388569337441851
dry_bean,exp,104,53,0.014366093473333173,0.9323260937991816,0.01606243892441992,0.9254901960784314,0.8410206606694892
dry_bean,exp,104,54,0.01433002840619221,0.9332703808624488,0.016185407893084303,0.9245098039215687,0.8383858936975109
dry_bean,exp,104,55,0.014296536675864592,0.9333753016472564,0.01610984111550894,0.9264705882352942,0.8401162118700234
dry_bean,exp,104,56,0.014337756042057991,0.933060539292834,0.016252229391603295,0.9264705882352942,0.8379002787627086
dry_bean,exp,104,57,0.0143237078058846,0.9340048263561012,0.01603781913073779,0.9264705882352942,0.8369128837506142
dry_bean,exp,104,58,0.014236142042156893,0.9328506977232189,0.01610987986128392,0.9245098039215687,0.8391029229118933
dry_bean,exp,104,59,0.014293422396757481,0.9342146679257161,0.016134392249445434,0.9299019607843138,0.8363507972752826
dry_bean,exp,104,60,0.014650825519851156,0.9302276781030322,0.016665391173966027,0.9215686274509803,0.8364784845066924
dry_bean,exp,105,1,0.040840923696735455,0.888259364180044,0.04121415345573102,0.8813725490196078,0.9342848326970442
dry_bean,exp,105,2,0.0279457290194176,0.9154338474451789,0.028657099524415315,0.9117647058823529,0.9142299446268324
dry_bean,exp,105,3,0.021831891607220724,0.9215192529640122,0.02271082955482371,0.9142156862745098,0.8981404473473033
dry_bean,exp,105,4,0.019846238482526386,0.9200503619767075,0.020783906403132355,0.9186274509803921,0.8936149962041251
dry_bean,exp,105,5,0.01827796680905059,0.9251914804322736,0.01928068675268644,0.9200980392156862,0.8889040889308037
dry_bean,exp,105,6,0.01802921831138047,0.92036512433113,0.019072762142695245,0.917156862745098,0.8835838128590454
dry_bean,exp,105,7,0.0171851105726479,0.9251914804322736,0.018290587023051936,0.9230392156862746,0.8797537914015192
dry_bean,exp,105,8,0.016855093785797436,0.9248767180778512,0.01792749216906699,0.9220588235294118,0.8794164904760755
dry_bean,exp,105,9,0.016810372594712703,0.9247717972930437,0.017904427395875586,0.925,0.8761258539002815
dry_bean,exp,105,10,0.01653236373122457,0.9251914804322736,0.017601907952121982,0.9235294117647059,0.8715584932393823
dry_bean,exp,105,11,0.016370800662749846,0.9271849753436155,0.01747810047967433,0.9264705882352942,0.8711889667968691
dry_bean,exp,105,12,0.016681551854510562,0.9219389361032421,0.01794318436016054,0.917156862745098,0.8725797701472129
dry_bean,exp,105,13,0.016049957558415595,0.927499737698038,0.017269069982109246,0.9259803921568628,0.87061055580341
dry_bean,exp,105,14,0.015894875094574063,0.927289896128423,0.017155745770429106,0.9240196078431373,0.8669954806105846
dry_bean,exp,105,15,0.015806911578305747,0.9270800545588082,0.017010256725475244,0.925,0.8660813735393006
dry_bean,exp,105,16,0.015710819092135113,0.9276046584828455,0.016999770157925097,0.9245098039215687,0.8663785761134274
dry_bean,exp,105,17,0.015667400823386232,0.927289896128423,0.01693009021447137,0.9235294117647059,0.8613476391830679
dry_bean,exp,105,18,0.015622473723176851,0.9281292624068828,0.01688865159700941,0.925,0.8612106055599885
dry_bean,exp,105,19,0.015589715247110553,0.927709579267653,0.01707440394876383,0.9240196078431373,0.8619370667279423
dry_bean,exp,105,20,0.015400232142865714,0.9282341831916903,0.01680457668336336,0.9235294117647059,0.8601433478557171
dry_bean,exp,105,21,0.01565153973624447,0.9285489455461127,0.016782101125191847,0.928921568627451,0.8572999095697929
dry_bean,exp,105,22,0.015387320802664781,0.9282341831916903,0.01684812763436753,0.9230392156862746,0.8571900624814054
dry_bean,exp,105,23,0.01559122042047916,0.9261357674955408,0.017094817577029277,0.9205882352941176,0.8549598240670545
dry_bean,exp,105,24,0.015205556499607939,0.929283391039765,0.016548683591390955,0.9269607843137255,0.8557767069263009
dry_bean,exp,105,25,0.015196875276754675,0.9301227573182247,0.016583195402800247,0.9225490196078432,0.8557712852935345
dry_bean,exp,105,26,0.015170333110089728,0.9289686286853426,0.016627448482322844,0.9259803921568628,0.8556161945316597
dry_bean,exp,105,27,0.015124900310414281,0.9295981533941874,0.016457252700917045,0.9294117647058824,0.8567822604550277
dry_bean,exp,105,28,0.015112355108446041,0.9297030741789949,0.016536909857587573,0.9284313725490196,0.8540145500443852
dry_bean,exp,105,29,0.015056568739398936,0.9287587871157277,0.016562790465218764,0.9230392156862746,0.8515075698164551
dry_bean,exp,105,30,0.014992147219732419,0.9304375196726472,0.016409524649279333,0.9279411764705883,0.8543591951316497
dry_bean,exp,105,31,0.015178016366891091,0.9286538663309202,0.01679053399003265,0.9235294117647059,0.8514078686540322
dry_bean,exp,105,32,0.015052661057836252,0.9301227573182247,0.01665117329002435,0.9269607843137255,0.850248166009183
dry_bean,exp,105,33,0.015059764463720504,0.9312768859511069,0.016445769502914306,0.9303921568627451,0.8507216151303526
dry_bean,exp,105,34,0.01496719229374987,0.9298079949638023,0.01653297929959289,0.9235294117647059,0.8503798544047096
dry_bean,exp,105,35,0.014816866566973874,0.9306473612422621,0.01627780708733504,0.9279411764705883,0.8475426493576014
dry_bean,exp,105,36,0.014844742900985098,0.9294932326093799,0.016338197550747002,0.9264705882352942,0.84929197336504
dry_bean,exp,105,37,0.014787569511684326,0.9307522820270696,0.016327617329653356,0.9274509803921569,0.8441488449093121
dry_bean,exp,105,38,0.014683705018844195,0.9303325988878397,0.01626711788651339,0.925,0.8430787874390673
dry_bean,exp,105,39,0.015157381159670358,0.930857202811877,0.016511194283405785,0.9284313725490196,0.8448619309506236
dry_bean,exp,105,40,0.014609671954305528,0.9312768859511069,0.01617153525364618,0.9269607843137255,0.8462364430523225
dry_bean,exp,105,41,0.014668818662711481,0.9305424404574546,0.016358047110952782,0.925,0.8448764343940749
dry_bean,exp,105,42,0.014783653486440411,0.9319064106599517,0.016416977860834618,0.9274509803921569,0.8449513776979745
dry_bean,exp,105,43,0.014604388374922204,0.9314867275207218,0.016206880805165597,0.9274509803921569,0.8456332168431018
dry_bean,exp,105,44,0.014745691409701077,0.9305424404574546,0.016315901378072938,0.9245098039215687,0.8401424379071107
dry_bean,exp,105,45,0.014529104101156766,0.9319064106599517,0.01616602806167083,0.9279411764705883,0.8430661121920253
dry_bean,exp,105,46,0.014793099956509619,0.9321162522295666,0.01630251412756131,0.9269607843137255,0.8456633847972055
dry_bean,exp,105,47,0.014561667270054136,0.9314867275207218,0.016193659167686756,0.9254901960784314,0.8409941795734153
dry_bean,exp,105,48,0.014518406834034835,0.9319064106599517,0.016179833350284462,0.9284313725490196,0.8400601053173018
dry_bean,exp,105,49,0.014684297852516254,0.9299129157486098,0.016392625085905728,0.9254901960784314,0.8407288878168716
dry_bean,exp,105,50,0.014475459902873597,0.9321162522295666,0.01623908127306176,0.9245098039215687,0.8410851688837535
dry_bean,exp,105,51,0.014769443215176134,0.9293883118245725,0.016624163758953692,0.9215686274509803,0.8437863390387794
dry_bean,exp,105,52,0.014363841769002702,0.9322211730143741,0.016045130978238682,0.9279411764705883,0.8390309192302657
dry_bean,exp,105,53,0.014344095495050297,0.9323260937991816,0.016135325671843295,0.9264705882352942,0.8383961965607534
dry_bean,exp,105,54,0.014452250906160438,0.9319064106599517,0.016138529964713978,0.928921568627451,0.8374047641528204
dry_bean,exp,105,55,0.014520688014191383,0.9315916483055293,0.016360240052741854,0.925,0.836151466025952
dry_bean,exp,105,56,0.014632841021048852,0.9327457769384115,0.016507370025360547,0.9225490196078432,0.8368252653325898
dry_bean,exp,105,57,0.014315107508638755,0.9333753016472564,0.01605013909283248,0.925,0.8344266264348512
dry_bean,exp,105,58,0.014393948206775298,0.9312768859511069,0.01605469839812686,0.9264705882352942,0.8350049669483453
dry_bean,exp,105,59,0.014338853174742561,0.9328506977232189,0.015961881698791838,0.9279411764705883,0.8334941783555875
dry_bean,exp,105,60,0.014435997355941673,0.9331654600776413,0.016097068962571067,0.9264705882352942,0.8349356382790736
dry_bean,exp,106,1,0.04066243409820478,0.8967579477494492,0.04107801580574813,0.8936274509803922,0.9326881382365554
dry_bean,exp,106,2,0.02690024530735656,0.9169027384324835,0.027724268862833096,0.9112745098039216,0.912928340154654
dry_bean,exp,106,3,0.021313751281867833,0.9182667086349806,0.0222311807714267,0.9142156862745098,0.8973498639955843
dry_bean,exp,106,4,0.019345217025635943,0.9219389361032421,0.020203705601867544,0.9240196078431373,0.8909127155326099
dry_bean,exp,106,5,0.018069099716219932,0.9240373517993915,0.019061246431401595,0.9215686274509803,0.8858460424341082
dry_bean,exp,106,6,0.01740131231707182,0.925506242786696,0.018459987936228786,0.9220588235294118,0.8805560650581569
dry_bean,exp,106,7,0.016953526590219484,0.9252964012170811,0.01797980450240358,0.9240196078431373,0.8791989238932826
dry_bean,exp,106,8,0.016850552544370886,0.9248767180778512,0.01783057683634867,0.9205882352941176,0.8781578497693089
dry_bean,exp,106,9,0.0165402481122935,0.925716084356311,0.017667293464506708,0.9230392156862746,0.8747566177823575
dry_bean,exp,106,10,0.016397312253286198,0.9262406882803483,0.017520417279783394,0.9274509803921569,0.8729523758832493
dry_bean,exp,106,11,0.016453513152052308,0.9237225894449691,0.017612967069004764,0.9191176470588235,0.8708809126263534
dry_bean,exp,106,12,0.015924256477815302,0.9259259259259259,0.01702488189830514,0.9259803921568628,0.8704171161516743
dry_bean,exp,106,13,0.016054057227398284,0.9266603714195782,0.017318563053357543,0.9225490196078432,0.8682052762453668
dry_bean,exp,106,14,0.01572015473551869,0.9270800545588082,0.017019307214834932,0.9215686274509803,0.8678679310635999
dry_bean,exp,106,15,0.015670185039181862,0.9270800545588082,0.016948983520599818,0.9284313725490196,0.8679039242075842
dry_bean,exp,106,16,0.01564277287244832,0.9281292624068828,0.016850274294160056,0.9269607843137255,0.8622922502211025
dry_bean,exp,106,17,0.01560235685432609,0.9267652922043856,0.01700325213608676,0.9215686274509803,0.8616384597260126
dry_bean,exp,106,18,0.015563078156675157,0.9305424404574546,0.016935982082952435,0.925,0.8632521440378405
dry_bean,exp,106,19,0.015478272639524724,0.9288637079005351,0.016665034168468873,0.928921568627451,0.8613947224099171
dry_bean,exp,106,20,0.015292684491426766,0.9293883118245725,0.0165348111584223,0.9264705882352942,0.8621800975686348
dry_bean,exp,106,21,0.015222326672105244,0.9286538663309202,0.016611240339589658,0.9230392156862746,0.8592271748302356
dry_bean,exp,106,22,0.015467652954318265,0.9273948169132306,0.01683515402890475,0.921078431372549,0.8572060605400803
dry_bean,exp,106,23,0.015086778116862728,0.9294932326093799,0.01650769208234057,0.9269607843137255,0.8597233974487725
dry_bean,exp,106,24,0.015308508603954413,0.9306473612422621,0.01658399563853587,0.9284313725490196,0.8557610968371907
dry_bean,exp,106,25,0.015047864232942559,0.9288637079005351,0.01644321631312414,0.9240196078431373,0.8538273307283465
dry_bean,exp,106,26,0.015014392793595342,0.9286538663309202,0.016500101411234088,0.9235294117647059,0.8545957307916825
dry_bean,exp,106,27,0.014935103624212803,0.9306473612422621,0.016416683184362187,0.9259803921568628,0.8545939075952371
dry_bean,exp,106,28,0.014968330244637562,0.930857202811877,0.016417453145331787,0.9269607843137255,0.8537574181932353
dry_bean,exp,106,29,0.014936126410394875,0.930857202811877,0.016337054059851207,0.9254901960784314,0.8525545107412128
dry_bean,exp,106,30,0.015103453527223663,0.9301227573182247,0.016433683684130233,0.9230392156862746,0.8515808146424527
dry_bean,exp,106,31,0.014999785761993893,0.9309621235966845,0.016447449753583643,0.9284313725490196,0.8536420908881966
dry_bean,exp,106,32,0.014821475619402382,0.9302276781030322,0.016442989875872234,0.925,0.8495422008987252
dry_bean,exp,106,33,0.01499150624858518,0.9293883118245725,0.016605372768206207,0.9220588235294118,0.8508220379296813
dry_bean,exp,106,34,0.014774355383269993,0.931067044381492,0.016445044509427364,0.925,0.8476494800788612
dry_bean,exp,106,35,0.014795685999809238,0.9297030741789949,0.01654795169359554,0.9235294117647059,0.8488197609943404
dry_bean,exp,106,36,0.014722266001516477,0.9313818067359144,0.016318207771858384,0.9274509803921569,0.8492775254390958
dry_bean,exp,106,37,0.014732511295438755,0.9321162522295666,0.016216449452309146,0.9284313725490196,0.8477313289848671
dry_bean,exp,106,38,0.01473137891012369,0.9314867275207218,0.016246348655523508,0.9274509803921569,0.85006091869047
dry_bean,exp,106,39,0.01462990722505096,0.930857202811877,0.016334139532592048,0.925,0.8479234301100667
dry_bean,exp,106,40,0.014631295163729468,0.933060539292834,0.016079631573127764,0.9264705882352942,0.8484187051256918
dry_bean,exp,106,41,0.01454817760031449,0.9320113314447592,0.016119710707684042,0.9259803921568628,0.8443507061207117
dry_bean,exp,106,42,0.014674823937780714,0.9299129157486098,0.016513199209339864,0.9205882352941176,0.8457341794633537
dry_bean,exp,106,43,0.014856598676003722,0.9295981533941874,0.01664344257571387,0.9230392156862746,0.8432880016231703
dry_bean,exp,106,44,0.014470294227197778,0.932640856153604,0.016080733417922984,0.9274509803921569,0.8430381773940787
dry_bean,exp,106,45,0.014432166394527185,0.932640856153604,0.016046223247696043,0.9269607843137255,0.8465044809324818
dry_bean,exp,106,46,0.014414533255938018,0.9323260937991816,0.015982020567612644,0.9274509803921569,0.8437173502456986
dry_bean,exp,106,47,0.014363922073509379,0.9329556185080264,0.016146623748953606,0.9240196078431373,0.8403549866488854
dry_bean,exp,106,48,0.014326211901899186,0.932640856153604,0.015997796942743767,0.9254901960784314,0.8438346790789548
dry_bean,exp,106,49,0.014323086162894945,0.933060539292834,0.015989192805216653,0.9284313725490196,0.8407612330707167
dry_bean,exp,106,50,0.014457615222036797,0.9341097471409087,0.016111380935995425,0.9294117647058824,0.8408602449741319
dry_bean,exp,106,51,0.014360431854957527,0.932640856153604,0.016104695935984736,0.925,0.840446325421558
dry_bean,exp,106,52,0.014294356194773396,0.9315916483055293,0.015892780989179817,0.9279411764705883,0.8387010409414435
dry_bean,exp,106,53,0.014211316303980478,0.9328506977232189,0.016021643402732287,0.9269607843137255,0.8393088329028388
dry_bean,exp,106,54,0.014286321954443343,0.9323260937991816,0.016087670353339828,0.9254901960784314,0.8386954295664706
dry_bean,exp,106,55,0.014384308036469366,0.9320113314447592,0.01604285562869682,0.9259803921568628,0.8394115467314396
dry_bean,exp,106,56,0.014191400755902441,0.9334802224320637,0.015924329619073987,0.9264705882352942,0.8365641727718031
dry_bean,exp,106,57,0.0142686261121719,0.9323260937991816,0.016151926013812448,0.9264705882352942,0.8370153055184699
dry_bean,exp,106,58,0.014313704683749226,0.9355786381282132,0.01610771680030212,0.928921568627451,0.8381031919039016
dry_bean,exp,106,59,0.014297300510915243,0.9337949847864861,0.016080452263699002,0.9269607843137255,0.8355894338922857
dry_bean,exp,106,60,0.01412195885394935,0.9331654600776413,0.015948508724847175,0.9259803921568628,0.8373559639070077
dry_bean,exp,107,1,0.04076145267003365,0.879760780610639,0.0412252410171616,0.8730392156862745,0.9310422929898476
dry_bean,exp,107,2,0.02740848394073847,0.9159584513692163,0.028160171055789756,0.9147058823529411,0.9117436700742855
dry_bean,exp,107,3,0.021921106772644056,0.9186863917742105,0.022731468832371506,0.9112745098039216,0.897598170073927
dry_bean,exp,107,4,0.019330432421441782,0.9231979855209317,0.02025084034381076,0.921078431372549,0.8911146761427083
dry_bean,exp,107,5,0.018292355872365242,0.9229881439513168,0.01922685115113796,0.9230392156862746,0.8872033670815984
dry_bean,exp,107,6,0.01796800147854276,0.922148777672857,0.0189259984872459,0.9186274509803921,0.8825700947314924
dry_bean,exp,107,7,0.017246522124184042,0.9251914804322736,0.018208742176027953,0.9245098039215687,0.8804866770684019
dry_bean,exp,107,8,0.016975159876036334,0.9240373517993915,0.018034392669953284,0.9196078431372549,0.8776074234278194
dry_bean,exp,107,9,0.01673270353999736,0.9248767180778512,0.017777650075647796,0.9196078431372549,0.8768402571466789
dry_bean,exp,107,10,0.016409606501997506,0.9260308467107334,0.01747609813102706,0.925,0.8733139985536684
dry_bean,exp,107,11,0.016279242508833048,0.9262406882803483,0.017342655497281954,0.9240196078431373,0.8690348946692071
dry_bean,exp,107,12,0.016067217129543863,0.927709579267653,0.01711138627231601,0.9254901960784314,0.86972369235606
dry_bean,exp,107,13,0.016168716476865855,0.9233029063057392,0.01733810115426203,0.9200980392156862,0.869501560888426
dry_bean,exp,107,14,0.016099686058156464,0.9265554506347707,0.017426834210948188,0.9205882352941176,0.8670156225889857
dry_bean,exp,107,15,0.015857093545522193,0.9289686286853426,0.01709587276040392,0.9245098039215687,0.8669864925278988
dry_bean,exp,107,16,0.01560892366492796,0.9279194208372679,0.01690584996938457,0.925,0.8679438856140361
dry_bean,exp,107,17,0.01600866563431705,0.9269751337740006,0.017242737904569122,0.9254901960784314,0.8638774385826862
dry_bean,exp,107,18,0.015470631537762146,0.9280243416220754,0.01677045121184493,0.9225490196078432,0.8615631878856583
dry_bean,exp,107,19,0.015367789247620677,0.9285489455461127,0.016674944120386982,0.9245098039215687,0.8607010634233876
dry_bean,exp,107,20,0.015442505381745731,0.9266603714195782,0.016804837074712118,0.9205882352941176,0.8598032864376224
dry_bean,exp,107,21,0.0154044638683099,0.9284440247613052,0.01685988925341197,0.925,0.8614054015973619
dry_bean,exp,107,22,0.015262127852758824,0.9298079949638023,0.016681486008250784,0.9220588235294118,0.8569615331641103
dry_bean,exp,107,23,0.015217329220824973,0.9303325988878397,0.01656091848422778,0.9294117647058824,0.8586261691037204
dry_bean,exp,107,24,0.015186990053470921,0.9286538663309202,0.016678637310459155,0.9240196078431373,0.8532281655768295
dry_bean,exp,107,25,0.015311063234271748,0.9302276781030322,0.01663163760785145,0.9284313725490196,0.8536865376911907
dry_bean,exp,107,26,0.015098168056215618,0.9301227573182247,0.01648252802632472,0.9245098039215687,0.8554947655666266
dry_bean,exp,107,27,0.015250663762375646,0.9302276781030322,0.016745280299899187,0.925,0.8530926075056309
dry_bean,exp,107,28,0.01495086931586394,0.9303325988878397,0.016425318723577394,0.9230392156862746,0.8536953135948886
dry_bean,exp,107,29,0.014977867179776143,0.9306473612422621,0.0164085055943665,0.9279411764705883,0.852814951356725
dry_bean,exp,107,30,0.014944921885288493,0.9301227573182247,0.016361649529081985,0.9269607843137255,0.8505984744341908
dry_bean,exp,107,31,0.01496211741722643,0.9318014898751442,0.01631423775354768,0.9279411764705883,0.848793146428736
dry_bean,exp,107,32,0.014992480782298022,0.9318014898751442,0.016497299251650284,0.9294117647058824,0.8521107828475918
dry_bean,exp,107,33,0.014873517817056833,0.9320113314447592,0.016361095743834562,0.9269607843137255,0.848244612225489
dry_bean,exp,107,34,0.01470305023490596,0.9313818067359144,0.016245220914343314,0.9264705882352942,0.8460661585310075
dry_bean,exp,107,35,0.01470305100431013,0.9312768859511069,0.01634193477675811,0.9264705882352942,0.8485302551973399
dry_bean,exp,107,36,0.014666776975921197,0.9307522820270696,0.016328510956994613,0.9245098039215687,0.8478993173826546
dry_bean,exp,107,37,0.014791920691032722,0.9314867275207218,0.016486312310916445,0.9254901960784314,0.8466257877436845
dry_bean,exp,107,38,0.01461532286471335,0.931067044381492,0.016240504647070816,0.925,0.845300772664186
dry_bean,exp,107,39,0.014629157868879975,0.9323260937991816,0.01619724221152906,0.9294117647058824,0.8461319482233237
dry_bean,exp,107,40,0.01460793955741158,0.9322211730143741,0.016230109928474682,0.9294117647058824,0.8438447937399266
dry_bean,exp,107,41,0.014523253788072545,0.932640856153604,0.016214119381967956,0.9284313725490196,0.8436147438297242
dry_bean,exp,107,42,0.014424591743803202,0.932640856153604,0.016076444742179445,0.9269607843137255,0.8427791091011955
dry_bean,exp,107,43,0.014441236455552411,0.9314867275207218,0.016107889255819248,0.9279411764705883,0.8411059060156232
dry_bean,exp,107,44,0.014447733771532004,0.9329556185080264,0.016147505526855645,0.9269607843137255,0.8422367401482195
dry_bean,exp,107,45,0.014445712420138507,0.9321162522295666,0.016015941019664554,0.9279411764705883,0.841154702762288
dry_bean,exp,107,46,0.014354382293517579,0.9316965690903368,0.016138269865817095,0.9259803921568628,0.8455970903726594
dry_bean,exp,107,47,0.014389161532425277,0.9314867275207218,0.016228295878895054,0.9264705882352942,0.8406004142573935
dry_bean,exp,107,48,0.014377405762988186,0.9340048263561012,0.016005935226995956,0.928921568627451,0.8383145610821439
dry_bean,exp,107,49,0.014439189839490059,0.9322211730143741,0.01629428153802253,0.9254901960784314,0.8383648287856008
dry_bean,exp,107,50,0.014267110510029926,0.9325359353687965,0.016084873487975913,0.9264705882352942,0.8398853650308766
dry_bean,exp,107,51,0.014416632065295054,0.9316965690903368,0.01634542406597951,0.925,0.8381452790101651
dry_bean,exp,107,52,0.014447177210982274,0.9316965690903368,0.01630502603976131,0.9240196078431373,0.8366710750601721
dry_bean,exp,107,53,0.014234571618760733,0.9321162522295666,0.016073789872355332,0.9264705882352942,0.839652798379678
dry_bean,exp,107,54,0.014248884460217019,0.9333753016472564,0.016009696988802568,0.9299019607843138,0.8370150407717366
dry_bean,exp,107,55,0.014206081788485321,0.9325359353687965,0.01603980069665815,0.9274509803921569,0.836973023362942
dry_bean,exp,107,56,0.014150825145171957,0.9333753016472564,0.016000120378354892,0.928921568627451,0.8336768180301559
dry_bean,exp,107,57,0.014232731437664153,0.9337949847864861,0.01611724345123769,0.9254901960784314,0.8353078003059687
dry_bean,exp,107,58,0.014126742203243932,0.9331654600776413,0.01593448982354886,0.9279411764705883,0.8319411040746063
dry_bean,exp,107,59,0.014129078879411006,0.9322211730143741,0.015980107706045008,0.9274509803921569,0.8349405982526041
dry_bean,exp,107,60,0.014413731836834906,0.9329556185080264,0.016452819625895572,0.9240196078431373,0.8333495800204453
dry_bean,exp,108,1,0.040384317764129755,0.8768229986360297,0.04074437686051923,0.871078431372549,0.9341002013427642
dry_bean,exp,108,2,0.026622927921884643,0.9171125800020984,0.027364255334854343,0.9127450980392157,0.9133683487851169
dry_bean,exp,108,3,0.02122676397265037,0.918371629419788,0.022111986596310283,0.917156862745098,0.900991296788709
dry_bean,exp,108,4,0.019206217965157552,0.9207848074703598,0.020163649971556463,0.9147058823529411,0.893397577170043
dry_bean,exp,108,5,0.018215020820632973,0.9226733815968944,0.0192282509520662,0.9215686274509803,0.8874251521296345
dry_bean,exp,108,6,0.01754569732849339,0.9244570349386213,0.018524789114931682,0.9230392156862746,0.8850365500204227
dry_bean,exp,108,7,0.017510942165323277,0.9234078270905466,0.01848158061387668,0.9220588235294118,0.8839785822679576
dry_bean,exp,108,8,0.01686959043136502,0.9250865596474661,0.017812829580633696,0.9235294117647059,0.878131883631764
dry_bean,exp,108,9,0.016628795833311897,0.9249816388626587,0.0177206097694281,0.9200980392156862,0.8783441654461602
dry_bean,exp,108,10,0.01634788025703377,0.9251914804322736,0.017480081792846325,0.9225490196078432,0.8755086823184562
dry_bean,exp,108,11,0.016980546223338482,0.9213094113943973,0.018229036911175063,0.9151960784313725,0.8715463481551009
dry_bean,exp,108,12,0.016030910540234703,0.927499737698038,0.017232535560846855,0.925,0.870528866171933
dry_bean,exp,108,13,0.01612487240377415,0.9268702129891931,0.017296132651768374,0.9225490196078432,0.8680496663609542
dry_bean,exp,108,14,0.01581788220767639,0.927499737698038,0.016938733775002452,0.9230392156862746,0.8681536378725718
dry_bean,exp,108,15,0.01568237014655084,0.9276046584828455,0.016914086236143887,0.9225490196078432,0.866118226091427
dry_bean,exp,108,16,0.015880679773041664,0.9260308467107334,0.016972789338024166,0.9240196078431373,0.8658947251179289
dry_bean,exp,108,17,0.015591833085285124,0.9280243416220754,0.016831738141575348,0.9215686274509803,0.8628795159324982
dry_bean,exp,108,18,0.015474639080941632,0.9269751337740006,0.016728010801500652,0.9220588235294118,0.8630924236393689
dry_bean,exp,108,19,0.015466770993658023,0.9282341831916903,0.01668622212132842,0.9264705882352942,0.8609068421441979
dry_bean,exp,108,20,0.015458752705943199,0.9265554506347707,0.016841491923849747,0.9215686274509803,0.8595481662743724
dry_bean,exp,108,21,0.01542182060775325,0.9293883118245725,0.016671746946310448,0.9264705882352942,0.8575039843086193
dry_bean,exp,108,22,0.015142632097917549,0.9293883118245725,0.01644210780000396,0.925,0.8577240129030085
dry_bean,exp,108,23,0.015202514209962254,0.927499737698038,0.016574168593156538,0.9225490196078432,0.8594611779732749
dry_bean,exp,108,24,0.015094543178293037,0.9289686286853426,0.016386799957268102,0.925,0.8575661070721159
dry_bean,exp,108,25,0.015023327129236024,0.9285489455461127,0.016463572199235953,0.9225490196078432,0.8589125985559503
dry_bean,exp,108,26,0.015011622363493335,0.9297030741789949,0.016370038781965787,0.925,0.8589894258805689
dry_bean,exp,108,27,0.015114167743568063,0.929283391039765,0.016520587896703607,0.9254901960784314,0.8558841429534255
dry_bean,exp,108,28,0.015063278337230417,0.9287587871157277,0.016542163600374356,0.9230392156862746,0.8546014239512284
dry_bean,exp,108,29,0.014891533876867603,0.9290735494701501,0.016352931574572505,0.9230392156862746,0.8509713105670703
dry_bean,exp,108,30,0.01510737585328024,0.9289686286853426,0.01651950346802073,0.9215686274509803,0.8529276815849047
dry_bean,exp,108,31,0.015038630940217373,0.9301227573182247,0.016375284877101492,0.9240196078431373,0.8512208407680295
dry_bean,exp,108,32,0.014785644967200792,0.931067044381492,0.01618344165805369,0.9279411764705883,0.8510536027545226
dry_bean,exp,108,33,0.014766713147779116,0.9294932326093799,0.01623801496571645,0.9235294117647059,0.8485238459563493
dry_bean,exp,108,34,0.014648373633166616,0.9306473612422621,0.016114269205707205,0.9259803921568628,0.8481854653714277
dry_bean,exp,108,35,0.014696956267764445,0.9307522820270696,0.016298713410847494,0.9279411764705883,0.8478577266785241
dry_bean,exp,108,36,0.015272836560977415,0.9304375196726472,0.016718056664712887,0.9274509803921569,0.8495923122526502
dry_bean,exp,108,37,0.014813468041443064,0.933060539292834,0.01627604023056756,0.9303921568627451,0.8456544858345542
dry_bean,exp,108,38,0.014554546234250901,0.930857202811877,0.016188609545806826,0.9259803921568628,0.8448717671284574
dry_bean,exp,108,39,0.014717600138918074,0.9304375196726472,0.016354294736950187,0.9240196078431373,0.845241442964274
dry_bean,exp,108,40,0.01459438871209366,0.9316965690903368,0.016076392912745166,0.9279411764705883,0.8450343436015237
dry_bean,exp,108,41,0.014580965157271402,0.9331654600776413,0.01605744085585776,0.9264705882352942,0.8435205314038372
dry_bean,exp,108,42,0.014532451416010924,0.9303325988878397,0.016048604008092333,0.9269607843137255,0.8445701537545041
dry_bean,exp,108,43,0.014405228002331757,0.9327457769384115,0.0160040352828141,0.9284313725490196,0.8429683337540611
dry_bean,exp,108,44,0.014468826502783673,0.9314867275207218,0.016217984975538783,0.9240196078431373,0.843268734924633
dry_bean,exp,108,45,0.014468605736789498,0.9321162522295666,0.016144122311058537,0.9254901960784314,0.8422490044385035
dry_bean,exp,108,46,0.014514493519287875,0.932640856153604,0.016249372039872378,0.9274509803921569,0.8426293936634041
dry_bean,exp,108,47,0.014531583756710844,0.9307522820270696,0.01641056087144998,0.9240196078431373,0.839971710505317
dry_bean,exp,108,48,0.014354201503325142,0.9313818067359144,0.016117751003416166,0.925,0.8390956061541709
dry_bean,exp,108,49,0.014350956800744621,0.9323260937991816,0.015999777307872345,0.9279411764705883,0.8446288109067781
dry_bean,exp,108,50,0.014280829456127313,0.9341097471409087,0.015921245200045186,0.9279411764705883,0.8377386988683734
dry_bean,exp,108,51,0.014639717379564474,0.9305424404574546,0.01653782270128582,0.9205882352941176,0.8367967368074418
dry_bean,exp,108,52,0.014299469734898455,0.9324310145839891,0.01613841194561717,0.9264705882352942,0.8381579726836967
dry_bean,exp,108,53,0.014238222175565295,0.9323260937991816,0.015925095738050066,0.9274509803921569,0.8364567934620923
dry_bean,exp,108,54,0.014217180037448004,0.9347392718497535,0.015896923437511215,0.9294117647058824,0.8418898521744448
dry_bean,exp,108,55,0.01437261324083381,0.9329556185080264,0.016244202988090945,0.9235294117647059,0.8370606961209226
dry_bean,exp,108,56,0.014356957652576613,0.9334802224320637,0.016018451867138437,0.9269607843137255,0.8398887404168665
dry_bean,exp,108,57,0.014218319370108569,0.9334802224320637,0.01590629248958633,0.9264705882352942,0.836172128968041
dry_bean,exp,108,58,0.01415091305379949,0.9341097471409087,0.01594944968029611,0.9279411764705883,0.8378477255936666
dry_bean,exp,108,59,0.014118460496861182,0.9324310145839891,0.0159124786814817,0.9269607843137255,0.8337454438738447
dry_bean,exp,108,60,0.014099675843229593,0.9338999055712937,0.015890608565105525,0.9274509803921569,0.8359082403478454
dry_bean,exp,109,1,0.04032559574111325,0.8900430175217711,0.04075587698755989,0.8823529411764706,0.9319158268752984
dry_bean,exp,109,2,0.027633974046134508,0.9155387682299864,0.02821311946784479,0.9166666666666666,0.9123386739459993
dry_bean,exp,109,3,0.021538195012337644,0.9197355996222851,0.02245607935810471,0.9205882352941176,0.8995343266811524
dry_bean,exp,109,4,0.019290628769861082,0.9237225894449691,0.020178750283190824,0.9230392156862746,0.8927495357751244
dry_bean,exp,109,5,0.018450450436628026,0.9222536984576645,0.019399964477566565,0.9186274509803921,0.8870794503836619
dry_bean,exp,109,6,0.017850977848294237,0.922358619242472,0.018809389309406583,0.9196078431372549,0.8841692455147128
dry_bean,exp,109,7,0.01715990908192943,0.9243521141538139,0.018087935173129375,0.9220588235294118,0.8800313164316423
dry_bean,exp,109,8,0.01682653238627819,0.9246668765082363,0.01782841759300203,0.9230392156862746,0.8762386226291694
dry_bean,exp,109,9,0.016620670525573027,0.9250865596474661,0.01757371703420573,0.9245098039215687,0.8754148451561284
dry_bean,exp,109,10,0.016330862567990188,0.9261357674955408,0.017352870590597258,0.9240196078431373,0.8695612240854853
dry_bean,exp,109,11,0.016492424862000057,0.9243521141538139,0.01751268024567198,0.9196078431372549,0.871458053977843
dry_bean,exp,109,12,0.016130482938865213,0.9264505298499632,0.017166056454885795,0.9245098039215687,0.86910158557848
dry_bean,exp,109,13,0.016050122934706385,0.9265554506347707,0.0171627389604242,0.9240196078431373,0.8684941547717987
dry_bean,exp,109,14,0.015925916401840393,0.9263456090651558,0.017130656977108086,0.9205882352941176,0.866425783622633
dry_bean,exp,109,15,0.01583096485805721,0.9262406882803483,0.017060116621135567,0.9235294117647059,0.8647183820667937
dry_bean,exp,109,16,0.015777372567381414,0.927709579267653,0.016945468288810956,0.9240196078431373,0.8643898592393667
dry_bean,exp,109,17,0.015849567926643732,0.9266603714195782,0.017093064613906837,0.9205882352941176,0.864402364625023
dry_bean,exp,109,18,0.01554944653748686,0.9278145000524604,0.01673404228330299,0.9254901960784314,0.8625672141390618
dry_bean,exp,109,19,0.01549443362047383,0.9289686286853426,0.01661703243472512,0.9299019607843138,0.8597098492831617
dry_bean,exp,109,20,0.01540380628347553,0.9287587871157277,0.016591251529004952,0.9294117647058824,0.8589210354094517
dry_bean,exp,109,21,0.015548349774960706,0.9279194208372679,0.016739050399318705,0.9245098039215687,0.8585334964109071
dry_bean,exp,109,22,0.015301693053386096,0.927499737698038,0.016671044154995554,0.9235294117647059,0.8580005456769058
dry_bean,exp,109,23,0.015264629317195562,0.9293883118245725,0.016629947519715468,0.9279411764705883,0.856411459290008
dry_bean,exp,109,24,0.01521287975082764,0.9304375196726472,0.016345136815867804,0.9294117647058824,0.8570547779165314
dry_bean,exp,109,25,0.015031471712119875,0.9285489455461127,0.016384812224444444,0.925,0.8541928318200421
dry_bean,exp,109,26,0.01500833249568892,0.9291784702549575,0.01635434089226715,0.9254901960784314,0.8538099167524136
dry_bean,exp,109,27,0.015173071856944267,0.9281292624068828,0.01660190596334514,0.9220588235294118,0.8537073778882301
dry_bean,exp,109,28,0.014978873705842994,0.9306473612422621,0.0162515165263794,0.9274509803921569,0.8557937271004592
dry_bean,exp,109,29,0.014845915990472539,0.9304375196726472,0.01616425803974329,0.9274509803921569,0.8494431248127875
dry_bean,exp,109,30,0.014996532536391214,0.9305424404574546,0.016206767054454976,0.9294117647058824,0.8518042152017157
dry_bean,exp,109,31,0.015486257549205759,0.9298079949638023,0.01684540604010684,0.9254901960784314,0.8510203606320396
dry_bean,exp,109,32,0.014755350962155231,0.9301227573182247,0.01626091188941758,0.9225490196078432,0.8481994282201398
dry_bean,exp,109,33,0.014787029914866256,0.9303325988878397,0.016322312392551885,0.9230392156862746,0.8480256187376711
dry_bean,exp,109,34,0.014728207054819477,0.9309621235966845,0.01617297868679767,0.9245098039215687,0.8476985269703655
dry_bean,exp,109,35,0.014719959313378916,0.931067044381492,0.01629061932019375,0.9230392156862746,0.8472806652887463
dry_bean,exp,109,36,0.014603426064105994,0.930857202811877,0.01602992526061379,0.9279411764705883,0.8465957099265405
dry_bean,exp,109,37,0.01464075122219,0.9303325988878397,0.016159498263964723,0.9245098039215687,0.8478807061580289
dry_bean,exp,109,38,0.014584345973574057,0.930857202811877,0.016106871654407346,0.9279411764705883,0.8446792555192453
dry_bean,exp,109,39,0.014626202394425589,0.9314867275207218,0.01606141360813496,0.9240196078431373,0.849071641065833
dry_bean,exp,109,40,0.014515765343510513,0.930857202811877,0.016088963105493775,0.9245098039215687,0.8468844041551535
dry_bean,exp,109,41,0.014991149086176277,0.9289686286853426,0.016630579642184708,0.9230392156862746,0.8429025471955685
dry_bean,exp,109,42,0.014536716622448001,0.9309621235966845,0.016175784561262372,0.9259803921568628,0.843347625037629
dry_bean,exp,109,43,0.014869896478224764,0.9324310145839891,0.016438060700648672,0.9279411764705883,0.8453353017690702
dry_bean,exp,109,44,0.01457443446995345,0.9316965690903368,0.016150285525266934,0.9264705882352942,0.8429697761096124
dry_bean,exp,109,45,0.014603934119195354,0.9305424404574546,0.01616739927496029,0.9240196078431373,0.8454433704348748
dry_bean,exp,109,46,0.014409692716234396,0.9320113314447592,0.016042259246913906,0.9254901960784314,0.8413545689138248
dry_bean,exp,109,47,0.014425619821437136,0.9321162522295666,0.015916816107984344,0.9264705882352942,0.839973074943097
dry_bean,exp,109,48,0.014398229383631783,0.9321162522295666,0.016075457069910266,0.9235294117647059,0.8460918159497332
dry_bean,exp,109,49,0.014468565989735782,0.9340048263561012,0.016035968610280057,0.9269607843137255,0.8406240661346399
dry_bean,exp,109,50,0.014368303916813801,0.9324310145839891,0.016111177349066464,0.9254901960784314,0.8402797668653931
dry_bean,exp,109,51,0.014287079013525385,0.933060539292834,0.015889416243324853,0.9269607843137255,0.8397056173823495
dry_bean,exp,109,52,0.014265390954746838,0.9325359353687965,0.01599948913201193,0.9254901960784314,0.8392192522144571
dry_bean,exp,109,53,0.014340334176093369,0.9320113314447592,0.016051800732021046,0.9225490196078432,0.8373590727874005
dry_bean,exp,109,54,0.014366582042422464,0.9323260937991816,0.01610429855262201,0.9264705882352942,0.8382050896285786
dry_bean,exp,109,55,0.014345751803877515,0.9323260937991816,0.01591979319483051,0.9254901960784314,0.8364002050409638
dry_bean,exp,109,56,0.01454724424944614,0.9338999055712937,0.016214601498867703,0.9274509803921569,0.8350404086302322
dry_bean,exp,109,57,0.014255377279566505,0.932640856153604,0.016031005444950543,0.925,0.838227552290553
dry_bean,exp,109,58,0.01420609882830426,0.932640856153604,0.015967838503543514,0.9235294117647059,0.8358397464969382
dry_bean,exp,109,59,0.014150037242131928,0.9333753016472564,0.01597462281250973,0.9264705882352942,0.834782140344184
dry_bean,exp,109,60,0.014268536797794348,0.9323260937991816,0.01590427974710323,0.925,0.8349339786987195
dry_bean,exp,110,1,0.041019667172046824,0.8870003147623544,0.04166558520680643,0.8794117647058823,0.9321617747924645
dry_bean,exp,110,2,0.02584533236654306,0.9144895603819116,0.026712164073635407,0.9142156862745098,0.9090056290522576
dry_bean,exp,110,3,0.020753491809050836,0.9207848074703598,0.02166853019206005,0.9161764705882353,0.8979705920375586
dry_bean,exp,110,4,0.019135357771444723,0.9224635400272794,0.020037361053405797,0.9230392156862746,0.892932642327546
dry_bean,exp,110,5,0.0180831201421033,0.9242471933690064,0.01893551052641303,0.9225490196078432,0.8864151393147
dry_bean,exp,110,6,0.018063727468152595,0.923932431014584,0.018994871772494072,0.925,0.8833077034800138
dry_bean,exp,110,7,0.01729671329290607,0.9254013220018886,0.018329854344244823,0.9181372549019607,0.880646323409096
dry_bean,exp,110,8,0.016951569813894774,0.9236176686601616,0.017980518199818035,0.9215686274509803,0.878068999992319
dry_bean,exp,110,9,0.016697947957216675,0.9246668765082363,0.017610096852089425,0.925,0.8741829681623461
dry_bean,exp,110,10,0.01663085616316121,0.9259259259259259,0.01755554446233711,0.9279411764705883,0.8733332896120403
dry_bean,exp,110,11,0.01621195497580899,0.9262406882803483,0.01724961884872109,0.9245098039215687,0.871240883418305
dry_bean,exp,110,12,0.01630657672469383,0.9260308467107334,0.017313938067059408,0.9240196078431373,0.8684354161670411
dry_bean,exp,110,13,0.01603743217245689,0.9269751337740006,0.017055525674096544,0.9254901960784314,0.8730120818821229
dry_bean,exp,110,14,0.015867231408414117,0.9265554506347707,0.016990926914826475,0.9245098039215687,0.866327766005843
dry_bean,exp,110,15,0.01586273320495651,0.9271849753436155,0.016921266486811252,0.925,0.8641858528287117
dry_bean,exp,110,16,0.016059749254384165,0.9264505298499632,0.01718173074853919,0.9269607843137255,0.8660660585930687
dry_bean,exp,110,17,0.015631340137038683,0.9269751337740006,0.016837331987405113,0.9230392156862746,0.862396512802781
dry_bean,exp,110,18,0.01557468306618642,0.9284440247613052,0.016695854330808266,0.925,0.862750424306533
dry_bean,exp,110,19,0.015702404671150645,0.9263456090651558,0.016998057980916637,0.9215686274509803,0.8601576310281311
dry_bean,exp,110,20,0.015586934931021371,0.9266603714195782,0.01671897078385523,0.9274509803921569,0.8594815542319397
dry_bean,exp,110,21,0.01535934978342633,0.9276046584828455,0.016678872025018023,0.9225490196078432,0.8583479031397224
dry_bean,exp,110,22,0.015320094351111705,0.927499737698038,0.016678964901295196,0.9240196078431373,0.8591511157327998
dry_bean,exp,110,23,0.015344375771947591,0.9265554506347707,0.016719573237391747,0.9220588235294118,0.8586149203721384
dry_bean,exp,110,24,0.01513047860778707,0.9290735494701501,0.016413942226688488,0.9254901960784314,0.855719150344762
dry_bean,exp,110,25,0.015582373445286834,0.9267652922043856,0.016945655834453826,0.9200980392156862,0.8576015740675794
dry_bean,exp,110,26,0.015040281635499144,0.9290735494701501,0.016365424577971698,0.9254901960784314,0.8559113263365805
dry_bean,exp,110,27,0.015178019423873307,0.929283391039765,0.01663436767501672,0.9240196078431373,0.8541458125443159
dry_bean,exp,110,28,0.014995607409563235,0.9290735494701501,0.01647068173821462,0.9225490196078432,0.8528193568923065
dry_bean,exp,110,29,0.014969918787391295,0.9293883118245725,0.01640839009583917,0.925,0.8528469799076597
dry_bean,exp,110,30,0.015064170890450649,0.9297030741789949,0.016456707132617668,0.9235294117647059,0.8529687502238688
dry_bean,exp,110,31,0.014837223776151447,0.9312768859511069,0.01621353064990545,0.9269607843137255,0.8486984118355665
dry_bean,exp,110,32,0.014827239260915956,0.9304375196726472,0.016234019115628155,0.9269607843137255,0.8482929527771772
dry_bean,exp,110,33,0.014850610793208043,0.9304375196726472,0.016378871591464863,0.9269607843137255,0.8510847021272675
dry_bean,exp,110,34,0.014741185203875096,0.9311719651662994,0.016222326834262602,0.9235294117647059,0.8497257337712307
dry_bean,exp,110,35,0.014719942497442207,0.9301227573182247,0.01616685696309988,0.9235294117647059,0.8516195429820069
dry_bean,exp,110,36,0.014699923201815296,0.9316965690903368,0.01618663086721988,0.9269607843137255,0.8487092870088737
dry_bean,exp,110,37,0.014690022224533996,0.931067044381492,0.016123979478317008,0.928921568627451,0.8465163672640248
dry_bean,exp,110,38,0.01464860721226171,0.9313818067359144,0.0162301582063811,0.9259803921568628,0.8469865754510671
dry_bean,exp,110,39,0.01458503914550609,0.9314867275207218,0.016058184441307206,0.9274509803921569,0.8487800090273104
dry_bean,exp,110,40,0.014554206025040506,0.9311719651662994,0.016109033072765094,0.9259803921568628,0.8452693294806574
dry_bean,exp,110,41,0.014585281265959595,0.9311719651662994,0.016185808103307348,0.9240196078431373,0.8461295480098158
dry_bean,exp,110,42,0.014613129924351967,0.9319064106599517,0.015997111448177583,0.9279411764705883,0.8453298032276466
dry_bean,exp,110,43,0.014507945294407455,0.9314867275207218,0.01606957688784802,0.9259803921568628,0.8459520831983286
dry_bean,exp,110,44,0.014864707247912019,0.9316965690903368,0.01627081837765087,0.9308823529411765,0.8458834809175835
dry_bean,exp,110,45,0.014512449507610702,0.9305424404574546,0.016203752004781545,0.9254901960784314,0.8429246676233862
dry_bean,exp,110,46,0.014411222895708993,0.9324310145839891,0.01592255236122642,0.9279411764705883,0.8422312144072417
dry_bean,exp,110,47,0.014469272441113627,0.9312768859511069,0.01613060861951272,0.9264705882352942,0.8427140830407409
dry_bean,exp,110,48,0.014356232601804152,0.9321162522295666,0.015925938752133953,0.9264705882352942,0.8436197477380982
dry_bean,exp,110,49,0.014322943007880033,0.9321162522295666,0.015819704885916098,0.9274509803921569,0.8435468797803438
dry_bean,exp,110,50,0.014365986965334587,0.9325359353687965,0.01606856023838086,0.9259803921568628,0.8398302339459898
dry_bean,exp,110,51,0.01430760508066125,0.9322211730143741,0.01585856344338069,0.9269607843137255,0.8391434195902501
dry_bean,exp,110,52,0.014480625321445022,0.9324310145839891,0.016095469690115386,0.9269607843137255,0.8385837842069683
dry_bean,exp,110,53,0.014347356423293996,0.9318014898751442,0.015965281689928647,0.925,0.8395071520962433
dry_bean,exp,110,54,0.014309863548027659,0.9327457769384115,0.016038925504454987,0.9269607843137255,0.8367709434734887
dry_bean,exp,110,55,0.014230799561290801,0.9325359353687965,0.015953394648497505,0.9264705882352942,0.8381565921456584
dry_bean,exp,110,56,0.014317926454761015,0.9335851432168712,0.016053001138466257,0.9274509803921569,0.8371809602767447
dry_bean,exp,110,57,0.014216470303016992,0.9312768859511069,0.015932894845964017,0.9269607843137255,0.8354201447563568
dry_bean,exp,110,58,0.014259060539953494,0.9320113314447592,0.01603969197208279,0.9254901960784314,0.8369965419897436
dry_bean,exp,110,59,0.014209583261460839,0.9331654600776413,0.015856163968690485,0.9259803921568628,0.8340445878943362
dry_bean,exp,110,60,0.014186692952267165,0.9335851432168712,0.01579228754259565,0.9294117647058824,0.8385855646978688
dry_bean,exp,111,1,0.04054227700500941,0.9000104920784807,0.04106127617120623,0.8931372549019608,0.9356283888113779
dry_bean,exp,111,2,0.027779454436431636,0.9164830552932536,0.028461566404245763,0.9181372549019607,0.9129074911229684
dry_bean,exp,111,3,0.021464411131096702,0.920155282761515,0.022211809964028068,0.9151960784313725,0.9015244233857719
dry_bean,exp,111,4,0.019275226002085998,0.9231979855209317,0.020073929818416568,0.9205882352941176,0.8933924951966628
dry_bean,exp,111,5,0.01942394115416054,0.9196306788374777,0.020281488521344267,0.921078431372549,0.8885890573024453
dry_bean,exp,111,6,0.0179120929305684,0.923932431014584,0.01868062756312241,0.9230392156862746,0.8823749761397625
dry_bean,exp,111,7,0.01719206466992312,0.9254013220018886,0.01805841100642304,0.9235294117647059,0.8838180418587828
dry_bean,exp,111,8,0.016871491750414976,0.9267652922043856,0.017807971974682986,0.925,0.8783685023512193
dry_bean,exp,111,9,0.016756784973039177,0.9254013220018886,0.017606642575672758,0.9245098039215687,0.8749799711541522
dry_bean,exp,111,10,0.016480000924320063,0.9268702129891931,0.017343472690846497,0.9254901960784314,0.8733817152341973
dry_bean,exp,111,11,0.01663278957349892,0.9259259259259259,0.017643525139491537,0.9240196078431373,0.872989722724935
dry_bean,exp,111,12,0.01621824579620328,0.927289896128423,0.01730576636605688,0.9259803921568628,0.8721836166747287
dry_bean,exp,111,13,0.016005483461502868,0.9280243416220754,0.017096225235389995,0.9264705882352942,0.8701378747919291
dry_bean,exp,111,14,0.016035424906816934,0.9259259259259259,0.017120244533999105,0.921078431372549,0.8664889823207467
dry_bean,exp,111,15,0.015740940680707357,0.9279194208372679,0.01687718771799579,0.9254901960784314,0.8655019837395499
dry_bean,exp,111,16,0.01593881196898801,0.9263456090651558,0.01717874750013301,0.9225490196078432,0.8644255223195504
dry_bean,exp,111,17,0.016024265233140333,0.925506242786696,0.017313458163583626,0.9220588235294118,0.868048737706143
dry_bean,exp,111,18,0.015718908074363068,0.9270800545588082,0.01674726221283212,0.9225490196078432,0.8652349951019932
dry_bean,exp,111,19,0.015600365150235673,0.9276046584828455,0.016779921617479415,0.9230392156862746,0.8609015083006766
dry_bean,exp,111,20,0.015349935108611401,0.9291784702549575,0.01649371370801773,0.9269607843137255,0.8620795639017171
dry_bean,exp,111,21,0.015400172507430851,0.9283391039764978,0.016431371630450026,0.9308823529411765,0.8601288383911865
dry_bean,exp,111,22,0.015230151546505935,0.929283391039765,0.016470592346075646,0.9269607843137255,0.8602560060779864
dry_bean,exp,111,23,0.015347534635764609,0.9302276781030322,0.01652386892096821,0.9284313725490196,0.8589775733311131
dry_bean,exp,111,24,0.015225805177960645,0.9290735494701501,0.016508708867875702,0.9240196078431373,0.8543962835182382
dry_bean,exp,111,25,0.015120316330488489,0.9295981533941874,0.01646083214133994,0.9259803921568628,0.8563028357045804
dry_bean,exp,111,26,0.01513440548216751,0.9298079949638023,0.016439218495768824,0.928921568627451,0.8569157265720502
dry_bean,exp,111,27,0.014989281774252815,0.9301227573182247,0.016280161466115207,0.9264705882352942,0.8539504549562434
dry_bean,exp,111,28,0.015577643859484978,0.9285489455461127,0.016766908461655114,0.9279411764705883,0.8542114499526573
dry_bean,exp,111,29,0.015191708515698569,0.9304375196726472,0.016477842716012568,0.9299019607843138,0.8517402694952265
dry_bean,exp,111,30,0.014986778990359304,0.9298079949638023,0.016284932953015783,0.928921568627451,0.855690418703181
dry_bean,exp,111,31,0.01494615795543341,0.9309621235966845,0.01626431383022645,0.9274509803921569,0.8498007840047983
dry_bean,exp,111,32,0.01485496681573867,0.9305424404574546,0.016334105291164778,0.9269607843137255,0.8520667779915562
dry_bean,exp,111,33,0.014803856596171602,0.9307522820270696,0.01622774523495392,0.9279411764705883,0.8498620977295562
dry_bean,exp,111,34,0.015024032292808645,0.9299129157486098,0.016426857156980862,0.9230392156862746,0.8498614783291865
dry_bean,exp,111,35,0.014838393934149123,0.9291784702549575,0.016318014595642232,0.925,0.8517238629037353
dry_bean,exp,111,36,0.014834506659434907,0.9305424404574546,0.016114444084911545,0.9279411764705883,0.8490580076223884
dry_bean,exp,111,37,0.015023799482514612,0.9298079949638023,0.016635751514322755,0.9245098039215687,0.8477402303922567
dry_bean,exp,111,38,0.01469975036211279,0.9319064106599517,0.016081330877123646,0.9294117647058824,0.8457771728272381
dry_bean,exp,111,39,0.01463552797205793,0.9307522820270696,0.016091988279177096,0.9269607843137255,0.8466149377327771
dry_bean,exp,111,40,0.014608512723209732,0.9313818067359144,0.0161847630721061,0.9264705882352942,0.8459631209423014
dry_bean,exp,111,41,0.014728503804226682,0.9291784702549575,0.01626720799133928,0.9240196078431373,0.8452009047623672
dry_bean,exp,111,42,0.014737177414066965,0.9324310145839891,0.016186799582610878,0.9284313725490196,0.8421779308067068
dry_bean,exp,111,43,0.014690418558711551,0.9329556185080264,0.016164959756134117,0.928921568627451,0.8437051859856549
dry_bean,exp,111,44,0.014717626648150862,0.9298079949638023,0.016433571288303746,0.9225490196078432,0.8438751597153707
dry_bean,exp,111,45,0.014531828969951822,0.931067044381492,0.01599993502749411,0.928921568627451,0.8450214289962515
dry_bean,exp,111,46,0.01454776091000111,0.9311719651662994,0.0162016655623451,0.9254901960784314,0.8427258968728673
dry_bean,exp,111,47,0.014767397761944513,0.931067044381492,0.01654294639000262,0.925,0.843312666706789
dry_bean,exp,111,48,0.014457763093682281,0.931067044381492,0.015999361868838963,0.9269607843137255,0.8413214282593412
dry_bean,exp,111,49,0.01439124321497373,0.9324310145839891,0.015973292746958835,0.9299019607843138,0.8394555998333789
dry_bean,exp,111,50,0.014421507887007209,0.9314867275207218,0.016108093715943836,0.9284313725490196,0.8407575024469894
dry_bean,exp,111,51,0.01465154815514681,0.9298079949638023,0.016430258680926773,0.921078431372549,0.8414152829565003
dry_bean,exp,111,52,0.014471041999896747,0.931067044381492,0.016007333724896648,0.9269607843137255,0.8392281570790278
dry_bean,exp,111,53,0.014938443532713922,0.9280243416220754,0.016835454065068964,0.9240196078431373,0.836379353687316
dry_bean,exp,111,54,0.014316464993645531,0.9318014898751442,0.01608729754914229,0.9259803921568628,0.8398304952585708
dry_bean,exp,111,55,0.014628893845855922,0.9333753016472564,0.016481618980102534,0.9264705882352942,0.8397329965589949
dry_bean,exp,111,56,0.014422830082306937,0.9309621235966845,0.016315489946275265,0.9225490196078432,0.8389984447030348
dry_bean,exp,111,57,0.014350308921423728,0.9325359353687965,0.016163468765061428,0.9254901960784314,0.8350000007952391
dry_bean,exp,111,58,0.014374068211856685,0.9320113314447592,0.016159201754798506,0.9235294117647059,0.8388558151454267
dry_bean,exp,111,59,0.014444671879593717,0.9319064106599517,0.016232766201044233,0.9235294117647059,0.8355240714968963
dry_bean,exp,111,60,0.014373255162520542,0.9321162522295666,0.016084057456773812,0.9254901960784314,0.8376800622311228
dry_bean,exp,112,1,0.04035511678908729,0.895603819116567,0.04075806129460022,0.8901960784313725,0.9320934703802439
dry_bean,exp,112,2,0.026772051691721366,0.9151190850907565,0.02759071197027112,0.9112745098039216,0.9113299827199672
dry_bean,exp,112,3,0.021265027502509002,0.918581470989403,0.022252564799931405,0.913235294117647,0.8983837923059569
dry_bean,exp,112,4,0.01920414950809097,0.9216241737488197,0.02014673194947665,0.9200980392156862,0.8925740238278362
dry_bean,exp,112,5,0.01829544418496319,0.9226733815968944,0.019314106785106314,0.9200980392156862,0.886037116621286
dry_bean,exp,112,6,0.017826775213363056,0.9219389361032421,0.018926871656756855,0.9200980392156862,0.8833840140639622
dry_bean,exp,112,7,0.017679893191829783,0.9206798866855525,0.018776228414576508,0.9176470588235294,0.8809134479486807
dry_bean,exp,112,8,0.017358385323646294,0.9202602035463225,0.018533759533544553,0.9161764705882353,0.8748388884331152
dry_bean,exp,112,9,0.016624914991386467,0.9258210051411184,0.017699562055977208,0.9235294117647059,0.8763497241059712
dry_bean,exp,112,10,0.01641970531692931,0.9260308467107334,0.01757836770570114,0.9230392156862746,0.8726819118093075
dry_bean,exp,112,11,0.016317457828127824,0.9251914804322736,0.017489025517810963,0.9225490196078432,0.8736094088504082
dry_bean,exp,112,12,0.0162373260182929,0.9273948169132306,0.017330603565388358,0.9274509803921569,0.8736387946080034
dry_bean,exp,112,13,0.016154123376372415,0.9249816388626587,0.01735907152458533,0.921078431372549,0.8676419086870565
dry_bean,exp,112,14,0.016236090535899653,0.9229881439513168,0.017404186638553733,0.9200980392156862,0.8665775471342603
dry_bean,exp,112,15,0.015908903574398205,0.9266603714195782,0.01707562614427043,0.9230392156862746,0.867265213666938
dry_bean,exp,112,16,0.01582442207534806,0.9263456090651558,0.017035107019865024,0.9240196078431373,0.8637894800464186
dry_bean,exp,112,17,0.015638156814209745,0.927499737698038,0.016934112401792586,0.9220588235294118,0.8612002116421025
dry_bean,exp,112,18,0.015526919928603063,0.9282341831916903,0.016794782226996714,0.9235294117647059,0.8641320568431946
dry_bean,exp,112,19,0.015530589165120231,0.9273948169132306,0.01695703845604688,0.9230392156862746,0.8632612616496536
dry_bean,exp,112,20,0.015425373494312646,0.929283391039765,0.016659533272144793,0.9279411764705883,0.8588704564019922
dry_bean,exp,112,21,0.015490160230303411,0.9263456090651558,0.016863816618415822,0.9220588235294118,0.8599134915809895
dry_bean,exp,112,22,0.015332548360486892,0.9285489455461127,0.016608622561014162,0.9240196078431373,0.8626881019448694
dry_bean,exp,112,23,0.015237370131075022,0.9282341831916903,0.01650636353766475,0.9225490196078432,0.8575458088756733
dry_bean,exp,112,24,0.01521562636961023,0.9297030741789949,0.01655950461810562,0.9254901960784314,0.8595260320437956
dry_bean,exp,112,25,0.015299248479419476,0.9300178365334173,0.01663541686136374,0.9284313725490196,0.8550173547858888
dry_bean,exp,112,26,0.015514074086871037,0.9270800545588082,0.017010653269143996,0.9205882352941176,0.8551449857663832
dry_bean,exp,112,27,0.015207946812098413,0.9295981533941874,0.016486262197152175,0.9279411764705883,0.8560831910095176
dry_bean,exp,112,28,0.014965771614226506,0.9293883118245725,0.0163082493845816,0.9284313725490196,0.8546394507487693
dry_bean,exp,112,29,0.014963590583398917,0.9283391039764978,0.016344875079093185,0.9230392156862746,0.8530648162067771
dry_bean,exp,112,30,0.014983172644905436,0.9278145000524604,0.01650401007029404,0.9230392156862746,0.8514377307815658
dry_bean,exp,112,31,0.015013780000082796,0.9286538663309202,0.016532754847878015,0.9240196078431373,0.8502382095587652
dry_bean,exp,112,32,0.015071391903781624,0.9302276781030322,0.01646817436851692,0.9284313725490196,0.8517713256805258
dry_bean,exp,112,33,0.015196209672525312,0.9295981533941874,0.016621798140838542,0.9274509803921569,0.8489494124010251
dry_bean,exp,112,34,0.014887345793728048,0.9291784702549575,0.016460021695449405,0.9235294117647059,0.8504450722817477
dry_bean,exp,112,35,0.014986545901340886,0.9276046584828455,0.016581939649286052,0.9230392156862746,0.8488747568355689
dry_bean,exp,112,36,0.014756342546934476,0.9295981533941874,0.016320871560677856,0.9254901960784314,0.8467859181256635
dry_bean,exp,112,37,0.014816805671152606,0.9294932326093799,0.016374987834858107,0.9245098039215687,0.8459205443563589
dry_bean,exp,112,38,0.014662539482518729,0.9314867275207218,0.016183868196752813,0.9284313725490196,0.8469427373442405
dry_bean,exp,112,39,0.014620925455666779,0.9307522820270696,0.016139972719108536,0.9254901960784314,0.8452441398728912
dry_bean,exp,112,40,0.01456457248352299,0.931067044381492,0.016113797983609995,0.9259803921568628,0.8474688317465241
dry_bean,exp,112,41,0.01455797110826312,0.9312768859511069,0.016178565553809664,0.925,0.842963213090139
dry_bean,exp,112,42,0.014562073437019497,0.9307522820270696,0.016214306466907913,0.925,0.8431390865629531
dry_bean,exp,112,43,0.014531559905591138,0.9306473612422621,0.01603412675540116,0.9274509803921569,0.843900238885763
dry_bean,exp,112,44,0.014628206180189762,0.9312768859511069,0.016364713570091928,0.9235294117647059,0.8436173503605773
dry_bean,exp,112,45,0.01458015223936133,0.9315916483055293,0.016185120239431198,0.9279411764705883,0.8401015431559141
dry_bean,exp,112,46,0.014495772896869664,0.9318014898751442,0.01599300164876086,0.9274509803921569,0.842257726494774
dry_bean,exp,112,47,0.014564033501695809,0.9331654600776413,0.016066677458762012,0.9284313725490196,0.8411758054655841
dry_bean,exp,112,48,0.0144914917250986,0.9322211730143741,0.01615653241694304,0.9279411764705883,0.8424207824930782
dry_bean,exp,112,49,0.01448379364614737,0.9318014898751442,0.016162830079580137,0.9264705882352942,0.8394296881924598
dry_bean,exp,112,50,0.014441773635249887,0.9332703808624488,0.016139323042615155,0.9303921568627451,0.8402871774174436
dry_bean,exp,112,51,0.01432196664137553,0.9323260937991816,0.015965304188108403,0.9284313725490196,0.8397798066221439
dry_bean,exp,112,52,0.014472763299137973,0.9313818067359144,0.016350613487954403,0.9225490196078432,0.839257351005608
dry_bean,exp,112,53,0.014379773057125195,0.9321162522295666,0.01588539143981227,0.928921568627451,0.8370751608389253
dry_bean,exp,112,54,0.014523548902289707,0.9322211730143741,0.016322822348297322,0.9274509803921569,0.838399620868847
dry_bean,exp,112,55,0.014301129822726633,0.9314867275207218,0.01582182967104116,0.9294117647058824,0.8386425092577464
dry_bean,exp,112,56,0.014320405886257787,0.932640856153604,0.015908380027951342,0.9279411764705883,0.8352424683054993
dry_bean,exp,112,57,0.014424296901513282,0.9309621235966845,0.01598905770688102,0.9274509803921569,0.8393470103078069
dry_bean,exp,112,58,0.014224986577430234,0.9337949847864861,0.01585799709815073,0.9274509803921569,0.8382132199259876
dry_bean,exp,112,59,0.014376563687150049,0.9312768859511069,0.016157662314368087,0.9245098039215687,0.8370120292166859
dry_bean,exp,112,60,0.014454784321162222,0.9347392718497535,0.01610190375876399,0.9299019607843138,0.8365595062693816
dry_bean,exp,113,1,0.03820277445492104,0.9109222536984577,0.03872204209019483,0.9083333333333333,0.9358857909240927
dry_bean,exp,113,2,0.02510454229392464,0.9160633721540237,0.025855284660337666,0.9156862745098039,0.9097661412622694
dry_bean,exp,113,3,0.020679017109611515,0.9202602035463225,0.021502440076263164,0.9151960784313725,0.8987766419710304
dry_bean,exp,113,4,0.019189576445169335,0.9204700451159374,0.020070415843355918,0.917156862745098,0.8936399331821487
dry_bean,exp,113,5,0.018490265394092258,0.9226733815968944,0.01941490799640661,0.9235294117647059,0.8890407913858384
dry_bean,exp,113,6,0.017443390327191312,0.925716084356311,0.018454011212562328,0.9205882352941176,0.8827605300401203
dry_bean,exp,113,7,0.016963355635527,0.9265554506347707,0.017884201302093852,0.9230392156862746,0.8786365115334068
dry_bean,exp,113,8,0.01667472634519235,0.925716084356311,0.017704319946590795,0.9225490196078432,0.8798045702805697
dry_bean,exp,113,9,0.016488304294287003,0.9267652922043856,0.017474943420165208,0.9220588235294118,0.8737822370986585
dry_bean,exp,113,10,0.01629642575365241,0.9259259259259259,0.017352925821438343,0.9220588235294118,0.8711311478331015
dry_bean,exp,113,11,0.01613628419193816,0.9279194208372679,0.017212187477977557,0.9245098039215687,0.872125788563974
dry_bean,exp,113,12,0.016007025984749505,0.9270800545588082,0.01719511016030797,0.9245098039215687,0.8710116817436279
dry_bean,exp,113,13,0.015929163717904943,0.9269751337740006,0.0171387171862558,0.9240196078431373,0.8707799626422938
dry_bean,exp,113,14,0.015772585250639914,0.9271849753436155,0.016928487197812925,0.9254901960784314,0.8686035522200453
dry_bean,exp,113,15,0.01564855522776294,0.9280243416220754,0.01691494290362381,0.9235294117647059,0.8674374601574207
dry_bean,exp,113,16,0.015560147634499696,0.9287587871157277,0.016755284146706437,0.9254901960784314,0.8645661348305501
dry_bean,exp,113,17,0.015548323813780806,0.9291784702549575,0.016730278810928888,0.9240196078431373,0.8626758334820124
dry_bean,exp,113,18,0.015467340586931569,0.9291784702549575,0.016628641830214872,0.9264705882352942,0.8625725331486098
dry_bean,exp,113,19,0.015373418261263228,0.9291784702549575,0.016582378997617088,0.9254901960784314,0.8636917348991056
dry_bean,exp,113,20,0.01539119666389847,0.9289686286853426,0.016845606503191803,0.925,0.8607465957184529
dry_bean,exp,113,21,0.015232248339434023,0.9293883118245725,0.016514418014969633,0.9235294117647059,0.8589658333969016
dry_bean,exp,113,22,0.015323753155306768,0.9293883118245725,0.016622451535525905,0.9264705882352942,0.8578096974725239
dry_bean,exp,113,23,0.015207455831934356,0.9290735494701501,0.016599677771328078,0.9259803921568628,0.8600071133687768
dry_bean,exp,113,24,0.015096701320934889,0.9283391039764978,0.016524133540013017,0.9225490196078432,0.857810246317113
dry_bean,exp,113,25,0.015029906383336015,0.9298079949638023,0.016435338950555246,0.9269607843137255,0.8560952477535405
dry_bean,exp,113,26,0.015032774832139804,0.9306473612422621,0.016538528656612105,0.9254901960784314,0.8552973208378474
dry_bean,exp,113,27,0.015562495440679367,0.9289686286853426,0.017039796652125176,0.9240196078431373,0.8526619603513805
dry_bean,exp,113,28,0.014958338666949364,0.9297030741789949,0.016534623526928492,0.9230392156862746,0.8513918690051002
dry_bean,exp,113,29,0.014961973563324349,0.9316965690903368,0.01635248060593262,0.9284313725490196,0.85406515291093
dry_bean,exp,113,30,0.015286315434579197,0.9294932326093799,0.016808592608976186,0.9254901960784314,0.8543181022680261
dry_bean,exp,113,31,0.014795254662487966,0.9311719651662994,0.01627781104744841,0.9274509803921569,0.8521931935665488
dry_bean,exp,113,32,0.014931809476042378,0.9304375196726472,0.01643520334126411,0.9254901960784314,0.8506574284246153
dry_bean,exp,113,33,0.014850741498385311,0.9305424404574546,0.01648928517646439,0.9245098039215687,0.852529432677583
dry_bean,exp,113,34,0.014778520246331079,0.9315916483055293,0.016416683132320982,0.9240196078431373,0.8500491685724006
dry_bean,exp,113,35,0.014694161259756656,0.9324310145839891,0.01625911480236087,0.9269607843137255,0.8483815433840416
dry_bean,exp,113,36,0.014725704365571878,0.9312768859511069,0.01639776698950618,0.9230392156862746,0.8466036317036305
dry_bean,exp,113,37,0.014759608815213307,0.9329556185080264,0.016267038988934775,0.9259803921568628,0.8459580461245597
dry_bean,exp,113,38,0.01458826658965729,0.9313818067359144,0.016076484781611014,0.9274509803921569,0.8454387645697016
dry_bean,exp,113,39,0.014587270376733073,0.9322211730143741,0.01630788491726403,0.9240196078431373,0.8455679179009082
dry_bean,exp,113,40,0.014521483545663155,0.9320113314447592,0.016146496473742732,0.9259803921568628,0.8455791052557998
dry_bean,exp,113,41,0.014550367234441359,0.9333753016472564,0.01623100355806048,0.9259803921568628,0.8460031805273897
dry_bean,exp,113,42,0.014605577008893164,0.932640856153604,0.016174717442523447,0.928921568627451,0.8434552931047038
dry_bean,exp,113,43,0.014523647238415536,0.9320113314447592,0.016267362549844216,0.925,0.8483012558500334
dry_bean,exp,113,44,0.014465055359384657,0.933060539292834,0.016234896158213583,0.9254901960784314,0.8443551035239254
dry_bean,exp,113,45,0.01477417285998576,0.9301227573182247,0.01664281137212174,0.9220588235294118,0.8430936406316816
dry_bean,exp,113,46,0.014485239798852141,0.9328506977232189,0.016260494962840558,0.9240196078431373,0.8425202532844954
dry_bean,exp,113,47,0.01435149034359325,0.9342146679257161,0.016188634343232533,0.9240196078431373,0.8477172459143842
dry_bean,exp,113,48,0.014484682521373611,0.9319064106599517,0.016273484233595575,0.9235294117647059,0.8445384613469948
dry_bean,exp,113,49,0.014361414732074631,0.9341097471409087,0.0160215718491118,0.9259803921568628,0.839652749880748
dry_bean,exp,113,50,0.014467964397231156,0.9329556185080264,0.016272444279620046,0.9225490196078432,0.8407423919538329
dry_bean,exp,113,51,0.014397132699371781,0.9324310145839891,0.016088541642084165,0.925,0.8397854936241831
dry_bean,exp,113,52,0.014404318120485678,0.9331654600776413,0.01629834179266745,0.9235294117647059,0.843478098123975
dry_bean,exp,113,53,0.014945600238173599,0.9329556185080264,0.016713306366511978,0.9259803921568628,0.8395186047612748
dry_bean,exp,113,54,0.014236613793342392,0.9333753016472564,0.016033045560709246,0.925,0.8394422621973033
dry_bean,exp,113,55,0.014308379911795293,0.934634351064946,0.016038921516953953,0.9274509803921569,0.8375854273087877
dry_bean,exp,113,56,0.014174087899718106,0.9340048263561012,0.016051946562519393,0.925,0.8376216059322775
dry_bean,exp,113,57,0.014257251379136202,0.9321162522295666,0.01599277665511292,0.9269607843137255,0.8371497185354098
dry_bean,exp,113,58,0.014179463916100822,0.9336900640016788,0.016103051598975272,0.925,0.8362746840647269
dry_bean,exp,113,59,0.014156271773776423,0.9336900640016788,0.016070194640070187,0.925,0.833743656936911
dry_bean,exp,113,60,0.01419258104128021,0.9340048263561012,0.01606944859091842,0.9274509803921569,0.8365063367534172
dry_bean,exp,114,1,0.04083547277653989,0.8785017311929493,0.04137335627233737,0.8700980392156863,0.9366370318198156
dry_bean,exp,114,2,0.027164909917820453,0.9113419368376875,0.0280722453392293,0.9102941176470588,0.912404682638494
dry_bean,exp,114,3,0.021413735717968972,0.92036512433113,0.022273524700010087,0.9147058823529411,0.898965241448823
dry_bean,exp,114,4,0.01958358836391501,0.9191060749134403,0.020515623346830835,0.9142156862745098,0.8905002111479281
dry_bean,exp,114,5,0.018275620924718263,0.9233029063057392,0.01922764531956075,0.9235294117647059,0.8859471267265518
dry_bean,exp,114,6,0.017611686169849244,0.9245619557234288,0.01854941516222646,0.9240196078431373,0.8848091213443893
dry_bean,exp,114,7,0.017463187773169766,0.922358619242472,0.018467778627001268,0.9181372549019607,0.8798440577030125
dry_bean,exp,114,8,0.017478225164555036,0.9199454411919001,0.018515038779324283,0.9191176470588235,0.878713143822569
dry_bean,exp,114,9,0.016602805593609337,0.9251914804322736,0.017651769750606918,0.9215686274509803,0.8756734599349683
dry_bean,exp,114,10,0.016423916126423833,0.9258210051411184,0.01745425834875911,0.9240196078431373,0.8728914965664565
dry_bean,exp,114,11,0.01631572337041541,0.9256111635715035,0.017359748212534658,0.9240196078431373,0.8734213739261192
dry_bean,exp,114,12,0.016146989497247462,0.9262406882803483,0.017180964163642305,0.9235294117647059,0.8713448193490607
dry_bean,exp,114,13,0.01629471232868834,0.9243521141538139,0.017363362216747568,0.9205882352941176,0.8694866291375428
dry_bean,exp,114,14,0.015877784313661117,0.9268702129891931,0.016944020104734888,0.9245098039215687,0.8687178404639719
dry_bean,exp,114,15,0.0157940663438385,0.9266603714195782,0.01683751164089649,0.9259803921568628,0.8659009055711923
dry_bean,exp,114,16,0.015805676240202626,0.9268702129891931,0.016961541406159644,0.9235294117647059,0.8662886555746341
dry_bean,exp,114,17,0.01563831632691792,0.927289896128423,0.016819829948444474,0.9230392156862746,0.8649399195382658
dry_bean,exp,114,18,0.015537895139564516,0.9278145000524604,0.01679221329583757,0.9259803921568628,0.8620968585960095
dry_bean,exp,114,19,0.015435413299352836,0.9280243416220754,0.016596472351312987,0.9264705882352942,0.8625386056243165
dry_bean,exp,114,20,0.015410249853787118,0.9286538663309202,0.016585242679325495,0.9284313725490196,0.861709158690043
dry_bean,exp,114,21,0.015276287361058455,0.9282341831916903,0.01639405312836164,0.9259803921568628,0.861478713830874
dry_bean,exp,114,22,0.015324260813247186,0.9287587871157277,0.01656710225345785,0.9225490196078432,0.8584997143798916
dry_bean,exp,114,23,0.015375690285953498,0.9265554506347707,0.01664050837633844,0.9235294117647059,0.8587859762862582
dry_bean,exp,114,24,0.015206796828457127,0.9280243416220754,0.01643182530552537,0.9230392156862746,0.858308119034156
dry_bean,exp,114,25,0.015109247375067468,0.9298079949638023,0.016339534486685407,0.9269607843137255,0.8550129137574608
dry_bean,exp,114,26,0.015140978071826645,0.9283391039764978,0.016511402459548557,0.9230392156862746,0.8576107783789002
dry_bean,exp,114,27,0.015397510381517704,0.9295981533941874,0.016595657941781878,0.9294117647058824,0.8544498017991063
dry_bean,exp,114,28,0.015070151527610539,0.929283391039765,0.016498021381812434,0.9259803921568628,0.8554552191277403
dry_bean,exp,114,29,0.015045720378085733,0.9304375196726472,0.016360038285334798,0.9299019607843138,0.8524329947536259
dry_bean,exp,114,30,0.014896880493003981,0.9305424404574546,0.016104203866717137,0.9264705882352942,0.8504091700412493
dry_bean,exp,114,31,0.014892141612742327,0.9313818067359144,0.016095283975934734,0.9294117647058824,0.8529559529538017
dry_bean,exp,114,32,0.01492571629694447,0.931067044381492,0.016154292431653474,0.9284313725490196,0.8489889277875556
dry_bean,exp,114,33,0.014820053548649542,0.9302276781030322,0.016224304275854935,0.9279411764705883,0.8528710922614929
dry_bean,exp,114,34,0.014971869881663208,0.932640856153604,0.01627357607862376,0.9294117647058824,0.8507712841537334
dry_bean,exp,114,35,0.014738412015019539,0.9299129157486098,0.016216812060436438,0.9235294117647059,0.8488477991822664
dry_bean,exp,114,36,0.014905501787223592,0.931067044381492,0.01611042189229601,0.928921568627451,0.8489992669843434
dry_bean,exp,114,37,0.014798666422939604,0.9312768859511069,0.016188329817229306,0.9269607843137255,0.8463124488586351
dry_bean,exp,114,38,0.0146683011084461,0.9302276781030322,0.016132933082852352,0.9264705882352942,0.8478284881989111
dry_bean,exp,114,39,0.014606563202791247,0.9309621235966845,0.016118788579145782,0.9274509803921569,0.8471728542348629
dry_bean,exp,114,40,0.014713060335537362,0.9305424404574546,0.016243658117739042,0.9284313725490196,0.8451830474885084
dry_bean,exp,114,41,0.014653130535791009,0.9313818067359144,0.016044547067833474,0.9269607843137255,0.8449683989930189
dry_bean,exp,114,42,0.014481226485125872,0.9305424404574546,0.016019302961306027,0.9274509803921569,0.8435552342670788
dry_bean,exp,114,43,0.014535584517270593,0.9321162522295666,0.016090092410110484,0.9264705882352942,0.845420513317302
dry_bean,exp,114,44,0.014445252015638912,0.9306473612422621,0.01590690519316666,0.9274509803921569,0.8431987955667554
dry_bean,exp,114,45,0.014453181802955097,0.9314867275207218,0.01607920621330429,0.9240196078431373,0.8431593113109441
dry_bean,exp,114,46,0.01440038810599358,0.9313818067359144,0.015925725537925883,0.9269607843137255,0.8429088655830136
dry_bean,exp,114,47,0.014407307460223034,0.9328506977232189,0.01584326709763709,0.9294117647058824,0.8439166091828026
dry_bean,exp,114,48,0.01440099634739389,0.9320113314447592,0.016061228242300107,0.9259803921568628,0.842304255957122
dry_bean,exp,114,49,0.01443751482940351,0.9324310145839891,0.016099116600271295,0.9230392156862746,0.8416385791765602
dry_bean,exp,114,50,0.01430947485238024,0.9319064106599517,0.01589887951077285,0.9274509803921569,0.8407293559608922
dry_bean,exp,114,51,0.014318720792276921,0.9314867275207218,0.01594657276584398,0.9259803921568628,0.8389546766571784
dry_bean,exp,114,52,0.014310752522019018,0.9332703808624488,0.015871018406310767,0.9284313725490196,0.8386267698120284
dry_bean,exp,114,53,0.014318091012086991,0.9321162522295666,0.015919240331637243,0.9254901960784314,0.8418060304990754
dry_bean,exp,114,54,0.014407481566554319,0.9332703808624488,0.015993888664437707,0.9269607843137255,0.8365605617755799
dry_bean,exp,114,55,0.014262960073222117,0.933060539292834,0.01591752202590801,0.928921568627451,0.8373243142980353
dry_bean,exp,114,56,0.014238501528120381,0.9316965690903368,0.01580905758157577,0.9274509803921569,0.8392841751243052
dry_bean,exp,114,57,0.014498844822512359,0.9315916483055293,0.016230204621956557,0.925,0.8354201053211251
dry_bean,exp,114,58,0.014355437086684946,0.9342146679257161,0.015940836199294702,0.9299019607843138,0.8362953251034901
dry_bean,exp,114,59,0.014264481958708037,0.9327457769384115,0.01589812528561073,0.9264705882352942,0.836173334936323
dry_bean,exp,114,60,0.014340861130179867,0.9340048263561012,0.015961123285643145,0.9269607843137255,0.8379673774307483
dry_bean,exp,115,1,0.04046518885465342,0.9074598677998111,0.04099621144254743,0.9019607843137255,0.9349609317212412
dry_bean,exp,115,2,0.026718060683213887,0.9155387682299864,0.0275617127949169,0.913235294117647,0.9114717246578925
dry_bean,exp,115,3,0.021189828682837263,0.9212044906095898,0.022063191639174893,0.9161764705882353,0.8994017323793173
dry_bean,exp,115,4,0.019416694683935056,0.9227783023817018,0.020335543774209913,0.9225490196078432,0.8943794792670151
dry_bean,exp,115,5,0.01861816901540397,0.92036512433113,0.01967562147670359,0.9176470588235294,0.8877291419258596
dry_bean,exp,115,6,0.017867076955801857,0.923932431014584,0.018928484162548446,0.9245098039215687,0.8832840883019533
dry_bean,exp,115,7,0.017591545506685204,0.9198405204070926,0.018693438896048093,0.9186274509803921,0.8806632278835445
dry_bean,exp,115,8,0.01697736044032215,0.9250865596474661,0.017954521122791795,0.9205882352941176,0.8766037534147514
dry_bean,exp,115,9,0.016612437816808434,0.925506242786696,0.01761717988968128,0.9225490196078432,0.8752662766409226
dry_bean,exp,115,10,0.01650328762600636,0.925506242786696,0.017553987146124463,0.9230392156862746,0.8730172559288161
dry_bean,exp,115,11,0.016234571295800176,0.9260308467107334,0.017331024593331298,0.921078431372549,0.8717615041518411
dry_bean,exp,115,12,0.016475410905991226,0.925506242786696,0.017660106111364544,0.9235294117647059,0.8703873977146167
dry_bean,exp,115,13,0.01610477044050415,0.9261357674955408,0.017228674081600927,0.9225490196078432,0.8656490987168287
dry_bean,exp,115,14,0.01594779956261883,0.927709579267653,0.017185297848536642,0.9240196078431373,0.8676856864285017
dry_bean,exp,115,15,0.01581611660486238,0.9270800545588082,0.017048882708368348,0.9259803921568628,0.8656018384057427
dry_bean,exp,115,16,0.015894374500380105,0.9265554506347707,0.01707948267796431,0.9264705882352942,0.8647976651760066
dry_bean,exp,115,17,0.01564715452360195,0.929283391039765,0.016935665445060224,0.925,0.8631835090927612
dry_bean,exp,115,18,0.015557621461591786,0.9282341831916903,0.016770525165359502,0.9240196078431373,0.8610458228568018
dry_bean,exp,115,19,0.015880894271483634,0.9249816388626587,0.017253138448126783,0.9220588235294118,0.8617648251291727
dry_bean,exp,115,20,0.015761141202771865,0.9244570349386213,0.017080869551780658,0.9220588235294118,0.8636072474210896
dry_bean,exp,115,21,0.015367364807052123,0.9289686286853426,0.01664248760028625,0.9240196078431373,0.8570849449705037
dry_bean,exp,115,22,0.01538233538585207,0.9284440247613052,0.016779256012645856,0.9245098039215687,0.8561403025444314
dry_bean,exp,115,23,0.015313773362139679,0.9291784702549575,0.01654886712012927,0.9245098039215687,0.8546779246037897
dry_bean,exp,115,24,0.01520330909507075,0.9287587871157277,0.01638376977960596,0.9259803921568628,0.8579303481267869
dry_bean,exp,115,25,0.0151161120156777,0.9287587871157277,0.016451723571015816,0.9245098039215687,0.8546055170642264
dry_bean,exp,115,26,0.015135917158182565,0.9302276781030322,0.016520221972651985,0.9264705882352942,0.85210715646098
dry_bean,exp,115,27,0.015186999067943999,0.929283391039765,0.01657147549478202,0.9279411764705883,0.8540901754878507
dry_bean,exp,115,28,0.015047551907719987,0.9301227573182247,0.016398818332485212,0.928921568627451,0.8514900800952142
dry_bean,exp,115,29,0.015636524810800002,0.9289686286853426,0.016859522458207914,0.9259803921568628,0.8540798286833735
dry_bean,exp,115,30,0.014958679390522825,0.9289686286853426,0.016480783772143272,0.9240196078431373,0.8507037602849371
dry_bean,exp,115,31,0.014999015492252559,0.9293883118245725,0.016453122928876802,0.9269607843137255,0.8492185571938359
dry_bean,exp,115,32,0.014931801918446022,0.9302276781030322,0.016394948274980427,0.9240196078431373,0.8496559075704513
dry_bean,exp,115,33,0.014851782730724258,0.9316965690903368,0.0162552077273845,0.928921568627451,0.8490852787714842
dry_bean,exp,115,34,0.014944789660274868,0.9290735494701501,0.0163755808509329,0.9274509803921569,0.8509626493149366
dry_bean,exp,115,35,0.015025348839874823,0.9307522820270696,0.01640164987535791,0.9313725490196079,0.8467828028503337
dry_bean,exp,115,36,0.014705319993056368,0.9314867275207218,0.01617170008259346,0.9274509803921569,0.8466972052498418
dry_bean,exp,115,37,0.014766363917870697,0.9309621235966845,0.016342234172862957,0.9259803921568628,0.8462271885186011
dry_bean,exp,115,38,0.014693917196138457,0.9314867275207218,0.016278685253278132,0.9279411764705883,0.8432670479528286
dry_bean,exp,115,39,0.014701223533201309,0.9316965690903368,0.01625299842161745,0.9269607843137255,0.8448676445413575
dry_bean,exp,115,40,0.014675168125728923,0.9311719651662994,0.016153509835321416,0.9245098039215687,0.8433448848730223
dry_bean,exp,115,41,0.014596936338675611,0.9301227573182247,0.016083764744024842,0.9274509803921569,0.8448064206416294
dry_bean,exp,115,42,0.01463011976772241,0.9322211730143741,0.016143342784130876,0.9284313725490196,0.8417504175416824
dry_bean,exp,115,43,0.014567753966117515,0.9313818067359144,0.016145020735898463,0.9279411764705883,0.8441958954735956
dry_bean,exp,115,44,0.014620419201555912,0.9318014898751442,0.016158515227912024,0.9274509803921569,0.8460307291316311
dry_bean,exp,115,45,0.01459451355274512,0.9313818067359144,0.016369682827760555,0.925,0.8407053728854083
dry_bean,exp,115,46,0.014514408663662002,0.9318014898751442,0.016176437421305184,0.9264705882352942,0.8422515293564904
dry_bean,exp,115,47,0.014459076924517207,0.9324310145839891,0.016066906724519447,0.9284313725490196,0.8415806570326573
dry_bean,exp,115,48,0.014793106656611942,0.9320113314447592,0.016246203419856723,0.928921568627451,0.8401697163044826
dry_bean,exp,115,49,0.014386884843175502,0.9325359353687965,0.01598292650215877,0.928921568627451,0.8425384612559768
dry_bean,exp,115,50,0.014428168086413173,0.9316965690903368,0.01600074338836421,0.9269607843137255,0.8409146659149651
dry_bean,exp,115,51,0.014620739807589543,0.9335851432168712,0.016258998686354692,0.9294117647058824,0.8406689849584257
dry_bean,exp,115,52,0.014457911938104345,0.9316965690903368,0.016195883256999343,0.9254901960784314,0.837921832236702
dry_bean,exp,115,53,0.014374233191012624,0.9322211730143741,0.016106701807004888,0.9259803921568628,0.8378659102792132
dry_bean,exp,115,54,0.014347233178168294,0.9335851432168712,0.01596262806294941,0.9264705882352942,0.8378229828133215
dry_bean,exp,115,55,0.014533467428966516,0.9307522820270696,0.0163419208339878,0.9235294117647059,0.8364846831388383
dry_bean,exp,115,56,0.014445092140449619,0.9322211730143741,0.016014096125124114,0.925,0.8386184459161795
dry_bean,exp,115,57,0.014280208817146851,0.9316965690903368,0.015913065069757638,0.9274509803921569,0.8343805932694995
dry_bean,exp,115,58,0.01431613483582676,0.9327457769384115,0.01609431364707698,0.925,0.8353815668503588
dry_bean,exp,115,59,0.014184995604214873,0.9336900640016788,0.015893376949268016,0.9284313725490196,0.8335412556646214
dry_bean,exp,115,60,0.014173438073220086,0.933060539292834,0.01586261020830626,0.9274509803921569,0.8322081623516822
dry_bean,tanh,100,1,0.039124150216044776,0.907879550939041,0.03965996747925121,0.9063725490196078,1.004451272813293
dry_bean,tanh,100,2,0.02611324372900267,0.9110271744832651,0.027014134652777296,0.907843137254902,1.0009791711210339
dry_bean,tanh,100,3,0.020469376943450104,0.9177421047109432,0.021370891372951305,0.9127450980392157,1.0001016024275533
dry_bean,tanh,100,4,0.018384174069138892,0.9225684608120869,0.019391517948459752,0.9225490196078432,1.0000002622888287
dry_bean,tanh,100,5,0.0174813357279869,0.9246668765082363,0.018442472591564327,0.9215686274509803,1.0000174499086827
dry_bean,tanh,100,6,0.01699971568818018,0.9258210051411184,0.01799694488577798,0.921078431372549,1.0119300841514833
dry_bean,tanh,100,7,0.016755679864414973,0.923932431014584,0.01790950568973471,0.9215686274509803,1.0001017723514443
dry_bean,tanh,100,8,0.016418103764532226,0.925506242786696,0.017503702647542304,0.9225490196078432,1.0005943301830307
dry_bean,tanh,100,9,0.016312859359502316,0.9260308467107334,0.017529947047196636,0.9215686274509803,1.0000007677801699
dry_bean,tanh,100,10,0.01640155658946823,0.9264505298499632,0.017353596146475216,0.9274509803921569,1.0000000020383024
dry_bean,tanh,100,11,0.016134536477717586,0.9261357674955408,0.017246565635970587,0.921078431372549,1.0000003764958763
dry_bean,tanh,100,12,0.015868514527073576,0.9266603714195782,0.01694141760984408,0.9264705882352942,1.0000002679304454
dry_bean,tanh,100,13,0.016042649143804398,0.927709579267653,0.017235901500715262,0.9274509803921569,1.0001234175880203
dry_bean,tanh,100,14,0.015756504718037183,0.9283391039764978,0.01697667382437681,0.9264705882352942,1.000120311444633
dry_bean,tanh,100,15,0.015631214161795352,0.9280243416220754,0.016968791007604633,0.9235294117647059,1.0001722581011048
dry_bean,tanh,100,16,0.01563186055777845,0.9280243416220754,0.01684354402276976,0.9240196078431373,1.0000000000552107
dry_bean,tanh,100,17,0.015526238137311705,0.9271849753436155,0.01683615220241486,0.9245098039215687,1.0000457857641545
dry_bean,tanh,100,18,0.015449759090002551,0.9273948169132306,0.016819419204185927,0.9254901960784314,1.000000002032528
dry_bean,tanh,100,19,0.015380212506184805,0.9283391039764978,0.01669240197706004,0.9269607843137255,1.0000005125507254
dry_bean,tanh,100,20,0.01570596212438795,0.9282341831916903,0.017019541723048367,0.9279411764705883,1.0036919796441346
dry_bean,tanh,100,21,0.015306330739049663,0.9293883118245725,0.01678593455808064,0.9240196078431373,1.000000060013846
dry_bean,tanh,100,22,0.01523742122981471,0.9283391039764978,0.016776099712434756,0.9230392156862746,1.0000000121538157
dry_bean,tanh,100,23,0.01535738624859237,0.9299129157486098,0.016722878800578437,0.928921568627451,1.000032001854341
dry_bean,tanh,100,24,0.015009641098457451,0.9293883118245725,0.016564278283134552,0.9259803921568628,1.0000000232450497
dry_bean,tanh,100,25,0.014991223186611127,0.9294932326093799,0.016458466685720326,0.9245098039215687,1.0000036255245675
dry_bean,tanh,100,26,0.015056292193135536,0.9289686286853426,0.016491132803034887,0.9245098039215687,1.0000019982895099
dry_bean,tanh,100,27,0.01520767323677576,0.9301227573182247,0.016583271865354465,0.9299019607843138,1.0007520002567147
dry_bean,tanh,100,28,0.015095279787862497,0.9303325988878397,0.016683154485027517,0.9264705882352942,1.0000025857463148
dry_bean,tanh,100,29,0.01488600509318363,0.9307522820270696,0.016434430041039737,0.9294117647058824,1.0001493673159692
dry_bean,tanh,100,30,0.014785886565585802,0.9301227573182247,0.016412008683135762,0.9240196078431373,1.000360698711397
dry_bean,tanh,100,31,0.014825573594633577,0.9301227573182247,0.01643364872318311,0.9220588235294118,1.004471558492309
dry_bean,tanh,100,32,0.014846174739626168,0.9298079949638023,0.016475099168541993,0.9264705882352942,1.0000023141462147
dry_bean,tanh,100,33,0.014695130527057875,0.9307522820270696,0.016400403576462923,0.9240196078431373,1.0000038981248203
dry_bean,tanh,100,34,0.014661237914051424,0.9299129157486098,0.01639167597816389,0.9235294117647059,1.0000005255869215
dry_bean,tanh,100,35,0.014548909799651621,0.9321162522295666,0.016214520360557396,0.9279411764705883,1.0011843817434756
dry_bean,tanh,100,36,0.014496889223640692,0.9318014898751442,0.01614570362917872,0.9254901960784314,1.0008398978697992
dry_bean,tanh,100,37,0.015028797530512925,0.9313818067359144,0.01648668437457258,0.9308823529411765,1.0001937738698454
dry_bean,tanh,100,38,0.014864063471905262,0.9324310145839891,0.01646738023027567,0.9279411764705883,1.0043616433940752
dry_bean,tanh,100,39,0.014432240182025302,0.9325359353687965,0.016175789067445732,0.9269607843137255,1.0000030736514607
dry_bean,tanh,100,40,0.014773303909221944,0.9301227573182247,0.016659680617106154,0.921078431372549,1.006420355120127
dry_bean,tanh,100,41,0.01447482896352827,0.9309621235966845,0.01640435769949209,0.9245098039215687,1.000001670564804
dry_bean,tanh,100,42,0.014441148087199675,0.9315916483055293,0.016082006966211,0.9274509803921569,1.0000098948185294
dry_bean,tanh,100,43,0.015059211815668537,0.9320113314447592,0.016967564975549458,0.925,1.0011420133157782
dry_bean,tanh,100,44,0.014574246065040743,0.9336900640016788,0.016249772090482253,0.9308823529411765,1.0001786705554678
dry_bean,tanh,100,45,0.014646122130324358,0.9311719651662994,0.016640125652683645,0.9225490196078432,1.0001227863780597
dry_bean,tanh,100,46,0.014445659384657514,0.9341097471409087,0.016129658389422926,0.9284313725490196,1.0000017223471953
dry_bean,tanh,100,47,0.01441702466973579,0.9342146679257161,0.0162704701041872,0.9264705882352942,1.0001123905481484
dry_bean,tanh,100,48,0.014448789153960705,0.9331654600776413,0.016049121840452686,0.9299019607843138,1.0000537369178657
dry_bean,tanh,100,49,0.014323403150667149,0.9323260937991816,0.01610918986323216,0.9254901960784314,1.0000341790108918
dry_bean,tanh,100,50,0.014217106622307801,0.9340048263561012,0.016045103559045263,0.9294117647058824,1.000000000103317
dry_bean,tanh,100,51,0.014247396713366948,0.9354737173434057,0.01603935350740688,0.9279411764705883,1.0000000093495738
dry_bean,tanh,100,52,0.014267541093144709,0.9342146679257161,0.016029273522184986,0.9284313725490196,1.004443874829268
dry_bean,tanh,100,53,0.0143771814330415,0.9341097471409087,0.016179795745788705,0.928921568627451,0.9732695091113847
dry_bean,tanh,100,54,0.014284862744281498,0.9337949847864861,0.01618954997685492,0.9284313725490196,0.9999788860617124
dry_bean,tanh,100,55,0.014193235611018783,0.9351589549889833,0.01609000224711191,0.9294117647058824,1.0000000714374877
dry_bean,tanh,100,56,0.014289675349610197,0.9331654600776413,0.016047403129562442,0.928921568627451,1.0000012343426066
dry_bean,tanh,100,57,0.014088912380650964,0.9352638757737908,0.015842272753073185,0.9308823529411765,1.0000003609579238
dry_bean,tanh,100,58,0.014006159994828966,0.9343195887105236,0.016041542831741803,0.925,1.000000028088248
dry_bean,tanh,100,59,0.01429612009239823,0.9331654600776413,0.01630597729474622,0.9264705882352942,1.0001071178428464
dry_bean,tanh,100,60,0.016244196060204937,0.931067044381492,0.01825070505726427,0.9215686274509803,1.0000066803827707
dry_bean,tanh,101,1,0.038100436203592256,0.8986465218759836,0.038613414429124554,0.8941176470588236,1.0047057154781973
dry_bean,tanh,101,2,0.025543236144866716,0.9136501941034519,0.02629583403262948,0.9151960784313725,1.0018485176589946
dry_bean,tanh,101,3,0.02026778345803814,0.9216241737488197,0.021117034596493927,0.9196078431372549,1.000263051773204
dry_bean,tanh,101,4,0.018255894066515076,0.9218340153184346,0.01934070785435501,0.9186274509803921,1.000473147506909
dry_bean,tanh,101,5,0.017611748984032883,0.9240373517993915,0.018626175704884448,0.9225490196078432,1.000209588947308
dry_bean,tanh,101,6,0.01688844486949002,0.9250865596474661,0.01784266220173256,0.9215686274509803,1.0004051140218135
dry_bean,tanh,101,7,0.016789730370793426,0.9245619557234288,0.017792949830494037,0.9205882352941176,1.0328507131588507
dry_bean,tanh,101,8,0.01658700475929957,0.9233029063057392,0.017589065786175945,0.9205882352941176,1.0000612695451583
dry_bean,tanh,101,9,0.016314119258632617,0.9259259259259259,0.01744387089740316,0.9196078431372549,1.0000235691377504
dry_bean,tanh,101,10,0.016302371863549374,0.9251914804322736,0.017489748671663828,0.9200980392156862,1.000346682954929
dry_bean,tanh,101,11,0.016220932501100783,0.9252964012170811,0.01731343064935377,0.9191176470588235,1.0000275313763616
dry_bean,tanh,101,12,0.016943734168613382,0.9213094113943973,0.018164206708489408,0.9181372549019607,1.000205775223177
dry_bean,tanh,101,13,0.01585615732154957,0.9267652922043856,0.017026264971011087,0.9245098039215687,1.0000014780007163
dry_bean,tanh,101,14,0.016339547626080763,0.9256111635715035,0.017536347060374675,0.9235294117647059,1.0000252957465638
dry_bean,tanh,101,15,0.015618269422656296,0.9295981533941874,0.01674578784405231,0.9259803921568628,1.0000099328379453
dry_bean,tanh,101,16,0.015894340146583922,0.927289896128423,0.01722675870617071,0.9230392156862746,1.0000061487119771
dry_bean,tanh,101,17,0.01545581834058656,0.9291784702549575,0.01672492657812321,0.9269607843137255,1.000001130997441
dry_bean,tanh,101,18,0.015371261097446298,0.9279194208372679,0.01685910054695572,0.9225490196078432,1.0000322252568308
dry_bean,tanh,101,19,0.015370380536633674,0.9291784702549575,0.016770574116848937,0.9230392156862746,1.0000004889929706
dry_bean,tanh,101,20,0.01513269671647454,0.9293883118245725,0.01652982922430086,0.9259803921568628,1.0039460273991492
dry_bean,tanh,101,21,0.015156247816541096,0.9295981533941874,0.016695831270684455,0.9230392156862746,1.001173415539434
dry_bean,tanh,101,22,0.01497708635205231,0.9311719651662994,0.01634997003807389,0.9264705882352942,1.0000000619128884
dry_bean,tanh,101,23,0.01500053349739525,0.9282341831916903,0.01643528250972762,0.9240196078431373,1.0000268857075738
dry_bean,tanh,101,24,0.015012460684931894,0.930857202811877,0.01642151840991492,0.9254901960784314,1.000000001103285
dry_bean,tanh,101,25,0.01490392537697839,0.929283391039765,0.016412402904818855,0.9220588235294118,1.0000465168845665
dry_bean,tanh,101,26,0.014787248620914784,0.9311719651662994,0.016354714158336663,0.9284313725490196,1.0002047970490189
dry_bean,tanh,101,27,0.014744677670542182,0.9309621235966845,0.01624105467053243,0.9269607843137255,1.0000000401843518
dry_bean,tanh,101,28,0.014855020787482257,0.932640856153604,0.016203960778658284,0.928921568627451,1.0426087000971986
dry_bean,tanh,101,29,0.014729022025204005,0.931067044381492,0.01634777477739398,0.9240196078431373,1.0000048976981923
dry_bean,tanh,101,30,0.014946959372953221,0.9307522820270696,0.016768248640250494,0.9200980392156862,1.0002498942089155
dry_bean,tanh,101,31,0.014810111250060912,0.9305424404574546,0.01647176327501842,0.9230392156862746,1.0000002154203624
dry_bean,tanh,101,32,0.014706085546817703,0.9315916483055293,0.016294965129559982,0.928921568627451,1.0000000075887512
dry_bean,tanh,101,33,0.014637259146952112,0.9312768859511069,0.016399581590293116,0.9230392156862746,1.0000020114564516
dry_bean,tanh,101,34,0.01449318916904102,0.9320113314447592,0.016137745197825158,0.9259803921568628,1.0001092429013765
dry_bean,tanh,101,35,0.01471628762347389,0.9323260937991816,0.016307243822163982,0.928921568627451,1.0000001992821386
dry_bean,tanh,101,36,0.015225508897869406,0.9307522820270696,0.017121437237794877,0.9274509803921569,0.9999939720890414
dry_bean,tanh,101,37,0.01481587339707007,0.932640856153604,0.01644879726935788,0.9279411764705883,1.000248136475518
dry_bean,tanh,101,38,0.014406962117314452,0.9320113314447592,0.016227304614953187,0.9235294117647059,1.0002700058580076
dry_bean,tanh,101,39,0.014684395691164176,0.9306473612422621,0.01662317974253018,0.9220588235294118,0.9999973521290482
dry_bean,tanh,101,40,0.014520201963575207,0.9337949847864861,0.01623911677855902,0.9279411764705883,1.0000000219646816
dry_bean,tanh,101,41,0.014352430353953324,0.9318014898751442,0.01633989127737237,0.9215686274509803,1.0000030949773744
dry_bean,tanh,101,42,0.014310462446838541,0.9325359353687965,0.016150822545877158,0.9220588235294118,1.0000050551571502
dry_bean,tanh,101,43,0.014352231131531114,0.9313818067359144,0.01608182676675332,0.9259803921568628,1.0002026110828566
dry_bean,tanh,101,44,0.014433218075282464,0.9337949847864861,0.0161692249951368,0.9269607843137255,1.0000316010052563
dry_bean,tanh,101,45,0.014162415728967646,0.9329556185080264,0.016010066844755533,0.928921568627451,1.0244308893625518
dry_bean,tanh,101,46,0.014443716172575732,0.9347392718497535,0.016234502626807996,0.9269607843137255,1.0003532666500459
dry_bean,tanh,101,47,0.014141479058334211,0.9321162522295666,0.01604637398374287,0.9235294117647059,1.000001184125932
dry_bean,tanh,101,48,0.014300332577263174,0.9352638757737908,0.016033008126011185,0.9269607843137255,1.000008270578869
dry_bean,tanh,101,49,0.01419754711159603,0.9332703808624488,0.016195365184220847,0.9240196078431373,1.0000001765886188
dry_bean,tanh,101,50,0.014114566975998515,0.9337949847864861,0.015990588462978614,0.928921568627451,1.0000000743551396
dry_bean,tanh,101,51,0.014365083131556239,0.9343195887105236,0.016234688732395367,0.9274509803921569,1.0001023040983856
dry_bean,tanh,101,52,0.014465769521168032,0.9349491134193684,0.016352221504809642,0.9284313725490196,1.0050404983695578
dry_bean,tanh,101,53,0.014344491493047774,0.934634351064946,0.016112470796479823,0.9279411764705883,1.0000003432667262
dry_bean,tanh,101,54,0.014123694500330592,0.9344245094953311,0.01602604310072689,0.9294117647058824,1.000185641663321
dry_bean,tanh,101,55,0.01395595302327434,0.9350540342041759,0.015860381165209995,0.9284313725490196,1.000000057533407
dry_bean,tanh,101,56,0.014212663300493438,0.9332703808624488,0.016307401033005254,0.9200980392156862,1.0000213016419703
dry_bean,tanh,101,57,0.014220671782313366,0.9358934004826356,0.01616000564909352,0.9284313725490196,1.000232051854305
dry_bean,tanh,101,58,0.013973404239603691,0.9351589549889833,0.01589013953751538,0.9294117647058824,1.0023818778723397
dry_bean,tanh,101,59,0.013899796108386044,0.9343195887105236,0.016031655446820156,0.9230392156862746,1.0000000252349799
dry_bean,tanh,101,60,0.014023671854339776,0.9344245094953311,0.015920740635010974,0.9303921568627451,1.000000074482034
dry_bean,tanh,102,1,0.0388098131451807,0.908299234078271,0.03939883082096981,0.9063725490196078,1.000054787143942
dry_bean,tanh,102,2,0.024624234728948813,0.9143846395971041,0.025339311771546486,0.9102941176470588,1.00006452630954
dry_bean,tanh,102,3,0.020513842320456048,0.9162732137236387,0.021528355014469834,0.9156862745098039,1.0008580747941842
dry_bean,tanh,102,4,0.018329904448691068,0.9234078270905466,0.019234205182768756,0.9200980392156862,1.0007879836779239
dry_bean,tanh,102,5,0.01769972017688112,0.9236176686601616,0.018580266712891223,0.9205882352941176,1.0000851550737118
dry_bean,tanh,102,6,0.017104673009988813,0.9242471933690064,0.01814932604724925,0.9196078431372549,1.0002423102766695
dry_bean,tanh,102,7,0.01686120354258047,0.925716084356311,0.017767630603565322,0.9240196078431373,1.0000866888452733
dry_bean,tanh,102,8,0.01659668940021251,0.9256111635715035,0.017677095116827926,0.9235294117647059,1.0000000692493358
dry_bean,tanh,102,9,0.016308526199166132,0.9260308467107334,0.017380765372093217,0.9220588235294118,1.000420030736853
dry_bean,tanh,102,10,0.016084870547637926,0.9262406882803483,0.01718069309594383,0.9235294117647059,1.000002141814175
dry_bean,tanh,102,11,0.0161808291298935,0.9259259259259259,0.017334931271206284,0.9240196078431373,1.0065650507548438
dry_bean,tanh,102,12,0.01681838913229713,0.9215192529640122,0.018059078921875315,0.9176470588235294,1.0000043823532971
dry_bean,tanh,102,13,0.015866085785192056,0.9266603714195782,0.017225385508162765,0.9220588235294118,1.000000516867597
dry_bean,tanh,102,14,0.015621390172790885,0.9279194208372679,0.01679378598572747,0.9240196078431373,1.0000006139143718
dry_bean,tanh,102,15,0.015585816645059116,0.9276046584828455,0.01679786803310428,0.925,1.0000070648642987
dry_bean,tanh,102,16,0.015534981122914963,0.9284440247613052,0.016597185897530325,0.9264705882352942,1.0123999517036257
dry_bean,tanh,102,17,0.015484800694085175,0.9279194208372679,0.016772280911275597,0.9230392156862746,1.0000211819553588
dry_bean,tanh,102,18,0.015295627896616856,0.9288637079005351,0.0165274965889319,0.9274509803921569,1.000022356091314
dry_bean,tanh,102,19,0.015585464173429542,0.9280243416220754,0.016916252899144116,0.9259803921568628,1.0007229893948617
dry_bean,tanh,102,20,0.015163394632698068,0.9290735494701501,0.01643840860487242,0.9279411764705883,1.0005883025298776
dry_bean,tanh,102,21,0.01510642148869955,0.9283391039764978,0.016488709815485975,0.9230392156862746,1.0000002857730181
dry_bean,tanh,102,22,0.015123158815508719,0.9306473612422621,0.016524816027325622,0.9254901960784314,1.000000637184104
dry_bean,tanh,102,23,0.015094004021536975,0.929283391039765,0.01667548760914914,0.9245098039215687,1.0000003093528367
dry_bean,tanh,102,24,0.01493072716755247,0.9289686286853426,0.016349592110510455,0.9235294117647059,1.0050327629442448
dry_bean,tanh,102,25,0.014965543680640344,0.9300178365334173,0.0164304633145013,0.925,1.004058230409313
dry_bean,tanh,102,26,0.014991113000975019,0.9294932326093799,0.016508291816667558,0.9225490196078432,1.001933517071148
dry_bean,tanh,102,27,0.01495597894284342,0.9307522820270696,0.016376129942295124,0.9269607843137255,1.0000045623482396
dry_bean,tanh,102,28,0.014778308109557457,0.9300178365334173,0.01626111490376906,0.9254901960784314,1.0000009566639023
dry_bean,tanh,102,29,0.014702045768512386,0.9305424404574546,0.01627804441721917,0.9259803921568628,1.000003514592622
dry_bean,tanh,102,30,0.014752493443899013,0.931067044381492,0.01635099475249031,0.9274509803921569,0.9999999499628429
dry_bean,tanh,102,31,0.014708483991391704,0.9309621235966845,0.016203182958455697,0.928921568627451,1.0000067775105392
dry_bean,tanh,102,32,0.014671297376303731,0.9305424404574546,0.016327030053919826,0.9235294117647059,1.000008661640108
dry_bean,tanh,102,33,0.014597730229278214,0.9305424404574546,0.016257819952722068,0.9240196078431373,1.0000003621261162
dry_bean,tanh,102,34,0.014726150946298859,0.9304375196726472,0.016319987446037524,0.9264705882352942,1.0001850605483145
dry_bean,tanh,102,35,0.014536107810792287,0.9318014898751442,0.01605989663674042,0.9269607843137255,1.000000039534022
dry_bean,tanh,102,36,0.01471905598825226,0.9306473612422621,0.01637507992468103,0.9259803921568628,1.0004908741657812
dry_bean,tanh,102,37,0.014582540280010797,0.9316965690903368,0.016290736803398726,0.9279411764705883,1.0000000919805507
dry_bean,tanh,102,38,0.014496086080583582,0.9327457769384115,0.016211103179938686,0.9269607843137255,1.0042145380444238
dry_bean,tanh,102,39,0.014838158192914896,0.9320113314447592,0.016375463377218135,0.9274509803921569,1.0000002718251755
dry_bean,tanh,102,40,0.014850325151418424,0.9316965690903368,0.016355444958198625,0.9269607843137255,1.0000053244823706
dry_bean,tanh,102,41,0.014580760779476011,0.9329556185080264,0.01643069419135961,0.9235294117647059,1.0000235730988776
dry_bean,tanh,102,42,0.014566607622578494,0.9321162522295666,0.01634749607992739,0.9225490196078432,1.0000001737806623
dry_bean,tanh,102,43,0.014410304420809393,0.9324310145839891,0.016277703928265413,0.9245098039215687,1.0000001211759855
dry_bean,tanh,102,44,0.014271706813642225,0.9328506977232189,0.015938029994747343,0.9264705882352942,1.0000000562111335
dry_bean,tanh,102,45,0.014251388894845307,0.9328506977232189,0.016026310207459416,0.9274509803921569,1.0003296510486523
dry_bean,tanh,102,46,0.014380647036203084,0.9327457769384115,0.016098461688899526,0.9279411764705883,1.000052799235537
dry_bean,tanh,102,47,0.014254948474109437,0.9318014898751442,0.016041987623116035,0.9274509803921569,1.0000022764443033
dry_bean,tanh,102,48,0.014287066674158435,0.9320113314447592,0.016195795064139488,0.921078431372549,1.0008264892224814
dry_bean,tanh,102,49,0.014197718428839351,0.932640856153604,0.016038587812067864,0.925,1.0004114303672427
dry_bean,tanh,102,50,0.014204393892570298,0.9327457769384115,0.016097838124593825,0.9274509803921569,1.0207534071723174
dry_bean,tanh,102,51,0.014196949181436675,0.934634351064946,0.01588342022639531,0.928921568627451,1.0000005916140324
dry_bean,tanh,102,52,0.01417731137674977,0.9334802224320637,0.01598529913328054,0.9274509803921569,1.0001047272665868
dry_bean,tanh,102,53,0.014128031117873106,0.9332703808624488,0.016008339013192468,0.9259803921568628,1.000000171375578
dry_bean,tanh,102,54,0.014270839581291252,0.9329556185080264,0.016166591645425367,0.9235294117647059,1.0000000874769355
dry_bean,tanh,102,55,0.014183087520160809,0.934634351064946,0.015933165963000616,0.928921568627451,1.0000000172573802
dry_bean,tanh,102,56,0.014154765167608416,0.934634351064946,0.015901752354522132,0.9264705882352942,1.0001145173183548
dry_bean,tanh,102,57,0.014134475313427573,0.9340048263561012,0.015974735687637596,0.925,1.0000004243440568
dry_bean,tanh,102,58,0.014085315471172323,0.9335851432168712,0.015850548384592725,0.9274509803921569,1.000000215195672
dry_bean,tanh,102,59,0.013994804702411764,0.9344245094953311,0.015813157526439536,0.9279411764705883,1.000005420545861
dry_bean,tanh,102,60,0.014211405964422845,0.932640856153604,0.016002726995505857,0.9269607843137255,1.0001874975469907
dry_bean,tanh,103,1,0.03903730272230317,0.8932955618508026,0.03945444306494716,0.890686274509804,1.0051845759379578
dry_bean,tanh,103,2,0.026311860483590847,0.914804322736334,0.027001209064174567,0.9142156862745098,1.0009495970309226
dry_bean,tanh,103,3,0.020609259194726743,0.9181617878501731,0.021676615787745615,0.9156862745098039,1.0001129821950552
dry_bean,tanh,103,4,0.018405551944017027,0.9237225894449691,0.019282711768020187,0.9230392156862746,1.0000360161342228
dry_bean,tanh,103,5,0.017602419211902278,0.9235127478753541,0.018612302929981384,0.9205882352941176,1.0327300236556778
dry_bean,tanh,103,6,0.01723034579629035,0.9241422725841989,0.018150120699756835,0.9240196078431373,1.0009077615187887
dry_bean,tanh,103,7,0.016880983502730443,0.9225684608120869,0.01789073319638542,0.9205882352941176,1.034822624350677
dry_bean,tanh,103,8,0.016532694075559223,0.925716084356311,0.01743578456983459,0.925,1.0001641497099631
dry_bean,tanh,103,9,0.016261111226293853,0.9252964012170811,0.017330292389769505,0.9254901960784314,1.0005025019042315
dry_bean,tanh,103,10,0.0160238215139859,0.9265554506347707,0.01715774982589857,0.9225490196078432,1.0000012247672334
dry_bean,tanh,103,11,0.01604241962136079,0.925506242786696,0.017127247412413334,0.9215686274509803,0.9993945819857935
dry_bean,tanh,103,12,0.016178948444976658,0.9256111635715035,0.01742962785861348,0.9196078431372549,1.000000030205249
dry_bean,tanh,103,13,0.0163579382349865,0.9256111635715035,0.017451324949309156,0.9235294117647059,1.0000164196137775
dry_bean,tanh,103,14,0.01603416479830752,0.925506242786696,0.017173188142806186,0.9245098039215687,1.0000526519011061
dry_bean,tanh,103,15,0.015503310546144894,0.9284440247613052,0.01683831033016957,0.9245098039215687,1.0001142409381645
dry_bean,tanh,103,16,0.01544633500915319,0.927499737698038,0.016724437898595453,0.9245098039215687,1.0000421101850534
dry_bean,tanh,103,17,0.015336798436184443,0.9285489455461127,0.016647376908959184,0.9245098039215687,1.0000331972313217
dry_bean,tanh,103,18,0.015843827256691187,0.9247717972930437,0.017310807583581358,0.9200980392156862,1.0004844628638194
dry_bean,tanh,103,19,0.015157958748640551,0.9291784702549575,0.016469618674637972,0.9240196078431373,1.000695407106082
dry_bean,tanh,103,20,0.015716476008572722,0.9246668765082363,0.01726370723740763,0.9191176470588235,1.0007446176444943
dry_bean,tanh,103,21,0.015075989462387104,0.9287587871157277,0.01645430213284749,0.9240196078431373,1.0000003937419026
dry_bean,tanh,103,22,0.015246234900641002,0.9300178365334173,0.01658747759863693,0.9264705882352942,1.0000251540159835
dry_bean,tanh,103,23,0.015003163213503217,0.931067044381492,0.016312989474863347,0.9254901960784314,1.000080061891281
dry_bean,tanh,103,24,0.015006561887670146,0.9287587871157277,0.016495858328573428,0.9230392156862746,1.000035526562628
dry_bean,tanh,103,25,0.01517035775212874,0.9294932326093799,0.01641615595004285,0.9215686274509803,1.000133527836635
dry_bean,tanh,103,26,0.015094438902133477,0.9309621235966845,0.01645837502037258,0.9264705882352942,1.0000072277921814
dry_bean,tanh,103,27,0.015255218771998019,0.927289896128423,0.016884869358968678,0.9196078431372549,1.0000013501091458
dry_bean,tanh,103,28,0.014858399447270123,0.9300178365334173,0.01618172144712331,0.9259803921568628,1.0175230356232086
dry_bean,tanh,103,29,0.014983769355367419,0.930857202811877,0.01632588636925737,0.9274509803921569,1.0002351184127498
dry_bean,tanh,103,30,0.01468514917397587,0.9327457769384115,0.01608707612374574,0.9294117647058824,1.0000079254927159
dry_bean,tanh,103,31,0.014804708911385007,0.9312768859511069,0.016360889503252204,0.9254901960784314,1.000000013097041
dry_bean,tanh,103,32,0.014868244314749578,0.9305424404574546,0.016402543956879106,0.9259803921568628,1.0018343546114123
dry_bean,tanh,103,33,0.014893625007599177,0.9289686286853426,0.016585409793075483,0.921078431372549,1.0000272086631383
dry_bean,tanh,103,34,0.014490830065812085,0.9325359353687965,0.015971859091455293,0.9269607843137255,1.0000000006843581
dry_bean,tanh,103,35,0.01473544508287766,0.929283391039765,0.016487803252565887,0.9235294117647059,1.0000031148650832
dry_bean,tanh,103,36,0.014445647583076596,0.9323260937991816,0.01605046361928821,0.9269607843137255,1.00000000010646
dry_bean,tanh,103,37,0.0144427387961453,0.9320113314447592,0.015860045171594946,0.9254901960784314,1.0000000129234445
dry_bean,tanh,103,38,0.014535249051165941,0.9304375196726472,0.016296885667741096,0.9254901960784314,1.0000008079131213
dry_bean,tanh,103,39,0.014875184867183764,0.9283391039764978,0.016710462756900597,0.921078431372549,1.000269868333973
dry_bean,tanh,103,40,0.014418449599813756,0.9321162522295666,0.016037963651047392,0.925,1.0001287099717235
dry_bean,tanh,103,41,0.014338058697824155,0.9325359353687965,0.01606985053564105,0.925,1.0000008935565474
dry_bean,tanh,103,42,0.014519102472082714,0.931067044381492,0.016266668052541507,0.9235294117647059,1.0000081438755557
dry_bean,tanh,103,43,0.014606529451284983,0.931067044381492,0.016120853930412262,0.9235294117647059,1.0011153810246016
dry_bean,tanh,103,44,0.014622469469399971,0.9338999055712937,0.01620260304997457,0.9269607843137255,1.000173424761481
dry_bean,tanh,103,45,0.014451663231644306,0.9329556185080264,0.01594510890979279,0.928921568627451,0.9999993342078101
dry_bean,tanh,103,46,0.014263319580420392,0.9328506977232189,0.01589202819890774,0.9264705882352942,0.9996193098566756
dry_bean,tanh,103,47,0.014929455744075861,0.9281292624068828,0.016838228445347943,0.9220588235294118,1.0000000157200724
dry_bean,tanh,103,48,0.014207376487133142,0.9338999055712937,0.015985662738851415,0.9254901960784314,1.0000027771466813
dry_bean,tanh,103,49,0.014256060941685147,0.9329556185080264,0.015897379891299017,0.9279411764705883,1.0000000369241622
dry_bean,tanh,103,50,0.014362221160691517,0.9324310145839891,0.01609891359323555,0.9259803921568628,1.0001115692181768
dry_bean,tanh,103,51,0.01416749079580558,0.9336900640016788,0.015806935341106217,0.9279411764705883,1.0000286158962914
dry_bean,tanh,103,52,0.01408514212726797,0.9337949847864861,0.015802535881658256,0.9299019607843138,1.000005229805725
dry_bean,tanh,103,53,0.014481369473098835,0.9340048263561012,0.016060007135468776,0.9264705882352942,1.0002905142384946
dry_bean,tanh,103,54,0.014210851288734764,0.9336900640016788,0.01600841009368048,0.9264705882352942,1.0000913782178364
dry_bean,tanh,103,55,0.014814421444772966,0.9284440247613052,0.01684123458152996,0.9220588235294118,1.0004620853332828
dry_bean,tanh,103,56,0.014199716871324439,0.9336900640016788,0.0159839359617649,0.9259803921568628,1.0000207303858621
dry_bean,tanh,103,57,0.014144929272977124,0.9348441926345609,0.015863648805390894,0.9294117647058824,1.0000015647816456
dry_bean,tanh,103,58,0.01413894348328425,0.9329556185080264,0.016041557397466273,0.9254901960784314,1.0000890541312126
dry_bean,tanh,103,59,0.014259413857974686,0.9350540342041759,0.016083448428719338,0.9269607843137255,1.0000000301855492
dry_bean,tanh,103,60,0.014072570430440306,0.9349491134193684,0.015844818068506808,0.9294117647058824,1.000000042109188
dry_bean,tanh,104,1,0.03812235896518061,0.8870003147623544,0.038629872385328085,0.8740196078431373,1.0017819825787209
dry_bean,tanh,104,2,0.024744400088431193,0.9160633721540237,0.02550880284760527,0.9117647058823529,1.0000849486814287
dry_bean,tanh,104,3,0.020171301352203456,0.92036512433113,0.02094943043152422,0.9166666666666666,1.000446922448892
dry_bean,tanh,104,4,0.018925644812287448,0.9204700451159374,0.01980161748454382,0.9205882352941176,1.0000064822302936
dry_bean,tanh,104,5,0.017510711434084184,0.9235127478753541,0.018529784203958666,0.9196078431372549,1.000036776144989
dry_bean,tanh,104,6,0.016933412635731906,0.9246668765082363,0.01781796480979858,0.9225490196078432,1.0002182539871982
dry_bean,tanh,104,7,0.016722675844984814,0.9247717972930437,0.017782323616579616,0.9215686274509803,1.0002103064943768
dry_bean,tanh,104,8,0.01637514107798189,0.9247717972930437,0.017423470689029805,0.9230392156862746,1.0237918123609684
dry_bean,tanh,104,9,0.016157574821367735,0.9265554506347707,0.01713487304265037,0.9259803921568628,1.0000458656615696
dry_bean,tanh,104,10,0.016244151071323508,0.9252964012170811,0.01734338113493591,0.9225490196078432,1.0000061162208933
dry_bean,tanh,104,11,0.01590707883188463,0.9265554506347707,0.01698266576823515,0.9269607843137255,1.0000003919010896
dry_bean,tanh,104,12,0.01594463994071972,0.9260308467107334,0.016913050128469793,0.9230392156862746,1.000345155216247
dry_bean,tanh,104,13,0.01629005076693495,0.925716084356311,0.017278127728944877,0.9225490196078432,1.000806836952914
dry_bean,tanh,104,14,0.015561090959596994,0.9271849753436155,0.016808092210812527,0.9235294117647059,1.002016819099924
dry_bean,tanh,104,15,0.01544081703098291,0.9276046584828455,0.016587915090250496,0.9259803921568628,1.000000089867936
dry_bean,tanh,104,16,0.015669768452775703,0.9254013220018886,0.016986935151721835,0.9200980392156862,1.0000002807943333
dry_bean,tanh,104,17,0.01559107620708891,0.9280243416220754,0.016735894607968156,0.928921568627451,1.000028243154828
dry_bean,tanh,104,18,0.015677495031501322,0.9258210051411184,0.017023879927048048,0.9245098039215687,1.0000520559879666
dry_bean,tanh,104,19,0.01527000466915197,0.9288637079005351,0.016736851465356577,0.9220588235294118,1.000094641184051
dry_bean,tanh,104,20,0.015583098359941743,0.9260308467107334,0.017045793513581767,0.9200980392156862,1.0001993025186717
dry_bean,tanh,104,21,0.015194634049935036,0.9287587871157277,0.016468187514782812,0.9294117647058824,1.0000109056361477
dry_bean,tanh,104,22,0.015066805934025398,0.9278145000524604,0.016479895913793723,0.9230392156862746,1.0001379320853494
dry_bean,tanh,104,23,0.015291794899326123,0.9300178365334173,0.01665661349754336,0.9274509803921569,1.1032412048966997
dry_bean,tanh,104,24,0.014961484631855754,0.9284440247613052,0.01639848044726142,0.9225490196078432,1.0000450998101373
dry_bean,tanh,104,25,0.014920732920229215,0.9290735494701501,0.016403463473465087,0.9245098039215687,1.000003609278786
dry_bean,tanh,104,26,0.014951141772507923,0.9312768859511069,0.0161896110756584,0.9299019607843138,1.0000008039218609
dry_bean,tanh,104,27,0.014857657806900014,0.9303325988878397,0.01621965125288514,0.9240196078431373,1.000011334777665
dry_bean,tanh,104,28,0.014772827453492803,0.930857202811877,0.016136422596785143,0.9264705882352942,0.999991333190907
dry_bean,tanh,104,29,0.014920338700402222,0.9301227573182247,0.016370447087316567,0.9235294117647059,1.0000000007044683
dry_bean,tanh,104,30,0.014704068024567469,0.9318014898751442,0.016324438571745387,0.9240196078431373,1.0003818617974123
dry_bean,tanh,104,31,0.01460977904037853,0.9314867275207218,0.016195138962483206,0.9264705882352942,1.0000128024789434
dry_bean,tanh,104,32,0.014673070038780496,0.9314867275207218,0.016149185070046587,0.9245098039215687,1.0000000172943986
dry_bean,tanh,104,33,0.014747359708309078,0.9335851432168712,0.016298591448472934,0.9279411764705883,1.0000066566781305
dry_bean,tanh,104,34,0.014597124715166571,0.9327457769384115,0.016079855289956996,0.9264705882352942,1.0000414208890411
dry_bean,tanh,104,35,0.014587226068785573,0.9300178365334173,0.016186482915370674,0.9240196078431373,1.0035187528707252
dry_bean,tanh,104,36,0.014620733780355794,0.9311719651662994,0.016311504666135932,0.9225490196078432,1.0007299291288867
dry_bean,tanh,104,37,0.014709816937213422,0.9306473612422621,0.01648856824963391,0.9235294117647059,1.0001498651363072
dry_bean,tanh,104,38,0.014852038325295549,0.9283391039764978,0.01662124543965835,0.9225490196078432,1.0000691513081825
dry_bean,tanh,104,39,0.014568624907909587,0.9337949847864861,0.01615266083704594,0.9279411764705883,1.000509168471694
dry_bean,tanh,104,40,0.014445281758631806,0.9316965690903368,0.016139003085806986,0.9230392156862746,0.9999705093923076
dry_bean,tanh,104,41,0.014390915141388303,0.9315916483055293,0.016139565971800197,0.9225490196078432,1.000000225207709
dry_bean,tanh,104,42,0.014745419912745309,0.9298079949638023,0.016670909232739034,0.9225490196078432,0.9999615332808778
dry_bean,tanh,104,43,0.014296438839097628,0.9334802224320637,0.016218907493982693,0.9264705882352942,1.000000411728528
dry_bean,tanh,104,44,0.01445499116498783,0.9299129157486098,0.016358513593465466,0.9225490196078432,1.000000022034858
dry_bean,tanh,104,45,0.014365144053457287,0.9335851432168712,0.016072223136921058,0.9284313725490196,1.0000178775785231
dry_bean,tanh,104,46,0.0141559911051635,0.933060539292834,0.01592227877147236,0.9274509803921569,1.0000078655717644
dry_bean,tanh,104,47,0.014301959808966088,0.933060539292834,0.01627905566607367,0.9225490196078432,1.000000159461368
dry_bean,tanh,104,48,0.014182668665223021,0.9336900640016788,0.015957453612951627,0.928921568627451,1.0000014819871983
dry_bean,tanh,104,49,0.014479779056213506,0.9344245094953311,0.016190866157745395,0.9279411764705883,1.0000835117890132
dry_bean,tanh,104,50,0.014210064799882632,0.9338999055712937,0.016039557672043,0.9284313725490196,1.0001332049737515
dry_bean,tanh,104,51,0.014684095936310242,0.9336900640016788,0.016276189149268393,0.9294117647058824,1.0014012435409392
dry_bean,tanh,104,52,0.014377950932043465,0.9347392718497535,0.016080889089551915,0.9284313725490196,1.0000104893247457
dry_bean,tanh,104,53,0.014299756741408015,0.932640856153604,0.01608881008607775,0.9254901960784314,1.000274264689732
dry_bean,tanh,104,54,0.014150808486637788,0.9333753016472564,0.016137106063547183,0.9240196078431373,1.0006838667794489
dry_bean,tanh,104,55,0.014137306939095047,0.9348441926345609,0.016162165799673125,0.9254901960784314,1.0000000318009223
dry_bean,tanh,104,56,0.014181283766162307,0.9341097471409087,0.01629058701055329,0.928921568627451,1.0001182030171738
dry_bean,tanh,104,57,0.014203200990082772,0.9343195887105236,0.016026059781742222,0.9279411764705883,1.0000001929060496
dry_bean,tanh,104,58,0.014044572571258523,0.9337949847864861,0.016119325125170215,0.9240196078431373,1.0000244637472318
dry_bean,tanh,104,59,0.0141028122891755,0.9356835589130207,0.016118483740916335,0.9274509803921569,1.0000010683629819
dry_bean,tanh,104,60,0.014496542127753894,0.9307522820270696,0.016650517214953867,0.9215686274509803,1.0000055162162507
dry_bean,tanh,105,1,0.038985433848451156,0.8926660371419578,0.03936542160994179,0.8872549019607843,1.0167594114071454
dry_bean,tanh,105,2,0.025832144238447246,0.9163781345084461,0.026564944670566856,0.9107843137254902,1.0002504077608727
dry_bean,tanh,105,3,0.02040175495727789,0.9217290945336271,0.021301409037266374,0.9147058823529411,1.0066710381933213
dry_bean,tanh,105,4,0.019032041652292685,0.9198405204070926,0.01988757968691938,0.9166666666666666,1.0003200516896138
dry_bean,tanh,105,5,0.01757713132041532,0.9247717972930437,0.01852568334295836,0.9220588235294118,1.0056142682004043
dry_bean,tanh,105,6,0.017486409080767838,0.9214143321792047,0.018474748122908464,0.9176470588235294,1.0022269580349723
dry_bean,tanh,105,7,0.0166886536471602,0.9250865596474661,0.017725771890462278,0.9225490196078432,1.0000006721949943
dry_bean,tanh,105,8,0.016438901677251812,0.9261357674955408,0.01745990504294177,0.9245098039215687,1.0035756920830043
dry_bean,tanh,105,9,0.016439806020989396,0.9252964012170811,0.01748379081350241,0.9259803921568628,1.0001979936314753
dry_bean,tanh,105,10,0.016216716766995626,0.9258210051411184,0.017238847194642106,0.9215686274509803,1.0002339943943928
dry_bean,tanh,105,11,0.01608087365602494,0.9271849753436155,0.01716245236997826,0.9259803921568628,1.0000023009361578
dry_bean,tanh,105,12,0.016445359782406167,0.9228832231665093,0.017681117958192914,0.9191176470588235,1.0007703450849061
dry_bean,tanh,105,13,0.0157522059411642,0.9279194208372679,0.016933381358865587,0.9269607843137255,1.0000292008733618
dry_bean,tanh,105,14,0.015597590795651445,0.927709579267653,0.016822180512625587,0.925,1.0000287979108828
dry_bean,tanh,105,15,0.015590238307792466,0.927499737698038,0.016793804764384627,0.9245098039215687,1.000000271416639
dry_bean,tanh,105,16,0.015477008996879971,0.9284440247613052,0.016748296456263943,0.9240196078431373,1.0017437824688802
dry_bean,tanh,105,17,0.015430746442545273,0.927709579267653,0.016696343778320123,0.9240196078431373,1.000000468647922
dry_bean,tanh,105,18,0.015409380749177987,0.9291784702549575,0.016687283612192065,0.9264705882352942,1.0001848982332544
dry_bean,tanh,105,19,0.015372911985138814,0.9289686286853426,0.016867878184197112,0.925,1.0004246715935445
dry_bean,tanh,105,20,0.015142364648699247,0.9291784702549575,0.01653080104410552,0.9254901960784314,1.0000007496526027
dry_bean,tanh,105,21,0.0154659079018371,0.9287587871157277,0.01656006681127284,0.9284313725490196,1.0000565895471702
dry_bean,tanh,105,22,0.015165664873879275,0.9283391039764978,0.016668363712453112,0.9215686274509803,1.0034604292190041
dry_bean,tanh,105,23,0.015497506028114841,0.9276046584828455,0.01706544582177129,0.9196078431372549,1.0000014423869348
dry_bean,tanh,105,24,0.014973011536334267,0.9295981533941874,0.016315797526008157,0.9279411764705883,1.000000752140434
dry_bean,tanh,105,25,0.014962864212404135,0.9303325988878397,0.016353768805539317,0.9230392156862746,1.000000873039402
dry_bean,tanh,105,26,0.014968834590668258,0.9303325988878397,0.016425059068413135,0.925,1.0014734285243236
dry_bean,tanh,105,27,0.014944940914699912,0.9298079949638023,0.01628205541194556,0.9294117647058824,1.0000328336086104
dry_bean,tanh,105,28,0.01492735127885659,0.9304375196726472,0.01637369240373333,0.9284313725490196,1.000000209808755
dry_bean,tanh,105,29,0.014851191212318328,0.9298079949638023,0.01638520948461042,0.9240196078431373,1.0000658584812023
dry_bean,tanh,105,30,0.014762344462846654,0.9309621235966845,0.01621905381068362,0.9294117647058824,1.0001706969337611
dry_bean,tanh,105,31,0.014971263971084023,0.9289686286853426,0.016655835150649487,0.9230392156862746,1.0000048759271223
dry_bean,tanh,105,32,0.014882291559122815,0.9315916483055293,0.01653889457135199,0.9254901960784314,1.003027137972565
dry_bean,tanh,105,33,0.014930707377640552,0.9311719651662994,0.01631501126696162,0.9294117647058824,1.000000793030607
dry_bean,tanh,105,34,0.014763207053900815,0.9313818067359144,0.016389495229070676,0.9245098039215687,1.000947244045862
dry_bean,tanh,105,35,0.014603047243750958,0.9319064106599517,0.016107825707458553,0.9279411764705883,1.0000107452403872
dry_bean,tanh,105,36,0.01470860662304276,0.9299129157486098,0.01628097737963721,0.925,1.000000065428532
dry_bean,tanh,105,37,0.014545598246152248,0.9316965690903368,0.01614672408334095,0.9269607843137255,0.9995606970580228
dry_bean,tanh,105,38,0.014452803024658081,0.9313818067359144,0.01611409363228903,0.9264705882352942,0.9940205022909911
dry_bean,tanh,105,39,0.01513072585308179,0.9309621235966845,0.016511618711693238,0.9294117647058824,1.0000089932093306
dry_bean,tanh,105,40,0.014359906519383972,0.9322211730143741,0.016024770610634887,0.9264705882352942,1.0000000031712177
dry_bean,tanh,105,41,0.014437077420119872,0.9320113314447592,0.01626264344311417,0.9254901960784314,1.0000029835081978
dry_bean,tanh,105,42,0.014561336808863845,0.933060539292834,0.01628158247484141,0.9264705882352942,1.0000073686699744
dry_bean,tanh,105,43,0.01432146528822762,0.9327457769384115,0.016027755641953502,0.9294117647058824,1.0000000028393972
dry_bean,tanh,105,44,0.014524897219883775,0.9314867275207218,0.016194285107797995,0.9245098039215687,0.9998570369474358
dry_bean,tanh,105,45,0.014304659071680173,0.932640856153604,0.01603026384487713,0.9269607843137255,1.0000000000854423
dry_bean,tanh,105,46,0.014638234185157131,0.9323260937991816,0.016220362302803777,0.9240196078431373,1.0000081111423447
dry_bean,tanh,105,47,0.01432593171375003,0.9319064106599517,0.016049488005578958,0.9259803921568628,1.00000022613546
dry_bean,tanh,105,48,0.014322592089163633,0.9332703808624488,0.016053754455262415,0.9269607843137255,1.0000000240194313
dry_bean,tanh,105,49,0.01448479107018325,0.9309621235966845,0.016277917325956227,0.925,1.000007122558788
dry_bean,tanh,105,50,0.014224000593215366,0.9329556185080264,0.01609166845907797,0.9254901960784314,1.0000309098736837
dry_bean,tanh,105,51,0.014725676243694336,0.9299129157486098,0.016717605398744412,0.9200980392156862,1.000000017651372
dry_bean,tanh,105,52,0.014137503967525097,0.933060539292834,0.015948651429598334,0.9269607843137255,1.0000334729412734
dry_bean,tanh,105,53,0.014117414003592108,0.9333753016472564,0.016024885010389973,0.925,1.0000000005999412
dry_bean,tanh,105,54,0.014246160298811513,0.9345294302801385,0.016038164479775876,0.928921568627451,1.0000000000994747
dry_bean,tanh,105,55,0.014321847588717025,0.9320113314447592,0.016285486482357815,0.9230392156862746,1.000000073005661
dry_bean,tanh,105,56,0.014463818411331666,0.9336900640016788,0.016477241450707277,0.9220588235294118,1.000048800562522
dry_bean,tanh,105,57,0.014062084608732126,0.9329556185080264,0.01590343757718825,0.9259803921568628,1.0041660595916733
dry_bean,tanh,105,58,0.014184750931494896,0.9315916483055293,0.015940209843227526,0.925,1.000003140873658
dry_bean,tanh,105,59,0.014176916970887896,0.9342146679257161,0.015930316884798238,0.9279411764705883,0.9999996876701998
dry_bean,tanh,105,60,0.01425946704227476,0.9338999055712937,0.0160240854592725,0.925,1.0000041185491253
dry_bean,tanh,106,1,0.038857691195147585,0.8967579477494492,0.0393184906891859,0.8931372549019608,1.000139699590447
dry_bean,tanh,106,2,0.025129342706798313,0.9176371839261358,0.02605356864893279,0.9098039215686274,1.0036662067099
dry_bean,tanh,106,3,0.020277996317463957,0.9188962333438254,0.02125110076934197,0.917156862745098,1.003811961913001
dry_bean,tanh,106,4,0.018580921836773543,0.9225684608120869,0.019464880266750226,0.9225490196078432,1.0081997648194279
dry_bean,tanh,106,5,0.017507675725707692,0.9251914804322736,0.018488820940320793,0.9230392156862746,1.0621542236867334
dry_bean,tanh,106,6,0.016983200716888535,0.9267652922043856,0.018029374303047848,0.9235294117647059,1.0003272431468093
dry_bean,tanh,106,7,0.016558303925707233,0.9258210051411184,0.017606158957864607,0.9240196078431373,1.0001372239061737
dry_bean,tanh,106,8,0.016573678512340012,0.9258210051411184,0.017606099415490607,0.9200980392156862,1.0006632956123904
dry_bean,tanh,106,9,0.01626359740227569,0.9262406882803483,0.017428731226527064,0.9230392156862746,1.000002760304678
dry_bean,tanh,106,10,0.01611569071152872,0.9269751337740006,0.017316567706884202,0.9259803921568628,1.0028082991318266
dry_bean,tanh,106,11,0.016237499401800932,0.9243521141538139,0.01744102635161138,0.9205882352941176,1.0000209260114907
dry_bean,tanh,106,12,0.01563276364133425,0.927499737698038,0.01676058423495272,0.9269607843137255,1.0000097611445318
dry_bean,tanh,106,13,0.015774046641508076,0.9273948169132306,0.017098220218140423,0.9220588235294118,1.002756338093664
dry_bean,tanh,106,14,0.015411990118022833,0.9281292624068828,0.016753663451754462,0.9225490196078432,1.0000370598622563
dry_bean,tanh,106,15,0.015344415678463823,0.9291784702549575,0.016663086326825102,0.9294117647058824,1.002631438206542
dry_bean,tanh,106,16,0.015352815813880373,0.9303325988878397,0.016603117061157652,0.928921568627451,1.0001871949099566
dry_bean,tanh,106,17,0.01533189059028953,0.9278145000524604,0.016821725733174246,0.9235294117647059,1.0000700823906197
dry_bean,tanh,106,18,0.015280968896457081,0.9293883118245725,0.016750227410481527,0.9259803921568628,1.0000005930431133
dry_bean,tanh,106,19,0.015166101120101064,0.9305424404574546,0.01639392182060321,0.928921568627451,1.0003211767879496
dry_bean,tanh,106,20,0.01501494287791529,0.9289686286853426,0.016331541326266637,0.9259803921568628,1.00000525465635
dry_bean,tanh,106,21,0.014891168027650016,0.9299129157486098,0.016364804899708044,0.9240196078431373,1.000106879629545
dry_bean,tanh,106,22,0.01528994348809988,0.9286538663309202,0.01673772151832347,0.9220588235294118,1.0000155530883723
dry_bean,tanh,106,23,0.014747065996377918,0.9313818067359144,0.01624073857704197,0.9274509803921569,1.0000975797174252
dry_bean,tanh,106,24,0.014984392926179825,0.9325359353687965,0.016344135014130474,0.928921568627451,1.0001012727735583
dry_bean,tanh,106,25,0.01474109499438567,0.9306473612422621,0.01621711610688892,0.9240196078431373,1.000016356147381
dry_bean,tanh,106,26,0.014665249741990748,0.930857202811877,0.01623631073623708,0.9240196078431373,1.0000016842988402
dry_bean,tanh,106,27,0.014568462578380266,0.9319064106599517,0.01614113334442134,0.9264705882352942,1.0000017374254482
dry_bean,tanh,106,28,0.014628527881078312,0.9320113314447592,0.016174296705476123,0.9269607843137255,1.0002961359469889
dry_bean,tanh,106,29,0.014611794177939804,0.932640856153604,0.016098469566297107,0.9303921568627451,1.000072156796932
dry_bean,tanh,106,30,0.01475796500257873,0.9321162522295666,0.01619780217903741,0.9259803921568628,1.0015762024104924
dry_bean,tanh,106,31,0.014722052612103327,0.9332703808624488,0.016282902112224697,0.9259803921568628,1.0000211314285588
dry_bean,tanh,106,32,0.014528147753492256,0.9311719651662994,0.016289340458953576,0.9215686274509803,1.0016886547848132
dry_bean,tanh,106,33,0.01470684797774942,0.9307522820270696,0.016462626791476635,0.9220588235294118,1.0000009541595722
dry_bean,tanh,106,34,0.01440736658328618,0.933060539292834,0.016188730869555114,0.9264705882352942,1.0005449301453526
dry_bean,tanh,106,35,0.014523793958182912,0.9313818067359144,0.016402868963762793,0.925,1.001186753133285
dry_bean,tanh,106,36,0.01444680839906955,0.9337949847864861,0.016169823735152977,0.9264705882352942,1.0005888673330883
dry_bean,tanh,106,37,0.014493452947069706,0.934634351064946,0.016132329211413294,0.9264705882352942,1.0000419246750685
dry_bean,tanh,106,38,0.014401451114515969,0.9336900640016788,0.01610849531947493,0.9264705882352942,1.002599871105424
dry_bean,tanh,106,39,0.014323132412741989,0.9315916483055293,0.016195366459938042,0.9230392156862746,1.0034267233904788
dry_bean,tanh,106,40,0.014290007925305633,0.9338999055712937,0.015909655555655766,0.9294117647058824,1.0001064201371515
dry_bean,tanh,106,41,0.0142352690974887,0.9343195887105236,0.015978615451760988,0.9284313725490196,1.0000002158957984
dry_bean,tanh,106,42,0.014335750935590842,0.9327457769384115,0.01635725503825054,0.9220588235294118,1.0000003548332819
dry_bean,tanh,106,43,0.014530832367020774,0.9307522820270696,0.016545305766404898,0.9254901960784314,1.000017581440051
dry_bean,tanh,106,44,0.014148543522831151,0.9350540342041759,0.01598806878776783,0.9274509803921569,1.0000001448658586
dry_bean,tanh,106,45,0.014103193187369446,0.9341097471409087,0.015928231771986007,0.9279411764705883,1.000054435692986
dry_bean,tanh,106,46,0.014054993610069877,0.9343195887105236,0.015840304608247962,0.928921568627451,1.0000444213172264
dry_bean,tanh,106,47,0.014041077382143453,0.934634351064946,0.016047497180079227,0.925,0.9999628834387172
dry_bean,tanh,106,48,0.01398681263607116,0.9341097471409087,0.015881589750009143,0.9269607843137255,1.000000008005648
dry_bean,tanh,106,49,0.0139868903444087,0.9352638757737908,0.01587272340407248,0.9284313725490196,1.0000084541558967
dry_bean,tanh,106,50,0.014117748500293188,0.9355786381282132,0.015982552162720452,0.928921568627451,1.0000885334992164
dry_bean,tanh,106,51,0.014045666530422232,0.9351589549889833,0.016040838209910452,0.9259803921568628,1.0000715795810788
dry_bean,tanh,106,52,0.013958000174709972,0.9348441926345609,0.015770353480349227,0.928921568627451,1.0000558887650357
dry_bean,tanh,106,53,0.013891267835713938,0.9354737173434057,0.015924548256311094,0.9269607843137255,1.0000002055386894
dry_bean,tanh,106,54,0.014024248710733276,0.9347392718497535,0.01609773588948375,0.9254901960784314,1.0001500882935628
dry_bean,tanh,106,55,0.014086036240678676,0.9340048263561012,0.016010801691579667,0.9264705882352942,1.0000173309022176
dry_bean,tanh,106,56,0.013835886922006177,0.9355786381282132,0.015828390138659373,0.9274509803921569,1.0000007238899744
dry_bean,tanh,106,57,0.013943249907800178,0.9358934004826356,0.016051052655180437,0.9279411764705883,1.000000232654647
dry_bean,tanh,106,58,0.014053746340381694,0.9357884796978282,0.0160594725136287,0.9279411764705883,1.0000000098161546
dry_bean,tanh,106,59,0.013954861423612007,0.9355786381282132,0.01600083105099709,0.9274509803921569,1.0000715778500342
dry_bean,tanh,106,60,0.013789340772682773,0.9359983212674431,0.015861992600615424,0.9279411764705883,1.0000036550020763
dry_bean,tanh,107,1,0.039739336711850946,0.8865806316231245,0.040065888035401745,0.8833333333333333,1.0065851915829716
dry_bean,tanh,107,2,0.02567376075313051,0.9158535305844088,0.026432700142356484,0.9166666666666666,1.0007191156657445
dry_bean,tanh,107,3,0.020723361841483528,0.9202602035463225,0.0214850469271091,0.9127450980392157,1.0000181290838515
dry_bean,tanh,107,4,0.018527527065665995,0.9234078270905466,0.019395266236614677,0.9205882352941176,1.0000154520474516
dry_bean,tanh,107,5,0.017732889396518965,0.923932431014584,0.018619132875967195,0.9235294117647059,1.0043515747609004
dry_bean,tanh,107,6,0.017526876846829378,0.9225684608120869,0.018433896187025463,0.9205882352941176,1.0000397261477356
dry_bean,tanh,107,7,0.016934300897839115,0.9254013220018886,0.01782896219536831,0.9264705882352942,1.000007098638183
dry_bean,tanh,107,8,0.016753948519268445,0.9236176686601616,0.01775858526025116,0.921078431372549,1.000083133943977
dry_bean,tanh,107,9,0.016474364893477467,0.9252964012170811,0.017479398126474602,0.9205882352941176,1.00015025355562
dry_bean,tanh,107,10,0.016200861535790156,0.9266603714195782,0.017228908551877076,0.9240196078431373,1.0000004983339188
dry_bean,tanh,107,11,0.01598987868742231,0.9280243416220754,0.01700273901125556,0.9254901960784314,1.0002040769921612
dry_bean,tanh,107,12,0.015861295466372074,0.9271849753436155,0.016875641480529578,0.9254901960784314,1.0004799117023138
dry_bean,tanh,107,13,0.016013678476899943,0.9241422725841989,0.017216192586120383,0.921078431372549,1.0001481633387574
dry_bean,tanh,107,14,0.015946951674861074,0.9249816388626587,0.01731073003443944,0.921078431372549,1.0000102024079356
dry_bean,tanh,107,15,0.01564026539312422,0.9285489455461127,0.016873231374557006,0.9245098039215687,1.0000109378905295
dry_bean,tanh,107,16,0.015368013480787989,0.9284440247613052,0.01670047158381104,0.9240196078431373,1.000015832422913
dry_bean,tanh,107,17,0.015939265473738765,0.9285489455461127,0.017166597433644504,0.9254901960784314,1.0003484361739055
dry_bean,tanh,107,18,0.015233879013728111,0.9276046584828455,0.016550467703159214,0.9230392156862746,1.0003852102434594
dry_bean,tanh,107,19,0.015125271682116567,0.9291784702549575,0.01645440718233726,0.9240196078431373,1.0000551223152268
dry_bean,tanh,107,20,0.015212659381337784,0.9278145000524604,0.016597746443162274,0.921078431372549,1.000566187958967
dry_bean,tanh,107,21,0.015264269109953873,0.9281292624068828,0.01675431861131296,0.9220588235294118,1.0031383362963708
dry_bean,tanh,107,22,0.015010571808934996,0.9295981533941874,0.016465149891428135,0.9230392156862746,1.0000014799313832
dry_bean,tanh,107,23,0.015068114880967223,0.930857202811877,0.016387739167937107,0.9279411764705883,1.0008104357725298
dry_bean,tanh,107,24,0.014936115192722406,0.9294932326093799,0.016474207159404404,0.925,1.0000427632791988
dry_bean,tanh,107,25,0.015106445849225983,0.9314867275207218,0.01643852269785475,0.9299019607843138,1.0007761076761856
dry_bean,tanh,107,26,0.01490712062321534,0.9298079949638023,0.016327821960840854,0.925,1.0000213678593444
dry_bean,tanh,107,27,0.015158800683053269,0.9309621235966845,0.016691065329713962,0.9259803921568628,1.00000104291493
dry_bean,tanh,107,28,0.014720310770876812,0.931067044381492,0.016205760843268555,0.925,1.00000205416878
dry_bean,tanh,107,29,0.014800583793963866,0.9320113314447592,0.016231011190404113,0.9294117647058824,1.000014501826865
dry_bean,tanh,107,30,0.0147412193831601,0.9309621235966845,0.01614829093271224,0.9264705882352942,1.0000025290393904
dry_bean,tanh,107,31,0.014688965176041223,0.9333753016472564,0.0160434517857491,0.9284313725490196,1.0001543160408837
dry_bean,tanh,107,32,0.014819060716027028,0.9325359353687965,0.016288238156095647,0.9308823529411765,1.0000185482640596
dry_bean,tanh,107,33,0.01471432694086975,0.9332703808624488,0.01621302959368675,0.9284313725490196,1.0000099458805585
dry_bean,tanh,107,34,0.014481153124400365,0.9314867275207218,0.016022196806915225,0.9269607843137255,0.9999988515955436
dry_bean,tanh,107,35,0.014536011361280911,0.9315916483055293,0.016168151208263665,0.9269607843137255,1.0000117016402736
dry_bean,tanh,107,36,0.014449564567567113,0.9320113314447592,0.01610894734464838,0.925,1.0000101876349659
dry_bean,tanh,107,37,0.014630067192422448,0.9322211730143741,0.01632453246187802,0.9264705882352942,1.0000020656281672
dry_bean,tanh,107,38,0.014436153597403125,0.9315916483055293,0.016037234380021394,0.9269607843137255,1.0000000002266782
dry_bean,tanh,107,39,0.014451334815851424,0.9328506977232189,0.01601520969362164,0.9274509803921569,1.0000000011984544
dry_bean,tanh,107,40,0.014399098756436256,0.9342146679257161,0.016055347873248332,0.9284313725490196,1.0000059932208891
dry_bean,tanh,107,41,0.014380726907931388,0.9325359353687965,0.016083814516608903,0.9284313725490196,1.0012904742153697
dry_bean,tanh,107,42,0.014233721563414745,0.9332703808624488,0.015944208462299752,0.9235294117647059,1.0000000086745313
dry_bean,tanh,107,43,0.014235749694194447,0.9327457769384115,0.01594334599535282,0.9259803921568628,1.0000075053603044
dry_bean,tanh,107,44,0.014309440156603497,0.9332703808624488,0.016039834647810718,0.9294117647058824,1.0000097180709822
dry_bean,tanh,107,45,0.014279281156085727,0.9324310145839891,0.01591615989887499,0.928921568627451,1.0001584441632916
dry_bean,tanh,107,46,0.014148820185078065,0.9336900640016788,0.016068234656943795,0.9264705882352942,1.0000000000586007
dry_bean,tanh,107,47,0.014194112671163913,0.9318014898751442,0.016182245150577233,0.9230392156862746,1.000000733825909
dry_bean,tanh,107,48,0.014168120060876723,0.9342146679257161,0.015890623678922005,0.9269607843137255,1.0000000344613311
dry_bean,tanh,107,49,0.0142549081648936,0.933060539292834,0.01621700581573285,0.9225490196078432,1.0001918286832832
dry_bean,tanh,107,50,0.014037644140999343,0.9338999055712937,0.01596751335690836,0.9259803921568628,1.0000023335562962
dry_bean,tanh,107,51,0.014115312789635676,0.9341097471409087,0.01612849874382281,0.9225490196078432,1.0000000000370848
dry_bean,tanh,107,52,0.014386989795064902,0.9327457769384115,0.016379755735718725,0.9245098039215687,1.0000000412747863
dry_bean,tanh,107,53,0.014018505722433102,0.9332703808624488,0.015991526794850983,0.9269607843137255,1.0000126197411392
dry_bean,tanh,107,54,0.01404463316671396,0.9354737173434057,0.015929842928107608,0.9279411764705883,1.0000101128704981
dry_bean,tanh,107,55,0.013948483184921688,0.9349491134193684,0.015901492092973417,0.9269607843137255,1.0000000003725362
dry_bean,tanh,107,56,0.013927439319232375,0.9334802224320637,0.015896780988913634,0.9279411764705883,0.9999984052016566
dry_bean,tanh,107,57,0.0140076806913363,0.9344245094953311,0.016042790267759843,0.9284313725490196,1.000170410206062
dry_bean,tanh,107,58,0.013956905668085997,0.9343195887105236,0.015893074830243832,0.9299019607843138,0.9987998695639478
dry_bean,tanh,107,59,0.013897986237869479,0.9338999055712937,0.015918292270147804,0.9264705882352942,1.0000000874232993
dry_bean,tanh,107,60,0.014366150143111751,0.9337949847864861,0.01661937113646884,0.9230392156862746,1.0000001498094169
dry_bean,tanh,108,1,0.03857408047252382,0.8816493547371734,0.038957822144400814,0.878921568627451,1.0030513493478155
dry_bean,tanh,108,2,0.024294399860932934,0.9193159164830553,0.02508735970561628,0.9127450980392157,1.000427292844547
dry_bean,tanh,108,3,0.01990720434524095,0.9198405204070926,0.02080829618352865,0.9166666666666666,1.000394256546601
dry_bean,tanh,108,4,0.018336152899944155,0.9224635400272794,0.019343440558015384,0.9147058823529411,1.000017788427577
dry_bean,tanh,108,5,0.01759948365886965,0.9235127478753541,0.018659789564107458,0.9200980392156862,1.0002125221833562
dry_bean,tanh,108,6,0.017011961310274416,0.9250865596474661,0.017999323436493894,0.9245098039215687,1.0000118025120772
dry_bean,tanh,108,7,0.017155050825592297,0.9240373517993915,0.018158021087891513,0.921078431372549,1.0027295692022493
dry_bean,tanh,108,8,0.016497332206579403,0.925506242786696,0.017457852815083507,0.9240196078431373,1.00006653012695
dry_bean,tanh,108,9,0.01629485026047141,0.925506242786696,0.017412644997438886,0.9205882352941176,1.0000205265936915
dry_bean,tanh,108,10,0.016013869663076698,0.9261357674955408,0.0171696710540158,0.9215686274509803,1.0000641743555827
dry_bean,tanh,108,11,0.016901462939025922,0.9207848074703598,0.018268218740134713,0.9156862745098039,1.0015390226467185
dry_bean,tanh,108,12,0.015739802866985432,0.9278145000524604,0.01698330964144185,0.9245098039215687,1.0023909830651851
dry_bean,tanh,108,13,0.01586026978836346,0.9261357674955408,0.017067809710382794,0.9225490196078432,1.000015015713106
dry_bean,tanh,108,14,0.015528601863472598,0.9280243416220754,0.016685131753596073,0.9245098039215687,1.0000315372172006
dry_bean,tanh,108,15,0.015419768947922385,0.9286538663309202,0.01668732533395707,0.9235294117647059,1.0002398811724382
dry_bean,tanh,108,16,0.015620938399722424,0.927289896128423,0.016735035798457965,0.925,1.0000005918563097
dry_bean,tanh,108,17,0.015368072919377671,0.9288637079005351,0.01668942959453243,0.9205882352941176,1.00023166095448
dry_bean,tanh,108,18,0.015225274048650067,0.9281292624068828,0.016551985791597924,0.9230392156862746,1.0000049304175893
dry_bean,tanh,108,19,0.01521702878805001,0.9294932326093799,0.016499444338930493,0.9274509803921569,1.0049872758194591
dry_bean,tanh,108,20,0.015233925597575757,0.9271849753436155,0.01671410332745087,0.921078431372549,1.0000017318666012
dry_bean,tanh,108,21,0.015252031739427003,0.9309621235966845,0.016540795031804906,0.9269607843137255,0.9999788422329163
dry_bean,tanh,108,22,0.014902362220638003,0.929283391039765,0.016243474987801224,0.925,1.0000017409297866
dry_bean,tanh,108,23,0.015201884843791742,0.927709579267653,0.016605515759068545,0.9215686274509803,1.0149523661297057
dry_bean,tanh,108,24,0.014948505390696108,0.9284440247613052,0.016259320314910737,0.9225490196078432,1.0000015670214513
dry_bean,tanh,108,25,0.014826242263573774,0.9288637079005351,0.016290907641745764,0.9225490196078432,1.0001103080030196
dry_bean,tanh,108,26,0.0150273353638097,0.9307522820270696,0.01650571509383889,0.9254901960784314,1.0000012062905792
dry_bean,tanh,108,27,0.015034907758959014,0.9306473612422621,0.016501244831019668,0.9254901960784314,1.000331681931929
dry_bean,tanh,108,28,0.014892504223118786,0.9300178365334173,0.016440507555732363,0.9240196078431373,1.000000447877896
dry_bean,tanh,108,29,0.014768670381353129,0.9303325988878397,0.016288137234412976,0.9220588235294118,1.0002265011071922
dry_bean,tanh,108,30,0.01506977975955683,0.9290735494701501,0.016551302892578022,0.9220588235294118,1.0024574300749276
dry_bean,tanh,108,31,0.014909233097789645,0.9305424404574546,0.01626992076042121,0.9279411764705883,1.0003570904927372
dry_bean,tanh,108,32,0.014633471814989873,0.9320113314447592,0.016052558223040192,0.928921568627451,1.0000952879545675
dry_bean,tanh,108,33,0.014656905912233132,0.9299129157486098,0.016141590065069576,0.9230392156862746,1.0008187688878396
dry_bean,tanh,108,34,0.014488386670894223,0.9309621235966845,0.016007370062798038,0.9269607843137255,1.0000707816772954
dry_bean,tanh,108,35,0.014563224495898034,0.9305424404574546,0.01620539864244747,0.9254901960784314,1.000048551633539
dry_bean,tanh,108,36,0.015316315728178943,0.9312768859511069,0.016791963468909724,0.9240196078431373,1.000662091247309
dry_bean,tanh,108,37,0.014593835138296684,0.9332703808624488,0.016129363544394787,0.9279411764705883,1.0035057126302995
dry_bean,tanh,108,38,0.01437770196580518,0.9315916483055293,0.016090320490957117,0.9245098039215687,1.0000215044503091
dry_bean,tanh,108,39,0.014626668565383423,0.9303325988878397,0.016357946917508873,0.9220588235294118,1.0002377281840362
dry_bean,tanh,108,40,0.014475733529214163,0.933060539292834,0.015992253046977437,0.9269607843137255,1.0000128646530058
dry_bean,tanh,108,41,0.014471586298538681,0.9334802224320637,0.016018488981736922,0.9259803921568628,1.0005559340363337
dry_bean,tanh,108,42,0.01436756124223796,0.9313818067359144,0.01595531528695657,0.9284313725490196,1.000005301758754
dry_bean,tanh,108,43,0.014250287711522754,0.9315916483055293,0.015940230334522458,0.9274509803921569,1.0000047406137536
dry_bean,tanh,108,44,0.014356517210798421,0.9316965690903368,0.016236329551318793,0.9225490196078432,1.0000330868733323
dry_bean,tanh,108,45,0.014315509055586633,0.9320113314447592,0.016075529676328804,0.9254901960784314,1.0001835905751253
dry_bean,tanh,108,46,0.014521984476023686,0.9334802224320637,0.0163726097708701,0.925,1.000000000914428
dry_bean,tanh,108,47,0.014534207578772934,0.9314867275207218,0.016572379659086207,0.9220588235294118,1.000000118971519
dry_bean,tanh,108,48,0.014230330646442284,0.9324310145839891,0.016112802450597593,0.9240196078431373,1.0000845901750937
dry_bean,tanh,108,49,0.014244032257615714,0.932640856153604,0.01596906053593398,0.9279411764705883,1.001707345210451
dry_bean,tanh,108,50,0.01418422850816822,0.9333753016472564,0.015927606078700727,0.9259803921568628,0.9999692683610464
dry_bean,tanh,108,51,0.014664750396575246,0.9302276781030322,0.016719991655936958,0.9196078431372549,0.9995769651088692
dry_bean,tanh,108,52,0.014157285066909565,0.932640856153604,0.016132699322620084,0.9245098039215687,1.000000221896077
dry_bean,tanh,108,53,0.014112223671152321,0.9328506977232189,0.015917368439752475,0.925,1.0001514122705886
dry_bean,tanh,108,54,0.014081477374304877,0.9340048263561012,0.015877728585961984,0.9284313725490196,1.000156439807501
dry_bean,tanh,108,55,0.014396032893183804,0.932640856153604,0.016437675794058946,0.9230392156862746,1.0000000513542167
dry_bean,tanh,108,56,0.014411453426186143,0.9340048263561012,0.0161662066849059,0.9264705882352942,1.0000005825880025
dry_bean,tanh,108,57,0.014116432799486926,0.9337949847864861,0.01592923655357879,0.9245098039215687,1.0000001419297329
dry_bean,tanh,108,58,0.014070880465993989,0.934634351064946,0.015995983849915983,0.9279411764705883,1.00000138597823
dry_bean,tanh,108,59,0.01407294835576755,0.9327457769384115,0.016013399435181923,0.9225490196078432,1.0003326912695216
dry_bean,tanh,108,60,0.014142499813463022,0.9353687965585983,0.016044382523399923,0.9240196078431373,1.0000003513994957
dry_bean,tanh,109,1,0.038673102598384475,0.8942398489140698,0.0391699616567189,0.8872549019607843,1.0006142102048232
dry_bean,tanh,109,2,0.025242587195070765,0.9173224215717134,0.02588965984644945,0.9186274509803921,1.0007889828595966
dry_bean,tanh,109,3,0.02020206632077179,0.920155282761515,0.02112023740211233,0.9205882352941176,1.0027002026262255
dry_bean,tanh,109,4,0.018442907805149275,0.9233029063057392,0.019309700005567858,0.9225490196078432,1.0001356664591363
dry_bean,tanh,109,5,0.017817533008372247,0.9229881439513168,0.01873218984829226,0.9205882352941176,1.000052545911829
dry_bean,tanh,109,6,0.017377393313014897,0.923932431014584,0.018323318449891095,0.9191176470588235,1.0005899504020241
dry_bean,tanh,109,7,0.016689777584830635,0.9258210051411184,0.017607659687998396,0.925,1.000820210449873
dry_bean,tanh,109,8,0.016381237908970333,0.9252964012170811,0.01737586286253399,0.9245098039215687,1.000001021605047
dry_bean,tanh,109,9,0.01621591140532557,0.9263456090651558,0.01714226252696746,0.9245098039215687,1.0001055438465494
dry_bean,tanh,109,10,0.01591976623860175,0.9259259259259259,0.01692323167266586,0.9245098039215687,0.9999813201037435
dry_bean,tanh,109,11,0.016117941156203946,0.9252964012170811,0.017154546217030307,0.9205882352941176,1.0011535609976836
dry_bean,tanh,109,12,0.01577329177119065,0.9279194208372679,0.016813438925625583,0.925,1.000004659637166
dry_bean,tanh,109,13,0.015679867064549678,0.9278145000524604,0.01679389620239556,0.9259803921568628,1.0009614753702993
dry_bean,tanh,109,14,0.015575586553467123,0.9265554506347707,0.016798886122968443,0.9200980392156862,1.000031730175745
dry_bean,tanh,109,15,0.01553871589735076,0.9270800545588082,0.016826002755373316,0.9235294117647059,1.000006018557279
dry_bean,tanh,109,16,0.015408785683056475,0.9291784702549575,0.01658434897763769,0.9269607843137255,1.0004176847237956
dry_bean,tanh,109,17,0.015534047141915796,0.9276046584828455,0.01682200120307645,0.9240196078431373,1.0000000388930894
dry_bean,tanh,109,18,0.015203382446210613,0.9294932326093799,0.01639591344555007,0.928921568627451,1.0000001246039023
dry_bean,tanh,109,19,0.015163912764573217,0.931067044381492,0.01629462946051038,0.9303921568627451,1.0000124068142053
dry_bean,tanh,109,20,0.01514448591345836,0.9306473612422621,0.016339331762133005,0.9308823529411765,1.0000005542402175
dry_bean,tanh,109,21,0.015280728787060665,0.9300178365334173,0.01648327033542061,0.9269607843137255,1.0000000181415645
dry_bean,tanh,109,22,0.015040987689911802,0.9281292624068828,0.016447786702323098,0.9240196078431373,1.0000013463187662
dry_bean,tanh,109,23,0.014966909764419042,0.9302276781030322,0.01637415102347937,0.9269607843137255,1.000003908116268
dry_bean,tanh,109,24,0.014934163004928799,0.9309621235966845,0.016062457952052897,0.9284313725490196,1.0000010886858588
dry_bean,tanh,109,25,0.01476585115102381,0.9299129157486098,0.016148044081374362,0.925,1.0000002770491405
dry_bean,tanh,109,26,0.014719724123614218,0.9297030741789949,0.016091796685414196,0.9279411764705883,1.0000032645039318
dry_bean,tanh,109,27,0.015008305348165425,0.9284440247613052,0.016482863104943554,0.9230392156862746,1.0002080374141369
dry_bean,tanh,109,28,0.014726477033384769,0.9315916483055293,0.016015815895747194,0.9274509803921569,1.0000197292636248
dry_bean,tanh,109,29,0.014608151165299607,0.9307522820270696,0.015941417264172687,0.9284313725490196,0.9999737183632756
dry_bean,tanh,109,30,0.014815095023632496,0.9309621235966845,0.01600319993765643,0.9279411764705883,1.0001550351414539
dry_bean,tanh,109,31,0.015391459371236775,0.9294932326093799,0.016723029188340826,0.9245098039215687,1.00000524978252
dry_bean,tanh,109,32,0.014513607959660066,0.9318014898751442,0.016055015459989816,0.9220588235294118,1.0000426642576281
dry_bean,tanh,109,33,0.014530876363700448,0.9316965690903368,0.016110097998952667,0.9245098039215687,1.0000040016677973
dry_bean,tanh,109,34,0.014482357074307766,0.9316965690903368,0.01597268997321432,0.925,1.0000108894958522
dry_bean,tanh,109,35,0.014494981392558772,0.9314867275207218,0.016137910811668165,0.925,1.0000000127460513
dry_bean,tanh,109,36,0.014339166137517704,0.9324310145839891,0.015816238116705923,0.9294117647058824,1.0000125149889305
dry_bean,tanh,109,37,0.014363615064317896,0.9319064106599517,0.015981316567644784,0.9240196078431373,1.0000003507053281
dry_bean,tanh,109,38,0.014312309227245159,0.9323260937991816,0.015924047253078603,0.9264705882352942,1.0000001333810198
dry_bean,tanh,109,39,0.01440645122759282,0.9324310145839891,0.015860912508546654,0.9259803921568628,1.0000398002427993
dry_bean,tanh,109,40,0.014252585640171414,0.9329556185080264,0.015896554073217512,0.9264705882352942,1.0000026835268907
dry_bean,tanh,109,41,0.014808701288305614,0.9298079949638023,0.01654196209327982,0.921078431372549,0.9999985387225147
dry_bean,tanh,109,42,0.014267270106405144,0.9324310145839891,0.01599276922750239,0.9259803921568628,1.0000005094711577
dry_bean,tanh,109,43,0.01471686025191675,0.9337949847864861,0.016342063454177158,0.9269607843137255,1.0000429702227014
dry_bean,tanh,109,44,0.014334369010444383,0.933060539292834,0.016032064033477934,0.9254901960784314,1.0000135780635775
dry_bean,tanh,109,45,0.014369307645899465,0.9313818067359144,0.016037301508320927,0.9254901960784314,1.000000357744583
dry_bean,tanh,109,46,0.014145671571166014,0.9323260937991816,0.015863546790940937,0.9284313725490196,1.0000365788694132
dry_bean,tanh,109,47,0.014160223448661562,0.9322211730143741,0.015760052659518214,0.9264705882352942,1.0000174834159565
dry_bean,tanh,109,48,0.01413605221465543,0.9319064106599517,0.015956891757245382,0.9235294117647059,1.0000037011201934
dry_bean,tanh,109,49,0.014231446741721398,0.9348441926345609,0.015928359723143857,0.928921568627451,1.0000680850547248
dry_bean,tanh,109,50,0.014104296137750272,0.9336900640016788,0.01595278831519913,0.9269607843137255,1.0000003120654326
dry_bean,tanh,109,51,0.014016531678052202,0.9335851432168712,0.01578215664710105,0.9269607843137255,1.0001730946221887
dry_bean,tanh,109,52,0.013993935577619361,0.9333753016472564,0.01586691272444918,0.9279411764705883,1.0000009312217848
dry_bean,tanh,109,53,0.014054567049255534,0.9331654600776413,0.015893067885827353,0.9235294117647059,1.0000435851673712
dry_bean,tanh,109,54,0.014070395028501012,0.9344245094953311,0.01594583003079217,0.9279411764705883,1.0000068240693976
dry_bean,tanh,109,55,0.014098877516495592,0.9336900640016788,0.015854886524210864,0.9264705882352942,1.0000043641025607
dry_bean,tanh,109,56,0.014446273352374375,0.9338999055712937,0.016252967118723805,0.9259803921568628,0.9999388297623042
dry_bean,tanh,109,57,0.013973539188227758,0.9334802224320637,0.015888507488741113,0.9254901960784314,1.0001295354684439
dry_bean,tanh,109,58,0.013965273770387787,0.9342146679257161,0.015923856683786004,0.9230392156862746,1.0041901271207443
dry_bean,tanh,109,59,0.013854142927583279,0.9334802224320637,0.01584511475110821,0.9254901960784314,1.00000082175655
dry_bean,tanh,109,60,0.014012414806415841,0.932640856153604,0.015753158595302234,0.9269607843137255,1.0000001302606674
dry_bean,tanh,110,1,0.038825041445027596,0.8914069877242682,0.039506393803132936,0.8848039215686274,1.0007162200178779
dry_bean,tanh,110,2,0.02402841416587767,0.9151190850907565,0.024945076691865527,0.9147058823529411,1.000198191491643
dry_bean,tanh,110,3,0.01968957568809948,0.9215192529640122,0.020598173697407556,0.9181372549019607,1.0150539129616234
dry_bean,tanh,110,4,0.018441745317547182,0.9224635400272794,0.019314688371949797,0.9235294117647059,1.00006598481332
dry_bean,tanh,110,5,0.017522607403503386,0.9240373517993915,0.01837222554695797,0.9220588235294118,1.0003824588488102
dry_bean,tanh,110,6,0.017742423555778097,0.9234078270905466,0.01865941192267014,0.925,1.0007899043141513
dry_bean,tanh,110,7,0.016912075942842702,0.9258210051411184,0.017971727543132122,0.9191176470588235,1.001081639716247
dry_bean,tanh,110,8,0.016630993406168366,0.9237225894449691,0.01765014537020807,0.9205882352941176,1.000726721655543
dry_bean,tanh,110,9,0.016376509340707543,0.9252964012170811,0.017290525084421544,0.9269607843137255,1.0000037229624685
dry_bean,tanh,110,10,0.016356193470188757,0.9265554506347707,0.01727782585445231,0.9274509803921569,1.0007329650311543
dry_bean,tanh,110,11,0.01589579144435206,0.9262406882803483,0.01694973912483971,0.9245098039215687,1.000008336775619
dry_bean,tanh,110,12,0.01605889468691447,0.9263456090651558,0.01707304346430642,0.9245098039215687,1.0004694778081162
dry_bean,tanh,110,13,0.01575661950777072,0.9285489455461127,0.016802024073164758,0.9269607843137255,1.0003054289444515
dry_bean,tanh,110,14,0.015574607412727199,0.9268702129891931,0.016720743561171106,0.9240196078431373,1.000000036322389
dry_bean,tanh,110,15,0.015605754048970272,0.9273948169132306,0.016699702087130702,0.9235294117647059,1.0000081235898926
dry_bean,tanh,110,16,0.015824135209382827,0.9276046584828455,0.01699090763239708,0.9269607843137255,1.00000022160668
dry_bean,tanh,110,17,0.015347266806300825,0.9266603714195782,0.01658742132309147,0.9225490196078432,1.0000190256741
dry_bean,tanh,110,18,0.015300525245490854,0.9297030741789949,0.016476664523103608,0.9279411764705883,1.0000072918982925
dry_bean,tanh,110,19,0.015494031463226239,0.9269751337740006,0.01686048398070858,0.9225490196078432,1.0006641076107283
dry_bean,tanh,110,20,0.015346488341406325,0.9287587871157277,0.016496206939944916,0.9299019607843138,1.0000084262147244
dry_bean,tanh,110,21,0.015163319060069975,0.9281292624068828,0.016547159446804096,0.9220588235294118,1.0002116187999963
dry_bean,tanh,110,22,0.015090157863159426,0.9282341831916903,0.016510971470207185,0.9240196078431373,1.0000002345075745
dry_bean,tanh,110,23,0.015096249755341509,0.9280243416220754,0.016539093703516677,0.9230392156862746,1.0056587166904192
dry_bean,tanh,110,24,0.014866918749490676,0.9295981533941874,0.016224370300082946,0.9254901960784314,1.000001956266305
dry_bean,tanh,110,25,0.015614127678515088,0.9265554506347707,0.01710363208570056,0.9191176470588235,1.0000006118768745
dry_bean,tanh,110,26,0.01476297100713956,0.9300178365334173,0.016133098173693367,0.9264705882352942,1.0000003321749282
dry_bean,tanh,110,27,0.015004462379999176,0.9306473612422621,0.01656057004452244,0.9235294117647059,1.0000001392004148
dry_bean,tanh,110,28,0.014782681859510293,0.9297030741789949,0.01633625587214016,0.9225490196078432,1.000020600595903
dry_bean,tanh,110,29,0.014723770630399261,0.9313818067359144,0.016251111126951125,0.9235294117647059,1.000000126759408
dry_bean,tanh,110,30,0.014914877715844457,0.9299129157486098,0.016345223594542286,0.9235294117647059,1.0000002270124444
dry_bean,tanh,110,31,0.01465335867133014,0.9325359353687965,0.01609524840184159,0.928921568627451,0.9999593114715718
dry_bean,tanh,110,32,0.014609126608353307,0.9315916483055293,0.016098196093004436,0.9264705882352942,1.0000130935862586
dry_bean,tanh,110,33,0.014694282966981184,0.9313818067359144,0.01631612425006004,0.9259803921568628,1.0000141814307708
dry_bean,tanh,110,34,0.014479819155337015,0.9318014898751442,0.016061593286700888,0.9254901960784314,1.000002595455842
dry_bean,tanh,110,35,0.014497575995630941,0.9314867275207218,0.01603957125741051,0.9264705882352942,1.000008009214813
dry_bean,tanh,110,36,0.01445724300280834,0.9334802224320637,0.016047873527789164,0.9269607843137255,1.000000000555409
dry_bean,tanh,110,37,0.014474210547461874,0.932640856153604,0.01595869001042455,0.9264705882352942,1.000000271179973
dry_bean,tanh,110,38,0.014426764684134789,0.9324310145839891,0.016151668658622165,0.9259803921568628,1.0000206783536563
dry_bean,tanh,110,39,0.014349319806883578,0.9332703808624488,0.015912652942461976,0.9284313725490196,1.000297705429541
dry_bean,tanh,110,40,0.01431767279667402,0.9325359353687965,0.015987976365846715,0.9279411764705883,1.0000000578514407
dry_bean,tanh,110,41,0.014339460663102167,0.9316965690903368,0.016080171051531207,0.9254901960784314,1.0000005369750389
dry_bean,tanh,110,42,0.014390241199429148,0.932640856153604,0.01591386615833403,0.9274509803921569,1.0040866546163323
dry_bean,tanh,110,43,0.014280656406488896,0.9329556185080264,0.016001946831543976,0.9259803921568628,1.0000000301082013
dry_bean,tanh,110,44,0.01488171023109773,0.9321162522295666,0.016397613012312677,0.9269607843137255,1.000076238842193
dry_bean,tanh,110,45,0.014269840730232231,0.9328506977232189,0.01614689882532965,0.9254901960784314,1.000019032914579
dry_bean,tanh,110,46,0.01414317312229977,0.9345294302801385,0.015828764497911752,0.9284313725490196,1.0000000056651053
dry_bean,tanh,110,47,0.014268816930843344,0.9327457769384115,0.016138253539054986,0.9274509803921569,1.0000074849292453
dry_bean,tanh,110,48,0.014103298890773473,0.9343195887105236,0.015864585237352218,0.9269607843137255,1.000004357721029
dry_bean,tanh,110,49,0.014104833353757841,0.9328506977232189,0.015762008541471802,0.9259803921568628,1.0000006644270374
dry_bean,tanh,110,50,0.014110193197507058,0.9343195887105236,0.016031891476554573,0.9269607843137255,1.0000058988459215
dry_bean,tanh,110,51,0.014041577131705235,0.9337949847864861,0.01575435186092506,0.9284313725490196,1.000000169155178
dry_bean,tanh,110,52,0.014259087982956437,0.9336900640016788,0.016045006589627257,0.925,1.000253529866314
dry_bean,tanh,110,53,0.014081688819008464,0.9329556185080264,0.015883656534410977,0.925,1.0003752275718643
dry_bean,tanh,110,54,0.014106041879102653,0.9329556185080264,0.016077296251803964,0.9235294117647059,0.9999962587390676
dry_bean,tanh,110,55,0.013979424291224752,0.9345294302801385,0.015956279414840884,0.9259803921568628,1.0000009243868022
dry_bean,tanh,110,56,0.014083663861743381,0.9333753016472564,0.016072297780434515,0.9230392156862746,1.0000445436575447
dry_bean,tanh,110,57,0.013956582019593178,0.9329556185080264,0.015905804840119966,0.9264705882352942,1.000875227459011
dry_bean,tanh,110,58,0.014013442928742677,0.9336900640016788,0.016074482701655082,0.9245098039215687,1.0000001531044946
dry_bean,tanh,110,59,0.01394908320470213,0.9341097471409087,0.01586412001761233,0.9259803921568628,1.0004893582137697
dry_bean,tanh,110,60,0.014016943849468999,0.9349491134193684,0.015842774042788065,0.9294117647058824,1.0000025071103837
dry_bean,tanh,111,1,0.038778794933771954,0.9035777987619348,0.03927327532131607,0.8970588235294118,1.0008254137098922
dry_bean,tanh,111,2,0.025766489982025322,0.9166928968628686,0.02645131139429749,0.9176470588235294,1.0020131502699978
dry_bean,tanh,111,3,0.020288717386497457,0.9200503619767075,0.021045625567438258,0.9147058823529411,1.0005435790656265
dry_bean,tanh,111,4,0.018536756645115747,0.9230930647361242,0.01933868151269272,0.9205882352941176,1.0000262746809265
dry_bean,tanh,111,5,0.018995682038844768,0.9191060749134403,0.019884095565092484,0.9220588235294118,1.0001057711274106
dry_bean,tanh,111,6,0.017448556786213845,0.923932431014584,0.018229589681222985,0.925,1.0001065284581798
dry_bean,tanh,111,7,0.016755346596248527,0.925506242786696,0.017612565663506073,0.9259803921568628,1.0042348190546821
dry_bean,tanh,111,8,0.016442646593251876,0.9264505298499632,0.01742692934177138,0.925,1.000009728456328
dry_bean,tanh,111,9,0.01635719035558019,0.9268702129891931,0.017219450441011412,0.925,1.0013921155465784
dry_bean,tanh,111,10,0.016123318944012317,0.9264505298499632,0.017017702885666768,0.9269607843137255,1.0000072819901356
dry_bean,tanh,111,11,0.016468793296677935,0.9246668765082363,0.0175561841914449,0.9215686274509803,1.000001136188789
dry_bean,tanh,111,12,0.015857146987709014,0.9293883118245725,0.01701325104344292,0.9269607843137255,1.0006635494913472
dry_bean,tanh,111,13,0.015684320292212672,0.9286538663309202,0.016857102182261524,0.9259803921568628,1.0034491203741
dry_bean,tanh,111,14,0.015764030390761838,0.9266603714195782,0.016932483636647556,0.9215686274509803,1.0000011725815219
dry_bean,tanh,111,15,0.015416525223100294,0.9286538663309202,0.01667830735568172,0.9254901960784314,1.0000300982447679
dry_bean,tanh,111,16,0.01567174181747954,0.9267652922043856,0.017029308194017857,0.9225490196078432,1.0000059550780107
dry_bean,tanh,111,17,0.01595083856632334,0.9251914804322736,0.017383691339790154,0.9205882352941176,1.0001706384458813
dry_bean,tanh,111,18,0.01548355920542168,0.9269751337740006,0.016619723231439062,0.9230392156862746,1.0007853770388992
dry_bean,tanh,111,19,0.015290213712834242,0.9281292624068828,0.01659163083018222,0.9240196078431373,1.000818125488315
dry_bean,tanh,111,20,0.015057528435492767,0.9298079949638023,0.0162959602300445,0.9259803921568628,1.0000030336237034
dry_bean,tanh,111,21,0.01514511301247445,0.9299129157486098,0.01625865402464437,0.9299019607843138,1.0000004300638963
dry_bean,tanh,111,22,0.014952535106259239,0.9300178365334173,0.016311125114133483,0.9274509803921569,1.0001278934193822
dry_bean,tanh,111,23,0.015113949270645544,0.9303325988878397,0.01639462577111482,0.9284313725490196,1.003548144300174
dry_bean,tanh,111,24,0.0155324229502831,0.9302276781030322,0.017293256125352173,0.9245098039215687,1.014275308565317
dry_bean,tanh,111,25,0.01497870970756629,0.9324310145839891,0.0166376788043293,0.9269607843137255,1.000155885844428
dry_bean,tanh,111,26,0.01495085344272153,0.9314867275207218,0.016535841151434628,0.9299019607843138,1.0000180916497328
dry_bean,tanh,111,27,0.014782635256531094,0.9322211730143741,0.016360702408490385,0.928921568627451,1.000191011855235
dry_bean,tanh,111,28,0.015543748558086374,0.9305424404574546,0.016910465056964023,0.9284313725490196,1.0000936578650823
dry_bean,tanh,111,29,0.015014852607461682,0.9324310145839891,0.016540034188966678,0.9294117647058824,1.0000001442263835
dry_bean,tanh,111,30,0.014753269173768334,0.9318014898751442,0.01630228442255145,0.9299019607843138,1.000504066073898
dry_bean,tanh,111,31,0.014740661445270038,0.9327457769384115,0.01633780982672128,0.9303921568627451,1.0000867239165414
dry_bean,tanh,111,32,0.014614524668315464,0.9322211730143741,0.01645805111039576,0.925,1.000001295205342
dry_bean,tanh,111,33,0.01455011004741306,0.9324310145839891,0.016234436911531303,0.9279411764705883,1.0000007981540926
dry_bean,tanh,111,34,0.014847673611140472,0.9311719651662994,0.016532297710436305,0.9259803921568628,1.0294218469377279
dry_bean,tanh,111,35,0.014703460489929467,0.9302276781030322,0.016515504152022603,0.9235294117647059,1.0000003482184674
dry_bean,tanh,111,36,0.014657631631675343,0.9318014898751442,0.0161990680086614,0.9279411764705883,1.0000000031258935
dry_bean,tanh,111,37,0.014968767582589568,0.929283391039765,0.01689980425422164,0.9200980392156862,1.0000032758887276
dry_bean,tanh,111,38,0.01450972430481905,0.9333753016472564,0.016156643595080258,0.9303921568627451,1.0051880648810265
dry_bean,tanh,111,39,0.014431538942059697,0.9325359353687965,0.016112702806104152,0.9284313725490196,1.0000077839117283
dry_bean,tanh,111,40,0.01440988108178605,0.9336900640016788,0.01624580968507301,0.9269607843137255,1.0000115737899729
dry_bean,tanh,111,41,0.014548815361045637,0.930857202811877,0.01635323309748626,0.9259803921568628,1.000004732575502
dry_bean,tanh,111,42,0.014585963538209713,0.933060539292834,0.01626427134036725,0.9264705882352942,0.9999510007378436
dry_bean,tanh,111,43,0.014510476190775206,0.9328506977232189,0.016233447180268683,0.9299019607843138,1.0000048231318324
dry_bean,tanh,111,44,0.014536009797060982,0.9315916483055293,0.01652182647233088,0.9225490196078432,1.000000010751109
dry_bean,tanh,111,45,0.014309204418119954,0.933060539292834,0.016029925507302707,0.9259803921568628,1.0001083145109253
dry_bean,tanh,111,46,0.014330287137242185,0.9325359353687965,0.0162467764951889,0.9225490196078432,1.0001932101066802
dry_bean,tanh,111,47,0.014553865122400155,0.9327457769384115,0.016610490862237887,0.9205882352941176,1.000000038515195
dry_bean,tanh,111,48,0.014305540886251147,0.932640856153604,0.016049681398510738,0.9269607843137255,1.000001648904102
dry_bean,tanh,111,49,0.014232057928735933,0.9353687965585983,0.01603306067935026,0.9294117647058824,1.000005042119319
dry_bean,tanh,111,50,0.014258810281309873,0.9340048263561012,0.016174363656082155,0.9279411764705883,1.000004042420333
dry_bean,tanh,111,51,0.014561821146140172,0.930857202811877,0.01664196802560231,0.9220588235294118,1.0000129650264857
dry_bean,tanh,111,52,0.01427830882269577,0.9334802224320637,0.01607325336416052,0.9274509803921569,1.0000019598686785
dry_bean,tanh,111,53,0.014898967605749061,0.9285489455461127,0.017107840635252208,0.921078431372549,0.9992718746646992
dry_bean,tanh,111,54,0.014127986258999803,0.9327457769384115,0.016195863413735353,0.9240196078431373,1.0000053903761719
dry_bean,tanh,111,55,0.014491977834382452,0.9334802224320637,0.016609770653455487,0.9245098039215687,1.000071051461005
dry_bean,tanh,111,56,0.014202228854144187,0.9343195887105236,0.0163997716767756,0.9240196078431373,1.0000000153006565
dry_bean,tanh,111,57,0.014208776501916372,0.9345294302801385,0.016280396056595644,0.9259803921568628,0.9999562831281695
dry_bean,tanh,111,58,0.014244405094919836,0.933060539292834,0.016361585856835077,0.9230392156862746,1.0000000049586646
dry_bean,tanh,111,59,0.014337366990408282,0.9333753016472564,0.01645342301200696,0.9220588235294118,1.0000024506481113
dry_bean,tanh,111,60,0.014275435059421505,0.9327457769384115,0.016312625080566395,0.9225490196078432,1.000065449741685
dry_bean,tanh,112,1,0.03866412174026031,0.9003252544329031,0.03906043147570224,0.8946078431372549,1.0012304032708044
dry_bean,tanh,112,2,0.02457995388666683,0.9172175007869059,0.0254627212646111,0.9112745098039216,1.0016777960773278
dry_bean,tanh,112,3,0.02015703819034739,0.9188962333438254,0.021182142568329308,0.9151960784313725,1.0005122805752573
dry_bean,tanh,112,4,0.018478736094300268,0.9222536984576645,0.01943598150888114,0.9215686274509803,1.0001918987102505
dry_bean,tanh,112,5,0.01783038485501427,0.9227783023817018,0.018882855951810155,0.921078431372549,1.000765772143201
dry_bean,tanh,112,6,0.017546293134709148,0.9209946490399749,0.018637029576843038,0.9215686274509803,1.000112622375527
dry_bean,tanh,112,7,0.017586815772988436,0.9202602035463225,0.01872047871967199,0.9176470588235294,1.000049619818863
dry_bean,tanh,112,8,0.017120572363750333,0.9209946490399749,0.018319059439225176,0.9166666666666666,1.0020798199777698
dry_bean,tanh,112,9,0.016340219515560483,0.925716084356311,0.017419563513050147,0.9245098039215687,1.000172983855719
dry_bean,tanh,112,10,0.016151246434684585,0.9259259259259259,0.017342088564042873,0.9220588235294118,1.0003119591126506
dry_bean,tanh,112,11,0.01604347640448261,0.9258210051411184,0.01724948098498465,0.9230392156862746,1.0000137954384147
dry_bean,tanh,112,12,0.016001609702645473,0.9267652922043856,0.01710248644758838,0.9274509803921569,1.0000341452506096
dry_bean,tanh,112,13,0.015995471388154794,0.9254013220018886,0.017252937065848097,0.9200980392156862,1.0007939239731782
dry_bean,tanh,112,14,0.01611546605660824,0.9222536984576645,0.01733882188850545,0.9196078431372549,1.0000047183671485
dry_bean,tanh,112,15,0.015713532394922524,0.927289896128423,0.016933718170568334,0.9240196078431373,1.00000283053539
dry_bean,tanh,112,16,0.01564624137278873,0.927499737698038,0.016879818752052803,0.925,1.000000264578284
dry_bean,tanh,112,17,0.015385083391272316,0.9278145000524604,0.016737969430629183,0.9225490196078432,1.0010966838334652
dry_bean,tanh,112,18,0.015288489055276525,0.9287587871157277,0.016607992488590947,0.9254901960784314,1.0001174447624799
dry_bean,tanh,112,19,0.0153069128280186,0.9270800545588082,0.01683421256858132,0.921078431372549,1.0001287915355241
dry_bean,tanh,112,20,0.015258064804925324,0.929283391039765,0.01657104514335742,0.9279411764705883,1.0003629702869232
dry_bean,tanh,112,21,0.015320318041818475,0.9269751337740006,0.016811641499625576,0.9215686274509803,1.0005242811598154
dry_bean,tanh,112,22,0.015096119072071978,0.9290735494701501,0.016433619911718753,0.9254901960784314,1.0000011074251434
dry_bean,tanh,112,23,0.015006831295269722,0.9285489455461127,0.01637158321111968,0.9235294117647059,1.0000643249579324
dry_bean,tanh,112,24,0.014988645527245674,0.9298079949638023,0.01643761215510356,0.925,1.000048118462861
dry_bean,tanh,112,25,0.015056604592578503,0.9311719651662994,0.016469020314569385,0.9274509803921569,1.0000515688768559
dry_bean,tanh,112,26,0.015353773793147014,0.9287587871157277,0.016988574489955447,0.9220588235294118,1.0012799566280628
dry_bean,tanh,112,27,0.015057148985126037,0.9307522820270696,0.016379318518260917,0.9279411764705883,1.0000024768888574
dry_bean,tanh,112,28,0.014701999816904518,0.9311719651662994,0.016137208320858642,0.9308823529411765,1.0035239755356533
dry_bean,tanh,112,29,0.014685198819135747,0.9302276781030322,0.016157140637257685,0.925,1.00003757450949
dry_bean,tanh,112,30,0.014706866824231158,0.9294932326093799,0.016336347490267713,0.9240196078431373,1.0013858185375528
dry_bean,tanh,112,31,0.014766004137880553,0.9306473612422621,0.016402051395310736,0.9225490196078432,1.0014983694913262
dry_bean,tanh,112,32,0.014812290669201741,0.9322211730143741,0.016273738752491263,0.928921568627451,1.0094616655788082
dry_bean,tanh,112,33,0.015070988610880335,0.9302276781030322,0.01653629040092737,0.9284313725490196,1.0000016615522733
dry_bean,tanh,112,34,0.01467774592209172,0.9306473612422621,0.016330259078752327,0.9225490196078432,1.0000001231671165
dry_bean,tanh,112,35,0.014736634346942964,0.9304375196726472,0.016401530501693146,0.9240196078431373,1.0000000007579386
dry_bean,tanh,112,36,0.014492209124963153,0.9319064106599517,0.016122300552354394,0.9259803921568628,1.0000000162046023
dry_bean,tanh,112,37,0.014598881964339203,0.9311719651662994,0.016237777167976655,0.9235294117647059,1.0000569654011366
dry_bean,tanh,112,38,0.014455083697129322,0.9329556185080264,0.015976186348465975,0.9284313725490196,1.0000003096989516
dry_bean,tanh,112,39,0.01435274152019609,0.9318014898751442,0.015940998863771566,0.9284313725490196,1.0000030725383848
dry_bean,tanh,112,40,0.014296464336566518,0.9313818067359144,0.01590143520944658,0.9264705882352942,1.0000114346492817
dry_bean,tanh,112,41,0.01428817394913408,0.9327457769384115,0.01598668996837862,0.9274509803921569,1.0000014102736043
dry_bean,tanh,112,42,0.01432827349932981,0.9329556185080264,0.01609169817784206,0.9245098039215687,1.0000734448556015
dry_bean,tanh,112,43,0.014300591448293942,0.9322211730143741,0.015830180086464606,0.9294117647058824,1.0000016032978543
dry_bean,tanh,112,44,0.01450087526501449,0.9318014898751442,0.016385159313479312,0.925,1.0004682519614938
dry_bean,tanh,112,45,0.014350602463382716,0.9337949847864861,0.01600486393510103,0.9274509803921569,0.9996483722232969
dry_bean,tanh,112,46,0.014212599952717455,0.9331654600776413,0.01578856044080917,0.9294117647058824,1.0001946099677193
dry_bean,tanh,112,47,0.014337954835387214,0.9344245094953311,0.015909854119742314,0.928921568627451,1.0000000483414655
dry_bean,tanh,112,48,0.014229053501478873,0.9338999055712937,0.015968405861115045,0.9274509803921569,1.000006287440963
dry_bean,tanh,112,49,0.014215514035416195,0.9332703808624488,0.01599854431713188,0.9254901960784314,1.0000000066108599
dry_bean,tanh,112,50,0.014183274752619936,0.9341097471409087,0.015995460925515962,0.9294117647058824,1.0000002781080535
dry_bean,tanh,112,51,0.014032381398815227,0.9343195887105236,0.015768305122754844,0.9294117647058824,1.0000000000020197
dry_bean,tanh,112,52,0.014240801241986012,0.932640856153604,0.016240326438971515,0.9240196078431373,1.0000000023758935
dry_bean,tanh,112,53,0.014125735120531644,0.932640856153604,0.01570483229683298,0.9279411764705883,1.0000003629664698
dry_bean,tanh,112,54,0.014950362096827891,0.9309621235966845,0.016799705743242518,0.9225490196078432,1.0001209955310464
dry_bean,tanh,112,55,0.014274813293619482,0.9329556185080264,0.0157985150479269,0.9264705882352942,1.0006988985205103
dry_bean,tanh,112,56,0.014274842293576851,0.9329556185080264,0.015841536036342994,0.928921568627451,0.9999990363177604
dry_bean,tanh,112,57,0.014364223306451334,0.933060539292834,0.015941389122154138,0.9264705882352942,1.0000000028526976
dry_bean,tanh,112,58,0.014120393164584018,0.933060539292834,0.01580483717120948,0.9294117647058824,1.000120353683551
dry_bean,tanh,112,59,0.014311328289629725,0.9315916483055293,0.016113628932851575,0.9240196078431373,1.0000042073387214
dry_bean,tanh,112,60,0.014248252148987365,0.9355786381282132,0.015954624107909928,0.928921568627451,1.0004942514717772
dry_bean,tanh,113,1,0.06930763742448467,0.6968838526912181,0.0698094623301453,0.6916666666666667,1.0004531294024446
dry_bean,tanh,113,2,0.056599190424092595,0.7006610009442871,0.05738874354535852,0.6955882352941176,1.0000001407903925
dry_bean,tanh,113,3,0.05254865596276521,0.7027594166404365,0.05345247785579944,0.7,1.0000097386660685
dry_bean,tanh,113,4,0.051249648312342556,0.7035987829188962,0.05220302609591949,0.7019607843137254,1.0000133772209756
dry_bean,tanh,113,5,0.050632545682168024,0.7063267233238905,0.051726140710918786,0.6985294117647058,1.0002706285675775
dry_bean,tanh,113,6,0.019039837500439347,0.9200503619767075,0.020514016229182332,0.9181372549019607,1.020740922228445
dry_bean,tanh,113,7,0.017112825454471816,0.9250865596474661,0.017958984795625986,0.9220588235294118,1.0000434450208477
dry_bean,tanh,113,8,0.016647513167229476,0.9259259259259259,0.017575054927173633,0.9245098039215687,1.0001470914963062
dry_bean,tanh,113,9,0.01651338562444189,0.9254013220018886,0.017417494501004775,0.9200980392156862,1.0005883102338813
dry_bean,tanh,113,10,0.01623459712362339,0.9258210051411184,0.017259739537961203,0.9235294117647059,1.0000271626158472
dry_bean,tanh,113,11,0.0160544794403735,0.927709579267653,0.017094626958885552,0.9230392156862746,1.0000908414725258
dry_bean,tanh,113,12,0.0159643249921628,0.9268702129891931,0.017140007544770405,0.9230392156862746,1.0060231298953306
dry_bean,tanh,113,13,0.01580127755035913,0.9279194208372679,0.017029832484028284,0.9230392156862746,1.0002788850726783
dry_bean,tanh,113,14,0.015735415013626464,0.9286538663309202,0.016901251603252895,0.9254901960784314,1.001054767159058
dry_bean,tanh,113,15,0.01567744790478138,0.9269751337740006,0.016898739246437713,0.9215686274509803,1.0007741528576062
dry_bean,tanh,113,16,0.015402707579056603,0.9286538663309202,0.01659845651770595,0.9245098039215687,1.0000056298777813
dry_bean,tanh,113,17,0.015417361701044198,0.927709579267653,0.016612850384576595,0.9225490196078432,1.000261412471195
dry_bean,tanh,113,18,0.015349357308816248,0.9285489455461127,0.016481938060567018,0.925,1.0001167767899184
dry_bean,tanh,113,19,0.015271920295042984,0.9297030741789949,0.016540807369163614,0.9269607843137255,1.0065742862285758
dry_bean,tanh,113,20,0.01537822495731765,0.9290735494701501,0.01694584444887189,0.9240196078431373,1.0000135355651476
dry_bean,tanh,113,21,0.015134005604553143,0.9291784702549575,0.016409662829865602,0.9254901960784314,1.0000120786909703
dry_bean,tanh,113,22,0.015274890709488273,0.931067044381492,0.016655235273877782,0.9284313725490196,1.0002839798528789
dry_bean,tanh,113,23,0.01507793824442917,0.9316965690903368,0.016518517712768375,0.925,1.000421721167773
dry_bean,tanh,113,24,0.014979185674880498,0.9290735494701501,0.016490234060721684,0.921078431372549,1.000001050448437
dry_bean,tanh,113,25,0.01481420589831723,0.9305424404574546,0.016324852737323772,0.9269607843137255,1.000016976935505
dry_bean,tanh,113,26,0.014856056645984023,0.9315916483055293,0.016487018823859535,0.9254901960784314,1.0000008312303565
dry_bean,tanh,113,27,0.015664189712777762,0.929283391039765,0.017266307695901924,0.9220588235294118,1.0038777381140762
dry_bean,tanh,113,28,0.01481052408903441,0.931067044381492,0.01648310468624717,0.9264705882352942,0.9999891344812128
dry_bean,tanh,113,29,0.0149375715680006,0.9337949847864861,0.016470623363571246,0.9259803921568628,1.0012873083016534
dry_bean,tanh,113,30,0.015371435982798892,0.9323260937991816,0.01700832490554171,0.9254901960784314,1.0000024005734909
dry_bean,tanh,113,31,0.014546387967308764,0.9318014898751442,0.01611866712504659,0.9264705882352942,1.000753901515813
dry_bean,tanh,113,32,0.014683381016184535,0.9314867275207218,0.016304013586470534,0.9230392156862746,1.0000043623692556
dry_bean,tanh,113,33,0.014627645060809888,0.9320113314447592,0.01641298287409499,0.9245098039215687,1.0000094684081577
dry_bean,tanh,113,34,0.014521482115597537,0.9328506977232189,0.016233360923760008,0.9225490196078432,1.000052223747542
dry_bean,tanh,113,35,0.014401090353186725,0.9332703808624488,0.016074986745505098,0.9274509803921569,1.000235509363127
dry_bean,tanh,113,36,0.014466404043537556,0.932640856153604,0.01628063599816571,0.9220588235294118,1.0000000216351916
dry_bean,tanh,113,37,0.014487983946976462,0.9340048263561012,0.016133538401888043,0.9254901960784314,1.0000110835094913
dry_bean,tanh,113,38,0.014415813275790374,0.9341097471409087,0.01601508096643111,0.9259803921568628,1.000119167330524
dry_bean,tanh,113,39,0.014291831973940839,0.9329556185080264,0.016082645799075763,0.9230392156862746,1.0000022186159052
dry_bean,tanh,113,40,0.014273006609571629,0.933060539292834,0.0160263827939954,0.9240196078431373,1.0848759073764174
dry_bean,tanh,113,41,0.014230739832992305,0.934634351064946,0.016019005063911473,0.9264705882352942,1.0000016617176803
dry_bean,tanh,113,42,0.014432998844897519,0.9342146679257161,0.016109314194948696,0.9269607843137255,1.0000112344523204
dry_bean,tanh,113,43,0.014312229634647447,0.933060539292834,0.016199910397546313,0.9240196078431373,1.0000007849067833
dry_bean,tanh,113,44,0.01425472523968796,0.9332703808624488,0.016094430231345366,0.9215686274509803,1.0000079974160418
dry_bean,tanh,113,45,0.014573886304606971,0.9306473612422621,0.016531987915152705,0.9196078431372549,1.0000083644396247
dry_bean,tanh,113,46,0.014345133805382673,0.9324310145839891,0.01621408505457772,0.9235294117647059,1.0008139607916624
dry_bean,tanh,113,47,0.01408030766200702,0.9338999055712937,0.016056007901554002,0.9240196078431373,1.0001498027255644
dry_bean,tanh,113,48,0.014192725925734302,0.9328506977232189,0.016040771257053447,0.9220588235294118,1.0002221383067602
dry_bean,tanh,113,49,0.014168316738610912,0.9351589549889833,0.015919574449268874,0.9264705882352942,1.0005366966300326
dry_bean,tanh,113,50,0.014331553017669928,0.9327457769384115,0.016144325627094065,0.9240196078431373,1.0000023232183128
dry_bean,tanh,113,51,0.014196709608419547,0.9329556185080264,0.015893956836208162,0.9235294117647059,1.0008742825983497
dry_bean,tanh,113,52,0.014275329224885882,0.9340048263561012,0.016236547558666742,0.9245098039215687,1.0000027111034722
dry_bean,tanh,113,53,0.015045645548203307,0.9343195887105236,0.016892441764138018,0.9254901960784314,1.0000000035563326
dry_bean,tanh,113,54,0.014029013270284564,0.9331654600776413,0.01592107396406435,0.9240196078431373,1.0000001350348764
dry_bean,tanh,113,55,0.014083173705548324,0.936208162837058,0.01592161805723004,0.9254901960784314,1.0000031983446755
dry_bean,tanh,113,56,0.013901776457620951,0.936208162837058,0.015873912228410232,0.9284313725490196,1.00000035621072
dry_bean,tanh,113,57,0.01400953628734127,0.9342146679257161,0.015802031598027576,0.9259803921568628,1.0000000562561229
dry_bean,tanh,113,58,0.014001528440304561,0.9345294302801385,0.016012385547971804,0.9264705882352942,1.0000005382745472
dry_bean,tanh,113,59,0.013873320171490145,0.9353687965585983,0.01589909482882187,0.9259803921568628,0.9973336242718167
dry_bean,tanh,113,60,0.013993246400381971,0.9365229251914804,0.01594775429928037,0.9269607843137255,1.0000000824871005
dry_bean,tanh,114,1,0.03761764681562193,0.8800755429650614,0.03829200325261387,0.8700980392156863,1.0018828441658887
dry_bean,tanh,114,2,0.023962114858619182,0.9141747980274892,0.025051735859042083,0.9112745098039216,1.0009317510492328
dry_bean,tanh,114,3,0.019772243999671892,0.9218340153184346,0.020744463564212976,0.9161764705882353,1.0019400236111777
dry_bean,tanh,114,4,0.01853904939610075,0.9200503619767075,0.01956137378720986,0.9156862745098039,1.004078164829743
dry_bean,tanh,114,5,0.0174183095490171,0.9240373517993915,0.01845672517845409,0.9230392156862746,1.001632708245282
dry_bean,tanh,114,6,0.016880289641136345,0.9250865596474661,0.017904795296700093,0.9230392156862746,1.0000363004168993
dry_bean,tanh,114,7,0.016934652838538747,0.9224635400272794,0.018029031697148205,0.9176470588235294,1.0000016841067667
dry_bean,tanh,114,8,0.01727923183687736,0.920155282761515,0.018415808443508253,0.9161764705882353,1.0408676021844983
dry_bean,tanh,114,9,0.016118670421248964,0.9265554506347707,0.01724447738391146,0.9215686274509803,1.003241235676024
dry_bean,tanh,114,10,0.016006841227428133,0.9263456090651558,0.0170853058236162,0.925,1.0317801686767953
dry_bean,tanh,114,11,0.01596304212783769,0.9263456090651558,0.017042851781818504,0.9240196078431373,1.0000044863157898
dry_bean,tanh,114,12,0.01581044748612865,0.9268702129891931,0.01691264635457522,0.9225490196078432,1.0000032027168941
dry_bean,tanh,114,13,0.016105005117418195,0.9244570349386213,0.017248858233312018,0.9205882352941176,1.0001009575270596
dry_bean,tanh,114,14,0.015598389273844432,0.927499737698038,0.01674501223060508,0.9235294117647059,1.0000042834692013
dry_bean,tanh,114,15,0.015464611734517478,0.9282341831916903,0.016587803190836692,0.9279411764705883,1.0000001639392613
dry_bean,tanh,114,16,0.015555210297274085,0.9268702129891931,0.016817605662138368,0.9240196078431373,1.0003062599724386
dry_bean,tanh,114,17,0.015309100868534648,0.9281292624068828,0.01659587169091413,0.9230392156862746,1.0000030011522718
dry_bean,tanh,114,18,0.015219950370038584,0.9290735494701501,0.01657973008165931,0.9240196078431373,1.0000008042460578
dry_bean,tanh,114,19,0.015133206006291694,0.929283391039765,0.016387266103408456,0.9259803921568628,1.000015348053946
dry_bean,tanh,114,20,0.015091573453650057,0.9299129157486098,0.016372068855872272,0.9279411764705883,1.0045600311528833
dry_bean,tanh,114,21,0.01497114264259215,0.9300178365334173,0.016185111900391916,0.9269607843137255,1.0000004903716164
dry_bean,tanh,114,22,0.01502358278677956,0.930857202811877,0.01637439037706038,0.9254901960784314,1.0000088825267648
dry_bean,tanh,114,23,0.015140762115517483,0.9276046584828455,0.016530376271904332,0.9225490196078432,1.0075868822482943
dry_bean,tanh,114,24,0.014921928716342653,0.9294932326093799,0.01628528983587836,0.9245098039215687,1.0002127263918437
dry_bean,tanh,114,25,0.014797933878536987,0.9316965690903368,0.016141612607497063,0.9274509803921569,1.0000000204536854
dry_bean,tanh,114,26,0.014796491318340863,0.9297030741789949,0.01628013723465268,0.9240196078431373,1.000005986191624
dry_bean,tanh,114,27,0.015124214503869903,0.9311719651662994,0.01645230184682784,0.9284313725490196,1.0000074942894221
dry_bean,tanh,114,28,0.01480931818551246,0.9299129157486098,0.016406467005059967,0.9230392156862746,1.000134240545277
dry_bean,tanh,114,29,0.01478374687694917,0.9320113314447592,0.016202983787160966,0.9294117647058824,1.0000155319734312
dry_bean,tanh,114,30,0.014575281823762557,0.9311719651662994,0.015902166145123197,0.9274509803921569,1.0001618969741217
dry_bean,tanh,114,31,0.014540100582924164,0.9336900640016788,0.01584865428356533,0.9274509803921569,1.0000788218937628
dry_bean,tanh,114,32,0.014634896618007133,0.9321162522295666,0.015985643197537508,0.9279411764705883,0.999977442356589
dry_bean,tanh,114,33,0.014479703850465212,0.933060539292834,0.016018026744224926,0.9269607843137255,1.000003435044888
dry_bean,tanh,114,34,0.014723299219369877,0.9335851432168712,0.016111377475518773,0.9308823529411765,1.0002000638553614
dry_bean,tanh,114,35,0.014388977007684075,0.9313818067359144,0.01603111916022454,0.9254901960784314,1.0000825756059248
dry_bean,tanh,114,36,0.014564122657491439,0.9318014898751442,0.015894754678693387,0.9274509803921569,1.000000026317023
dry_bean,tanh,114,37,0.014620851431329969,0.9324310145839891,0.01614997353577741,0.9254901960784314,1.0000203043233302
dry_bean,tanh,114,38,0.014304221414738319,0.9329556185080264,0.015867175503311258,0.9284313725490196,1.0027582207635144
dry_bean,tanh,114,39,0.014287062812282283,0.9335851432168712,0.01596651201047479,0.9269607843137255,1.0000000521348833
dry_bean,tanh,114,40,0.014398029459479544,0.9329556185080264,0.016050977245788443,0.9294117647058824,1.0001178337154695
dry_bean,tanh,114,41,0.014310813772791081,0.9333753016472564,0.015842266204418875,0.9254901960784314,1.0000009222834765
dry_bean,tanh,114,42,0.014136096427970585,0.9341097471409087,0.015809274247893763,0.9279411764705883,0.9999999286008424
dry_bean,tanh,114,43,0.014190773865013743,0.9335851432168712,0.015876109510666588,0.9259803921568628,1.000005809374639
dry_bean,tanh,114,44,0.014078878486636467,0.9328506977232189,0.0156599981314741,0.9274509803921569,1.0000001002518795
dry_bean,tanh,114,45,0.014085965682905146,0.9335851432168712,0.01587972631747429,0.9269607843137255,1.0000123158917495
dry_bean,tanh,114,46,0.014076126823458672,0.9337949847864861,0.01574144869902429,0.9284313725490196,1.0002564877345166
dry_bean,tanh,114,47,0.014047563598133105,0.9338999055712937,0.015636344414717424,0.9284313725490196,1.0000014209911623
dry_bean,tanh,114,48,0.014077106906130517,0.9349491134193684,0.01588848180195989,0.9264705882352942,1.0002911162744335
dry_bean,tanh,114,49,0.014124753191480403,0.9343195887105236,0.015965591738416888,0.9264705882352942,1.000004069023684
dry_bean,tanh,114,50,0.013954454418804047,0.9349491134193684,0.015713527254532605,0.9264705882352942,1.000000382147904
dry_bean,tanh,114,51,0.013947792660086293,0.9347392718497535,0.015733955518685366,0.9264705882352942,1.000002169580803
dry_bean,tanh,114,52,0.013956817008819908,0.9357884796978282,0.015598830419635307,0.928921568627451,1.0011735439488754
dry_bean,tanh,114,53,0.013958452297839296,0.9347392718497535,0.0156872521812837,0.9264705882352942,1.0000222510404806
dry_bean,tanh,114,54,0.014069480404890262,0.9345294302801385,0.015748097933315643,0.9279411764705883,1.0006679890343884
dry_bean,tanh,114,55,0.013887771851856946,0.9366278459762879,0.015655700840764408,0.9303921568627451,1.0000661984292265
dry_bean,tanh,114,56,0.013896838269242142,0.9349491134193684,0.015583751771109426,0.928921568627451,1.0000013942626034
dry_bean,tanh,114,57,0.014246186944261347,0.932640856153604,0.016126811842129666,0.9245098039215687,0.9999994684081362
dry_bean,tanh,114,58,0.01400661142313582,0.9361032420522506,0.015703479814965428,0.9303921568627451,1.0000034226582584
dry_bean,tanh,114,59,0.01394568920663018,0.9349491134193684,0.015693313439685188,0.9299019607843138,1.0000057136623943
dry_bean,tanh,114,60,0.013987517572178625,0.9350540342041759,0.01575620623743272,0.9274509803921569,1.0000656278676954
dry_bean,tanh,115,1,0.03942259780363108,0.9088238380023083,0.03997010513656019,0.9053921568627451,1.0059580169408224
dry_bean,tanh,115,2,0.025056680806255237,0.9143846395971041,0.025983246203287427,0.9122549019607843,1.0025359046628382
dry_bean,tanh,115,3,0.020201287560068098,0.9218340153184346,0.021057527038848885,0.9191176470588235,1.000023746139368
dry_bean,tanh,115,4,0.018908439811824954,0.9218340153184346,0.01983682336908239,0.925,1.0027117237765628
dry_bean,tanh,115,5,0.018427385038986693,0.9209946490399749,0.019502160424783255,0.9181372549019607,1.0000165251595683
dry_bean,tanh,115,6,0.0176209821672048,0.9234078270905466,0.018687371929081292,0.925,1.000232008942564
dry_bean,tanh,115,7,0.01747251362226932,0.9196306788374777,0.018589471703222966,0.9186274509803921,1.0000135821452258
dry_bean,tanh,115,8,0.016748397106007486,0.9262406882803483,0.017768397602050092,0.9220588235294118,1.000115984764116
dry_bean,tanh,115,9,0.01645208417614544,0.9245619557234288,0.017565518646617227,0.9220588235294118,1.0005532845804836
dry_bean,tanh,115,10,0.016295828667107014,0.9262406882803483,0.017414295195990883,0.9264705882352942,1.0000040308156501
dry_bean,tanh,115,11,0.016028391321443722,0.9258210051411184,0.017192299876540734,0.921078431372549,1.0013709198776362
dry_bean,tanh,115,12,0.01635756749670157,0.9259259259259259,0.017590746353812466,0.9235294117647059,1.000741804590728
dry_bean,tanh,115,13,0.015890964744146453,0.9268702129891931,0.01708322591912024,0.9240196078431373,1.0000189022947825
dry_bean,tanh,115,14,0.015740883565169544,0.9282341831916903,0.017082113328973247,0.9235294117647059,1.001367353614275
dry_bean,tanh,115,15,0.01560435149183842,0.9286538663309202,0.016902621386247634,0.9274509803921569,1.0003692454907451
dry_bean,tanh,115,16,0.015727467400626746,0.927499737698038,0.01699884978136566,0.9279411764705883,1.0007171648464472
dry_bean,tanh,115,17,0.015398671055683646,0.9295981533941874,0.016766443095282347,0.925,1.0000011187503879
dry_bean,tanh,115,18,0.01529332682160766,0.9281292624068828,0.016585831993794476,0.9230392156862746,1.000141149632437
dry_bean,tanh,115,19,0.015755230882195437,0.9259259259259259,0.01723658262154629,0.9205882352941176,1.000331682379443
dry_bean,tanh,115,20,0.015621404532912293,0.9249816388626587,0.017044055441615497,0.9200980392156862,1.000034871980216
dry_bean,tanh,115,21,0.015110166488227073,0.9281292624068828,0.016481955662854646,0.9235294117647059,0.99999995134359
dry_bean,tanh,115,22,0.015124809979624716,0.9284440247613052,0.01662707702944675,0.9225490196078432,1.0000023133380702
dry_bean,tanh,115,23,0.015070958615427189,0.9307522820270696,0.016392527101181206,0.925,1.0068059436432295
dry_bean,tanh,115,24,0.014934256413664054,0.9288637079005351,0.016222551372230852,0.9259803921568628,1.0005765031424698
dry_bean,tanh,115,25,0.014850942409180475,0.9303325988878397,0.01629221863938869,0.925,1.0000000977865955
dry_bean,tanh,115,26,0.014871224832214274,0.9309621235966845,0.0163427530435924,0.9259803921568628,1.0000338270297808
dry_bean,tanh,115,27,0.015048751329108639,0.9305424404574546,0.01650964525557484,0.9284313725490196,1.0000005961615928
dry_bean,tanh,115,28,0.014802646582285433,0.930857202811877,0.01621808758789645,0.9299019607843138,1.001832068392944
dry_bean,tanh,115,29,0.015613158379104654,0.9287587871157277,0.01692903201132958,0.9254901960784314,1.0000000263894733
dry_bean,tanh,115,30,0.01471868716281991,0.9299129157486098,0.016360168820152732,0.9235294117647059,1.0081699002436237
dry_bean,tanh,115,31,0.01474905407930044,0.9301227573182247,0.016307826225674622,0.9274509803921569,1.000258175299812
dry_bean,tanh,115,32,0.014672331836840694,0.9315916483055293,0.016257105548814352,0.9240196078431373,1.0000434327701464
dry_bean,tanh,115,33,0.014632442338499557,0.9318014898751442,0.016149663046248604,0.9299019607843138,1.0000015795344501
dry_bean,tanh,115,34,0.014810033380924261,0.9301227573182247,0.016327897337921102,0.9264705882352942,1.0001311663265833
dry_bean,tanh,115,35,0.01488935172894593,0.9319064106599517,0.016380199232760715,0.9313725490196079,1.000028344533053
dry_bean,tanh,115,36,0.014454782775549917,0.932640856153604,0.016014267562867248,0.9279411764705883,1.0000173431078034
dry_bean,tanh,115,37,0.014524452782131209,0.9324310145839891,0.016216679573226114,0.9269607843137255,1.0061924781157563
dry_bean,tanh,115,38,0.014445302464233733,0.9318014898751442,0.016166398299748964,0.9284313725490196,0.9866687318008238
dry_bean,tanh,115,39,0.01449317737920039,0.9323260937991816,0.016203782741210444,0.9264705882352942,1.0000504165502035
dry_bean,tanh,115,40,0.014426923114355072,0.9319064106599517,0.01601415796944335,0.9259803921568628,0.9999969478073124
dry_bean,tanh,115,41,0.01437799490882043,0.9319064106599517,0.016036183412175654,0.9259803921568628,1.0002689669785216
dry_bean,tanh,115,42,0.014420841505906654,0.9332703808624488,0.016086977996492162,0.9264705882352942,0.9999275513933823
dry_bean,tanh,115,43,0.014285152338820956,0.9329556185080264,0.015997023087357582,0.9274509803921569,1.0000012939668859
dry_bean,tanh,115,44,0.014388840478278256,0.9313818067359144,0.016058288303951188,0.925,1.000014856237918
dry_bean,tanh,115,45,0.014341468881549784,0.9332703808624488,0.01627480711690435,0.9220588235294118,1.0000013315008702
dry_bean,tanh,115,46,0.014293827075376268,0.9323260937991816,0.016098015230417862,0.9264705882352942,1.0000004186883726
dry_bean,tanh,115,47,0.014205901299652931,0.9333753016472564,0.01593192135967349,0.9274509803921569,1.0002580836544768
dry_bean,tanh,115,48,0.01466508253742665,0.933060539292834,0.016208024035029685,0.9313725490196079,1.0000000636906254
dry_bean,tanh,115,49,0.014121988323651866,0.9331654600776413,0.015845854921881557,0.9279411764705883,1.0000000092278611
dry_bean,tanh,115,50,0.014186429279677466,0.9312768859511069,0.015849139920915307,0.9279411764705883,1.0000003614132367
dry_bean,tanh,115,51,0.014414701790278303,0.934634351064946,0.016147728236062937,0.9284313725490196,1.0000324117962205
dry_bean,tanh,115,52,0.014262466961290398,0.9315916483055293,0.016177622709222187,0.9220588235294118,1.0003238705740236
dry_bean,tanh,115,53,0.014156000539886273,0.9325359353687965,0.0160231859002266,0.9235294117647059,1.0000001336675872
dry_bean,tanh,115,54,0.01411151628487896,0.9348441926345609,0.015832012811108062,0.9294117647058824,1.0001975746874632
dry_bean,tanh,115,55,0.014328810170910717,0.9316965690903368,0.016296613242519582,0.9215686274509803,1.0000000009802361
dry_bean,tanh,115,56,0.01419715889805687,0.9323260937991816,0.01587672799532294,0.9245098039215687,1.0000801456450341
dry_bean,tanh,115,57,0.014025889625536695,0.9340048263561012,0.015769321992682033,0.9269607843137255,0.9999791361640815
dry_bean,tanh,115,58,0.0141410461323903,0.9324310145839891,0.01607956487538158,0.9235294117647059,1.0000034095853096
dry_bean,tanh,115,59,0.013925927521595584,0.9349491134193684,0.01574811538917224,0.928921568627451,0.9999714275405207
dry_bean,tanh,115,60,0.013910175744533527,0.9341097471409087,0.01570275657053288,0.9279411764705883,0.9858393102719686
dry_bean,log,100,1,0.06548244039516735,0.676319378868954,0.06533268492357802,0.6779411764705883,0.9011703370917828
dry_bean,log,100,2,0.03510404223872124,0.8339103976497744,0.03566809500972656,0.8313725490196079,0.7272728541354267
dry_bean,log,100,3,0.03156015256139095,0.8382121498268807,0.03221480050425096,0.8352941176470589,0.750543708684586
dry_bean,log,100,4,0.030037611531260142,0.8397859615989928,0.030825743425310644,0.8362745098039216,0.7180146219448055
dry_bean,log,100,5,0.02928381894836183,0.8402056447382227,0.029975561196849458,0.8382352941176471,0.6741974631055244
dry_bean,log,100,6,0.02895313885793775,0.8418843772951422,0.029635523284568144,0.8397058823529412,0.7399067607969196
dry_bean,log,100,7,0.02881324242041253,0.8410450110166824,0.02969153634880691,0.8387254901960784,0.720585099520365
dry_bean,log,100,8,0.028512839291293723,0.8415696149407198,0.02931719173328684,0.8401960784313726,0.7063713459343673
dry_bean,log,100,9,0.028449744855290796,0.8418843772951422,0.029397931508482633,0.8362745098039216,0.6699740674536668
dry_bean,log,100,10,0.02866029980562845,0.8427237435736019,0.029306834601802275,0.8455882352941176,0.7534180020023565
dry_bean,log,100,11,0.028402729460282262,0.8412548525862974,0.029203677303848364,0.836764705882353,0.6567200486840752
dry_bean,log,100,12,0.028051831591704178,0.842513902003987,0.028867627333522043,0.8441176470588235,0.6975416115835489
dry_bean,log,100,13,0.028286278267050626,0.8439827929912915,0.029224842844021957,0.8436274509803922,0.7246772342420587
dry_bean,log,100,14,0.027901495432461804,0.8436680306368691,0.028881597567483496,0.8426470588235294,0.6756112223746792
dry_bean,log,100,15,0.027885941874045184,0.8429335851432169,0.02899733865392399,0.8397058823529412,0.7217841749537407
dry_bean,log,100,16,0.020866224911470038,0.925716084356311,0.021938776802728453,0.9220588235294118,0.6599182904690438
dry_bean,log,100,17,0.016495737596639116,0.9267652922043856,0.01778750345069138,0.9230392156862746,0.5939443288308791
dry_bean,log,100,18,0.01584067642930862,0.9286538663309202,0.017168424688227123,0.925,0.6525899882411429
dry_bean,log,100,19,0.015595097298327839,0.9290735494701501,0.016772437937474436,0.9269607843137255,0.5941493042653281
dry_bean,log,100,20,0.015939055305626875,0.9281292624068828,0.01716333341968221,0.9279411764705883,0.6168958114783026
dry_bean,log,100,21,0.01536824203247191,0.9298079949638023,0.01672245229142089,0.925,0.6486563223647084
dry_bean,log,100,22,0.015297957652595028,0.9297030741789949,0.016791721150027764,0.9230392156862746,0.6117022302361237
dry_bean,log,100,23,0.015383382187472537,0.9305424404574546,0.01675012479908512,0.9279411764705883,0.6315137877354056
dry_bean,log,100,24,0.01496136671227572,0.9303325988878397,0.016486416020649812,0.925,0.6338096653068885
dry_bean,log,100,25,0.014957154511892468,0.9294932326093799,0.01635513758767344,0.925,0.5752838383410415
dry_bean,log,100,26,0.014966790613404394,0.9302276781030322,0.016397895100736505,0.925,0.6032995107826887
dry_bean,log,100,27,0.015237878942613024,0.9301227573182247,0.016637609326485614,0.9299019607843138,0.6501272764720444
dry_bean,log,100,28,0.01509015433346793,0.9302276781030322,0.01670526243443805,0.9284313725490196,0.6470713031104779
dry_bean,log,100,29,0.014804150711816315,0.9303325988878397,0.016365058002990464,0.9264705882352942,0.5618824948749125
dry_bean,log,100,30,0.014707969541463391,0.9305424404574546,0.016313104507125722,0.9225490196078432,0.6391223270409075
dry_bean,log,100,31,0.014815628096850204,0.9298079949638023,0.01641101838947282,0.9235294117647059,0.5302730531667608
dry_bean,log,100,32,0.014774848948273404,0.9309621235966845,0.016396617899132212,0.9254901960784314,0.6310004952747859
dry_bean,log,100,33,0.014673176993044146,0.9304375196726472,0.016397634393466323,0.9235294117647059,0.6503545842457694
dry_bean,log,100,34,0.014651185497065919,0.9306473612422621,0.01639198629283443,0.9240196078431373,0.6496462786326366
dry_bean,log,100,35,0.01446745849460754,0.932640856153604,0.01613986180411563,0.9269607843137255,0.564788265908945
dry_bean,log,100,36,0.014506625982496305,0.9332703808624488,0.016262661915050068,0.9254901960784314,0.6011740768709345
dry_bean,log,100,37,0.015026846820717128,0.9318014898751442,0.016616839782525348,0.9284313725490196,0.5716229296216737
dry_bean,log,100,38,0.014820827669831985,0.9324310145839891,0.016516688992791337,0.925,0.5149205349598898
dry_bean,log,100,39,0.01438814203147408,0.9335851432168712,0.01619917472626024,0.925,0.5918358325891214
dry_bean,log,100,40,0.01475432882325083,0.9306473612422621,0.01675514916812426,0.9205882352941176,0.5998662291583362
dry_bean,log,100,41,0.014481992534583814,0.9315916483055293,0.016525284781348928,0.9230392156862746,0.5857594478189025
dry_bean,log,100,42,0.01436999499193584,0.9314867275207218,0.016126952350704916,0.9254901960784314,0.5803051628346791
dry_bean,log,100,43,0.01425168021325697,0.933060539292834,0.016142611304777114,0.9245098039215687,0.5535039023070073
dry_bean,log,100,44,0.014257146511670754,0.9334802224320637,0.01602586250227913,0.928921568627451,0.64274816019314
dry_bean,log,100,45,0.01446805806789036,0.9329556185080264,0.016549922375346127,0.9215686274509803,0.6126987171309802
dry_bean,log,100,46,0.014292863446380345,0.9344245094953311,0.01606281493293008,0.9269607843137255,0.6189785844380343
dry_bean,log,100,47,0.014365920024200453,0.934634351064946,0.016290125259916063,0.9245098039215687,0.5388312740520862
dry_bean,log,100,48,0.014292044152030536,0.9334802224320637,0.01597642924639748,0.9294117647058824,0.6261619138995673
dry_bean,log,100,49,0.014275716481636303,0.9319064106599517,0.01612825777647653,0.9259803921568628,0.6196596419823197
dry_bean,log,100,50,0.01414233576818036,0.9348441926345609,0.01603237980250092,0.9299019607843138,0.6569604759209395
dry_bean,log,100,51,0.014142660012278822,0.9352638757737908,0.015959639675379753,0.9259803921568628,0.624823467796514
dry_bean,log,100,52,0.014266303375224058,0.9345294302801385,0.01605674198766481,0.9279411764705883,0.6058013927840282
dry_bean,log,100,53,0.014184218354518056,0.9352638757737908,0.015988961944628694,0.928921568627451,0.3842929104467791
dry_bean,log,100,54,0.0142264250390063,0.9340048263561012,0.016133106387820523,0.9279411764705883,0.46984220398708165
dry_bean,log,100,55,0.014106642380837222,0.9353687965585983,0.015998239019682697,0.9279411764705883,0.5391956029916788
dry_bean,log,100,56,0.014254898034559673,0.9341097471409087,0.01597402075465482,0.928921568627451,0.6581003864527804
dry_bean,log,100,57,0.013994791412101741,0.9355786381282132,0.015762183894561216,0.928921568627451,0.5915334090049542
dry_bean,log,100,58,0.013900453006104815,0.9349491134193684,0.015950037679120874,0.9254901960784314,0.5759437870595252
dry_bean,log,100,59,0.013990112885567016,0.9356835589130207,0.016189007467684965,0.9254901960784314,0.5697011513283632
dry_bean,log,100,60,0.013924049911616117,0.9347392718497535,0.01599784340120374,0.925,0.5835544246954733
dry_bean,log,101,1,0.04444731774386668,0.8492288322316651,0.04475466906496946,0.8426470588235294,0.8087819078795179
dry_bean,log,101,2,0.02684571476952356,0.881334592382751,0.027799950184424937,0.8803921568627451,0.7287120506854795
dry_bean,log,101,3,0.024001220930818204,0.8847969782813976,0.025006597050043974,0.8808823529411764,0.7663319911280085
dry_bean,log,101,4,0.022879033363945145,0.8836428496485154,0.024132284874565042,0.8794117647058823,0.7072380612880903
dry_bean,log,101,5,0.022540325861777483,0.8858461861294723,0.023778559199576353,0.884313725490196,0.7617553702394773
dry_bean,log,101,6,0.02176377215314406,0.8876298394711992,0.022885495059229023,0.8857843137254902,0.6984417691518879
dry_bean,log,101,7,0.02180327047355086,0.8860560276990872,0.023015531807132956,0.8838235294117647,0.6645945515890873
dry_bean,log,101,8,0.021664884742664838,0.8860560276990872,0.022872163184918033,0.8823529411764706,0.6875050637333198
dry_bean,log,101,9,0.02139440151991259,0.8886790473192739,0.022766623462978378,0.8833333333333333,0.7398956926908195
dry_bean,log,101,10,0.021372153409811356,0.888259364180044,0.022819788584661115,0.8813725490196078,0.6485837866002004
dry_bean,log,101,11,0.02125063931749904,0.888469205749659,0.022590813039308103,0.8818627450980392,0.6840352688805257
dry_bean,log,101,12,0.021848685686797625,0.8841674535725528,0.023318886991990032,0.8794117647058823,0.6902526242741132
dry_bean,log,101,13,0.01641330284730965,0.9273948169132306,0.017846169069860585,0.9264705882352942,0.6434370778593925
dry_bean,log,101,14,0.016246159408595022,0.9268702129891931,0.017631352006545233,0.9235294117647059,0.5884277513705677
dry_bean,log,101,15,0.015447931247123566,0.929283391039765,0.01676879442543394,0.9264705882352942,0.6132821297344289
dry_bean,log,101,16,0.015690805267730916,0.9286538663309202,0.017213273531938685,0.9235294117647059,0.6488808267338179
dry_bean,log,101,17,0.015216716388980875,0.9294932326093799,0.016638550568235842,0.9279411764705883,0.5818480809824257
dry_bean,log,101,18,0.015186482631899903,0.9301227573182247,0.016851597174092903,0.925,0.6334781252426049
dry_bean,log,101,19,0.015261092933837058,0.9298079949638023,0.016834253667897613,0.9259803921568628,0.6193315525855524
dry_bean,log,101,20,0.014954029192300964,0.9306473612422621,0.016474350115749454,0.9279411764705883,0.5541897663355272
dry_bean,log,101,21,0.014980086987862653,0.9307522820270696,0.016628202547247405,0.9220588235294118,0.5739169730173338
dry_bean,log,101,22,0.014828421678306456,0.9306473612422621,0.01628391913967869,0.9279411764705883,0.5857870613723662
dry_bean,log,101,23,0.014924946387669596,0.9305424404574546,0.016448182558071078,0.9269607843137255,0.6605172795298448
dry_bean,log,101,24,0.01481405707637825,0.9299129157486098,0.016307902487470452,0.9259803921568628,0.6043222257928594
dry_bean,log,101,25,0.014771947942973722,0.9298079949638023,0.01639191907740785,0.925,0.5852857150781242
dry_bean,log,101,26,0.014650448983895396,0.9320113314447592,0.016309709438162692,0.9279411764705883,0.5821102537756532
dry_bean,log,101,27,0.014625400729890388,0.930857202811877,0.016265276564426678,0.9274509803921569,0.6065816739368622
dry_bean,log,101,28,0.014714434249852765,0.9324310145839891,0.016173121429320703,0.9269607843137255,0.5920623950195442
dry_bean,log,101,29,0.01458606845027735,0.9318014898751442,0.01631467201779026,0.9245098039215687,0.5948981084664553
dry_bean,log,101,30,0.014931748306706061,0.9305424404574546,0.0168526365405321,0.9191176470588235,0.5916151408169005
dry_bean,log,101,31,0.014706169608387495,0.930857202811877,0.016432115162881258,0.9240196078431373,0.6120339264293223
dry_bean,log,101,32,0.014646610539633054,0.9324310145839891,0.01627473432793409,0.928921568627451,0.5707319239552273
dry_bean,log,101,33,0.014591775094127964,0.9314867275207218,0.01640633024016341,0.9259803921568628,0.6265117547938648
dry_bean,log,101,34,0.01443593105385366,0.9321162522295666,0.01613061200439107,0.9264705882352942,0.5779593436070819
dry_bean,log,101,35,0.01466347084442586,0.9329556185080264,0.016318718766966323,0.9274509803921569,0.6525122950192908
dry_bean,log,101,36,0.014491405759146815,0.9335851432168712,0.016151747878384793,0.9294117647058824,0.5478298759747771
dry_bean,log,101,37,0.014807259706450852,0.9336900640016788,0.01641895509222991,0.9264705882352942,0.6253467346149246
dry_bean,log,101,38,0.014381290710170594,0.9320113314447592,0.016204818563763868,0.925,0.5733473190200365
dry_bean,log,101,39,0.014592495772323463,0.9304375196726472,0.016485857824843013,0.9200980392156862,0.5092053502142827
dry_bean,log,101,40,0.014592718605898017,0.9341097471409087,0.01625990616488574,0.9284313725490196,0.6388849750275629
dry_bean,log,101,41,0.014321892679522379,0.9319064106599517,0.016299811136510307,0.9245098039215687,0.6091577972436808
dry_bean,log,101,42,0.014363242658049781,0.932640856153604,0.016151692823815993,0.925,0.6042797130880274
dry_bean,log,101,43,0.01435805689953255,0.9322211730143741,0.015991727598262246,0.9274509803921569,0.6054868349821141
dry_bean,log,101,44,0.014368622444741097,0.9336900640016788,0.016086318762668028,0.9284313725490196,0.5891367677431235
dry_bean,log,101,45,0.014231128789082914,0.9332703808624488,0.016063336336805997,0.9284313725490196,0.5941555691170678
dry_bean,log,101,46,0.014520470664372405,0.9338999055712937,0.016257995234743337,0.9274509803921569,0.6214342720601147
dry_bean,log,101,47,0.014186413423512347,0.9331654600776413,0.016004726130511127,0.9254901960784314,0.560685407906116
dry_bean,log,101,48,0.014375825792642266,0.9356835589130207,0.01605504626121811,0.9274509803921569,0.6172712246724107
dry_bean,log,101,49,0.014288644931863914,0.932640856153604,0.0162032064877252,0.9240196078431373,0.6027946892112249
dry_bean,log,101,50,0.014166400779996792,0.9338999055712937,0.015980567609052455,0.9264705882352942,0.6296118248321779
dry_bean,log,101,51,0.014383579130321003,0.9338999055712937,0.01617730639235661,0.9279411764705883,0.5518881686322413
dry_bean,log,101,52,0.014528634115291459,0.9344245094953311,0.01637497593401521,0.9294117647058824,0.6661029484455105
dry_bean,log,101,53,0.014364612763311944,0.9341097471409087,0.016038434666971895,0.9279411764705883,0.575300774593744
dry_bean,log,101,54,0.014140181675593895,0.9345294302801385,0.015991002506089484,0.9303921568627451,0.5436879570932973
dry_bean,log,101,55,0.01401917015985703,0.9345294302801385,0.015870646609502777,0.9303921568627451,0.5795203043011667
dry_bean,log,101,56,0.014295478568981477,0.9332703808624488,0.01633410507276819,0.9220588235294118,0.6255922855267885
dry_bean,log,101,57,0.01433545352510887,0.9355786381282132,0.016207508942745436,0.9264705882352942,0.596790530588038
dry_bean,log,101,58,0.014043937822992148,0.9353687965585983,0.01585396556986975,0.9308823529411765,0.5299071882474606
dry_bean,log,101,59,0.013985442338993804,0.9334802224320637,0.016039620735964773,0.9240196078431373,0.6065651466072236
dry_bean,log,101,60,0.01414395374282048,0.9348441926345609,0.01590062556492616,0.928921568627451,0.5426553629994437
dry_bean,log,102,1,0.0416280842781849,0.8545797922568461,0.04214333681969503,0.8441176470588235,0.8497973831805099
dry_bean,log,102,2,0.06939036629025996,0.6037141957821844,0.07053156683393663,0.5980392156862745,0.8591480622646792
dry_bean,log,102,3,0.06624710227080417,0.6137865911237016,0.06731945222442814,0.6107843137254902,0.8556358137583565
dry_bean,log,102,4,0.06418633976242934,0.6199769174273424,0.065240093789271,0.6186274509803922,0.8369970282590029
dry_bean,log,102,5,0.06278532093060014,0.6286853425663624,0.06367799855782803,0.6269607843137255,0.8122449733424882
dry_bean,log,102,6,0.05640433541280264,0.6635190431224426,0.05805338506627825,0.6588235294117647,0.8112003979824142
dry_bean,log,102,7,0.05496387453675087,0.6719127059070402,0.056219629456615065,0.6691176470588235,0.7885373385492527
dry_bean,log,102,8,0.05361546839964252,0.6775784282866436,0.05539157202748524,0.6720588235294118,0.7766960433946308
dry_bean,log,102,9,0.052573908490107776,0.6851327247927814,0.05470965521591612,0.6745098039215687,0.7418501360212559
dry_bean,log,102,10,0.05158549163237568,0.6896443185395027,0.05378852482332921,0.6803921568627451,0.808817790848375
dry_bean,log,102,11,0.05100736791986987,0.695729724058336,0.05343909387073734,0.6867647058823529,0.7528547393885063
dry_bean,log,102,12,0.050552725806005575,0.6980379813241003,0.05302937390689375,0.6867647058823529,0.7677380615609234
dry_bean,log,102,13,0.04920833004164353,0.704228307627741,0.051700797918040976,0.6936274509803921,0.7651423553004645
dry_bean,log,102,14,0.04828707447888824,0.7107333962858042,0.0504381416102007,0.7019607843137254,0.7797235866554723
dry_bean,log,102,15,0.04743816690532043,0.7157695939565628,0.05019445050264193,0.7034313725490197,0.7710068886576146
dry_bean,log,102,16,0.046903541572948314,0.7183926135767496,0.049070852622921955,0.7098039215686275,0.8229735236509194
dry_bean,log,102,17,0.046151749242053224,0.7250026230196202,0.0493730101780723,0.7107843137254902,0.723660253335856
dry_bean,log,102,18,0.04506348957231695,0.731192949323261,0.04821088664925339,0.7151960784313726,0.7778819963314182
dry_bean,log,102,19,0.04480548386594751,0.7351799391459448,0.048162597307009954,0.7215686274509804,0.7469375944600399
dry_bean,log,102,20,0.0433204934092613,0.7435736019305424,0.04660513268300388,0.7274509803921568,0.6914598313477766
dry_bean,log,102,21,0.0421282525156807,0.7511278984366803,0.045554074558501675,0.7348039215686275,0.7156018988009764
dry_bean,log,102,22,0.041054763448282516,0.7588920365124331,0.04420910992547999,0.7436274509803922,0.708804963662168
dry_bean,log,102,23,0.03996128606509618,0.766446333018571,0.04314737955290103,0.7558823529411764,0.740905049710564
dry_bean,log,102,24,0.03851830297153756,0.7731612632462491,0.041879946092801726,0.759313725490196,0.7185145827850693
dry_bean,log,102,25,0.03719619361497516,0.7842828664358409,0.04032636874546592,0.7700980392156863,0.7568237859550448
dry_bean,log,102,26,0.035946902952049276,0.7913125590179415,0.039262757438673676,0.7754901960784314,0.7468316952637118
dry_bean,log,102,27,0.034594228741198024,0.8013849543594586,0.03817844523327208,0.7852941176470588,0.7217568658208225
dry_bean,log,102,28,0.032355389549444294,0.8152344979540447,0.03613555847967497,0.7946078431372549,0.7143430070086096
dry_bean,log,102,29,0.03144865893665744,0.8221592697513377,0.035033641959721265,0.803921568627451,0.6978947571557418
dry_bean,log,102,30,0.030362527319189207,0.830028328611898,0.033392130655677525,0.8137254901960784,0.6847579401056548
dry_bean,log,102,31,0.028810171443299885,0.8384219913964956,0.03190284077852989,0.8245098039215686,0.6839650259026205
dry_bean,log,102,32,0.02806707997302286,0.8434581890672542,0.030994505924401235,0.8254901960784313,0.6935586078746235
dry_bean,log,102,33,0.02743569547725458,0.8461861294722485,0.030338044699917913,0.828921568627451,0.6911477220880681
dry_bean,log,102,34,0.026649943481373378,0.8515370894974295,0.02881140338014666,0.8416666666666667,0.7032637319572157
dry_bean,log,102,35,0.025022874490116837,0.863707900535096,0.027203898369997696,0.8534313725490196,0.681863124028393
dry_bean,log,102,36,0.02404078230690213,0.8694785436995068,0.026643038684137116,0.8553921568627451,0.6953128868774842
dry_bean,log,102,37,0.023009272421495107,0.8767180778512224,0.025687502986530372,0.8642156862745098,0.6794320853579671
dry_bean,log,102,38,0.0222625967863852,0.8830133249396706,0.024539614873764184,0.8730392156862745,0.6184739471136617
dry_bean,log,102,39,0.021793054035294065,0.8870003147623544,0.0240814889358612,0.8735294117647059,0.6397621218065053
dry_bean,log,102,40,0.020885422622645658,0.8929807994963802,0.022992476934184915,0.8833333333333333,0.6427299301996294
dry_bean,log,102,41,0.02005840061409513,0.8961284230406044,0.022543725715730944,0.8813725490196078,0.5930618389598447
dry_bean,log,102,42,0.019297466227402606,0.9003252544329031,0.021716704149144478,0.8852941176470588,0.57216729689351
dry_bean,log,102,43,0.018632886361023275,0.9046270066100094,0.021102573836336208,0.890686274509804,0.6800963251390498
dry_bean,log,102,44,0.018240264320463627,0.9067254223061588,0.020310561909078997,0.8975490196078432,0.6474439419916418
dry_bean,log,102,45,0.01750439680452645,0.9121813031161473,0.019350877916964573,0.9053921568627451,0.6241919182869885
dry_bean,log,102,46,0.016934392630196655,0.916797817647676,0.018484698762431088,0.9112745098039216,0.6271559869358068
dry_bean,log,102,47,0.01620240235160828,0.9209946490399749,0.017572493290107405,0.9161764705882353,0.584882722255136
dry_bean,log,102,48,0.01566911485012632,0.9243521141538139,0.017029034683075334,0.917156862745098,0.5396426442579338
dry_bean,log,102,49,0.014611758045130763,0.933060539292834,0.016259964576684043,0.9230392156862746,0.6791358852341564
dry_bean,log,102,50,0.014539920078639154,0.9340048263561012,0.01642384882903258,0.9235294117647059,0.48934566785995826
dry_bean,log,102,51,0.014167254158549357,0.9345294302801385,0.015864045495870432,0.9299019607843138,0.5907250745599149
dry_bean,log,102,52,0.014061050584432523,0.9336900640016788,0.015985937166611185,0.925,0.6622644212863283
dry_bean,log,102,53,0.014069405701020941,0.9342146679257161,0.01608232093319859,0.9259803921568628,0.6517034160816183
dry_bean,log,102,54,0.01424010125829086,0.9332703808624488,0.016259420448955484,0.9264705882352942,0.6484659757520288
dry_bean,log,102,55,0.014053977272425166,0.9349491134193684,0.015953411212567107,0.9294117647058824,0.565246209050245
dry_bean,log,102,56,0.01404724564220093,0.9342146679257161,0.015857893408010505,0.9259803921568628,0.4968551323133135
dry_bean,log,102,57,0.01398151503442075,0.9342146679257161,0.015999788465983673,0.9245098039215687,0.5457317474845288
dry_bean,log,102,58,0.013962425670647479,0.9359983212674431,0.015795151684945517,0.928921568627451,0.5358973463510774
dry_bean,log,102,59,0.013826864759513145,0.9355786381282132,0.01572409089383015,0.9284313725490196,0.5841576427213103
dry_bean,log,102,60,0.014068732273639886,0.9337949847864861,0.015962351231008195,0.9279411764705883,0.5903680425774958
dry_bean,log,103,1,0.04567047711254266,0.8363235757003462,0.04593762136906338,0.8274509803921568,0.8351051333057522
dry_bean,log,103,2,0.03023212421390758,0.8772426817752597,0.030868394267526172,0.8794117647058823,0.7317903883083774
dry_bean,log,103,3,0.02492003805164788,0.8791312559017942,0.025900060640185695,0.8794117647058823,0.7051101371607194
dry_bean,log,103,4,0.018250640766927357,0.923932431014584,0.019144570243171243,0.9235294117647059,0.6212890048349116
dry_bean,log,103,5,0.01730325778612684,0.9240373517993915,0.018337234905783963,0.9205882352941176,0.6282607974918187
dry_bean,log,103,6,0.017164366256282856,0.9233029063057392,0.018122641895537087,0.9259803921568628,0.651858932732524
dry_bean,log,103,7,0.01676722952668271,0.9235127478753541,0.017780168279611798,0.9186274509803921,0.6233167832104494
dry_bean,log,103,8,0.016435203634531218,0.9259259259259259,0.01738111783683352,0.9259803921568628,0.6884864408692261
dry_bean,log,103,9,0.01616149971028063,0.9258210051411184,0.017261161791329017,0.9279411764705883,0.6601559324454385
dry_bean,log,103,10,0.015976580012277555,0.9260308467107334,0.017101584629221324,0.9230392156862746,0.5595313183789075
dry_bean,log,103,11,0.015926117638171606,0.9266603714195782,0.017054965003919825,0.921078431372549,0.4576254972001096
dry_bean,log,103,12,0.016197406172362913,0.9254013220018886,0.017509568850085703,0.9196078431372549,0.6522739389760075
dry_bean,log,103,13,0.016267643296912607,0.925506242786696,0.017371931669246315,0.9245098039215687,0.6042695987393452
dry_bean,log,103,14,0.01598677447941657,0.9263456090651558,0.017159540889790634,0.9259803921568628,0.6418976316834079
dry_bean,log,103,15,0.015422578242636837,0.9291784702549575,0.01681081627754279,0.9240196078431373,0.6261285022330603
dry_bean,log,103,16,0.015335152750062907,0.9287587871157277,0.016681948902620432,0.9264705882352942,0.6355311702091546
dry_bean,log,103,17,0.01526711833156759,0.9289686286853426,0.0166408288859446,0.9230392156862746,0.6263168594236721
dry_bean,log,103,18,0.015791472134696168,0.9262406882803483,0.017353030657396264,0.9196078431372549,0.6440342450644724
dry_bean,log,103,19,0.015068456489903653,0.9302276781030322,0.016461144617760513,0.9245098039215687,0.618114058407664
dry_bean,log,103,20,0.015721412938421983,0.9241422725841989,0.017404416113197752,0.9176470588235294,0.7023871950557131
dry_bean,log,103,21,0.014953337647832528,0.9294932326093799,0.016404948900457447,0.9254901960784314,0.5784470630946139
dry_bean,log,103,22,0.015236581709639714,0.9306473612422621,0.016671657915544376,0.9264705882352942,0.6101763808959656
dry_bean,log,103,23,0.014916879895601325,0.9319064106599517,0.016349451290188537,0.9259803921568628,0.6593268114949135
dry_bean,log,103,24,0.014963454429205223,0.9300178365334173,0.01656003395530216,0.9225490196078432,0.7001504552776543
dry_bean,log,103,25,0.015159509476941547,0.9286538663309202,0.01652522586681277,0.9245098039215687,0.5899647300331189
dry_bean,log,103,26,0.01473116428127998,0.9325359353687965,0.016218316918658805,0.9254901960784314,0.5887034985296591
dry_bean,log,103,27,0.015109001389244718,0.9294932326093799,0.016886337425549708,0.9200980392156862,0.633479549445859
dry_bean,log,103,28,0.014716865968347818,0.9307522820270696,0.01610545396310265,0.9279411764705883,0.5905339998164066
dry_bean,log,103,29,0.014892053669044067,0.9318014898751442,0.01635439307064462,0.9264705882352942,0.6273634515835423
dry_bean,log,103,30,0.014634271667185058,0.9319064106599517,0.016148047758350905,0.928921568627451,0.6219196386449859
dry_bean,log,103,31,0.014735741755929644,0.9314867275207218,0.016407387040449705,0.925,0.6906793123635736
dry_bean,log,103,32,0.014818834707387943,0.9319064106599517,0.01641554327478603,0.9235294117647059,0.6415221122591791
dry_bean,log,103,33,0.014833670481361217,0.9294932326093799,0.016640339238822147,0.9225490196078432,0.5491938323460701
dry_bean,log,103,34,0.014409821234693318,0.9327457769384115,0.01600480256162479,0.9254901960784314,0.7133292025097466
dry_bean,log,103,35,0.01462657861597322,0.9302276781030322,0.016480563076216283,0.9200980392156862,0.6439973754892627
dry_bean,log,103,36,0.014357002970323454,0.9324310145839891,0.016067950611533682,0.9274509803921569,0.6788702003916167
dry_bean,log,103,37,0.014343100748879808,0.9328506977232189,0.01588804461123466,0.9264705882352942,0.6512794058161483
dry_bean,log,103,38,0.014424447698078055,0.9316965690903368,0.016279932472551974,0.9240196078431373,0.5443641003373191
dry_bean,log,103,39,0.014917996113533106,0.9285489455461127,0.016879323936514215,0.921078431372549,0.4871962157308863
dry_bean,log,103,40,0.014296777647274427,0.932640856153604,0.016079113104087144,0.9240196078431373,0.6680572906017413
dry_bean,log,103,41,0.01423314352378233,0.933060539292834,0.01614157519763719,0.9245098039215687,0.6612441851095919
dry_bean,log,103,42,0.014419026874661442,0.9322211730143741,0.016284358824563378,0.9225490196078432,0.6042921606779231
dry_bean,log,103,43,0.01423952376227782,0.9331654600776413,0.016023386996873206,0.9235294117647059,0.6378091741524081
dry_bean,log,103,44,0.014368376769744687,0.9344245094953311,0.01611371855344422,0.925,0.5072931196684093
dry_bean,log,103,45,0.014254047812281435,0.9338999055712937,0.015924435458249217,0.9269607843137255,0.5183051098776938
dry_bean,log,103,46,0.014090925090085341,0.9333753016472564,0.015859980754566915,0.9254901960784314,0.46196730191694046
dry_bean,log,103,47,0.014682574705448034,0.930857202811877,0.016786503656490596,0.9205882352941176,0.6203387433686695
dry_bean,log,103,48,0.014007418163816773,0.9337949847864861,0.015910963236310333,0.9235294117647059,0.6129108618694521
dry_bean,log,103,49,0.014073509454662797,0.9340048263561012,0.015847112906805166,0.925,0.6030086634779308
dry_bean,log,103,50,0.014162665318061572,0.9335851432168712,0.01598870462609994,0.925,0.6314904941079709
dry_bean,log,103,51,0.01397350860480108,0.9338999055712937,0.015763341558965964,0.9269607843137255,0.5711150556152907
dry_bean,log,103,52,0.013888263024679522,0.9336900640016788,0.015793301376003648,0.9279411764705883,0.5356318860940383
dry_bean,log,103,53,0.014312500584504555,0.934634351064946,0.01603898540321753,0.9259803921568628,0.546989481715567
dry_bean,log,103,54,0.013987981039393648,0.9352638757737908,0.01594334609129354,0.9269607843137255,0.6254893925315838
dry_bean,log,103,55,0.01463731437745328,0.9298079949638023,0.016838012855728994,0.9205882352941176,0.6053845982251836
dry_bean,log,103,56,0.014052855408062602,0.9343195887105236,0.015937449659851013,0.9274509803921569,0.5896482569374593
dry_bean,log,103,57,0.013961011337778122,0.9357884796978282,0.01581774665322037,0.9284313725490196,0.6998371140083312
dry_bean,log,103,58,0.014016118677359291,0.933060539292834,0.016106385225169044,0.9240196078431373,0.6252112703999932
dry_bean,log,103,59,0.01408291917956785,0.9359983212674431,0.016018638265631744,0.9259803921568628,0.6434808965930029
dry_bean,log,103,60,0.013874756215465316,0.9354737173434057,0.01578206270657443,0.928921568627451,0.6274158748653024
dry_bean,log,104,1,0.04804510634564045,0.7796663519043122,0.0484578621430341,0.778921568627451,0.8329702065628065
dry_bean,log,104,2,0.02904672289246272,0.8694785436995068,0.030024273701093732,0.8651960784313726,0.7465042724875781
dry_bean,log,104,3,0.02429142451481316,0.8820690378764033,0.02525835967427826,0.8764705882352941,0.6672094163925226
dry_bean,log,104,4,0.023630748664514777,0.8825936418004406,0.02463159882194764,0.8833333333333333,0.701871901803379
dry_bean,log,104,5,0.0224135057800288,0.8853215822054349,0.023541911479785283,0.8808823529411764,0.6803561275728893
dry_bean,log,104,6,0.021949722827783767,0.8881544433952366,0.022838604486327827,0.8852941176470588,0.7109290983503807
dry_bean,log,104,7,0.021879625279315404,0.8872101563319693,0.022969553896353818,0.8833333333333333,0.6992406045203448
dry_bean,log,104,8,0.021608355985385574,0.8879446018256216,0.02266593448289538,0.8857843137254902,0.6802324999899243
dry_bean,log,104,9,0.021316334511441357,0.8893085720281187,0.022305408822607613,0.8872549019607843,0.6096533416812802
dry_bean,log,104,10,0.021413280672093884,0.8883642849648515,0.0225357019144948,0.884313725490196,0.6383145005480575
dry_bean,log,104,11,0.02111337470690803,0.8894134928129263,0.02222565083701095,0.8872549019607843,0.664747734048256
dry_bean,log,104,12,0.021039266022836123,0.8890987304585038,0.022061324488870465,0.8867647058823529,0.7465543451731708
dry_bean,log,104,13,0.02144972463290445,0.8889938096736963,0.02248309585614536,0.8857843137254902,0.7199999015565747
dry_bean,log,104,14,0.02078733476155743,0.890462700661001,0.02219334882626485,0.8872549019607843,0.749492837153388
dry_bean,log,104,15,0.020615768454526083,0.8909873045850383,0.02178446962242262,0.8901960784313725,0.6728254395548531
dry_bean,log,104,16,0.020843999479448615,0.888259364180044,0.022251778066900867,0.884313725490196,0.6605338412270819
dry_bean,log,104,17,0.020913901079731245,0.8911971461546533,0.022053576740446147,0.888235294117647,0.6867420704108033
dry_bean,log,104,18,0.02092521831099767,0.8895184135977338,0.022277175833655464,0.8862745098039215,0.6352636259955169
dry_bean,log,104,19,0.020433083403497088,0.8917217500786906,0.02200572562189541,0.8872549019607843,0.7258509260021297
dry_bean,log,104,20,0.020792498388887647,0.8888888888888888,0.02233129604558517,0.8823529411764706,0.6597085177260579
dry_bean,log,104,21,0.020403041944763618,0.8928758787115728,0.02169726930518953,0.8911764705882353,0.677246132699942
dry_bean,log,104,22,0.020242746707565568,0.8915119085090757,0.021725677221174272,0.8862745098039215,0.651575128197126
dry_bean,log,104,23,0.020499074857172152,0.8937152449900325,0.021857527343196043,0.888235294117647,0.6398980652355083
dry_bean,log,104,24,0.020174919452822883,0.8916168292938831,0.021625214078338957,0.8852941176470588,0.6754745009835552
dry_bean,log,104,25,0.02017716760266058,0.8931906410659952,0.02167008068089168,0.888235294117647,0.7235423133701541
dry_bean,log,104,26,0.020217051602011024,0.8952890567621445,0.021451153742837913,0.8892156862745098,0.6535916399211762
dry_bean,log,104,27,0.020099036914916744,0.8929807994963802,0.021512679797904374,0.8848039215686274,0.6532046527276932
dry_bean,log,104,28,0.019967129597958027,0.8937152449900325,0.021383297777703276,0.8892156862745098,0.5782658429649017
dry_bean,log,104,29,0.02021208476536893,0.8932955618508026,0.021718381481893877,0.8857843137254902,0.653839366599525
dry_bean,log,104,30,0.019974509155139368,0.8927709579267653,0.021589608843237608,0.8877450980392156,0.6935378957147709
dry_bean,log,104,31,0.01986834888520048,0.8934004826356101,0.021506647479426513,0.8857843137254902,0.6710063533084523
dry_bean,log,104,32,0.019895153800033573,0.8934004826356101,0.021432197046487383,0.8877450980392156,0.6947805521978534
dry_bean,log,104,33,0.019974237829886204,0.8950792151925296,0.021540172539819886,0.888235294117647,0.621506613327425
dry_bean,log,104,34,0.019913806230410353,0.8951841359773371,0.02145848814042439,0.888235294117647,0.6040288947258438
dry_bean,log,104,35,0.019834819465912697,0.8931906410659952,0.0214975054512908,0.8857843137254902,0.6447905527405448
dry_bean,log,104,36,0.019821328951559514,0.8930857202811877,0.02156552446952148,0.8852941176470588,0.5955572417557292
dry_bean,log,104,37,0.020029988699080754,0.8926660371419578,0.021795683862362844,0.8852941176470588,0.5987831573035682
dry_bean,log,104,38,0.020128027828603172,0.8918266708634981,0.021899314744557433,0.8833333333333333,0.6631932970950642
dry_bean,log,104,39,0.019859345652791082,0.8965481061798343,0.021491342866048632,0.8867647058823529,0.6382165108172303
dry_bean,log,104,40,0.019695237020963156,0.8946595320532997,0.021462872727217946,0.8867647058823529,0.6082512401997683
dry_bean,log,104,41,0.019653852655741155,0.8937152449900325,0.021438326972679573,0.8848039215686274,0.6380806270861931
dry_bean,log,104,42,0.020080760983377147,0.8915119085090757,0.021974809893436077,0.8852941176470588,0.6357605557437647
dry_bean,log,104,43,0.01954578978761146,0.895813660686182,0.021468205860737458,0.8872549019607843,0.5870623268934478
dry_bean,log,104,44,0.019801525570497122,0.8934004826356101,0.021711406191272205,0.8833333333333333,0.6533041760217576
dry_bean,log,104,45,0.0196822272302706,0.8963382646102193,0.02140047037496505,0.888235294117647,0.6382737680627042
dry_bean,log,104,46,0.01942065642250283,0.895813660686182,0.021159533416257596,0.888235294117647,0.686726131709636
dry_bean,log,104,47,0.019616840574037973,0.8952890567621445,0.021638882616536306,0.8852941176470588,0.6238845714452728
dry_bean,log,104,48,0.019467026170333173,0.8961284230406044,0.02123046702447154,0.8892156862745098,0.6547344896043786
dry_bean,log,104,49,0.019817317497189686,0.8963382646102193,0.021493936150946937,0.888235294117647,0.6906740754531174
dry_bean,log,104,50,0.019533982609765414,0.8962333438254119,0.02139294140544051,0.8877450980392156,0.6666218034323665
dry_bean,log,104,51,0.019686115777685066,0.8981219179519463,0.021370625626025604,0.8892156862745098,0.6553597635439449
dry_bean,log,104,52,0.019557409816174334,0.8978071555975239,0.021244404921608142,0.8887254901960784,0.6134348736690759
dry_bean,log,104,53,0.019500998031714047,0.8949742944077221,0.021374104700557554,0.8857843137254902,0.637505487320074
dry_bean,log,104,54,0.019402813090885814,0.8949742944077221,0.021443662357424047,0.8857843137254902,0.6267918616404795
dry_bean,log,104,55,0.019370306951428655,0.8979120763823314,0.02124886484332361,0.8892156862745098,0.6569785446451752
dry_bean,log,104,56,0.019407833002988168,0.8981219179519463,0.02141796928409162,0.8872549019607843,0.6673479743723734
dry_bean,log,104,57,0.01947801731733765,0.8978071555975239,0.021278835153709777,0.8877450980392156,0.5747525519410148
dry_bean,log,104,58,0.019303673421499204,0.8968628685342567,0.021271586113815192,0.888235294117647,0.666008479565129
dry_bean,log,104,59,0.01933509570811306,0.8981219179519463,0.021253630963752414,0.8887254901960784,0.6212314383764447
dry_bean,log,104,60,0.01987801288967593,0.8928758787115728,0.022015096590955928,0.8833333333333333,0.6659496207478096
dry_bean,log,105,1,0.05529446463563837,0.7386423250445914,0.05619457815809783,0.734313725490196,0.8404322518559573
dry_bean,log,105,2,0.044858183149444494,0.7474556709684188,0.04594291230600443,0.7382352941176471,0.829324005256822
dry_bean,log,105,3,0.019920195523028084,0.9215192529640122,0.02082251077370755,0.9181372549019607,0.6260432457828382
dry_bean,log,105,4,0.018365483759844602,0.9202602035463225,0.01917746597401252,0.9181372549019607,0.6906659813834162
dry_bean,log,105,5,0.01742674234416924,0.9248767180778512,0.018448262059991564,0.9186274509803921,0.6870781245793451
dry_bean,log,105,6,0.017323936359206406,0.9213094113943973,0.018438539229250584,0.9186274509803921,0.6517477311916914
dry_bean,log,105,7,0.016484555203958303,0.9259259259259259,0.017622651133827667,0.9200980392156862,0.6237130085138918
dry_bean,log,105,8,0.016310467724949235,0.9258210051411184,0.017472031459869655,0.9225490196078432,0.6791480718319651
dry_bean,log,105,9,0.016396353582732323,0.9262406882803483,0.017534114871173574,0.925,0.6591885126958148
dry_bean,log,105,10,0.016068146255072937,0.9269751337740006,0.01718409622614381,0.9220588235294118,0.5669062443232632
dry_bean,log,105,11,0.01593937069873825,0.9273948169132306,0.017150519294068103,0.9240196078431373,0.6265222939042493
dry_bean,log,105,12,0.016336160834995117,0.9218340153184346,0.017688317088882785,0.917156862745098,0.69002531619965
dry_bean,log,105,13,0.015679663742672014,0.929283391039765,0.016961657095225798,0.9274509803921569,0.6814728979470323
dry_bean,log,105,14,0.015559041787785688,0.9268702129891931,0.016934136904643272,0.9274509803921569,0.6341048979044345
dry_bean,log,105,15,0.015430655440085024,0.9264505298499632,0.016732522867607964,0.925,0.6414190580321931
dry_bean,log,105,16,0.015333686113888188,0.9295981533941874,0.01671504248817713,0.9274509803921569,0.6718704029588144
dry_bean,log,105,17,0.015301088329877834,0.9285489455461127,0.016682144192162338,0.9240196078431373,0.5509114117926327
dry_bean,log,105,18,0.015285030114860201,0.9305424404574546,0.016679459646882652,0.9269607843137255,0.5940342587557366
dry_bean,log,105,19,0.015229480282012904,0.9291784702549575,0.016877270255710567,0.9225490196078432,0.6367986078369468
dry_bean,log,105,20,0.015025585180494069,0.9300178365334173,0.016519604513586885,0.9254901960784314,0.614828808155061
dry_bean,log,105,21,0.015449625744726464,0.9293883118245725,0.016620987543439533,0.9299019607843138,0.548305277920667
dry_bean,log,105,22,0.01503841497511436,0.9301227573182247,0.016681681970717913,0.9235294117647059,0.5794545394330349
dry_bean,log,105,23,0.015384584419817483,0.9271849753436155,0.017050116386518765,0.9196078431372549,0.5145677623016645
dry_bean,log,105,24,0.014848950665823533,0.9307522820270696,0.016280152085324247,0.9279411764705883,0.5918437243683413
dry_bean,log,105,25,0.01482658362555171,0.9319064106599517,0.016342325282094408,0.925,0.6095628685816293
dry_bean,log,105,26,0.014790861497081496,0.9315916483055293,0.016346010412041458,0.9259803921568628,0.6406855240981121
dry_bean,log,105,27,0.015013948741010634,0.931067044381492,0.01642365595647791,0.9284313725490196,0.6720752362389588
dry_bean,log,105,28,0.014730572654284874,0.932640856153604,0.016272092932582295,0.9279411764705883,0.6329191710005211
dry_bean,log,105,29,0.014679807429348874,0.932640856153604,0.016347076229714878,0.9240196078431373,0.5803168283412506
dry_bean,log,105,30,0.014572126757069726,0.9327457769384115,0.016146728411232526,0.9284313725490196,0.6690224183522413
dry_bean,log,105,31,0.014791611426143419,0.9300178365334173,0.016582651152467064,0.9225490196078432,0.6212020459447377
dry_bean,log,105,32,0.014758824200912422,0.9332703808624488,0.016535237865395316,0.9264705882352942,0.6138718836187695
dry_bean,log,105,33,0.014805061074785802,0.9320113314447592,0.016331719925853656,0.9274509803921569,0.6425095947597069
dry_bean,log,105,34,0.014607949911414434,0.9327457769384115,0.016322023686918256,0.925,0.6492107935780176
dry_bean,log,105,35,0.014416287993940893,0.9341097471409087,0.016032795850855642,0.9284313725490196,0.5928707749895892
dry_bean,log,105,36,0.01466940498917301,0.9306473612422621,0.0164200645759086,0.9215686274509803,0.650694144004906
dry_bean,log,105,37,0.014336268805318414,0.9325359353687965,0.016040370476102433,0.9264705882352942,0.4725883820184437
dry_bean,log,105,38,0.014258481941567739,0.9327457769384115,0.016021898600534958,0.925,0.4232690537079924
dry_bean,log,105,39,0.015176160858018593,0.9306473612422621,0.01665556509331752,0.9279411764705883,0.5718922934250199
dry_bean,log,105,40,0.014179768397644775,0.9338999055712937,0.01594273457467016,0.9264705882352942,0.6351186837970116
dry_bean,log,105,41,0.014278315470939155,0.9333753016472564,0.016229960786922355,0.9220588235294118,0.6140179291696314
dry_bean,log,105,42,0.014485036428550537,0.9336900640016788,0.01635371920367536,0.9274509803921569,0.633308122266996
dry_bean,log,105,43,0.014091954929840013,0.9347392718497535,0.016004090482313254,0.928921568627451,0.6609641435268775
dry_bean,log,105,44,0.014348355349163422,0.9313818067359144,0.016175277316298278,0.9245098039215687,0.47635867316540637
dry_bean,log,105,45,0.014147327665244494,0.9347392718497535,0.015990304898043903,0.9269607843137255,0.6218815982580146
dry_bean,log,105,46,0.014502356917199923,0.9332703808624488,0.0161753841422411,0.9274509803921569,0.6854567889662587
dry_bean,log,105,47,0.014123100030099945,0.9329556185080264,0.01598879144908188,0.9269607843137255,0.6037297482107358
dry_bean,log,105,48,0.014165909773790742,0.9341097471409087,0.016002466345650435,0.9279411764705883,0.5757380787873881
dry_bean,log,105,49,0.01449368057734354,0.9314867275207218,0.016440404549650334,0.9230392156862746,0.6187955092025598
dry_bean,log,105,50,0.014001674418334312,0.9334802224320637,0.016011007030813824,0.925,0.6294400216691051
dry_bean,log,105,51,0.014815648511294126,0.9280243416220754,0.016996550971992996,0.9186274509803921,0.6945778913486691
dry_bean,log,105,52,0.013935701344734932,0.9340048263561012,0.01588419544805309,0.928921568627451,0.616509659121128
dry_bean,log,105,53,0.013926856530286202,0.9335851432168712,0.016013737487573468,0.9254901960784314,0.6105129047867071
dry_bean,log,105,54,0.014139204948000477,0.9358934004826356,0.016098310098746463,0.9274509803921569,0.5889134149008377
dry_bean,log,105,55,0.014174708806742885,0.9329556185080264,0.016274932424416175,0.9225490196078432,0.5549582931640344
dry_bean,log,105,56,0.01436954909342675,0.9341097471409087,0.01648185199466651,0.925,0.589523306576713
dry_bean,log,105,57,0.01388203555795138,0.9348441926345609,0.015874497979859292,0.9240196078431373,0.5219674378058147
dry_bean,log,105,58,0.01396406704285583,0.9338999055712937,0.015798244790693982,0.9259803921568628,0.5742822049126598
dry_bean,log,105,59,0.013958067622782896,0.9344245094953311,0.015812385872301365,0.9274509803921569,0.5260456321921194
dry_bean,log,105,60,0.0140349650932938,0.9351589549889833,0.015995887408221793,0.9245098039215687,0.6082815412104099
dry_bean,log,106,1,0.05923927225960608,0.677893190641066,0.059046703307845304,0.6759803921568628,0.8288949990947794
dry_bean,log,106,2,0.03826486947543443,0.7973979645367747,0.03892227403459673,0.7926470588235294,0.8092155202370526
dry_bean,log,106,3,0.03608913090330347,0.798342251600042,0.036817556770405054,0.7955882352941176,0.7283910981260032
dry_bean,log,106,4,0.03544130558862307,0.800335746511384,0.035975777708409644,0.8024509803921569,0.7480735776809346
dry_bean,log,106,5,0.034664980855136474,0.8014898751442661,0.03539639476273996,0.8024509803921569,0.6964602060189611
dry_bean,log,106,6,0.034310179761514806,0.803693211625223,0.03518301317092596,0.8014705882352942,0.7201806195328064
dry_bean,log,106,7,0.03401928671105035,0.8033784492708006,0.03478028064000312,0.8014705882352942,0.7740783612973999
dry_bean,log,106,8,0.03366488920451046,0.8333857937257371,0.034342546214616854,0.8259803921568627,0.7168880766911206
dry_bean,log,106,9,0.022639990519008515,0.8880495226104291,0.023770962112637517,0.8833333333333333,0.6827284625826542
dry_bean,log,106,10,0.022024490343681036,0.8875249186863918,0.023167525878427953,0.8877450980392156,0.6710601756599414
dry_bean,log,106,11,0.022425812869058637,0.8847969782813976,0.023683569105896182,0.878921568627451,0.6708878862828959
dry_bean,log,106,12,0.021236395596553135,0.8887839681040814,0.022266722154291103,0.8892156862745098,0.6963877717086132
dry_bean,log,106,13,0.021470656735554566,0.8892036512433114,0.022726679924513517,0.8823529411764706,0.7017591621143929
dry_bean,log,106,14,0.020971193392689148,0.8900430175217711,0.02230355864247329,0.884313725490196,0.6857594335364383
dry_bean,log,106,15,0.020929136854862498,0.8901479383065786,0.022205196610481072,0.8887254901960784,0.7275706666983167
dry_bean,log,106,16,0.0209873932708642,0.890462700661001,0.022135434283623353,0.8901960784313725,0.5976773767380841
dry_bean,log,106,17,0.020919661323806394,0.8890987304585038,0.022368124636598527,0.8828431372549019,0.6597564239889102
dry_bean,log,106,18,0.020920638121043462,0.8907774630154234,0.02230523918126978,0.884313725490196,0.6854661519587855
dry_bean,log,106,19,0.02071881282624424,0.8916168292938831,0.02184298812282536,0.8911764705882353,0.6530725280567811
dry_bean,log,106,20,0.02061763675742574,0.8900430175217711,0.021854911837697572,0.8901960784313725,0.6951014597950315
dry_bean,log,106,21,0.020454813591891087,0.890252859091386,0.021880793324784608,0.8838235294117647,0.645923703321046
dry_bean,log,106,22,0.020956614659614844,0.8879446018256216,0.02234917445824161,0.884313725490196,0.6098418060749509
dry_bean,log,106,23,0.020321919101635107,0.8916168292938831,0.021770414259043247,0.8877450980392156,0.7207578439745371
dry_bean,log,106,24,0.020648828681423335,0.8921414332179205,0.021960060858591236,0.8911764705882353,0.6679825614514355
dry_bean,log,106,25,0.020280820321175393,0.8917217500786906,0.02170398668107214,0.8867647058823529,0.5457989976673755
dry_bean,log,106,26,0.020237480862216557,0.8905676214458084,0.02177690702311666,0.8867647058823529,0.6289002710184669
dry_bean,log,106,27,0.02018408966580253,0.8928758787115728,0.021708436015498177,0.8877450980392156,0.6485054159987582
dry_bean,log,106,28,0.02031869098293079,0.8925611163571503,0.02174930534406285,0.8887254901960784,0.6566977577117287
dry_bean,log,106,29,0.02027015281808277,0.89382016577484,0.02167042037455907,0.8887254901960784,0.657005240690988
dry_bean,log,106,30,0.020543110499441502,0.8903577798761935,0.021888102282307434,0.8862745098039215,0.6505001704569828
dry_bean,log,106,31,0.020358540111719642,0.8931906410659952,0.021805225997024984,0.8901960784313725,0.6878408814187086
dry_bean,log,106,32,0.020132024124820937,0.8927709579267653,0.021801106197671713,0.8857843137254902,0.588024587613051
dry_bean,log,106,33,0.01654978198105262,0.9290735494701501,0.018307715028664507,0.9191176470588235,0.6432698937605638
dry_bean,log,106,34,0.015036663544027757,0.931067044381492,0.016721174641509573,0.9230392156862746,0.5354508699559467
dry_bean,log,106,35,0.014836618561739524,0.9307522820270696,0.016671645496471408,0.9240196078431373,0.6090087581518415
dry_bean,log,106,36,0.014734345360919814,0.9333753016472564,0.016408300994515734,0.9279411764705883,0.6371248241867933
dry_bean,log,106,37,0.014675740307888723,0.9333753016472564,0.016159451949911776,0.9294117647058824,0.6107368026419455
dry_bean,log,106,38,0.014686011058146193,0.9329556185080264,0.01621808874249128,0.9284313725490196,0.6785616658301475
dry_bean,log,106,39,0.01462058035535032,0.9303325988878397,0.016382561550123693,0.9235294117647059,0.6352786605701545
dry_bean,log,106,40,0.014625359878168086,0.9316965690903368,0.016088965887164953,0.9284313725490196,0.6658363524809654
dry_bean,log,106,41,0.014581110353885967,0.9325359353687965,0.01613890751784967,0.9274509803921569,0.5538738892655496
dry_bean,log,106,42,0.014586480430422342,0.9312768859511069,0.016467221437851415,0.9220588235294118,0.6232924158181894
dry_bean,log,106,43,0.014879851894530137,0.9293883118245725,0.016715165347840205,0.9205882352941176,0.5650776026813058
dry_bean,log,106,44,0.014409125128118865,0.9334802224320637,0.016085131978260028,0.9294117647058824,0.5733344100197927
dry_bean,log,106,45,0.014372180608887274,0.9331654600776413,0.016043085598671215,0.9264705882352942,0.6712971218551881
dry_bean,log,106,46,0.014357148757923554,0.9335851432168712,0.015956164864121557,0.928921568627451,0.6256676796611959
dry_bean,log,106,47,0.014251092687270504,0.9323260937991816,0.016134605366714478,0.9240196078431373,0.49077180318712643
dry_bean,log,106,48,0.014230872243180249,0.9323260937991816,0.015980478407354656,0.9264705882352942,0.645829260568671
dry_bean,log,106,49,0.01418155918717763,0.9341097471409087,0.01593263695210964,0.9308823529411765,0.5702123877634908
dry_bean,log,106,50,0.014331090436308976,0.934634351064946,0.01606372047797615,0.9294117647058824,0.5881275669183845
dry_bean,log,106,51,0.01428421843655824,0.9341097471409087,0.016115740272854916,0.9245098039215687,0.5956866360770819
dry_bean,log,106,52,0.014168076732344338,0.9345294302801385,0.01581479085339489,0.9299019607843138,0.5336460404260459
dry_bean,log,106,53,0.014078392583019926,0.9334802224320637,0.01599067056585037,0.9284313725490196,0.5831191989626042
dry_bean,log,106,54,0.01421019003667244,0.9340048263561012,0.016164340826574385,0.9259803921568628,0.5637279600139717
dry_bean,log,106,55,0.014289843420036301,0.9322211730143741,0.01605287447775518,0.9264705882352942,0.6151986314926465
dry_bean,log,106,56,0.014054583006710631,0.9342146679257161,0.01587063710970243,0.9279411764705883,0.5240699822594215
dry_bean,log,106,57,0.014165721255611361,0.9345294302801385,0.01616634084568595,0.9274509803921569,0.5565853514338195
dry_bean,log,106,58,0.014224104870956333,0.9355786381282132,0.016105135678745962,0.9274509803921569,0.613525798952481
dry_bean,log,106,59,0.014149683287085778,0.9345294302801385,0.016053184750638133,0.9269607843137255,0.5325869132825926
dry_bean,log,106,60,0.013975321945287037,0.9345294302801385,0.015875870148628787,0.9269607843137255,0.6235485307059486
dry_bean,log,107,1,0.03831371952342352,0.8611898016997167,0.03871239683916699,0.8602941176470589,0.747567205669127
dry_bean,log,107,2,0.02557286117212424,0.8843772951421677,0.026566278383372676,0.8818627450980392,0.7127919490478813
dry_bean,log,107,3,0.019208246704505043,0.9195257580526702,0.020092884319315912,0.9161764705882353,0.5977132611014768
dry_bean,log,107,4,0.01758076021402008,0.9245619557234288,0.018668797767217773,0.921078431372549,0.6183792488246197
dry_bean,log,107,5,0.0169668944069817,0.9250865596474661,0.01806106095385245,0.9240196078431373,0.6570089064784811
dry_bean,log,107,6,0.017034003578773552,0.9242471933690064,0.018137635466727205,0.921078431372549,0.6278944778686305
dry_bean,log,107,7,0.016443016514166617,0.9262406882803483,0.017491440297587032,0.9264705882352942,0.6513541650164891
dry_bean,log,107,8,0.016272029022622165,0.9251914804322736,0.017459655223059947,0.9205882352941176,0.6443483499849734
dry_bean,log,107,9,0.016317737336594442,0.9251914804322736,0.017478219721963974,0.921078431372549,0.6812704892984784
dry_bean,log,107,10,0.015873096629200556,0.9273948169132306,0.017028282206113066,0.9269607843137255,0.6482345533417638
dry_bean,log,107,11,0.0156904389961,0.9284440247613052,0.016865262837504256,0.9264705882352942,0.5574937190728322
dry_bean,log,107,12,0.01555107116184314,0.9278145000524604,0.01669602782301989,0.9245098039215687,0.640838103208779
dry_bean,log,107,13,0.015773866723959702,0.9250865596474661,0.017130818085281767,0.9220588235294118,0.6667829745074405
dry_bean,log,107,14,0.015757613199158544,0.9258210051411184,0.017283645215288513,0.9205882352941176,0.6396614776605756
dry_bean,log,107,15,0.01549276239019098,0.9293883118245725,0.016893197507274454,0.9235294117647059,0.6694215180467271
dry_bean,log,107,16,0.015171940415554993,0.9283391039764978,0.01661935789220351,0.9235294117647059,0.7064130070891161
dry_bean,log,107,17,0.015826280819196632,0.929283391039765,0.01715049771054685,0.9264705882352942,0.6558503661587887
dry_bean,log,107,18,0.015057469114707962,0.9290735494701501,0.016500531328479836,0.9240196078431373,0.6218170688046959
dry_bean,log,107,19,0.014926997420667115,0.9297030741789949,0.016335673100579512,0.9259803921568628,0.6141394044785126
dry_bean,log,107,20,0.015051113944665255,0.9282341831916903,0.01653082330973183,0.9220588235294118,0.6296607844432763
dry_bean,log,107,21,0.015211078232945568,0.9282341831916903,0.016802116256383493,0.9220588235294118,0.6802584692971994
dry_bean,log,107,22,0.014910214521751324,0.9301227573182247,0.01639180253252646,0.9235294117647059,0.5951751810721164
dry_bean,log,107,23,0.014889117365624687,0.9311719651662994,0.016299984818165893,0.9318627450980392,0.6596320468777701
dry_bean,log,107,24,0.014842940739506929,0.9302276781030322,0.016417840942688416,0.925,0.49939537431903286
dry_bean,log,107,25,0.015023072456109498,0.930857202811877,0.016377693736985686,0.9308823529411765,0.5767478635575667
dry_bean,log,107,26,0.014771222907842428,0.9307522820270696,0.016214727284394995,0.925,0.6491650568286303
dry_bean,log,107,27,0.015074285306679445,0.9316965690903368,0.01663389032502695,0.9254901960784314,0.6134284860626251
dry_bean,log,107,28,0.014612107398574888,0.9321162522295666,0.01618801423860672,0.925,0.6434595197870264
dry_bean,log,107,29,0.014699869803313692,0.933060539292834,0.016190215557335505,0.928921568627451,0.6426245575545616
dry_bean,log,107,30,0.014620820957219817,0.9319064106599517,0.016118766356449127,0.9264705882352942,0.5976074339995396
dry_bean,log,107,31,0.014600008102088726,0.9332703808624488,0.016031630448265694,0.9299019607843138,0.5439584929086451
dry_bean,log,107,32,0.014699258330236305,0.9341097471409087,0.016259596923719394,0.9284313725490196,0.6711656504638427
dry_bean,log,107,33,0.014574342753204223,0.9328506977232189,0.01609832468159327,0.9284313725490196,0.589046320886219
dry_bean,log,107,34,0.014386703634449704,0.9324310145839891,0.015975688906494815,0.9279411764705883,0.5177847098779326
dry_bean,log,107,35,0.014433481045819166,0.9323260937991816,0.01610722849792896,0.925,0.6393064112328335
dry_bean,log,107,36,0.014306954192791072,0.9328506977232189,0.016042157878856256,0.925,0.6393033025222689
dry_bean,log,107,37,0.014496525985688246,0.933060539292834,0.016232084840287583,0.9254901960784314,0.6276507847418749
dry_bean,log,107,38,0.014282124082401874,0.9341097471409087,0.015975321155695294,0.9274509803921569,0.5924912367898935
dry_bean,log,107,39,0.014355044625845201,0.9349491134193684,0.0160178721010997,0.9269607843137255,0.6377273524418755
dry_bean,log,107,40,0.014256698408113087,0.9340048263561012,0.015951402633546642,0.9308823529411765,0.595316810871299
dry_bean,log,107,41,0.014226925167765761,0.9343195887105236,0.015995492620730974,0.9284313725490196,0.6016050959122653
dry_bean,log,107,42,0.014080760523812177,0.9340048263561012,0.015846747846025334,0.9274509803921569,0.5902949693456578
dry_bean,log,107,43,0.014112966520072306,0.9333753016472564,0.015848440477664195,0.9254901960784314,0.5552715037342447
dry_bean,log,107,44,0.014144312394439192,0.9340048263561012,0.015925258139124758,0.9279411764705883,0.6150568011374895
dry_bean,log,107,45,0.014191752197854493,0.9336900640016788,0.015861581873429138,0.9279411764705883,0.6024380400781012
dry_bean,log,107,46,0.014053810615581327,0.9332703808624488,0.01601549922053232,0.9245098039215687,0.7003008809783625
dry_bean,log,107,47,0.01406498877602786,0.9329556185080264,0.0160568856340259,0.9235294117647059,0.621798524215634
dry_bean,log,107,48,0.014063716483152727,0.9349491134193684,0.015794832626409825,0.9284313725490196,0.5501384527665993
dry_bean,log,107,49,0.014147062359717504,0.9342146679257161,0.016150675222385828,0.921078431372549,0.5685434366487141
dry_bean,log,107,50,0.014219089170401251,0.9351589549889833,0.016083698878935612,0.9240196078431373,0.6367565093123909
dry_bean,log,107,51,0.014129263503632061,0.9333753016472564,0.016120963700313694,0.9245098039215687,0.6012657977541916
dry_bean,log,107,52,0.014258453734284795,0.9331654600776413,0.01625111363954297,0.9230392156862746,0.565274058422984
dry_bean,log,107,53,0.013990580475601515,0.932640856153604,0.016024553151187646,0.9240196078431373,0.6711530265351948
dry_bean,log,107,54,0.013985301549532599,0.9355786381282132,0.01594067886582568,0.928921568627451,0.6070993503859239
dry_bean,log,107,55,0.013923929230882698,0.9357884796978282,0.015974008210305,0.925,0.6237945722797802
dry_bean,log,107,56,0.013839949010196195,0.9350540342041759,0.015877511420234802,0.928921568627451,0.5147799677661173
dry_bean,log,107,57,0.013929001755658978,0.9354737173434057,0.01604587337657389,0.9274509803921569,0.6008926419006062
dry_bean,log,107,58,0.013845369747741702,0.9348441926345609,0.015840119884925397,0.928921568627451,0.456236255477512
dry_bean,log,107,59,0.01379702312537157,0.9349491134193684,0.01589910296432395,0.9240196078431373,0.6127479224119908
dry_bean,log,107,60,0.014252070448615034,0.9342146679257161,0.016619900781181363,0.9220588235294118,0.6031003662170034
dry_bean,log,108,1,0.0499892460180452,0.76109537299339,0.04991690824768269,0.7612745098039215,0.8318354005086286
dry_bean,log,108,2,0.02718513838799863,0.8828034833700557,0.027821540225197512,0.8779411764705882,0.768226699037634
dry_bean,log,108,3,0.02392965854040747,0.8837477704333229,0.024742334043431027,0.8803921568627451,0.6990565590721205
dry_bean,log,108,4,0.022968654835283563,0.884901899066205,0.023934864230707537,0.878921568627451,0.6634280423264189
dry_bean,log,108,5,0.02243835005396736,0.8868953939775469,0.023443112120616005,0.8833333333333333,0.6987081307329288
dry_bean,log,108,6,0.021946129446194545,0.8874199979015843,0.02286580056976841,0.8857843137254902,0.6966636638417026
dry_bean,log,108,7,0.019125171754047182,0.9228832231665093,0.020104096986310164,0.9205882352941176,0.7153789658925972
dry_bean,log,108,8,0.016568057961555284,0.9260308467107334,0.01753691000945343,0.9259803921568628,0.6124706207841972
dry_bean,log,108,9,0.01617820534712198,0.9254013220018886,0.017295032292158903,0.9200980392156862,0.6731968338891452
dry_bean,log,108,10,0.015763420332010385,0.9269751337740006,0.01689513882075107,0.9215686274509803,0.6596795312286393
dry_bean,log,108,11,0.016616121314864816,0.9212044906095898,0.017989473182738955,0.9166666666666666,0.580531643295767
dry_bean,log,108,12,0.015468893234168345,0.9284440247613052,0.01671463891949472,0.9254901960784314,0.6092796375558529
dry_bean,log,108,13,0.01566309287161662,0.9273948169132306,0.01689079428273095,0.9235294117647059,0.5571001290257648
dry_bean,log,108,14,0.015294829124740793,0.9290735494701501,0.016443457428761056,0.925,0.6730370488128701
dry_bean,log,108,15,0.015165769414104587,0.9290735494701501,0.01647170032748291,0.925,0.604327686930469
dry_bean,log,108,16,0.015404879253999946,0.9282341831916903,0.01652760454471888,0.9259803921568628,0.6249598623227627
dry_bean,log,108,17,0.01514845270637236,0.930857202811877,0.01654262009815523,0.9205882352941176,0.5567377624535704
dry_bean,log,108,18,0.014943443211015005,0.9289686286853426,0.01629623694476976,0.9240196078431373,0.6125249287080392
dry_bean,log,108,19,0.014963161417778183,0.9315916483055293,0.016303991619099366,0.9274509803921569,0.5813741609898653
dry_bean,log,108,20,0.01498068388460081,0.9288637079005351,0.016553492136149206,0.9220588235294118,0.5638733853036404
dry_bean,log,108,21,0.01501662999536394,0.9323260937991816,0.016343160302326243,0.928921568627451,0.5050886900758015
dry_bean,log,108,22,0.014653059472459025,0.9297030741789949,0.01605744804208707,0.9269607843137255,0.5595016240017655
dry_bean,log,108,23,0.01480555698163284,0.9284440247613052,0.016325434460966275,0.9245098039215687,0.6463471046012402
dry_bean,log,108,24,0.014648455524203734,0.9305424404574546,0.016078174890366233,0.9245098039215687,0.6208975485541187
dry_bean,log,108,25,0.014562537209534487,0.9301227573182247,0.016180734152642866,0.9254901960784314,0.6595707068622024
dry_bean,log,108,26,0.014698563858606266,0.9334802224320637,0.016149974564617347,0.9294117647058824,0.6760256201430763
dry_bean,log,108,27,0.014725319635638019,0.9325359353687965,0.01628201644467733,0.9264705882352942,0.6373575909271095
dry_bean,log,108,28,0.01463179826533181,0.9314867275207218,0.016238627424531273,0.9245098039215687,0.635510591941868
dry_bean,log,108,29,0.0144770249622135,0.930857202811877,0.016096018538623646,0.9240196078431373,0.5138769551528339
dry_bean,log,108,30,0.014769511075425687,0.9307522820270696,0.016389862234392497,0.9230392156862746,0.6235213741749668
dry_bean,log,108,31,0.014708439070873505,0.9332703808624488,0.01623529917331288,0.9264705882352942,0.588579765592048
dry_bean,log,108,32,0.01434034093684492,0.9331654600776413,0.015899077371080657,0.9269607843137255,0.6064578050930782
dry_bean,log,108,33,0.014357113361857854,0.9322211730143741,0.01597620171044333,0.9245098039215687,0.5471349875315177
dry_bean,log,108,34,0.014221349528543151,0.9322211730143741,0.01587018517105762,0.9264705882352942,0.5460082130084327
dry_bean,log,108,35,0.014340598333883242,0.9323260937991816,0.01617277289031428,0.9259803921568628,0.5700956298365402
dry_bean,log,108,36,0.015100444542766786,0.9322211730143741,0.016693721864245132,0.9269607843137255,0.6479351323742863
dry_bean,log,108,37,0.01433567802576206,0.9345294302801385,0.01600707988769136,0.9294117647058824,0.517328186395423
dry_bean,log,108,38,0.014100519717081894,0.9327457769384115,0.01593236671012238,0.925,0.5316726843968852
dry_bean,log,108,39,0.014353482131695417,0.9314867275207218,0.016258777705127868,0.9215686274509803,0.5591716363530077
dry_bean,log,108,40,0.014268884124408254,0.9347392718497535,0.015893212637714475,0.9284313725490196,0.5815195598287214
dry_bean,log,108,41,0.014165152445912446,0.9345294302801385,0.015870883291090553,0.9264705882352942,0.5415997150392177
dry_bean,log,108,42,0.014110464161614338,0.9329556185080264,0.01584899558894646,0.9269607843137255,0.6060807177027381
dry_bean,log,108,43,0.013996805815177593,0.9344245094953311,0.015806825253473253,0.9274509803921569,0.5701283108276051
dry_bean,log,108,44,0.014147391776690004,0.932640856153604,0.016169000765126448,0.9230392156862746,0.6044087126156009
dry_bean,log,108,45,0.014078634501980877,0.9342146679257161,0.01599817046541218,0.9254901960784314,0.5959755072035854
dry_bean,log,108,46,0.014144535310664402,0.9352638757737908,0.01611386305036697,0.9269607843137255,0.6118230520498693
dry_bean,log,108,47,0.014295486550170846,0.9333753016472564,0.016450909533391404,0.9240196078431373,0.5238300553663052
dry_bean,log,108,48,0.013945245449330899,0.9342146679257161,0.015928152427401233,0.925,0.5332347598051721
dry_bean,log,108,49,0.013942514355788742,0.9348441926345609,0.015828766292315975,0.9264705882352942,0.6880345635361846
dry_bean,log,108,50,0.013893296175043125,0.9358934004826356,0.015787285778701806,0.9269607843137255,0.48429208358940123
dry_bean,log,108,51,0.014399981144185971,0.9315916483055293,0.016604235021335463,0.9196078431372549,0.4536828135598809
dry_bean,log,108,52,0.013878494375679302,0.9353687965585983,0.015979807599096625,0.9240196078431373,0.5654725078384909
dry_bean,log,108,53,0.013844716377611884,0.9342146679257161,0.01580008917371411,0.9240196078431373,0.5082723632398777
dry_bean,log,108,54,0.01380888291576273,0.9355786381282132,0.01574239915890914,0.9284313725490196,0.6789796708133368
dry_bean,log,108,55,0.014214147902958026,0.9332703808624488,0.016382967971565264,0.9245098039215687,0.5781542383800226
dry_bean,log,108,56,0.014186505484631542,0.9345294302801385,0.016042484581776057,0.9284313725490196,0.6643232358023707
dry_bean,log,108,57,0.013867627339934891,0.9349491134193684,0.015811949006656688,0.9269607843137255,0.5857165151076479
dry_bean,log,108,58,0.013857797471046485,0.9354737173434057,0.01588307322747393,0.9294117647058824,0.6434903250021575
dry_bean,log,108,59,0.013767777883778847,0.9342146679257161,0.015844833979620748,0.9235294117647059,0.5131901276784648
dry_bean,log,108,60,0.013761375897417619,0.9348441926345609,0.01586267592468967,0.9235294117647059,0.6200054527205363
dry_bean,log,109,1,0.05305556221193326,0.7612002937781974,0.05298383945241628,0.7612745098039215,0.8693996825998053
dry_bean,log,109,2,0.027799318352205563,0.8807050676739062,0.028466801619013594,0.884313725490196,0.7180102038785695
dry_bean,log,109,3,0.024147257251149495,0.8840625327877453,0.02509799629374396,0.8803921568627451,0.7358246507577532
dry_bean,log,109,4,0.022909968104689447,0.8859511069142797,0.023848846909931373,0.8848039215686274,0.7062738563530783
dry_bean,log,109,5,0.022600288759609028,0.8845871367117826,0.023610556696505552,0.8838235294117647,0.7208953880175006
dry_bean,log,109,6,0.02250631564286786,0.8846920574965901,0.02357042503002773,0.8779411764705882,0.7053530059721937
dry_bean,log,109,7,0.02174063986917044,0.8880495226104291,0.022724480529322456,0.8877450980392156,0.7086174532463253
dry_bean,log,109,8,0.021457282277244586,0.888259364180044,0.02256932472238306,0.8867647058823529,0.7013784728986848
dry_bean,log,109,9,0.021393851980437344,0.8885741265344664,0.02242443293792973,0.8857843137254902,0.6727661953062928
dry_bean,log,109,10,0.021083321992116565,0.888469205749659,0.022195852022972022,0.8872549019607843,0.5476764514795796
dry_bean,log,109,11,0.016892584645786697,0.925506242786696,0.01810160623299908,0.9191176470588235,0.6610556071227126
dry_bean,log,109,12,0.015841263275058918,0.9291784702549575,0.017023201099579027,0.925,0.6255240496836841
dry_bean,log,109,13,0.01573414469493819,0.9279194208372679,0.01703547691826714,0.9235294117647059,0.6538286978745683
dry_bean,log,109,14,0.01556860826910466,0.9269751337740006,0.016996647650651207,0.9186274509803921,0.6305885811220375
dry_bean,log,109,15,0.015514732733330702,0.9278145000524604,0.016952269375847068,0.9235294117647059,0.6141465913418207
dry_bean,log,109,16,0.015349792746605868,0.9287587871157277,0.016653504753803536,0.9259803921568628,0.6428280224030118
dry_bean,log,109,17,0.015533678793170589,0.9283391039764978,0.016969412541665806,0.9235294117647059,0.6706336094718666
dry_bean,log,109,18,0.01518779101813814,0.9297030741789949,0.016457820144389984,0.9279411764705883,0.6489081143389149
dry_bean,log,109,19,0.01517836094846026,0.9299129157486098,0.0163884977344584,0.9299019607843138,0.5991031227133266
dry_bean,log,109,20,0.015098001540938528,0.9305424404574546,0.016425658606864554,0.9308823529411765,0.59826782847053
dry_bean,log,109,21,0.015179163336941477,0.9294932326093799,0.016530939767593428,0.9284313725490196,0.6143292034798757
dry_bean,log,109,22,0.014964401333684414,0.9293883118245725,0.016524866970908984,0.9235294117647059,0.6330534535008371
dry_bean,log,109,23,0.01492541175233085,0.9300178365334173,0.016506361807587702,0.9269607843137255,0.6047716733095054
dry_bean,log,109,24,0.014937486700517704,0.9315916483055293,0.01614631461519106,0.928921568627451,0.6388938515292882
dry_bean,log,109,25,0.014694859451067247,0.9301227573182247,0.016238545317279002,0.925,0.5902240161698896
dry_bean,log,109,26,0.014654879999143399,0.9302276781030322,0.016170822561339226,0.9294117647058824,0.597298792032015
dry_bean,log,109,27,0.014990108541000373,0.9289686286853426,0.016616352419415115,0.9225490196078432,0.619451579453316
dry_bean,log,109,28,0.014728322102398363,0.9312768859511069,0.01612791696683365,0.928921568627451,0.6853592961912935
dry_bean,log,109,29,0.014507515372898738,0.9307522820270696,0.01597960571427447,0.9279411764705883,0.5013754656333504
dry_bean,log,109,30,0.014746458702851266,0.9312768859511069,0.01606403664380576,0.9279411764705883,0.6211275969302362
dry_bean,log,109,31,0.01529575926522909,0.9304375196726472,0.016800587181080344,0.9230392156862746,0.6205181287862381
dry_bean,log,109,32,0.014425960517097965,0.9315916483055293,0.01611624841742391,0.9230392156862746,0.5234961001423802
dry_bean,log,109,33,0.014513722529394929,0.9307522820270696,0.016252977462778383,0.9220588235294118,0.553302572180299
dry_bean,log,109,34,0.014395995091443499,0.9323260937991816,0.01599560464948688,0.9264705882352942,0.5727976421306816
dry_bean,log,109,35,0.014459286242348903,0.9313818067359144,0.016249879184819245,0.9245098039215687,0.5791274457452663
dry_bean,log,109,36,0.01428726890977188,0.933060539292834,0.015878737178688623,0.9274509803921569,0.5706751316189483
dry_bean,log,109,37,0.014323009568854699,0.9320113314447592,0.016010232660222744,0.9254901960784314,0.6341377243216514
dry_bean,log,109,38,0.01425414495879688,0.9329556185080264,0.015953652549437758,0.9264705882352942,0.5340470932710256
dry_bean,log,109,39,0.014343389507110891,0.9318014898751442,0.015936283086549197,0.9245098039215687,0.6741393738198271
dry_bean,log,109,40,0.014178894553102875,0.9334802224320637,0.01593427756852269,0.925,0.6442126170294148
dry_bean,log,109,41,0.014714304715910667,0.9314867275207218,0.016513511073247514,0.9245098039215687,0.5105491216987597
dry_bean,log,109,42,0.014264158035636047,0.9333753016472564,0.016116473738493634,0.9235294117647059,0.5694094286444723
dry_bean,log,109,43,0.014692479844872422,0.9332703808624488,0.016464668642554088,0.9245098039215687,0.6354034451107847
dry_bean,log,109,44,0.014338434140536508,0.9331654600776413,0.016054655738480264,0.9254901960784314,0.5988020196957389
dry_bean,log,109,45,0.014346236572189046,0.9315916483055293,0.016071010519516295,0.9220588235294118,0.6664329406482095
dry_bean,log,109,46,0.014094203334462471,0.933060539292834,0.01592670020805706,0.9259803921568628,0.5715142396047316
dry_bean,log,109,47,0.014119928597484234,0.9338999055712937,0.015752126188673592,0.9264705882352942,0.5326918437292327
dry_bean,log,109,48,0.01414761968768998,0.9320113314447592,0.016059504526426877,0.9235294117647059,0.69843229466366
dry_bean,log,109,49,0.014167118374805535,0.9351589549889833,0.015926843818606134,0.9284313725490196,0.5944787768309217
dry_bean,log,109,50,0.014099613665922616,0.9340048263561012,0.016081298449228388,0.9254901960784314,0.612262772575074
dry_bean,log,109,51,0.013981319650280962,0.9336900640016788,0.01579048495583975,0.9269607843137255,0.5957440941610366
dry_bean,log,109,52,0.013936994751298276,0.9342146679257161,0.015883898648158475,0.9279411764705883,0.5918104073517302
dry_bean,log,109,53,0.014053356291634383,0.9332703808624488,0.01597754082462379,0.9245098039215687,0.5475332454488437
dry_bean,log,109,54,0.014050091253108877,0.9343195887105236,0.0159670184551765,0.9279411764705883,0.588136722649206
dry_bean,log,109,55,0.014068672030260866,0.9342146679257161,0.01581702985822535,0.9259803921568628,0.54669385632162
dry_bean,log,109,56,0.014303432456336721,0.9349491134193684,0.016192280330581826,0.9274509803921569,0.48476982192719376
dry_bean,log,109,57,0.013939144970576087,0.9338999055712937,0.015939758105720438,0.9235294117647059,0.6254319721250502
dry_bean,log,109,58,0.013915982166762554,0.9342146679257161,0.015915638611423144,0.9235294117647059,0.5731419906539252
dry_bean,log,109,59,0.013816951644079267,0.9347392718497535,0.01586905015888982,0.9264705882352942,0.5459921108351772
dry_bean,log,109,60,0.013990004129711506,0.9338999055712937,0.015772581847123317,0.9259803921568628,0.5569281574268358
dry_bean,log,110,1,0.06523289804437621,0.6361347182876927,0.06547191738952146,0.6426470588235295,0.8689098071328321
dry_bean,log,110,2,0.04466564286258708,0.7518623439303326,0.04543275862325191,0.7534313725490196,0.7643916957855755
dry_bean,log,110,3,0.04193882093499908,0.7568985416010912,0.042907574119627985,0.75,0.7652493892144425
dry_bean,log,110,4,0.02346118435586212,0.8858461861294723,0.024489563749314824,0.884313725490196,0.7252345709042135
dry_bean,log,110,5,0.02236986888230367,0.8873150771167768,0.023371511501184754,0.8848039215686274,0.6596620030624514
dry_bean,log,110,6,0.02298512891639192,0.8844822159269752,0.024042518504511074,0.8862745098039215,0.7022443283308778
dry_bean,log,110,7,0.02190213966572464,0.8878396810408142,0.023161438902513296,0.8818627450980392,0.6534076786078157
dry_bean,log,110,8,0.021685791938119942,0.8861609484838947,0.0229226231179425,0.8848039215686274,0.6726060755014063
dry_bean,log,110,9,0.021469788952763257,0.8886790473192739,0.022557641214405465,0.8892156862745098,0.6264404320050808
dry_bean,log,110,10,0.021506518347758893,0.8892036512433114,0.02262273432819239,0.8897058823529411,0.6684304608886911
dry_bean,log,110,11,0.02098073811617624,0.8888888888888888,0.022242357105053148,0.8857843137254902,0.6451738263139236
dry_bean,log,110,12,0.021162013730763783,0.8889938096736963,0.022358824031577965,0.8901960784313725,0.6556071780557122
dry_bean,log,110,13,0.020957613081468943,0.8917217500786906,0.02222285073430823,0.8901960784313725,0.7377816984287018
dry_bean,log,110,14,0.020720198479977487,0.8887839681040814,0.022090148566916098,0.8862745098039215,0.637608846334797
dry_bean,log,110,15,0.02074329455905079,0.8898331759521562,0.02205392943211292,0.8848039215686274,0.605018465743726
dry_bean,log,110,16,0.021021876313934335,0.8910922253698458,0.022394328215305882,0.8887254901960784,0.6942891000926847
dry_bean,log,110,17,0.020528122595634885,0.8889938096736963,0.0219860963839954,0.8857843137254902,0.6882831494699848
dry_bean,log,110,18,0.020551536454458712,0.8935054034204176,0.02195980646758441,0.8857843137254902,0.6524455251044482
dry_bean,log,110,19,0.020751208862519015,0.890252859091386,0.022356241185130424,0.8833333333333333,0.6501969444672908
dry_bean,log,110,20,0.02058918057146689,0.8911971461546533,0.02190443515545527,0.8897058823529411,0.668258194670368
dry_bean,log,110,21,0.020444991276634284,0.890252859091386,0.02204053709183445,0.8867647058823529,0.6355739682288417
dry_bean,log,110,22,0.020406368807061134,0.8911971461546533,0.022008334432900827,0.8872549019607843,0.6990353203665417
dry_bean,log,110,23,0.020426562412166234,0.8899380967369636,0.02207562491923502,0.8833333333333333,0.6614807245743882
dry_bean,log,110,24,0.020112592670331466,0.8925611163571503,0.021640621423829498,0.8872549019607843,0.6271134974749769
dry_bean,log,110,25,0.021083207910142728,0.8871052355471619,0.022818754710776167,0.8813725490196078,0.6816415645112142
dry_bean,log,110,26,0.020031747253025235,0.8910922253698458,0.02151935411003026,0.8897058823529411,0.6611251563733171
dry_bean,log,110,27,0.02040753331775518,0.8919315916483055,0.022205178337375685,0.8833333333333333,0.633213455581541
dry_bean,log,110,28,0.02009713853799715,0.8908823838002308,0.021810548201847052,0.8857843137254902,0.6420094865896884
dry_bean,log,110,29,0.02001427408001933,0.8926660371419578,0.021721270926377736,0.8857843137254902,0.6337996674089629
dry_bean,log,110,30,0.020074755867954396,0.8931906410659952,0.021674857955697496,0.8852941176470588,0.6697469534959214
dry_bean,log,110,31,0.019898026792651426,0.8940300073444549,0.02148366852568462,0.890686274509804,0.613249892852556
dry_bean,log,110,32,0.019897188228258932,0.8946595320532997,0.021503081490665963,0.8887254901960784,0.5767983789770041
dry_bean,log,110,33,0.01997006769946804,0.8937152449900325,0.021715540179636134,0.8897058823529411,0.6415778600468256
dry_bean,log,110,34,0.019792919372903735,0.8929807994963802,0.021507368564450895,0.8867647058823529,0.6379072563416909
dry_bean,log,110,35,0.01980456102377362,0.8939250865596474,0.021429382265201892,0.8901960784313725,0.6845075541109319
dry_bean,log,110,36,0.01982528692406902,0.8952890567621445,0.02153487173962642,0.8897058823529411,0.6402597007523354
dry_bean,log,110,37,0.019785624856241996,0.8946595320532997,0.021393109441724706,0.8901960784313725,0.6529849060845935
dry_bean,log,110,38,0.01976618700009665,0.893610324205225,0.02161664746924645,0.8862745098039215,0.6361479198448157
dry_bean,log,110,39,0.019700276368920668,0.895393977546952,0.021386233318695647,0.890686274509804,0.6970431507164006
dry_bean,log,110,40,0.019693377967723705,0.8940300073444549,0.021421162650491606,0.888235294117647,0.6892705676326104
dry_bean,log,110,41,0.019676757826631454,0.89382016577484,0.021444108872462963,0.8867647058823529,0.665155801004278
dry_bean,log,110,42,0.01979000939575568,0.8943447696988773,0.021398480628365652,0.8877450980392156,0.6206267842881384
dry_bean,log,110,43,0.01969278967007109,0.8945546112684923,0.021483571779520563,0.8867647058823529,0.6708034273918483
dry_bean,log,110,44,0.020277919577086707,0.8937152449900325,0.02186006701806758,0.8892156862745098,0.6913304670204198
dry_bean,log,110,45,0.019649469462721857,0.8940300073444549,0.021568938420173055,0.8867647058823529,0.6504969686615139
dry_bean,log,110,46,0.01953485624034974,0.8949742944077221,0.021283205993861812,0.8901960784313725,0.626491645867256
dry_bean,log,110,47,0.019641184765458643,0.8944496904836848,0.021569022525863252,0.8872549019607843,0.652355522663064
dry_bean,log,110,48,0.019529603933954046,0.895813660686182,0.02140701932085423,0.8877450980392156,0.6662197758401688
dry_bean,log,110,49,0.019498121779718977,0.89382016577484,0.021225802500123025,0.8877450980392156,0.6707237378690141
dry_bean,log,110,50,0.019575264884490823,0.8952890567621445,0.02154785571583763,0.8897058823529411,0.6174458499045259
dry_bean,log,110,51,0.01945516118144055,0.8951841359773371,0.021274258786484694,0.8892156862745098,0.612826067787558
dry_bean,log,110,52,0.01965242622208592,0.8951841359773371,0.021497077038225707,0.8872549019607843,0.5571178532839419
dry_bean,log,110,53,0.019493053113786112,0.8945546112684923,0.021345565044223958,0.8862745098039215,0.6387011659047999
dry_bean,log,110,54,0.019494365614082056,0.8943447696988773,0.02153392893330063,0.8852941176470588,0.5779840888375828
dry_bean,log,110,55,0.019410271603096867,0.8952890567621445,0.02145070801853867,0.8872549019607843,0.6485113799418561
dry_bean,log,110,56,0.019458333775693566,0.8950792151925296,0.021491296701000893,0.8867647058823529,0.633002989098805
dry_bean,log,110,57,0.01937283009852929,0.8944496904836848,0.021430097954627008,0.8872549019607843,0.542309189872155
dry_bean,log,110,58,0.01941688907372588,0.8954988983317596,0.02156098188588219,0.8872549019607843,0.6338294266444193
dry_bean,log,110,59,0.019429963300250944,0.8960235022557969,0.021379815520784863,0.8857843137254902,0.5575397906400277
dry_bean,log,110,60,0.019395451726602286,0.8960235022557969,0.021282801678678586,0.8892156862745098,0.7018762114533704
dry_bean,log,111,1,0.0765819953689626,0.5860875039345295,0.07653495407101173,0.5877450980392157,0.8744416905660315
dry_bean,log,111,2,0.0491499702631405,0.7178680096527122,0.049310615590047825,0.7215686274509804,0.8263784109255793
dry_bean,log,111,3,0.04577890682997698,0.7237435736019305,0.04585221077249694,0.7235294117647059,0.7980099202573222
dry_bean,log,111,4,0.044934549690131824,0.7265764347917323,0.04507451368211745,0.7254901960784313,0.7867726798987594
dry_bean,log,111,5,0.04571234004228952,0.7225894449690484,0.045840548263205695,0.7284313725490196,0.759081927155774
dry_bean,log,111,6,0.03133334535865485,0.8394711992445704,0.031751217033632345,0.8416666666666667,0.7644753033089683
dry_bean,log,111,7,0.029527290610676393,0.8415696149407198,0.030084838091920908,0.8431372549019608,0.772869584257236
dry_bean,log,111,8,0.028859383039833302,0.8417794565103347,0.029588510697216654,0.8397058823529412,0.7268648976814467
dry_bean,log,111,9,0.028833835679233834,0.8412548525862974,0.02939109471765827,0.8436274509803922,0.6892590028953117
dry_bean,log,111,10,0.028499678738669144,0.8421991396495646,0.029092336837318003,0.842156862745098,0.6899342810311617
dry_bean,log,111,11,0.022212840632782675,0.9187913125590179,0.02323630227864155,0.9191176470588235,0.6826586096002549
dry_bean,log,111,12,0.016826641533055225,0.9282341831916903,0.018011076650587203,0.9240196078431373,0.6764235914380655
dry_bean,log,111,13,0.01627743589359779,0.9279194208372679,0.01742648673804252,0.9245098039215687,0.65827638818695
dry_bean,log,111,14,0.016257537331427246,0.9243521141538139,0.017501286061353677,0.9205882352941176,0.5792790619388059
dry_bean,log,111,15,0.015636068220034466,0.9282341831916903,0.01692289040960909,0.9264705882352942,0.592275874217525
dry_bean,log,111,16,0.015829452518409125,0.9259259259259259,0.01721485598715416,0.9240196078431373,0.5964834884400915
dry_bean,log,111,17,0.01642600734055387,0.9233029063057392,0.01790265157749731,0.9181372549019607,0.702941356212423
dry_bean,log,111,18,0.015612110098400408,0.927289896128423,0.016817457210018222,0.9230392156862746,0.6785845749558724
dry_bean,log,111,19,0.015432141590134469,0.9267652922043856,0.016801089850676045,0.9225490196078432,0.6007495055900846
dry_bean,log,111,20,0.015052752135403559,0.9304375196726472,0.016292943621629783,0.9274509803921569,0.6468425131562422
dry_bean,log,111,21,0.015146207579041383,0.9298079949638023,0.016306042528463245,0.9299019607843138,0.6275911838410118
dry_bean,log,111,22,0.014910464680497401,0.9307522820270696,0.01632410168574186,0.9274509803921569,0.6556286480368696
dry_bean,log,111,23,0.015029561861845573,0.9306473612422621,0.016368886609082502,0.928921568627451,0.6438254935372745
dry_bean,log,111,24,0.014960374106548664,0.9294932326093799,0.016426394743022307,0.9245098039215687,0.4879910922313973
dry_bean,log,111,25,0.014819458249963237,0.9311719651662994,0.01635235319734931,0.9254901960784314,0.6175420456646445
dry_bean,log,111,26,0.01491524282548217,0.9313818067359144,0.01638462003483294,0.9264705882352942,0.6465551126529824
dry_bean,log,111,27,0.014671838116200929,0.9314867275207218,0.01613827202178029,0.9259803921568628,0.5872323196815713
dry_bean,log,111,28,0.015552280195914002,0.9298079949638023,0.01684345648053813,0.9269607843137255,0.6170229141530779
dry_bean,log,111,29,0.014836755316976223,0.9319064106599517,0.01629386725733706,0.9294117647058824,0.5495688177419563
dry_bean,log,111,30,0.01466529089720954,0.9316965690903368,0.016110532575529433,0.9279411764705883,0.6788380923428687
dry_bean,log,111,31,0.014611511442021259,0.9331654600776413,0.016095164122005467,0.928921568627451,0.5136785007120006
dry_bean,log,111,32,0.014513586626418431,0.9321162522295666,0.016170656439171448,0.9269607843137255,0.6281895864285192
dry_bean,log,111,33,0.014448381156286572,0.9319064106599517,0.0160578209088534,0.9274509803921569,0.5857779453612812
dry_bean,log,111,34,0.014726138039935556,0.9306473612422621,0.016312642932417142,0.9240196078431373,0.6102934871599024
dry_bean,log,111,35,0.014793516782051925,0.9284440247613052,0.0165892513916521,0.9235294117647059,0.6637289297276125
dry_bean,log,111,36,0.014647736950580803,0.9313818067359144,0.01615027157411942,0.9245098039215687,0.6230738163205298
dry_bean,log,111,37,0.01487736747236291,0.9285489455461127,0.01668875487848085,0.9235294117647059,0.6002411056527893
dry_bean,log,111,38,0.014354489387690732,0.9334802224320637,0.015901156335067775,0.9269607843137255,0.5551882764799789
dry_bean,log,111,39,0.014273934064836626,0.9333753016472564,0.015876380225136353,0.9259803921568628,0.6037120932138054
dry_bean,log,111,40,0.014264032840108675,0.9345294302801385,0.01593895102362094,0.9269607843137255,0.5989104087914668
dry_bean,log,111,41,0.0144873234591385,0.9300178365334173,0.016201190444027957,0.9245098039215687,0.5944892732845724
dry_bean,log,111,42,0.014524692426739684,0.933060539292834,0.016192156854049025,0.9264705882352942,0.4758767859639167
dry_bean,log,111,43,0.01431781103484968,0.9335851432168712,0.015943421929085655,0.9274509803921569,0.5888213743567448
dry_bean,log,111,44,0.014416725450534643,0.9307522820270696,0.016322529718728867,0.9205882352941176,0.6095893022349919
dry_bean,log,111,45,0.014216776665543175,0.9329556185080264,0.015847382721725534,0.9269607843137255,0.6435749490264591
dry_bean,log,111,46,0.014172957384889827,0.933060539292834,0.016051089235438395,0.925,0.6005456375420754
dry_bean,log,111,47,0.014464725227042015,0.9331654600776413,0.016462945523265028,0.925,0.6330385062896842
dry_bean,log,111,48,0.014104427719817646,0.933060539292834,0.015809153408504282,0.9269607843137255,0.5977948827663223
dry_bean,log,111,49,0.014036436369231893,0.9345294302801385,0.015789140113764227,0.9279411764705883,0.5356233054995718
dry_bean,log,111,50,0.014066438532258198,0.9342146679257161,0.015961388771548124,0.9254901960784314,0.606160708760525
dry_bean,log,111,51,0.014407878670251204,0.9303325988878397,0.01644579808889979,0.925,0.6363978093663387
dry_bean,log,111,52,0.014125743357425436,0.9331654600776413,0.015826351156247424,0.9264705882352942,0.5922061073533456
dry_bean,log,111,53,0.014462259660667583,0.9305424404574546,0.01652981291065665,0.9235294117647059,0.44490594389556354
dry_bean,log,111,54,0.01401535008165061,0.9332703808624488,0.01596417629731032,0.9274509803921569,0.6203222887394282
dry_bean,log,111,55,0.014338703517502577,0.9350540342041759,0.01636329178066397,0.9240196078431373,0.6458268728314464
dry_bean,log,111,56,0.014033570567923913,0.9335851432168712,0.01611404690842521,0.9245098039215687,0.637557240327434
dry_bean,log,111,57,0.01401954097606912,0.934634351064946,0.016028938227807935,0.9269607843137255,0.487100329956645
dry_bean,log,111,58,0.014056446332312221,0.9338999055712937,0.016026570341225628,0.9259803921568628,0.6406415603768691
dry_bean,log,111,59,0.014184757143585046,0.9325359353687965,0.016210428056931372,0.925,0.565303273356839
dry_bean,log,111,60,0.014081845863688587,0.9343195887105236,0.015999742649962026,0.9245098039215687,0.6423319719664943
dry_bean,log,112,1,0.03493729176025715,0.874199979015843,0.03558234716026118,0.8740196078431373,0.7664104807318585
dry_bean,log,112,2,0.02582001601649425,0.8806001468890987,0.026760491962178442,0.878921568627451,0.7361504864789368
dry_bean,log,112,3,0.02384017371427676,0.8816493547371734,0.024866321756927393,0.878921568627451,0.6840601054699791
dry_bean,log,112,4,0.02292974845413109,0.8847969782813976,0.023866589226672702,0.8852941176470588,0.6900540833524341
dry_bean,log,112,5,0.022672208939671645,0.8854265029902424,0.023736959442371065,0.8833333333333333,0.7028732127355256
dry_bean,log,112,6,0.02263670322476904,0.8821739586612107,0.023790105415456477,0.8779411764705882,0.6894069079008376
dry_bean,log,112,7,0.022619266259117834,0.8825936418004406,0.023768936889205033,0.8784313725490196,0.7027957544114924
dry_bean,log,112,8,0.02228195257137617,0.8828034833700557,0.02355647313412252,0.8779411764705882,0.5926636708756935
dry_bean,log,112,9,0.021484751983416584,0.8894134928129263,0.0225820477614284,0.8877450980392156,0.7203518241316085
dry_bean,log,112,10,0.021203004810566667,0.8894134928129263,0.022462788184989917,0.884313725490196,0.6388708680522133
dry_bean,log,112,11,0.021081025938421236,0.8899380967369636,0.02234905000430581,0.8862745098039215,0.7149363205443378
dry_bean,log,112,12,0.0212031693588641,0.8903577798761935,0.02242332068472999,0.890686274509804,0.7315779740853109
dry_bean,log,112,13,0.021148814460910412,0.8868953939775469,0.022564778974557023,0.8833333333333333,0.6460768634048795
dry_bean,log,112,14,0.021181136827561176,0.8864757108383171,0.022529044820332002,0.8838235294117647,0.662654497207609
dry_bean,log,112,15,0.02092138861934673,0.8899380967369636,0.022273684158779502,0.8857843137254902,0.6985396032878182
dry_bean,log,112,16,0.020776946274666506,0.890462700661001,0.022099516254302932,0.8862745098039215,0.6393317232611025
dry_bean,log,112,17,0.020530618236633123,0.8898331759521562,0.021945597222371365,0.8818627450980392,0.6208689682105623
dry_bean,log,112,18,0.020509561984580194,0.8917217500786906,0.02195424118460382,0.8848039215686274,0.7098307793663698
dry_bean,log,112,19,0.020411444258159578,0.8914069877242682,0.02207759548578135,0.8818627450980392,0.6636147983384441
dry_bean,log,112,20,0.02037865039145915,0.8931906410659952,0.021782911924581802,0.8911764705882353,0.6682940812239688
dry_bean,log,112,21,0.02046540992129121,0.8908823838002308,0.022018014650694973,0.8857843137254902,0.6954528210704912
dry_bean,log,112,22,0.02031195059654358,0.8925611163571503,0.021817861996307107,0.8892156862745098,0.7004912533727756
dry_bean,log,112,23,0.020218955028160415,0.8928758787115728,0.0217143835146086,0.8852941176470588,0.6542762932940466
dry_bean,log,112,24,0.02017796029446174,0.8935054034204176,0.021737283646435093,0.8867647058823529,0.7322516262039378
dry_bean,log,112,25,0.0202665417485426,0.8947644528381072,0.021804886448478236,0.8887254901960784,0.6907928227993557
dry_bean,log,112,26,0.020667835134415592,0.8903577798761935,0.022408269089844817,0.8833333333333333,0.6912822422430819
dry_bean,log,112,27,0.020424018544181376,0.8943447696988773,0.02179072447280268,0.8862745098039215,0.7043189280307518
dry_bean,log,112,28,0.01662998969642193,0.9321162522295666,0.018280668858785248,0.9279411764705883,0.6550628672176585
dry_bean,log,112,29,0.014839479462749591,0.9312768859511069,0.016435273313903803,0.925,0.6254611353288748
dry_bean,log,112,30,0.01462210791252794,0.9323260937991816,0.01631840404812016,0.9245098039215687,0.5920364234860135
dry_bean,log,112,31,0.014599908285305144,0.9323260937991816,0.01636597450627722,0.9245098039215687,0.5674400379988086
dry_bean,log,112,32,0.014648138785468069,0.9349491134193684,0.016248208922295754,0.9269607843137255,0.6302551082992689
dry_bean,log,112,33,0.015051419915039348,0.9324310145839891,0.01658704045928285,0.9254901960784314,0.5730208731094752
dry_bean,log,112,34,0.014522870593974918,0.9316965690903368,0.016271790273699422,0.9220588235294118,0.6295091579225077
dry_bean,log,112,35,0.014622200363823022,0.931067044381492,0.016371546864788925,0.9235294117647059,0.6212975523270476
dry_bean,log,112,36,0.014314391239156194,0.9335851432168712,0.01601578470010884,0.9264705882352942,0.5763536641104833
dry_bean,log,112,37,0.014530657517993812,0.9321162522295666,0.01629522749132962,0.9215686274509803,0.551170104511997
dry_bean,log,112,38,0.014297831540788477,0.9343195887105236,0.015913858971962912,0.9274509803921569,0.6097027171140882
dry_bean,log,112,39,0.014193406192760095,0.9343195887105236,0.015917827951475238,0.9264705882352942,0.5655827421153319
dry_bean,log,112,40,0.014136407129020966,0.9340048263561012,0.015836698309630075,0.9269607843137255,0.6512896180135416
dry_bean,log,112,41,0.014140701000891567,0.9329556185080264,0.01596468174434393,0.9254901960784314,0.5163003882033907
dry_bean,log,112,42,0.01416927227587343,0.9340048263561012,0.01604428946960597,0.9259803921568628,0.5649416262998467
dry_bean,log,112,43,0.01412564767386741,0.933060539292834,0.015756624303697314,0.9259803921568628,0.6035096777510768
dry_bean,log,112,44,0.01441372829361929,0.932640856153604,0.01642792123818933,0.9264705882352942,0.6016076651654582
dry_bean,log,112,45,0.014182342615398946,0.9347392718497535,0.015996291060615765,0.9274509803921569,0.4487356440863323
dry_bean,log,112,46,0.014069741851735821,0.9343195887105236,0.015721506102778855,0.9279411764705883,0.585785153360887
dry_bean,log,112,47,0.014215052381365488,0.9350540342041759,0.01592617192008087,0.9269607843137255,0.5902815402032198
dry_bean,log,112,48,0.014130026090820006,0.934634351064946,0.015966193609383658,0.9245098039215687,0.6293887682230521
dry_bean,log,112,49,0.014049457252258623,0.9335851432168712,0.015940882373544008,0.9279411764705883,0.5639617818075017
dry_bean,log,112,50,0.014070615529624896,0.9355786381282132,0.016006005569204805,0.9303921568627451,0.6050166662837086
dry_bean,log,112,51,0.013880660846668742,0.9357884796978282,0.015756950584733403,0.9264705882352942,0.6037318459056069
dry_bean,log,112,52,0.014171761356648868,0.9329556185080264,0.016278844790886364,0.9230392156862746,0.601619050805009
dry_bean,log,112,53,0.013985864927409376,0.9333753016472564,0.015635795062254283,0.928921568627451,0.5407947606157602
dry_bean,log,112,54,0.014387282999400846,0.9328506977232189,0.01645338137913261,0.9264705882352942,0.5956050277339288
dry_bean,log,112,55,0.013883087904841577,0.9334802224320637,0.015615937499028927,0.9279411764705883,0.6200146877384557
dry_bean,log,112,56,0.013965702263241023,0.9341097471409087,0.01574266337326089,0.9254901960784314,0.5083127047519513
dry_bean,log,112,57,0.014132479446128398,0.9350540342041759,0.01588048653504321,0.9259803921568628,0.6629448734175414
dry_bean,log,112,58,0.0138384697447504,0.9350540342041759,0.01573813206322232,0.9264705882352942,0.6400790865184924
dry_bean,log,112,59,0.014087465307585367,0.9329556185080264,0.016107446546205696,0.9235294117647059,0.6298214882969522
dry_bean,log,112,60,0.014126304575636534,0.9380967369635925,0.016019194688058007,0.9284313725490196,0.6174118802506994
dry_bean,log,113,1,0.08786709250440188,0.5754905046689749,0.0879218865273461,0.5720588235294117,0.926492608202409
dry_bean,log,113,2,0.07320331260047068,0.5795824152764663,0.07382890441064058,0.575,0.8917155555693175
dry_bean,log,113,3,0.06854742412556829,0.5829398803903053,0.06938198767816224,0.5813725490196079,0.8533962767898756
dry_bean,log,113,4,0.06808321922564707,0.5830448011751128,0.06898342859849921,0.5799019607843138,0.8509748889992416
dry_bean,log,113,5,0.06358466294909229,0.6199769174273424,0.06477724995902388,0.6161764705882353,0.8612510936018039
dry_bean,log,113,6,0.061908053427554365,0.621026125275417,0.06310985473103801,0.6151960784313726,0.8378626867792468
dry_bean,log,113,7,0.061365636226227566,0.6224950162627216,0.06238976486136933,0.6171568627450981,0.798713655557131
dry_bean,log,113,8,0.06119061427525022,0.6219704123386843,0.062332460609446534,0.6176470588235294,0.8223253137109187
dry_bean,log,113,9,0.049893344515753245,0.7051725946910082,0.05117424136417503,0.7019607843137254,0.7719272722799402
dry_bean,log,113,10,0.04912515325608715,0.7052775154758157,0.05046590535187466,0.6995098039215686,0.7735438011110998
dry_bean,log,113,11,0.048896787665174225,0.7059070401846606,0.050237483996731336,0.7009803921568627,0.8060982194743652
dry_bean,log,113,12,0.04851950807700029,0.7082152974504249,0.049983135185062304,0.7009803921568627,0.791917269232261
dry_bean,log,113,13,0.04847707528209522,0.7066414856783129,0.049975867668156176,0.7004901960784313,0.7767496507522009
dry_bean,log,113,14,0.048257853780804306,0.7068513272479278,0.049732395001075416,0.7019607843137254,0.7911860372161454
dry_bean,log,113,15,0.048182629692292596,0.7076906935263876,0.04978804928238577,0.7019607843137254,0.7782074894354967
dry_bean,log,113,16,0.04805095290900384,0.7077956143111951,0.0495910571638055,0.7009803921568627,0.7612990210364955
dry_bean,log,113,17,0.04812662101085471,0.7084251390200399,0.04961258564127956,0.7019607843137254,0.7779568189110924
dry_bean,log,113,18,0.04798340959693283,0.7089497429440772,0.04949964913975526,0.7024509803921568,0.7649983842364443
dry_bean,log,113,19,0.04800657452556226,0.7084251390200399,0.049577847998668725,0.7034313725490197,0.7914193904614949
dry_bean,log,113,20,0.04800391576061799,0.7086349805896548,0.04982307854708624,0.6985294117647058,0.7910843243348501
dry_bean,log,113,21,0.04778358785759061,0.7092645052984996,0.04944301272952478,0.7019607843137254,0.7688779011905132
dry_bean,log,113,22,0.04800525323275367,0.7072710103871577,0.049686226116371586,0.7,0.7649808157327334
dry_bean,log,113,23,0.04800070722924177,0.7075857727415801,0.04973359839469751,0.7004901960784313,0.8030826472547815
dry_bean,log,113,24,0.047723918525403336,0.7075857727415801,0.04950995757990522,0.7024509803921568,0.7771571788843986
dry_bean,log,113,25,0.04765417295852139,0.7087399013744623,0.04944509895803303,0.7029411764705882,0.7661044127010382
dry_bean,log,113,26,0.0476136604996457,0.7092645052984996,0.0494765587438118,0.7014705882352941,0.7422283266241969
dry_bean,log,113,27,0.04814200672512932,0.7076906935263876,0.050092230917563305,0.6990196078431372,0.7400941302137446
dry_bean,log,113,28,0.047579329865104096,0.709789109222537,0.04949748390666025,0.7019607843137254,0.7561808985386829
dry_bean,log,113,29,0.04748011943665028,0.7099989507921519,0.04930147139721057,0.7029411764705882,0.7875351051830715
dry_bean,log,113,30,0.04761362333555956,0.709579267652922,0.04962697122252825,0.7004901960784313,0.8167647949496182
dry_bean,log,113,31,0.047445534317579016,0.709579267652922,0.04936497267394231,0.7024509803921568,0.7402595837330737
dry_bean,log,113,32,0.04773761819431985,0.7091595845136922,0.049673801781136215,0.6995098039215686,0.7654812640934286
dry_bean,log,113,33,0.047633010657071054,0.709579267652922,0.049742767378046955,0.6995098039215686,0.7740886061140813
dry_bean,log,113,34,0.0475079145902387,0.709789109222537,0.049525061396999095,0.6985294117647058,0.7511608949998252
dry_bean,log,113,35,0.04746108388488749,0.7096841884377295,0.04944732227055638,0.7029411764705882,0.7383076744909762
dry_bean,log,113,36,0.047449289473324927,0.709789109222537,0.04946256988321679,0.6975490196078431,0.735728086030573
dry_bean,log,113,37,0.04753251251596545,0.7093694260833071,0.04950336289868254,0.7014705882352941,0.7878738783170102
dry_bean,log,113,38,0.04744222075036473,0.709789109222537,0.049253858114038276,0.7019607843137254,0.7316604033574652
dry_bean,log,113,39,0.04731446315384532,0.7092645052984996,0.049466141710557895,0.6995098039215686,0.7644128919027331
dry_bean,log,113,40,0.0473664573709507,0.7110481586402266,0.0493683254143631,0.7009803921568627,0.7863474068625091
dry_bean,log,113,41,0.04738599103348577,0.7108383170706117,0.04947275817176966,0.7004901960784313,0.8035943113780951
dry_bean,log,113,42,0.04737669473583991,0.7094743468681146,0.049307783066910985,0.7004901960784313,0.7465780448404745
dry_bean,log,113,43,0.04748338774348886,0.7102087923617668,0.04959270589654336,0.7019607843137254,0.8048582490183417
dry_bean,log,113,44,0.04722110409353564,0.7098940300073444,0.049368011828222806,0.7004901960784313,0.776507938694676
dry_bean,log,113,45,0.0473631159618767,0.7104186339313818,0.049561783696592136,0.7019607843137254,0.7177544926318223
dry_bean,log,113,46,0.04753172396965517,0.709579267652922,0.04982927315305946,0.7009803921568627,0.755709967821785
dry_bean,log,113,47,0.04719181185137893,0.7103137131465743,0.049424450409436785,0.7004901960784313,0.7286885759840493
dry_bean,log,113,48,0.04735886811213388,0.7087399013744623,0.0495051009770356,0.6990196078431372,0.7783616874920234
dry_bean,log,113,49,0.04730484532954496,0.7102087923617668,0.0492602653839514,0.7009803921568627,0.7216849469451536
dry_bean,log,113,50,0.047455037438351506,0.7093694260833071,0.04960647431180166,0.7,0.7155941910929048
dry_bean,log,113,51,0.04731649261557295,0.7106284755009967,0.049382832025120504,0.7014705882352941,0.7732756864292197
dry_bean,log,113,52,0.047313095417456826,0.7105235547161893,0.04966474217328726,0.7014705882352941,0.7635605479198055
dry_bean,log,113,53,0.04772889766269646,0.7122022872731089,0.04991103334352112,0.7009803921568627,0.789130685830513
dry_bean,log,113,54,0.04711805309804027,0.7107333962858042,0.049374016829245526,0.7,0.756292657319927
dry_bean,log,113,55,0.04714848254119233,0.7111530794250341,0.04933926083769497,0.7009803921568627,0.7197163997825022
dry_bean,log,113,56,0.047069627316878936,0.7123072080579163,0.049338177635495604,0.7009803921568627,0.7010398241774718
dry_bean,log,113,57,0.04712140784832018,0.7102087923617668,0.04923034823611231,0.7019607843137254,0.7614702500751492
dry_bean,log,113,58,0.0471208545159055,0.7115727625642639,0.049468357153215285,0.7019607843137254,0.7758765579087877
dry_bean,log,113,59,0.04704865899278502,0.7112580002098415,0.04938353025942029,0.7009803921568627,0.7411442825289605
dry_bean,log,113,60,0.04715584358289835,0.7124121288427238,0.04936975289042016,0.7009803921568627,0.8005343212974
dry_bean,log,114,1,0.04345140047327522,0.8107229042073235,0.04401261941408695,0.8,0.8489973834179995
dry_bean,log,114,2,0.02689115037309377,0.879760780610639,0.028152078159641148,0.8735294117647059,0.7420901430036163
dry_bean,log,114,3,0.023778404558172487,0.8853215822054349,0.024889295070538123,0.8823529411764706,0.6952870012532161
dry_bean,log,114,4,0.023108791810952385,0.8836428496485154,0.024371802691996673,0.8764705882352941,0.6470044626044963
dry_bean,log,114,5,0.02214750014786444,0.8879446018256216,0.02342084163389388,0.8852941176470588,0.676003286098509
dry_bean,log,114,6,0.0169360556041263,0.9262406882803483,0.01821014514186225,0.925,0.6792989610360898
dry_bean,log,114,7,0.01679425804980637,0.9224635400272794,0.018142137921546075,0.9176470588235294,0.6185770408270861
dry_bean,log,114,8,0.01727777247299616,0.9192109956982478,0.01873495934424866,0.9161764705882353,0.6430218969718567
dry_bean,log,114,9,0.01581285531381148,0.927499737698038,0.017248733196445837,0.9235294117647059,0.6298208525430676
dry_bean,log,114,10,0.015704368481589806,0.9273948169132306,0.017083397526068245,0.925,0.5962997172626188
dry_bean,log,114,11,0.015795077700601207,0.9278145000524604,0.01720809134372352,0.9264705882352942,0.6625514794266817
dry_bean,log,114,12,0.015579283502449784,0.9268702129891931,0.017016358664692793,0.9205882352941176,0.6470657973318138
dry_bean,log,114,13,0.015794582670734164,0.9260308467107334,0.017243258369369012,0.9200980392156862,0.6301299614337089
dry_bean,log,114,14,0.015226401991930013,0.9278145000524604,0.01672200295266111,0.9235294117647059,0.6472213699544059
dry_bean,log,114,15,0.015147483872498065,0.9291784702549575,0.01660571415175639,0.9264705882352942,0.5917477589015708
dry_bean,log,114,16,0.015351568054656423,0.927499737698038,0.016970842790161846,0.9230392156862746,0.6568033756659678
dry_bean,log,114,17,0.015032722206978594,0.9294932326093799,0.016660342701063844,0.9235294117647059,0.6396169076958435
dry_bean,log,114,18,0.014975401724353805,0.9300178365334173,0.016694028196368425,0.9264705882352942,0.5953614125505554
dry_bean,log,114,19,0.014898626946509466,0.9301227573182247,0.01648907312779341,0.9269607843137255,0.6353894891938467
dry_bean,log,114,20,0.014860102469385267,0.9306473612422621,0.016460945072614253,0.9269607843137255,0.6381936220123073
dry_bean,log,114,21,0.014755531548399058,0.9302276781030322,0.016235480456643928,0.9279411764705883,0.6577584870738857
dry_bean,log,114,22,0.014850964402187482,0.9303325988878397,0.01649844618981076,0.9235294117647059,0.5913423683348852
dry_bean,log,114,23,0.01495859051078713,0.9289686286853426,0.016611412650508577,0.9225490196078432,0.636752768261734
dry_bean,log,114,24,0.01476110206240997,0.9307522820270696,0.016384420999140246,0.9245098039215687,0.6416201761054495
dry_bean,log,114,25,0.014623478515681953,0.9312768859511069,0.01625993522782693,0.9274509803921569,0.5632552864227469
dry_bean,log,114,26,0.014654391769787311,0.9301227573182247,0.016464410971793558,0.9225490196078432,0.6647807839293229
dry_bean,log,114,27,0.015038632972336626,0.9318014898751442,0.016615106954480638,0.9274509803921569,0.6005701114589445
dry_bean,log,114,28,0.014714780955619462,0.9309621235966845,0.016600354155579988,0.9235294117647059,0.644547725804799
dry_bean,log,114,29,0.014672355096209296,0.9344245094953311,0.016323441042820217,0.9279411764705883,0.5744800174441576
dry_bean,log,114,30,0.014478908919702835,0.9321162522295666,0.016040357324896972,0.9294117647058824,0.5028662218107067
dry_bean,log,114,31,0.01444480248198016,0.9344245094953311,0.01596595769971561,0.9308823529411765,0.6349169783054731
dry_bean,log,114,32,0.01450086766079518,0.9331654600776413,0.01609877634478766,0.9284313725490196,0.49227544515479515
dry_bean,log,114,33,0.014431317142984469,0.9334802224320637,0.01625391645978127,0.9269607843137255,0.6649654080643556
dry_bean,log,114,34,0.014646135101041825,0.9341097471409087,0.01626847902579699,0.9279411764705883,0.621348820194253
dry_bean,log,114,35,0.014288360124066755,0.9328506977232189,0.016187883391906795,0.9245098039215687,0.5915602998023907
dry_bean,log,114,36,0.014642542288532637,0.9316965690903368,0.016150775122430443,0.9274509803921569,0.6094156060345279
dry_bean,log,114,37,0.014507605685291178,0.9337949847864861,0.016239509525249538,0.9279411764705883,0.5209267295671131
dry_bean,log,114,38,0.014269812199924492,0.9333753016472564,0.016098687638237096,0.9274509803921569,0.6238644333986139
dry_bean,log,114,39,0.014228260921471744,0.9343195887105236,0.016123129346475917,0.9269607843137255,0.6221216699418622
dry_bean,log,114,40,0.014350467975951936,0.9327457769384115,0.01627199816378485,0.9264705882352942,0.5800444051053462
dry_bean,log,114,41,0.014293058434516108,0.9334802224320637,0.016042539233660093,0.9240196078431373,0.5763199230659067
dry_bean,log,114,42,0.014073757127757481,0.9337949847864861,0.015983318077267477,0.9274509803921569,0.5473127455097911
dry_bean,log,114,43,0.014123671580302668,0.9337949847864861,0.016031823631510785,0.9230392156862746,0.6303631571563363
dry_bean,log,114,44,0.014021375077863406,0.9337949847864861,0.015810437083860457,0.9274509803921569,0.5798814632488882
dry_bean,log,114,45,0.014059435046681558,0.9341097471409087,0.016097152107259708,0.9259803921568628,0.6089224203086079
dry_bean,log,114,46,0.014085733874558672,0.9327457769384115,0.016009373786020627,0.9245098039215687,0.5988868779114205
dry_bean,log,114,47,0.014094643936572102,0.9343195887105236,0.015877509013451422,0.9259803921568628,0.6450491072066792
dry_bean,log,114,48,0.014102939619869154,0.9338999055712937,0.01615567470004495,0.9245098039215687,0.625146972005951
dry_bean,log,114,49,0.014178977039035362,0.9328506977232189,0.01626572335875519,0.9220588235294118,0.6128090631081311
dry_bean,log,114,50,0.013947157926251456,0.9338999055712937,0.015952743125619277,0.9259803921568628,0.607749000651965
dry_bean,log,114,51,0.013932629434756871,0.9350540342041759,0.015944432444783378,0.9269607843137255,0.5549365281188348
dry_bean,log,114,52,0.0139238467806865,0.9347392718497535,0.01588200670136533,0.9299019607843138,0.5767100098846637
dry_bean,log,114,53,0.013958332535150705,0.9334802224320637,0.016017264314656218,0.9245098039215687,0.6681956104724457
dry_bean,log,114,54,0.014092222059790488,0.9349491134193684,0.016006758336217296,0.9274509803921569,0.5207152027660237
dry_bean,log,114,55,0.013874958720017816,0.9361032420522506,0.015934215579470216,0.928921568627451,0.5771583052959591
dry_bean,log,114,56,0.013849398046951766,0.9352638757737908,0.015818511922476446,0.9274509803921569,0.6424198598874132
dry_bean,log,114,57,0.014172587045657995,0.9332703808624488,0.016311171719799365,0.9235294117647059,0.5430656904239329
dry_bean,log,114,58,0.014023678899524904,0.9356835589130207,0.015953247851847444,0.9274509803921569,0.5902384328512258
dry_bean,log,114,59,0.013984168295600168,0.9351589549889833,0.015956573084820045,0.925,0.5985755470221278
dry_bean,log,114,60,0.014014532925040674,0.9342146679257161,0.015999888712379035,0.9240196078431373,0.6591186522092083
dry_bean,log,115,1,0.04226588812193637,0.8703179099779667,0.04294372549738471,0.8637254901960785,0.8251419378138655
dry_bean,log,115,2,0.026304290114037766,0.8803903053194838,0.02719211207233683,0.8794117647058823,0.7284562695241499
dry_bean,log,115,3,0.023718887855836725,0.8860560276990872,0.02462514983525659,0.878921568627451,0.7410540425867327
dry_bean,log,115,4,0.023622468506268385,0.8836428496485154,0.024529304172956238,0.8862745098039215,0.7527331120617262
dry_bean,log,115,5,0.02312665537021788,0.8816493547371734,0.02424632531185469,0.8759803921568627,0.7236942218605561
dry_bean,log,115,6,0.022538832255632576,0.8861609484838947,0.02364583948222193,0.8852941176470588,0.7058491868253094
dry_bean,log,115,7,0.022433959996006905,0.8824887210156332,0.023623684004505655,0.878921568627451,0.6656046379646882
dry_bean,log,115,8,0.02169289465507611,0.8881544433952366,0.02271208684606948,0.8857843137254902,0.6250833559097674
dry_bean,log,115,9,0.021435312802109176,0.888469205749659,0.022463647692611673,0.8877450980392156,0.6773682816069467
dry_bean,log,115,10,0.021318732194274628,0.890462700661001,0.02245688264841699,0.8887254901960784,0.6722474952729237
dry_bean,log,115,11,0.021106750540474794,0.8887839681040814,0.022334738867816603,0.8838235294117647,0.6687476625547437
dry_bean,log,115,12,0.02157017379621863,0.8890987304585038,0.022832575516973982,0.8857843137254902,0.663321667926527
dry_bean,log,115,13,0.02105711710182556,0.8885741265344664,0.022338709416140395,0.8877450980392156,0.6266932741437193
dry_bean,log,115,14,0.02098363416498117,0.8906725422306159,0.022475294703975624,0.8818627450980392,0.6736983557309675
dry_bean,log,115,15,0.020825848616465942,0.8910922253698458,0.022282397996567803,0.888235294117647,0.6732000074087989
dry_bean,log,115,16,0.020971132153933803,0.8897282551673487,0.02236883402266129,0.8901960784313725,0.6930388884543608
dry_bean,log,115,17,0.020652406260708554,0.8924561955723429,0.0221670727811402,0.8857843137254902,0.6648088043739829
dry_bean,log,115,18,0.020545141295031998,0.8898331759521562,0.021923009256290895,0.8852941176470588,0.6833903799758347
dry_bean,log,115,19,0.02104111956021644,0.8868953939775469,0.02266198182951571,0.8828431372549019,0.6655708891179571
dry_bean,log,115,20,0.02099866579153752,0.8867904731927395,0.02254347371475289,0.8803921568627451,0.7245053895736239
dry_bean,log,115,21,0.02040009086062583,0.8909873045850383,0.02189930683689145,0.8862745098039215,0.5930283216745152
dry_bean,log,115,22,0.02048998140497936,0.8901479383065786,0.0221613349269077,0.8818627450980392,0.6549303230623496
dry_bean,log,115,23,0.020385672103457177,0.8930857202811877,0.021794845143873517,0.888235294117647,0.5922245858721806
dry_bean,log,115,24,0.020228486484153936,0.892036512433113,0.021627760501612584,0.8887254901960784,0.6878209345887369
dry_bean,log,115,25,0.02015020704218937,0.8929807994963802,0.021740039108269316,0.888235294117647,0.6382272084601928
dry_bean,log,115,26,0.020176952444805628,0.893610324205225,0.021764228389700907,0.8887254901960784,0.5981311275128982
dry_bean,log,115,27,0.020461812682410856,0.8927709579267653,0.022026283228461112,0.890686274509804,0.679445973147747
dry_bean,log,115,28,0.020140620130613355,0.8946595320532997,0.02170385278237543,0.8892156862745098,0.6203585383311626
dry_bean,log,115,29,0.02110589103540278,0.8913020669394607,0.022514544164858992,0.8862745098039215,0.6980041337906437
dry_bean,log,115,30,0.02003138837944299,0.8921414332179205,0.021772976725833077,0.8877450980392156,0.6507298631377924
dry_bean,log,115,31,0.02015558170096442,0.8925611163571503,0.021799635273737787,0.8857843137254902,0.5808289375776974
dry_bean,log,115,32,0.01998720771513882,0.89382016577484,0.021665858335059383,0.8872549019607843,0.6500189547127968
dry_bean,log,115,33,0.01996674721872842,0.8946595320532997,0.021596653595834573,0.8901960784313725,0.6446771357487822
dry_bean,log,115,34,0.020182201650435903,0.8928758787115728,0.02175428065980968,0.8877450980392156,0.6659958133545054
dry_bean,log,115,35,0.020317699887983914,0.8940300073444549,0.021943249139518454,0.8897058823529411,0.6014132333395356
dry_bean,log,115,36,0.019779329325285745,0.8942398489140698,0.02144051444423612,0.8892156862745098,0.6966198050088315
dry_bean,log,115,37,0.01987754497906811,0.8932955618508026,0.021701094231134685,0.8867647058823529,0.7038156962657061
dry_bean,log,115,38,0.0157340807016143,0.9316965690903368,0.017638854070349656,0.9254901960784314,0.47205263714537565
dry_bean,log,115,39,0.014671838179466306,0.9328506977232189,0.0165080881910171,0.9274509803921569,0.5758196365269788
dry_bean,log,115,40,0.01448114839134445,0.9329556185080264,0.016221645429925276,0.9240196078431373,0.5206094419959507
dry_bean,log,115,41,0.014348751203765789,0.933060539292834,0.016029862474304702,0.9279411764705883,0.6187750837078039
dry_bean,log,115,42,0.014371411727252755,0.9325359353687965,0.01615598523738943,0.9254901960784314,0.49356948409150525
dry_bean,log,115,43,0.014221027802593374,0.9323260937991816,0.016043086427756606,0.9284313725490196,0.6252981789044596
dry_bean,log,115,44,0.01442913735706063,0.932640856153604,0.016192973262666485,0.9269607843137255,0.6741454261540595
dry_bean,log,115,45,0.014296325299402212,0.9328506977232189,0.01640596831809303,0.925,0.5271340254029495
dry_bean,log,115,46,0.014265508561037463,0.9329556185080264,0.01624486290975476,0.9225490196078432,0.6018047838828219
dry_bean,log,115,47,0.014147494157837922,0.933060539292834,0.016020923881362153,0.9269607843137255,0.5950717437739645
dry_bean,log,115,48,0.014551849983676519,0.9348441926345609,0.01625859392689979,0.9279411764705883,0.5688670234959965
dry_bean,log,115,49,0.014036122578423262,0.9331654600776413,0.015956178468286217,0.9274509803921569,0.6515828196650838
dry_bean,log,115,50,0.014106467881598875,0.9325359353687965,0.01595416631439651,0.9264705882352942,0.6288837721235196
dry_bean,log,115,51,0.014441454927481298,0.9349491134193684,0.016385539404536655,0.9269607843137255,0.6295400677864463
dry_bean,log,115,52,0.014153975316569832,0.9332703808624488,0.016263093921796635,0.9240196078431373,0.5700836355471139
dry_bean,log,115,53,0.014047393003570012,0.9333753016472564,0.01611541106836005,0.9230392156862746,0.567828221283725
dry_bean,log,115,54,0.014107163801339527,0.9345294302801385,0.016049547367378236,0.9259803921568628,0.583431810907946
dry_bean,log,115,55,0.014219247171335176,0.9321162522295666,0.016357515777660318,0.9240196078431373,0.5667510690483836
dry_bean,log,115,56,0.014134174014101122,0.9335851432168712,0.015980177151574695,0.9269607843137255,0.6372960555122641
dry_bean,log,115,57,0.013938953392994289,0.9344245094953311,0.015859402238627803,0.9269607843137255,0.4985626514062594
dry_bean,log,115,58,0.01400808442490173,0.9337949847864861,0.016135307212521568,0.9245098039215687,0.5653665894027861
dry_bean,log,115,59,0.013847204336159782,0.9347392718497535,0.01589784846769954,0.9284313725490196,0.493498988284507
dry_bean,log,115,60,0.013828498532229018,0.9349491134193684,0.015823091841843225,0.9264705882352942,0.38158981402217723
