dataset,method,seed,epoch,train_mse,train_acc,val_mse,val_acc,factor_mean
letter,gradient descent,100,1,0.03462874420965726,0.18366181091116823,0.034704469002018457,0.17645096731154103,
letter,gradient descent,100,2,0.02891598094280073,0.42437874892887745,0.028995411554265695,0.42595063375583725,
letter,gradient descent,100,3,0.02425593974356986,0.5189945729791489,0.02440669539343831,0.513675783855904,
letter,gradient descent,100,4,0.02056819780516608,0.6044701513853185,0.020966393237146292,0.6034022681787858,
letter,gradient descent,100,5,0.018931296763401533,0.6465295629820051,0.019364297139343293,0.638425617078052,
letter,gradient descent,100,6,0.016867320125359804,0.6951585261353899,0.017332494378651662,0.6917945296864576,
letter,gradient descent,100,7,0.01579451426999284,0.7061553841759497,0.01628941885999549,0.7008005336891261,
letter,gradient descent,100,8,0.014790070650705704,0.7300057126535275,0.015327040190074739,0.7248165443629087,
letter,gradient descent,100,9,0.012558464345291103,0.7809911453870323,0.013155021323503591,0.7688458972648432,
letter,gradient descent,100,10,0.01115392194602316,0.8163381890888317,0.011688923991580624,0.8038692461641094,
letter,gradient descent,100,11,0.010523974911395655,0.8221936589545844,0.011156785416032758,0.8098732488325551,
letter,gradient descent,100,12,0.010142151753634879,0.825549842902028,0.010783165702583222,0.8128752501667779,
letter,gradient descent,100,13,0.009992870723457278,0.8310482719223079,0.010679966633222527,0.8225483655770514,
letter,gradient descent,100,14,0.00961906691561158,0.8364038846043987,0.010306151230005311,0.8225483655770514,
letter,gradient descent,100,15,0.009397248560772519,0.8371179662953442,0.010139696046448089,0.8245496997998666,
letter,gradient descent,100,16,0.00911682271354285,0.8431162524992859,0.009904313292278566,0.8315543695797198,
letter,gradient descent,100,17,0.009031503610740049,0.8466152527849186,0.00980971392473244,0.8305537024683122,
letter,gradient descent,100,18,0.008878131235303306,0.8511139674378749,0.009789990972216937,0.8305537024683122,
letter,gradient descent,100,19,0.008594732483929722,0.852970579834333,0.009425676966136822,0.8395597064709807,
letter,gradient descent,100,20,0.008436560042225916,0.8556840902599258,0.009297810374463705,0.8395597064709807,
letter,gradient descent,100,21,0.008303935757286421,0.858469008854613,0.009286472858332832,0.8382254836557705,
letter,gradient descent,100,22,0.008159083392710424,0.860968294772922,0.009110547004343751,0.8435623749166111,
letter,gradient descent,100,23,0.008138956248614595,0.8606826620965439,0.009105109775830945,0.8455637091394262,
letter,gradient descent,100,24,0.007920433115980148,0.8661096829477292,0.008900689520118498,0.8468979319546365,
letter,gradient descent,100,25,0.007854335431782418,0.8650385604113111,0.008855365067280487,0.8542361574382922,
letter,gradient descent,100,26,0.007760990647415913,0.8663239074550129,0.00877259733859814,0.8519012675116745,
letter,gradient descent,100,27,0.007599636539007308,0.8688231933733219,0.008673276059504898,0.8529019346230821,
letter,gradient descent,100,28,0.007555754594761632,0.8707512139388746,0.008607601225274793,0.8549032688458973,
letter,gradient descent,100,29,0.007387393626793047,0.87382176520994,0.008451198037482639,0.8589059372915276,
letter,gradient descent,100,30,0.007415054196476179,0.8732504998571836,0.008509233860394943,0.8542361574382922,
letter,gradient descent,100,31,0.007250629624688743,0.8763924592973437,0.008321268039236317,0.8575717144763175,
letter,gradient descent,100,32,0.007211600901400178,0.8773921736646673,0.008284780586613711,0.8592394929953302,
letter,gradient descent,100,33,0.007159546906061433,0.8768209083119108,0.00823639583083397,0.8592394929953302,
letter,gradient descent,100,34,0.007016467414350635,0.8800342759211653,0.008143010199977652,0.861574382921948,
letter,gradient descent,100,35,0.0069615268481562145,0.881033990288489,0.008085459611249757,0.8625750500333556,
letter,gradient descent,100,36,0.006999642356710004,0.8808197657812054,0.00814951915629933,0.8632421614409607,
letter,gradient descent,100,37,0.006836378390624536,0.8817480719794345,0.007998787871527746,0.8659106070713809,
letter,gradient descent,100,38,0.006854575368282204,0.8817480719794345,0.007998343109018608,0.8642428285523682,
letter,gradient descent,100,39,0.006715713824373358,0.8838903170522708,0.00795775194608561,0.8662441627751835,
letter,gradient descent,100,40,0.006706247854381497,0.8848900314195944,0.007904761746268711,0.866577718478986,
letter,gradient descent,100,41,0.006681888954173105,0.8846043987432162,0.007925174361365708,0.8655770513675783,
letter,gradient descent,100,42,0.006613825432815458,0.8863896029705798,0.0077651151445200135,0.8699132755170114,
letter,gradient descent,100,43,0.006603618539363076,0.8864610111396743,0.007821724065190983,0.867244829886591,
letter,gradient descent,100,44,0.006504123010022922,0.8873179091688089,0.007709217599751845,0.8695797198132088,
letter,gradient descent,100,45,0.006441540752382555,0.8875321336760925,0.0077206744494189555,0.866577718478986,
letter,gradient descent,100,46,0.006425776884847394,0.888246215367038,0.007675669510622782,0.8695797198132088,
letter,gradient descent,100,47,0.006375340955908155,0.8891745215652671,0.007667727514214035,0.8712474983322215,
letter,gradient descent,100,48,0.006434538129596838,0.8878177663524707,0.007652163978084034,0.8719146097398266,
letter,gradient descent,100,49,0.006302385033476834,0.8891031133961725,0.0075964314462585525,0.8685790527018012,
letter,gradient descent,100,50,0.0062951118636036165,0.889960011425307,0.007574931997702758,0.8719146097398266,
letter,gradient descent,100,51,0.006302936395596293,0.8902456441016853,0.007552306378266068,0.8742494996664443,
letter,gradient descent,100,52,0.006244641139755202,0.8911025421308197,0.0075034844380669425,0.875250166777852,
letter,gradient descent,100,53,0.006180391785019614,0.892316481005427,0.007510161660481189,0.8739159439626417,
letter,gradient descent,100,54,0.006171288427922405,0.8917452156526706,0.0074838168786917425,0.8755837224816544,
letter,gradient descent,100,55,0.00614100843952483,0.8930305626963725,0.007454784563385915,0.8745830553702468,
letter,gradient descent,100,56,0.006194816049346547,0.8926021136818052,0.0074993676419813984,0.8762508338892595,
letter,gradient descent,100,57,0.006107930840589206,0.8928163381890888,0.0074237807343951155,0.8782521681120747,
letter,gradient descent,100,58,0.0060815883883617765,0.8937446443873179,0.007434200912959781,0.875917278185457,
letter,gradient descent,100,59,0.006014372744345519,0.8943159097400742,0.0073469953806936895,0.88025350233489,
letter,gradient descent,100,60,0.006058439036838533,0.8943159097400742,0.0073943581376160325,0.8785857238158773,
letter,gradient descent,101,1,0.03735097814466,0.1377463581833762,0.03734388347338249,0.13475650433622416,
letter,gradient descent,101,2,0.03454121174625199,0.22229363039131678,0.0346052554618398,0.2274849899933289,
letter,gradient descent,101,3,0.03120122351737928,0.3185518423307626,0.031363665318495874,0.3188792528352235,
letter,gradient descent,101,4,0.025733041391946404,0.5134961439588689,0.025960239003754174,0.5053368912608406,
letter,gradient descent,101,5,0.020657359520125745,0.6338189088831763,0.020973992242809505,0.6364242828552368,
letter,gradient descent,101,6,0.017497146952314854,0.7022279348757497,0.017875213839718157,0.7054703135423616,
letter,gradient descent,101,7,0.015489183351648504,0.725078548986004,0.01587653370470181,0.7301534356237491,
letter,gradient descent,101,8,0.014418542960764037,0.7425021422450728,0.014831901735943353,0.7334889926617745,
letter,gradient descent,101,9,0.013598511154530634,0.7584261639531562,0.013995044299605672,0.7558372248165444,
letter,gradient descent,101,10,0.012919867757791702,0.7718508997429306,0.013295457420852965,0.7701801200800533,
letter,gradient descent,101,11,0.012307914523541049,0.7802056555269923,0.012735484392978696,0.7731821214142762,
letter,gradient descent,101,12,0.011848150140996216,0.7867752070836904,0.012327253659836033,0.7765176784523016,
letter,gradient descent,101,13,0.01041618880239285,0.8219794344473008,0.010992922450980136,0.8118745830553702,
letter,gradient descent,101,14,0.009992577591239348,0.828691802342188,0.010597048129748265,0.8212141427618412,
letter,gradient descent,101,15,0.009742348174184325,0.8324050271351042,0.010383398924726957,0.8215476984656438,
letter,gradient descent,101,16,0.009512738020724719,0.8361896600971152,0.010243399789290971,0.8245496997998666,
letter,gradient descent,101,17,0.009360907515726144,0.8385461296772351,0.010062116504172278,0.8302201467645097,
letter,gradient descent,101,18,0.009115899458446524,0.8425449871465296,0.009858388482513344,0.8288859239492995,
letter,gradient descent,101,19,0.008970598992943554,0.844830048557555,0.009717386747159376,0.8342228152101401,
letter,gradient descent,101,20,0.00882612924134707,0.8465438446158241,0.009619600747652526,0.8335557038025351,
letter,gradient descent,101,21,0.008618640234362773,0.8496143958868895,0.009400935114633618,0.8385590393595731,
letter,gradient descent,101,22,0.008507222267362993,0.8513281919451585,0.009341229322906194,0.8398932621747832,
letter,gradient descent,101,23,0.008417685191192062,0.8528991716652385,0.009272337366464937,0.8398932621747832,
letter,gradient descent,101,24,0.008337492492354747,0.8541845187089403,0.009138297176421804,0.8412274849899933,
letter,gradient descent,101,25,0.008208263641137846,0.8551842330762639,0.009072040303558989,0.8435623749166111,
letter,gradient descent,101,26,0.008057628427272097,0.856898029134533,0.008954547723904372,0.8458972648432288,
letter,gradient descent,101,27,0.00802382537669968,0.8582547843473294,0.008913256583026084,0.8465643762508339,
letter,gradient descent,101,28,0.00788326713464103,0.8618966009711511,0.008825976380679381,0.847898599066044,
letter,gradient descent,101,29,0.00783650647326209,0.8608968866038275,0.008759293627699139,0.8519012675116745,
letter,gradient descent,101,30,0.007726991595924345,0.8636103970294202,0.008698107394651633,0.8505670446964643,
letter,gradient descent,101,31,0.007653637014233945,0.8643244787203657,0.00859618265052243,0.8559039359573049,
letter,gradient descent,101,32,0.007582666884621596,0.8663239074550129,0.008519744355660025,0.8575717144763175,
letter,gradient descent,101,33,0.007460668212628409,0.8685375606969438,0.008468259124541546,0.8555703802535023,
letter,gradient descent,101,34,0.007435800308319518,0.8692516423878892,0.008450060426826077,0.8582388258839226,
letter,gradient descent,101,35,0.007325664513444433,0.8709654384461583,0.008321188103168108,0.8599066044029353,
letter,gradient descent,101,36,0.0072926540645152195,0.8712510711225364,0.00829912495491241,0.8609072715143429,
letter,gradient descent,101,37,0.007196305419042698,0.8724650099971437,0.00820229837755752,0.8625750500333556,
letter,gradient descent,101,38,0.007167081057017044,0.8730362753499,0.00822483569913453,0.8645763842561708,
letter,gradient descent,101,39,0.007121582524751463,0.8741788060554128,0.008192868821632586,0.8629086057371581,
letter,gradient descent,101,40,0.0071284774415544235,0.8733933161953727,0.008208742814296878,0.8599066044029353,
letter,gradient descent,101,41,0.007030408508063139,0.8763924592973437,0.008098699369556268,0.8645763842561708,
letter,gradient descent,101,42,0.006972051611222753,0.8768209083119108,0.008100861904266938,0.8639092728485657,
letter,gradient descent,101,43,0.006918111784993589,0.8771065409882891,0.008050518298076275,0.8639092728485657,
letter,gradient descent,101,44,0.0068944951077959775,0.8773207654955727,0.00801779401592225,0.8645763842561708,
letter,gradient descent,101,45,0.0067799214007608095,0.8791059697229363,0.007903653098554085,0.8659106070713809,
letter,gradient descent,101,46,0.00677736492317551,0.8798200514138818,0.007944342871572675,0.8662441627751835,
letter,gradient descent,101,47,0.006721238981561238,0.8813196229648672,0.007835739069119932,0.8682454969979987,
letter,gradient descent,101,48,0.006688669240620697,0.8821051128249072,0.007874051514469549,0.8679119412941961,
letter,gradient descent,101,49,0.006630424925306678,0.8823193373321908,0.007796802403891633,0.8679119412941961,
letter,gradient descent,101,50,0.006567861882724273,0.8843901742359326,0.007788803148067667,0.8692461641094062,
letter,gradient descent,101,51,0.006584553781516168,0.8834618680377035,0.007792390783022957,0.8705803869246164,
letter,gradient descent,101,52,0.00650963265232517,0.8846758069123107,0.007724416300466602,0.8699132755170114,
letter,gradient descent,101,53,0.006500535448392894,0.8849614395886889,0.007754214471418297,0.8689126084056037,
letter,gradient descent,101,54,0.006405626332821336,0.8862467866323908,0.00762289638411629,0.872248165443629,
letter,gradient descent,101,55,0.006374449165402411,0.8862467866323908,0.007618588448652067,0.8695797198132088,
letter,gradient descent,101,56,0.006334567351775013,0.888246215367038,0.007633745347868626,0.8709139426284189,
letter,gradient descent,101,57,0.006341780619602991,0.8879605826906598,0.00758421444713191,0.8742494996664443,
letter,gradient descent,101,58,0.006260446114706164,0.8886746643816053,0.007516826837274067,0.872248165443629,
letter,gradient descent,101,59,0.006284680248503525,0.8889602970579834,0.007592163987514467,0.872248165443629,
letter,gradient descent,101,60,0.006293177653822863,0.8893887460725507,0.007557799870633267,0.8709139426284189,
letter,gradient descent,102,1,0.035480650222792634,0.1657383604684376,0.03561086938958517,0.16144096064042696,
letter,gradient descent,102,2,0.03219817081696603,0.3073407597829192,0.03233318702338187,0.30520346897931955,
letter,gradient descent,102,3,0.02738546315959095,0.4109540131391031,0.027533605627073104,0.4159439626417612,
letter,gradient descent,102,4,0.024801759259109796,0.4917880605541274,0.02490824505992598,0.4946631087391594,
letter,gradient descent,102,5,0.022664081746763657,0.5435589831476721,0.022818529981752912,0.54736490993996,
letter,gradient descent,102,6,0.019727748308455105,0.6167523564695802,0.019871247481537485,0.619079386257505,
letter,gradient descent,102,7,0.018253274355237215,0.6378891745215652,0.018415725390148456,0.6390927284856571,
letter,gradient descent,102,8,0.016752972831276296,0.6758783204798628,0.016981662505865972,0.6737825216811207,
letter,gradient descent,102,9,0.015197478843200546,0.7300771208226221,0.01544547642010453,0.7251501000667111,
letter,gradient descent,102,10,0.013403765034700598,0.7657812053698944,0.013756509503701025,0.7648432288192129,
letter,gradient descent,102,11,0.012671503922293088,0.7737789203084833,0.013024610804181302,0.7705136757838559,
letter,gradient descent,102,12,0.01204206868614834,0.7865609825764067,0.012517485523997248,0.7795196797865244,
letter,gradient descent,102,13,0.01163491606763763,0.7904170237075121,0.012144508397394338,0.7815210140093396,
letter,gradient descent,102,14,0.011404123570115771,0.7964153099114538,0.011933773298850136,0.7895263509006004,
letter,gradient descent,102,15,0.011160530871096672,0.7987003713224793,0.011760576939718359,0.7891927951967979,
letter,gradient descent,102,16,0.010749064914134868,0.8044844330191374,0.01131368474916797,0.7995330220146765,
letter,gradient descent,102,17,0.010510367477738664,0.8079834333047701,0.011169291998915898,0.8008672448298866,
letter,gradient descent,102,18,0.010323889125101267,0.8125535561268209,0.011021122880206805,0.8032021347565044,
letter,gradient descent,102,19,0.010114855090783807,0.8148386175378464,0.01079658063848849,0.8068712474983322,
letter,gradient descent,102,20,0.009969362990101049,0.8171950871179663,0.010685915928946925,0.8118745830553702,
letter,gradient descent,102,21,0.009829549411891278,0.8194801485289918,0.010558383189600088,0.8088725817211474,
letter,gradient descent,102,22,0.009707677791066575,0.8211939445872608,0.010465939313336359,0.8112074716477652,
letter,gradient descent,102,23,0.00954036158427603,0.8223364752927735,0.010320126576800806,0.8178785857238159,
letter,gradient descent,102,24,0.00944070710786939,0.8261211082547844,0.010294927472191724,0.8152101400933957,
letter,gradient descent,102,25,0.009275763422028242,0.8266923736075407,0.010073672650593524,0.818545697131421,
letter,gradient descent,102,26,0.00920624461739273,0.8274778634675807,0.010017757316546888,0.8215476984656438,
letter,gradient descent,102,27,0.009125998545596701,0.8306198229077406,0.009931600922819191,0.8228819212808539,
letter,gradient descent,102,28,0.008972991236242917,0.8306198229077406,0.00981204289053826,0.8262174783188793,
letter,gradient descent,102,29,0.00891779428414963,0.8311196800914025,0.009788808171372844,0.8265510340226818,
letter,gradient descent,102,30,0.008789554299879765,0.8358326192516424,0.009660294770204476,0.8278852568378919,
letter,gradient descent,102,31,0.008768997077816913,0.834475864038846,0.00961653654861806,0.8298865910607072,
letter,gradient descent,102,32,0.008675672192826547,0.836046843758926,0.009525024124162404,0.8322214809873248,
letter,gradient descent,102,33,0.008626586646830197,0.8384747215081405,0.009532113598637773,0.8308872581721147,
letter,gradient descent,102,34,0.008478862631647226,0.8383319051699515,0.009369116524460699,0.8345563709139426,
letter,gradient descent,102,35,0.008413733585347258,0.8430448443301913,0.009283516755584758,0.8372248165443629,
letter,gradient descent,102,36,0.007385315150918246,0.87225078548986,0.008337653068833677,0.8642428285523682,
letter,gradient descent,102,37,0.007132205664511668,0.8771065409882891,0.00814327282156907,0.8639092728485657,
letter,gradient descent,102,38,0.007021789884467145,0.8773921736646673,0.007984853596847825,0.8662441627751835,
letter,gradient descent,102,39,0.006951645921056165,0.8781776635247073,0.00793220773734854,0.8679119412941961,
letter,gradient descent,102,40,0.006909605114710451,0.8781776635247073,0.007867454127726523,0.8705803869246164,
letter,gradient descent,102,41,0.0068381384990796315,0.8808911739502999,0.00783568654128346,0.8685790527018012,
letter,gradient descent,102,42,0.006756512035992872,0.8821765209940017,0.007777193552468344,0.8709139426284189,
letter,gradient descent,102,43,0.006694436165844633,0.8842473578977434,0.007693997019705269,0.8725817211474316,
letter,gradient descent,102,44,0.006653242733479678,0.8829620108540417,0.007611155019182372,0.8749166110740494,
letter,gradient descent,102,45,0.006561675389966754,0.8858183376178235,0.007521349431523126,0.8789192795196797,
letter,gradient descent,102,46,0.006521952166742089,0.8858183376178235,0.0074875061982872275,0.8755837224816544,
letter,gradient descent,102,47,0.00649153984424957,0.886675235646958,0.0074633855463638165,0.8785857238158773,
letter,gradient descent,102,48,0.0064644159718929995,0.8877463581833762,0.007457777709596291,0.8785857238158773,
letter,gradient descent,102,49,0.006400503298250367,0.889031705227078,0.007345827657295951,0.8792528352234823,
letter,gradient descent,102,50,0.0063752228882805045,0.8908883176235362,0.007385152541137457,0.8779186124082722,
letter,gradient descent,102,51,0.006377520018522741,0.8898886032562126,0.007446108727508026,0.8769179452968646,
letter,gradient descent,102,52,0.00628339190575504,0.8918166238217652,0.00732794050535515,0.8795863909272849,
letter,gradient descent,102,53,0.006206590422719225,0.8913167666381034,0.007212966634512963,0.8822548365577051,
letter,gradient descent,102,54,0.006184024607506695,0.8932447872036561,0.007183757184397199,0.8812541694462975,
letter,gradient descent,102,55,0.0061482502330979395,0.8946015424164524,0.0071570106462730335,0.8839226150767178,
letter,gradient descent,102,56,0.006073557118778435,0.8965295629820051,0.0070888675952874925,0.8845897264843229,
letter,gradient descent,102,57,0.006087550977616323,0.8953156241073978,0.007184482446539408,0.8819212808539026,
letter,gradient descent,102,58,0.006028017247060057,0.8974578691802342,0.007039561369910656,0.8835890593729153,
letter,gradient descent,102,59,0.005997624941805906,0.897957726363896,0.007112719154203515,0.8822548365577051,
letter,gradient descent,102,60,0.005913327970539005,0.8993858897457869,0.006968015154953343,0.8882588392261508,
letter,gradient descent,103,1,0.036074387501125696,0.15774064552984862,0.036030727028450296,0.1601067378252168,
letter,gradient descent,103,2,0.032653481886762856,0.29891459582976293,0.0327066943036094,0.29719813208805873,
letter,gradient descent,103,3,0.028444591289830946,0.41566695229934303,0.02858609750326563,0.4142761841227485,
letter,gradient descent,103,4,0.025017446615900732,0.49921451013996,0.02509356669285609,0.5020013342228152,
letter,gradient descent,103,5,0.02184748030145991,0.5765495572693516,0.02198532610422137,0.5837224816544363,
letter,gradient descent,103,6,0.01956362495264432,0.62539274493002,0.01981637379154451,0.6234156104069379,
letter,gradient descent,103,7,0.017972565804009653,0.6583833190516996,0.018224992089366367,0.6534356237491661,
letter,gradient descent,103,8,0.016765252170959036,0.6895172807769209,0.017165698159364726,0.6847898599066043,
letter,gradient descent,103,9,0.014960136946341743,0.7307912025135676,0.015412173533802266,0.7258172114743162,
letter,gradient descent,103,10,0.013033438876479357,0.7751356755212796,0.013625496351660526,0.7658438959306204,
letter,gradient descent,103,11,0.012344435488431938,0.7845615538417595,0.01299357993849551,0.7735156771180787,
letter,gradient descent,103,12,0.011770699147331368,0.7932019423021994,0.012444350867599673,0.7831887925283523,
letter,gradient descent,103,13,0.011365478143870456,0.7970579834333048,0.012058773212141001,0.7878585723815877,
letter,gradient descent,103,14,0.011021661290274874,0.8021279634390174,0.011720493352143788,0.7908605737158105,
letter,gradient descent,103,15,0.01084825492660525,0.8060554127392173,0.011590623776925633,0.7945296864576384,
letter,gradient descent,103,16,0.010457373371795095,0.8122679234504427,0.011188854354190508,0.8012008005336891,
letter,gradient descent,103,17,0.010193120235427936,0.8159097400742645,0.01093243348207492,0.8035356904603068,
letter,gradient descent,103,18,0.010020140598456354,0.8185518423307626,0.0107509379157092,0.8095396931287525,
letter,gradient descent,103,19,0.009876491946596762,0.8205512710654099,0.010631610377477979,0.8082054703135424,
letter,gradient descent,103,20,0.009706279478113965,0.8241930876892316,0.010487067247403262,0.8165443629086058,
letter,gradient descent,103,21,0.009557405960426542,0.8254784347329335,0.010367059215305003,0.8172114743162108,
letter,gradient descent,103,22,0.009425422559977378,0.8287632105112825,0.010210587519050983,0.8198799199466311,
letter,gradient descent,103,23,0.009246951050966677,0.8314767209368752,0.01008550103940901,0.8158772515010007,
letter,gradient descent,103,24,0.009150957888691715,0.8342616395315624,0.009928278393291847,0.8208805870580387,
letter,gradient descent,103,25,0.008462656294167993,0.8661096829477292,0.009261543874337802,0.8529019346230821,
letter,gradient descent,103,26,0.007851049864632824,0.8686803770351328,0.008669655923246365,0.8569046030687125,
letter,gradient descent,103,27,0.007636291809562605,0.8716081119680091,0.00846536167274141,0.862241494329553,
letter,gradient descent,103,28,0.007547717437407718,0.8710368466152528,0.008380637887502857,0.8602401601067379,
letter,gradient descent,103,29,0.007448866092648412,0.8728934590117109,0.008342126948693704,0.8589059372915276,
letter,gradient descent,103,30,0.007435176037403466,0.8733219080262782,0.008267000661087051,0.8642428285523682,
letter,gradient descent,103,31,0.0072619152636780974,0.8751785204227364,0.008155408784235277,0.8649099399599733,
letter,gradient descent,103,32,0.007187225885885278,0.8774635818337618,0.008105834402380736,0.8649099399599733,
letter,gradient descent,103,33,0.007204684274833053,0.8771065409882891,0.008120782636541443,0.861574382921948,
letter,gradient descent,103,34,0.007064978728849617,0.8787489288774636,0.007938645301628633,0.8682454969979987,
letter,gradient descent,103,35,0.007004645659376609,0.881033990288489,0.007966411233961015,0.8635757171447632,
letter,gradient descent,103,36,0.006993849843579206,0.879463010568409,0.007926205803345245,0.8635757171447632,
letter,gradient descent,103,37,0.006894727763472928,0.8821765209940017,0.007854653484642418,0.8685790527018012,
letter,gradient descent,103,38,0.006869662974579932,0.8827477863467581,0.00784890164338855,0.8669112741827886,
letter,gradient descent,103,39,0.006766763591806889,0.8848186232504999,0.0077294837514335305,0.8692461641094062,
letter,gradient descent,103,40,0.006743680934803233,0.8838189088831763,0.0077103512974850755,0.8699132755170114,
letter,gradient descent,103,41,0.006709753632771667,0.8867466438160525,0.00772522255882602,0.8712474983322215,
letter,gradient descent,103,42,0.0066418855493705934,0.8856755212796343,0.0076587855394861515,0.8695797198132088,
letter,gradient descent,103,43,0.006586460320141625,0.8872465009997144,0.007574088355913986,0.8745830553702468,
letter,gradient descent,103,44,0.006515244796330855,0.889031705227078,0.007571062455734812,0.8739159439626417,
letter,gradient descent,103,45,0.006499740360408474,0.889817195087118,0.007491224975871097,0.8755837224816544,
letter,gradient descent,103,46,0.006450528564382381,0.8887460725506998,0.0074381833588006985,0.875917278185457,
letter,gradient descent,103,47,0.006400506671477503,0.8906740931162525,0.007412099822225417,0.8769179452968646,
letter,gradient descent,103,48,0.006400333230541168,0.8912453584690089,0.0074076102040600555,0.8772515010006671,
letter,gradient descent,103,49,0.006370297294789509,0.891530991145387,0.00744091024750491,0.8772515010006671,
letter,gradient descent,103,50,0.0062967674809189895,0.8934590117109398,0.007345209925197676,0.875917278185457,
letter,gradient descent,103,51,0.006259904179919095,0.8932447872036561,0.007300602672130057,0.8789192795196797,
letter,gradient descent,103,52,0.006207713517375452,0.894672950585547,0.007216898538467945,0.8805870580386924,
letter,gradient descent,103,53,0.0061797823245227255,0.8946015424164524,0.007256643632401557,0.8779186124082722,
letter,gradient descent,103,54,0.006123708191965446,0.894672950585547,0.007158498025477416,0.8795863909272849,
letter,gradient descent,103,55,0.0061622448764960995,0.896386746643816,0.007216943603105599,0.8792528352234823,
letter,gradient descent,103,56,0.006063971089893296,0.8961011139674379,0.007084771283889431,0.8832555036691128,
letter,gradient descent,103,57,0.005991322052474398,0.8977435018566124,0.00707786729034906,0.8822548365577051,
letter,gradient descent,103,58,0.0060887827156937534,0.8978863181948015,0.007123171109503899,0.8812541694462975,
letter,gradient descent,103,59,0.006015319339619803,0.8978863181948015,0.00710718678414037,0.8825883922615076,
letter,gradient descent,103,60,0.0059977320555058,0.8996001142530705,0.007056791042643285,0.8815877251501001,
letter,gradient descent,104,1,0.03614430959526803,0.13110539845758354,0.0361813822897608,0.13208805870580387,
letter,gradient descent,104,2,0.0327639845245241,0.3046272493573265,0.03272424650866192,0.3005336891260841,
letter,gradient descent,104,3,0.02894652895393437,0.39588688946015427,0.028857384869355764,0.39959973315543695,
letter,gradient descent,104,4,0.026273944889314147,0.4488717509283062,0.026336932781755373,0.44896597731821214,
letter,gradient descent,104,5,0.02433369223480599,0.4985718366181091,0.02444378319486113,0.49933288859239494,
letter,gradient descent,104,6,0.022388729742642097,0.5637674950014282,0.022596047515617473,0.5620413609072715,
letter,gradient descent,104,7,0.020141173607045773,0.6008997429305912,0.020347518217656617,0.6050700466977985,
letter,gradient descent,104,8,0.01735978534116818,0.6829477292202228,0.017635038939797697,0.681454302868579,
letter,gradient descent,104,9,0.015302917522517268,0.7267209368751785,0.015620597236973894,0.7304869913275517,
letter,gradient descent,104,10,0.012531995805817715,0.7997714938588975,0.012985583269509323,0.795530353569046,
letter,gradient descent,104,11,0.011545624035118352,0.8098400457012283,0.012031675665342396,0.8042028018679119,
letter,gradient descent,104,12,0.010824755520326744,0.8199800057126535,0.011277517683403076,0.814209472981988,
letter,gradient descent,104,13,0.010373288202786534,0.8278349043130534,0.010911069294816693,0.8222148098732488,
letter,gradient descent,104,14,0.01004350673786167,0.8313339045986861,0.010625032037565513,0.8252168112074717,
letter,gradient descent,104,15,0.009731594054019419,0.8357612110825479,0.01029165860460065,0.8295530353569046,
letter,gradient descent,104,16,0.009400095535356577,0.8426878034847186,0.010024206051948342,0.83288859239493,
letter,gradient descent,104,17,0.009186015215278483,0.8465438446158241,0.009816909202415887,0.8372248165443629,
letter,gradient descent,104,18,0.008923733167407051,0.8505427020851185,0.009624513643996274,0.8398932621747832,
letter,gradient descent,104,19,0.00870561705453552,0.8540417023707512,0.009474053620199006,0.8412274849899933,
letter,gradient descent,104,20,0.008570350881727676,0.8543987432162239,0.009329737124372043,0.842895263509006,
letter,gradient descent,104,21,0.00837515333768558,0.8577549271636675,0.009174325530785087,0.8445630420280187,
letter,gradient descent,104,22,0.008277771751454025,0.8613967437874893,0.009154674781674737,0.8448965977318212,
letter,gradient descent,104,23,0.00806667946305022,0.8624678663239075,0.008943054017446002,0.8482321547698466,
letter,gradient descent,104,24,0.008013394629767643,0.8644672950585547,0.008852735296686563,0.8522348232154769,
letter,gradient descent,104,25,0.007864394609277627,0.8654670094258783,0.008748972235548661,0.8515677118078719,
letter,gradient descent,104,26,0.007739586874956845,0.8683233361896601,0.00869216386749934,0.8498999332888593,
letter,gradient descent,104,27,0.007596869696477494,0.8691802342187946,0.00849173546028059,0.8552368245496998,
letter,gradient descent,104,28,0.00758322137163408,0.8691802342187946,0.008565386110376624,0.8512341561040694,
letter,gradient descent,104,29,0.0074477382605499425,0.8721793773207654,0.008413778316254075,0.8562374916611074,
letter,gradient descent,104,30,0.00732649037157108,0.8741788060554128,0.008285550130915253,0.8589059372915276,
letter,gradient descent,104,31,0.0073073152756393716,0.87382176520994,0.00830453999018728,0.85657104736491,
letter,gradient descent,104,32,0.007196700853150122,0.8751071122536418,0.008214668382385387,0.857238158772515,
letter,gradient descent,104,33,0.00713891079685408,0.8771779491573836,0.008105251412603955,0.8635757171447632,
letter,gradient descent,104,34,0.007075236699893226,0.8773207654955727,0.008066366843665377,0.8602401601067379,
letter,gradient descent,104,35,0.007032470460155991,0.8774635818337618,0.008059303666400877,0.8659106070713809,
letter,gradient descent,104,36,0.006957560635302738,0.8791773778920309,0.00795648143622182,0.8649099399599733,
letter,gradient descent,104,37,0.0068640467904958185,0.8811053984575835,0.007920901242173931,0.8645763842561708,
letter,gradient descent,104,38,0.006864110397912979,0.8799628677520709,0.007892107015978462,0.8682454969979987,
letter,gradient descent,104,39,0.006747449229290633,0.8816052556412454,0.007816289802124659,0.8675783855903936,
letter,gradient descent,104,40,0.006709310644633958,0.8821051128249072,0.0077894166463561045,0.8682454969979987,
letter,gradient descent,104,41,0.006718254466843836,0.8821765209940017,0.007812986370476147,0.8652434956637759,
letter,gradient descent,104,42,0.006653258414200708,0.8828191945158527,0.007749973175948499,0.8669112741827886,
letter,gradient descent,104,43,0.0066184806017526516,0.8838903170522708,0.007710073752600237,0.8689126084056037,
letter,gradient descent,104,44,0.006554515773818702,0.8850328477577835,0.007682797214018099,0.8689126084056037,
letter,gradient descent,104,45,0.006522458100231346,0.8846043987432162,0.007621585117893047,0.8705803869246164,
letter,gradient descent,104,46,0.006462296207429887,0.8876749500142816,0.007628880578564695,0.8682454969979987,
letter,gradient descent,104,47,0.006430727754386028,0.8856755212796343,0.007598676556546635,0.8699132755170114,
letter,gradient descent,104,48,0.006421582363777933,0.8872465009997144,0.007582052026358386,0.8692461641094062,
letter,gradient descent,104,49,0.006380426411775975,0.8873179091688089,0.007578853508098756,0.8705803869246164,
letter,gradient descent,104,50,0.006316988068365873,0.888246215367038,0.007585111038805078,0.8682454969979987,
letter,gradient descent,104,51,0.006301057361885532,0.8879605826906598,0.007464662000685432,0.8742494996664443,
letter,gradient descent,104,52,0.006258573800007362,0.8892459297343616,0.007518724863081383,0.8719146097398266,
letter,gradient descent,104,53,0.006246478763376805,0.8887460725506998,0.007542019329800839,0.8705803869246164,
letter,gradient descent,104,54,0.006205254376462023,0.8896743787489289,0.007402451542813985,0.872248165443629,
letter,gradient descent,104,55,0.006203859227179492,0.8896029705798343,0.007434251228894032,0.8739159439626417,
letter,gradient descent,104,56,0.006143221811695869,0.8902456441016853,0.007399263901749537,0.8735823882588393,
letter,gradient descent,104,57,0.006136008370298907,0.8913881748071979,0.0073860489265805,0.8739159439626417,
letter,gradient descent,104,58,0.006079722910377514,0.8914595829762925,0.007385861120896656,0.8742494996664443,
letter,gradient descent,104,59,0.00608079868739883,0.8913881748071979,0.007388958795027581,0.8729152768512342,
letter,gradient descent,104,60,0.0060457002917200285,0.8921022564981433,0.007350360469434651,0.8719146097398266,
letter,gradient descent,105,1,0.034926528969448936,0.18316195372750643,0.03498641218997341,0.17845230153435623,
letter,gradient descent,105,2,0.031120760576717556,0.3050556983718937,0.031143599862008303,0.304869913275517,
letter,gradient descent,105,3,0.028073962808554207,0.40117109397315054,0.028103414653637335,0.40527018012008004,
letter,gradient descent,105,4,0.025054091747508358,0.501713796058269,0.02505921219290513,0.5030020013342228,
letter,gradient descent,105,5,0.022899614820226934,0.5422022279348757,0.022992561400253617,0.538025350233489,
letter,gradient descent,105,6,0.020619382453169605,0.6127534990002856,0.020816763682205752,0.6084056037358239,
letter,gradient descent,105,7,0.017421009168406464,0.6675235646958012,0.017792650333015483,0.6611074049366245,
letter,gradient descent,105,8,0.016550654729438827,0.7087974864324479,0.017158878843981932,0.6917945296864576,
letter,gradient descent,105,9,0.015053032542167607,0.7277920594115966,0.015773465483745985,0.7111407605070047,
letter,gradient descent,105,10,0.013743547429695696,0.7497857754927164,0.014390725968775159,0.7364909939959974,
letter,gradient descent,105,11,0.013081267202574307,0.761139674378749,0.013848287427462304,0.7434956637758505,
letter,gradient descent,105,12,0.012696814957965475,0.763781776635247,0.013464812940233375,0.7498332221480988,
letter,gradient descent,105,13,0.012308864436336357,0.769423021993716,0.013096952655925476,0.7595063375583723,
letter,gradient descent,105,14,0.012003806002404452,0.7752784918594687,0.012780829782784409,0.7598398932621748,
letter,gradient descent,105,15,0.011312225991569136,0.8064838617537846,0.012040389284705074,0.7935290193462308,
letter,gradient descent,105,16,0.009756470563007573,0.8372607826335333,0.01053413957242568,0.8268845897264844,
letter,gradient descent,105,17,0.009321489724026865,0.8421879463010569,0.010125352685874117,0.8298865910607072,
letter,gradient descent,105,18,0.009074080227577708,0.8439731505284205,0.009869012283622558,0.8302201467645097,
letter,gradient descent,105,19,0.008916904784237043,0.8454013139103114,0.009776994180942973,0.8375583722481654,
letter,gradient descent,105,20,0.0086251193812395,0.8506141102542131,0.009472971321068568,0.8362241494329553,
letter,gradient descent,105,21,0.008525563479461583,0.8533990288489003,0.00942785653896261,0.8375583722481654,
letter,gradient descent,105,22,0.008350797967571509,0.8553984575835476,0.00921870455344408,0.8405603735823882,
letter,gradient descent,105,23,0.008204303076173558,0.8569694373036275,0.009061694705721022,0.8455637091394262,
letter,gradient descent,105,24,0.008091631317897653,0.860182804912882,0.008939432573149528,0.8482321547698466,
letter,gradient descent,105,25,0.007920392640628405,0.8628963153384748,0.008856903562204615,0.8465643762508339,
letter,gradient descent,105,26,0.0077739257863640426,0.8653956012567838,0.008736063338121255,0.8515677118078719,
letter,gradient descent,105,27,0.007695945034169732,0.8660382747786347,0.008609355601312808,0.8545697131420947,
letter,gradient descent,105,28,0.007659985072569809,0.8669665809768637,0.008582260533558587,0.8549032688458973,
letter,gradient descent,105,29,0.00754365794078064,0.8691802342187946,0.00853014459134301,0.8532354903268846,
letter,gradient descent,105,30,0.007405768923160916,0.8708226221079691,0.008404730070599692,0.8539026017344896,
letter,gradient descent,105,31,0.007356445721376924,0.871322479291631,0.008348750742013076,0.8579052701801201,
letter,gradient descent,105,32,0.007318492565607901,0.8728934590117109,0.00825895399596767,0.8612408272181454,
letter,gradient descent,105,33,0.007203131343346408,0.8737503570408455,0.008193378927619161,0.8579052701801201,
letter,gradient descent,105,34,0.00717068618872339,0.8748214795772636,0.008126540255637322,0.8579052701801201,
letter,gradient descent,105,35,0.00708545930174375,0.8764638674664381,0.008088673424863151,0.8612408272181454,
letter,gradient descent,105,36,0.0069627787466739225,0.8776063981719509,0.00797863994361741,0.861574382921948,
letter,gradient descent,105,37,0.006969630030973084,0.8784632962010854,0.008000782262942083,0.8632421614409607,
letter,gradient descent,105,38,0.006879422799294128,0.8796058269065982,0.007904470656806653,0.8649099399599733,
letter,gradient descent,105,39,0.00682005240163613,0.8808197657812054,0.007877819233835178,0.8635757171447632,
letter,gradient descent,105,40,0.006743338251787928,0.881033990288489,0.007831257668095603,0.8639092728485657,
letter,gradient descent,105,41,0.00670454742464773,0.8822479291630962,0.00778026280889468,0.8639092728485657,
letter,gradient descent,105,42,0.006685414379584412,0.8815338474721508,0.007766498427176857,0.8652434956637759,
letter,gradient descent,105,43,0.00662572589474366,0.8837475007140817,0.007725374218038164,0.867244829886591,
letter,gradient descent,105,44,0.006588959036134863,0.8843901742359326,0.0077316668269918586,0.867244829886591,
letter,gradient descent,105,45,0.006563052685159393,0.8842473578977434,0.007690813093828557,0.8662441627751835,
letter,gradient descent,105,46,0.0065076927739407,0.8860325621251071,0.007651915351580096,0.8662441627751835,
letter,gradient descent,105,47,0.006503709173668403,0.8855327049414453,0.007615442579237671,0.871581054036024,
letter,gradient descent,105,48,0.00642442807541241,0.8863896029705798,0.007528205672473327,0.8699132755170114,
letter,gradient descent,105,49,0.0063894319813936565,0.8857469294487289,0.0075211750228218206,0.8735823882588393,
letter,gradient descent,105,50,0.006348913511365753,0.8868180519851471,0.007513007992379191,0.8712474983322215,
letter,gradient descent,105,51,0.006319751736651707,0.8871036846615252,0.0074407895947705876,0.875250166777852,
letter,gradient descent,105,52,0.006264987426393174,0.8881748071979434,0.007429764484161332,0.8739159439626417,
letter,gradient descent,105,53,0.006292201817186021,0.8875321336760925,0.007466703786905497,0.8689126084056037,
letter,gradient descent,105,54,0.006213192363295717,0.889031705227078,0.007410165533000907,0.8735823882588393,
letter,gradient descent,105,55,0.006180503131563793,0.8891031133961725,0.007430943283587701,0.8702468312208139,
letter,gradient descent,105,56,0.006157666437812082,0.888246215367038,0.007316769881808803,0.8745830553702468,
letter,gradient descent,105,57,0.006084614779012915,0.8908169094544416,0.00727838990023385,0.8745830553702468,
letter,gradient descent,105,58,0.006099682248049284,0.8896743787489289,0.007317511776369354,0.8762508338892595,
letter,gradient descent,105,59,0.0060629590970565014,0.8913167666381034,0.007295365202637128,0.8739159439626417,
letter,gradient descent,105,60,0.0060192636899242605,0.8928163381890888,0.00726180314224416,0.8735823882588393,
letter,gradient descent,106,1,0.036190346293766516,0.1726649528706084,0.036138444404681,0.17478318879252835,
letter,gradient descent,106,2,0.03147920820994857,0.2934875749785775,0.03152603019731473,0.29186124082721815,
letter,gradient descent,106,3,0.02801237131112989,0.37953441873750354,0.028131352626873034,0.38792528352234823,
letter,gradient descent,106,4,0.02413005337014447,0.522422165095687,0.024369250416208237,0.5163442294863242,
letter,gradient descent,106,5,0.021809999071949186,0.5577692087974865,0.02212687141453557,0.5486991327551701,
letter,gradient descent,106,6,0.019776623131369058,0.6161810911168237,0.02013744535036246,0.6120747164776518,
letter,gradient descent,106,7,0.017583720447894607,0.6737360754070265,0.017900585483003818,0.6751167444963309,
letter,gradient descent,106,8,0.015651279396536426,0.7217223650385605,0.01606724947799816,0.7198132088058706,
letter,gradient descent,106,9,0.01403886531587064,0.7633533276206798,0.014522257055746574,0.7555036691127418,
letter,gradient descent,106,10,0.012777896673812003,0.7750642673521851,0.013304067551631391,0.7638425617078052,
letter,gradient descent,106,11,0.012215644487857408,0.7846329620108541,0.01280997034079967,0.7741827885256838,
letter,gradient descent,106,12,0.011762088771293845,0.7914167380748358,0.012420302842482592,0.776184122748499,
letter,gradient descent,106,13,0.010649407103689085,0.8276206798057698,0.011201174533135476,0.8162108072048032,
letter,gradient descent,106,14,0.009951973733202243,0.8331191088260497,0.01053591685614649,0.8238825883922615,
letter,gradient descent,106,15,0.009716595232721384,0.8373321908026278,0.010373017340662418,0.8228819212808539,
letter,gradient descent,106,16,0.009446338139913043,0.836975149957155,0.010124660810585022,0.8258839226150767,
letter,gradient descent,106,17,0.00915378807713706,0.8422593544701514,0.00980966008797086,0.8325550366911274,
letter,gradient descent,106,18,0.008855157468374064,0.8470437017994858,0.009615007282732452,0.8342228152101401,
letter,gradient descent,106,19,0.008816606283039855,0.8476149671522423,0.009556453293493495,0.8385590393595731,
letter,gradient descent,106,20,0.008544694123341157,0.8534704370179949,0.009296893168877456,0.8385590393595731,
letter,gradient descent,106,21,0.008367103286047811,0.8560411311053985,0.009124037709820365,0.8418945963975984,
letter,gradient descent,106,22,0.00827002760400659,0.8572550699800057,0.00906362239476941,0.842895263509006,
letter,gradient descent,106,23,0.008071850186436757,0.8604684375892602,0.008832810547284098,0.8472314876584389,
letter,gradient descent,106,24,0.007942318144661448,0.8633961725221365,0.008762595642495126,0.8492328218812542,
letter,gradient descent,106,25,0.007873103636103879,0.864110254213082,0.00870860291831788,0.8505670446964643,
letter,gradient descent,106,26,0.007719567792662471,0.8668237646386746,0.008567647960328344,0.8505670446964643,
letter,gradient descent,106,27,0.0076583397022754315,0.8661096829477292,0.008511805250305393,0.8529019346230821,
letter,gradient descent,106,28,0.007531776432678693,0.8686089688660382,0.008415705578276523,0.8519012675116745,
letter,gradient descent,106,29,0.007426111669483939,0.8698943159097401,0.008326576530307958,0.8555703802535023,
letter,gradient descent,106,30,0.00749297343981062,0.8706798057697801,0.008404590833726489,0.8562374916611074,
letter,gradient descent,106,31,0.007344774887259032,0.8727506426735219,0.008302558566782095,0.8535690460306872,
letter,gradient descent,106,32,0.007271783442448231,0.8740359897172236,0.008176839959487127,0.8625750500333556,
letter,gradient descent,106,33,0.0071265797201949975,0.8771065409882891,0.008109430172360984,0.8612408272181454,
letter,gradient descent,106,34,0.007078683565296851,0.8782490716938017,0.00810125558741854,0.8605737158105403,
letter,gradient descent,106,35,0.0070147028194632215,0.8798200514138818,0.008031844515069782,0.8679119412941961,
letter,gradient descent,106,36,0.006953684788854382,0.8821051128249072,0.007987717680820804,0.8619079386257505,
letter,gradient descent,106,37,0.006926962384282475,0.8803199085975436,0.007965676703725593,0.8649099399599733,
letter,gradient descent,106,38,0.006822578318007149,0.8833190516995144,0.007866956726003292,0.8699132755170114,
letter,gradient descent,106,39,0.006722316489962937,0.8862467866323908,0.007757088396185183,0.8719146097398266,
letter,gradient descent,106,40,0.0067221337687258164,0.8848900314195944,0.007737199414563804,0.8719146097398266,
letter,gradient descent,106,41,0.0067347974807638955,0.8862467866323908,0.007803954659141643,0.8645763842561708,
letter,gradient descent,106,42,0.00659243594646043,0.886675235646958,0.007649812723308281,0.8702468312208139,
letter,gradient descent,106,43,0.006495494366824207,0.8901028277634961,0.0076196822356599065,0.8729152768512342,
letter,gradient descent,106,44,0.0064754586476823165,0.8905312767780634,0.007618692576788235,0.8702468312208139,
letter,gradient descent,106,45,0.006431393505108323,0.891530991145387,0.00763526509322575,0.8709139426284189,
letter,gradient descent,106,46,0.0064013790828464515,0.8896743787489289,0.007596592662134959,0.8732488325550367,
letter,gradient descent,106,47,0.0063958284625771165,0.890745501285347,0.007523428139840416,0.8732488325550367,
letter,gradient descent,106,48,0.00627195508977656,0.8931733790345615,0.007466136879421858,0.875250166777852,
letter,gradient descent,106,49,0.006239943563251959,0.893887460725507,0.00743384275074063,0.8772515010006671,
letter,gradient descent,106,50,0.006226142497035903,0.8941016852327907,0.007443180448697216,0.8742494996664443,
letter,gradient descent,106,51,0.006229801422774609,0.8932447872036561,0.0074667077589354236,0.8742494996664443,
letter,gradient descent,106,52,0.00617120526851291,0.893101970865467,0.007390345327138229,0.8762508338892595,
letter,gradient descent,106,53,0.006106411295653057,0.8953870322764924,0.00731225044365283,0.8772515010006671,
letter,gradient descent,106,54,0.006112662746477226,0.8948157669237361,0.00737732200832186,0.8762508338892595,
letter,gradient descent,106,55,0.006121691615383161,0.8937446443873179,0.007439031776597951,0.8785857238158773,
letter,gradient descent,106,56,0.006047169961867918,0.897172236503856,0.007337142427984027,0.8772515010006671,
letter,gradient descent,106,57,0.005987133046079533,0.8973150528420452,0.007273113829279059,0.8775850567044696,
letter,gradient descent,106,58,0.005979577426842542,0.896386746643816,0.007254029880575637,0.8782521681120747,
letter,gradient descent,106,59,0.005977174277877338,0.8976720936875179,0.007322495478734504,0.8739159439626417,
letter,gradient descent,106,60,0.005951825174357855,0.8976720936875179,0.007239537704402718,0.8739159439626417,
letter,gradient descent,107,1,0.03425269092010198,0.25342759211653815,0.03441649457126551,0.2428285523682455,
letter,gradient descent,107,2,0.03103976769106348,0.32612110825478435,0.03148928174871256,0.31954636424282856,
letter,gradient descent,107,3,0.029300362484890655,0.35168523279063124,0.02973199468402823,0.342895263509006,
letter,gradient descent,107,4,0.0260379314851171,0.4689374464438732,0.026450041005158083,0.4573048699132755,
letter,gradient descent,107,5,0.022175506084099787,0.549842902027992,0.022684566296999446,0.5440293529019347,
letter,gradient descent,107,6,0.020233972362967922,0.5897600685518424,0.020785228177060872,0.5790527018012008,
letter,gradient descent,107,7,0.018333870120406548,0.6353898886032562,0.018955134361974386,0.6244162775183456,
letter,gradient descent,107,8,0.01625348529991095,0.7016566695229934,0.01686066399456048,0.6924616410940627,
letter,gradient descent,107,9,0.014760168372852142,0.736361039702942,0.015358378163738664,0.7248165443629087,
letter,gradient descent,107,10,0.013946684815700331,0.7481433876035418,0.014588641596093485,0.7371581054036024,
letter,gradient descent,107,11,0.01255220259429393,0.7817766352470723,0.013182688883672636,0.7735156771180787,
letter,gradient descent,107,12,0.01168720291940167,0.8034133104827192,0.012287367281661944,0.7971981320880587,
letter,gradient descent,107,13,0.010851949893800296,0.8249785775492716,0.011463656182734186,0.8155436957971981,
letter,gradient descent,107,14,0.010409661148986574,0.8270494144530134,0.011053089928536151,0.8178785857238159,
letter,gradient descent,107,15,0.009970075135914075,0.8328334761496715,0.010598118637520281,0.8232154769846565,
letter,gradient descent,107,16,0.009598259186410251,0.8394030277063697,0.010252648559111297,0.8258839226150767,
letter,gradient descent,107,17,0.00943296968615983,0.843259068837475,0.010144464974442489,0.829219479653102,
letter,gradient descent,107,18,0.00909557546932931,0.8491145387032276,0.009855865149071703,0.8335557038025351,
letter,gradient descent,107,19,0.008865396217604515,0.8538274778634676,0.009611317391613451,0.8398932621747832,
letter,gradient descent,107,20,0.00870556608444359,0.8551128249071693,0.009465194049809986,0.8425617078052035,
letter,gradient descent,107,21,0.008510854399333922,0.8581833761782348,0.009246606736624325,0.8505670446964643,
letter,gradient descent,107,22,0.008213218083762203,0.8613253356183947,0.009013638520292779,0.8502334889926618,
letter,gradient descent,107,23,0.008035482103400696,0.8661096829477292,0.008835303442630867,0.8525683789192795,
letter,gradient descent,107,24,0.007912148269681285,0.8678234790059983,0.008748334836112766,0.8542361574382922,
letter,gradient descent,107,25,0.007727029235701072,0.87146529562982,0.00860665847461576,0.8595730486991328,
letter,gradient descent,107,26,0.007648308571022155,0.8737503570408455,0.008539450083106696,0.8582388258839226,
letter,gradient descent,107,27,0.007504464703435893,0.8758211939445872,0.008404813735730998,0.862241494329553,
letter,gradient descent,107,28,0.0074240167265408425,0.8772493573264781,0.008400441931179427,0.8605737158105403,
letter,gradient descent,107,29,0.007342646072506501,0.8776778063410454,0.008370433762058208,0.8585723815877252,
letter,gradient descent,107,30,0.007245030750054398,0.8801056840902599,0.008311131485707465,0.8662441627751835,
letter,gradient descent,107,31,0.0070609500122933875,0.8823907455012854,0.008120864018491214,0.8645763842561708,
letter,gradient descent,107,32,0.007006138389994064,0.8842473578977434,0.00808757566802406,0.8655770513675783,
letter,gradient descent,107,33,0.006963592481459276,0.8838903170522708,0.008031283315669994,0.8675783855903936,
letter,gradient descent,107,34,0.006867686712716922,0.8860325621251071,0.007973814176939775,0.866577718478986,
letter,gradient descent,107,35,0.006734946860289084,0.8868180519851471,0.007894124909275999,0.866577718478986,
letter,gradient descent,107,36,0.006703870619659898,0.8864610111396743,0.00787208152533325,0.8695797198132088,
letter,gradient descent,107,37,0.00662955715404804,0.8883176235361325,0.007777996704827645,0.872248165443629,
letter,gradient descent,107,38,0.006534068041910424,0.8903170522707797,0.0076636043193864505,0.8742494996664443,
letter,gradient descent,107,39,0.006527401344351058,0.8904598686089689,0.007657941103917417,0.8709139426284189,
letter,gradient descent,107,40,0.006479811119368538,0.8910311339617252,0.007728163087898328,0.8699132755170114,
letter,gradient descent,107,41,0.006443370641621862,0.8908169094544416,0.0076964785940366745,0.8712474983322215,
letter,gradient descent,107,42,0.006380780825802633,0.8930305626963725,0.007601211069584138,0.871581054036024,
letter,gradient descent,107,43,0.006335565841654782,0.8941016852327907,0.0075559415211116695,0.8719146097398266,
letter,gradient descent,107,44,0.0062510890059556045,0.8941016852327907,0.007529863026400423,0.8725817211474316,
letter,gradient descent,107,45,0.006205191095817664,0.8960297057983433,0.007486615099534506,0.8732488325550367,
letter,gradient descent,107,46,0.006155865730243799,0.8961725221365324,0.007429607281218365,0.8735823882588393,
letter,gradient descent,107,47,0.006145468978555937,0.8950299914310197,0.007456045147729495,0.8742494996664443,
letter,gradient descent,107,48,0.006132715978450297,0.8972436446729506,0.007412010346307362,0.8755837224816544,
letter,gradient descent,107,49,0.006081670348664149,0.8957440731219651,0.007427680846452116,0.8725817211474316,
letter,gradient descent,107,50,0.006023406100614201,0.8968866038274779,0.007359829505243392,0.875250166777852,
letter,gradient descent,107,51,0.006014371800347654,0.8966009711510997,0.007327258418374463,0.875917278185457,
letter,gradient descent,107,52,0.005948524548722538,0.8978863181948015,0.0072757444230996055,0.8785857238158773,
letter,gradient descent,107,53,0.005925902554590545,0.8972436446729506,0.00733472999456749,0.8755837224816544,
letter,gradient descent,107,54,0.005886693854949986,0.8990288489003142,0.00722797020747451,0.8779186124082722,
letter,gradient descent,107,55,0.005860448718606565,0.8988860325621251,0.00717542761624524,0.8789192795196797,
letter,gradient descent,107,56,0.0058206511461963,0.9006712367894887,0.007181153887881527,0.8755837224816544,
letter,gradient descent,107,57,0.005781121601144076,0.8997429305912596,0.007154094783551481,0.8762508338892595,
letter,gradient descent,107,58,0.0058035439329923826,0.8993858897457869,0.007192617538353754,0.8799199466310874,
letter,gradient descent,107,59,0.005729059664126554,0.9008140531276778,0.007122894181885718,0.8779186124082722,
letter,gradient descent,107,60,0.0056684739195594835,0.9023136246786633,0.007040237067593812,0.8812541694462975,
letter,gradient descent,108,1,0.03525464049428821,0.17802056555269924,0.03524049463148648,0.18045363575717144,
letter,gradient descent,108,2,0.030433813775598128,0.33861753784632964,0.03043205977085591,0.34156104069379584,
letter,gradient descent,108,3,0.027077560553254384,0.42059411596686663,0.027142688315727036,0.41561040693795864,
letter,gradient descent,108,4,0.02338637070749866,0.5686232504998572,0.023556904940969382,0.5670446964643095,
letter,gradient descent,108,5,0.01879687631300667,0.6536703798914596,0.019042600395639493,0.6507671781187458,
letter,gradient descent,108,6,0.0169774517313925,0.6852327906312482,0.017285215100891486,0.6834556370913942,
letter,gradient descent,108,7,0.015593204339682785,0.7082262210796915,0.015925049335832553,0.705136757838559,
letter,gradient descent,108,8,0.014990365640072497,0.7200799771493859,0.015420151954539822,0.7174783188792528,
letter,gradient descent,108,9,0.013786566307024658,0.7509997143673236,0.014193972098609516,0.7454969979986658,
letter,gradient descent,108,10,0.012851195645542931,0.7633533276206798,0.013364332666191886,0.7541694462975317,
letter,gradient descent,108,11,0.012481993390119682,0.7685661239645816,0.013064423911903999,0.7615076717811875,
letter,gradient descent,108,12,0.012058230770735662,0.7740645529848614,0.012658688949352419,0.7638425617078052,
letter,gradient descent,108,13,0.011708085491197713,0.7735646958011997,0.012327808660781214,0.7645096731154103,
letter,gradient descent,108,14,0.011028215407218038,0.7948443301913739,0.011657695135508944,0.78552368245497,
letter,gradient descent,108,15,0.01034151379255174,0.8248357612110826,0.011073013168154271,0.8102068045363575,
letter,gradient descent,108,16,0.009805810620052908,0.8336189660097115,0.010529980087614087,0.8182121414276184,
letter,gradient descent,108,17,0.009526363664329022,0.8354041702370751,0.01022690625990061,0.8198799199466311,
letter,gradient descent,108,18,0.00929022361514551,0.8389031705227078,0.010077311616488631,0.8232154769846565,
letter,gradient descent,108,19,0.00909866413042154,0.8421879463010569,0.009900887467465088,0.828552368245497,
letter,gradient descent,108,20,0.009013807154029541,0.8417594972864896,0.009897652550078613,0.8252168112074717,
letter,gradient descent,108,21,0.008716336399403626,0.8486860896886603,0.0095552796927194,0.8305537024683122,
letter,gradient descent,108,22,0.008557099385644397,0.8516138246215367,0.009396176327628708,0.8325550366911274,
letter,gradient descent,108,23,0.00842818457600242,0.852042273636104,0.009320264800130077,0.8338892595063375,
letter,gradient descent,108,24,0.00843137854132297,0.8513281919451585,0.009287307781538873,0.8368912608405604,
letter,gradient descent,108,25,0.008188188066620567,0.856898029134533,0.009057253535597084,0.8405603735823882,
letter,gradient descent,108,26,0.008108728606927495,0.8572550699800057,0.008984161085461927,0.8412274849899933,
letter,gradient descent,108,27,0.008076483418054725,0.8581119680091402,0.008947061191818496,0.8388925950633755,
letter,gradient descent,108,28,0.007929901856356149,0.8593259068837475,0.008795901400042895,0.8432288192128086,
letter,gradient descent,108,29,0.007833552180378718,0.8614681519565839,0.008758399066689017,0.8448965977318212,
letter,gradient descent,108,30,0.007709007873768582,0.8638960297057984,0.008649050875617736,0.8462308205470314,
letter,gradient descent,108,31,0.007637007915301089,0.8646101113967438,0.008573194161622137,0.8452301534356238,
letter,gradient descent,108,32,0.0075997162713881015,0.8651099685804056,0.008578669583729529,0.8462308205470314,
letter,gradient descent,108,33,0.007467247950882551,0.8681091116823765,0.008442234143920337,0.8492328218812542,
letter,gradient descent,108,34,0.007514377774162177,0.8685375606969438,0.008466731436367836,0.8502334889926618,
letter,gradient descent,108,35,0.007369676008692745,0.8703941730934018,0.008350055002843915,0.8535690460306872,
letter,gradient descent,108,36,0.007366658091308227,0.8711082547843473,0.00832102359116372,0.8535690460306872,
letter,gradient descent,108,37,0.00720670264216434,0.8720365609825764,0.008179184837801619,0.8545697131420947,
letter,gradient descent,108,38,0.007184775913438103,0.8729648671808055,0.008215026602208353,0.8535690460306872,
letter,gradient descent,108,39,0.007097037435954731,0.8751071122536418,0.00814680860441803,0.8562374916611074,
letter,gradient descent,108,40,0.007027097346666503,0.8751785204227364,0.008083853261109712,0.857238158772515,
letter,gradient descent,108,41,0.007005858140483287,0.8756069694373037,0.008044286474908343,0.8579052701801201,
letter,gradient descent,108,42,0.007027351611380105,0.8756069694373037,0.008062449400826486,0.8542361574382922,
letter,gradient descent,108,43,0.00691378263075068,0.8770351328191945,0.00796690474789607,0.8592394929953302,
letter,gradient descent,108,44,0.0069232867851559505,0.8766066838046273,0.008012463301103894,0.8599066044029353,
letter,gradient descent,108,45,0.006823215622298957,0.8775349900028563,0.00792907347059604,0.8569046030687125,
letter,gradient descent,108,46,0.006786586024023711,0.8788203370465582,0.007875462286964079,0.862241494329553,
letter,gradient descent,108,47,0.006742782607688847,0.8791059697229363,0.007890735087444194,0.8605737158105403,
letter,gradient descent,108,48,0.0067244570518435595,0.8801056840902599,0.007884253597405267,0.8599066044029353,
letter,gradient descent,108,49,0.006674874990464694,0.8806055412739218,0.00783601729751911,0.8592394929953302,
letter,gradient descent,108,50,0.006672570345627319,0.8791773778920309,0.007831594754719298,0.8629086057371581,
letter,gradient descent,108,51,0.006577724960738661,0.8801056840902599,0.007753422291540185,0.8605737158105403,
letter,gradient descent,108,52,0.00659988197251255,0.8805341331048272,0.007778017166454724,0.8599066044029353,
letter,gradient descent,108,53,0.006604896379277179,0.8818908883176235,0.007763812087796236,0.8642428285523682,
letter,gradient descent,108,54,0.006543841500982156,0.8815338474721508,0.007698054775772819,0.8629086057371581,
letter,gradient descent,108,55,0.006544113548878214,0.8823907455012854,0.0077604609208930695,0.8612408272181454,
letter,gradient descent,108,56,0.006486273001635029,0.8818908883176235,0.007687311158704959,0.8642428285523682,
letter,gradient descent,108,57,0.006469249095791472,0.8822479291630962,0.007664127271983032,0.8655770513675783,
letter,gradient descent,108,58,0.006367530158703481,0.8848900314195944,0.007581707770122774,0.8662441627751835,
letter,gradient descent,108,59,0.0063613272451464396,0.8836046843758926,0.007556609533820126,0.8655770513675783,
letter,gradient descent,108,60,0.006388381438096578,0.8836760925449871,0.007595463649483676,0.8679119412941961,
letter,gradient descent,109,1,0.03560519146293829,0.16602399314481578,0.0356444456642062,0.16310873915943963,
letter,gradient descent,109,2,0.03180046591626854,0.31919451585261355,0.03190457531121907,0.31754503002001333,
letter,gradient descent,109,3,0.027593823588391582,0.4475864038846044,0.027740813594035206,0.44596397598398935,
letter,gradient descent,109,4,0.025242228411109326,0.4717223650385604,0.025558427856946234,0.4706470980653769,
letter,gradient descent,109,5,0.023576281802602364,0.5216366752356469,0.024003020791205976,0.518679119412942,
letter,gradient descent,109,6,0.021833052137157794,0.5674807197943444,0.02219391079644922,0.5633755837224816,
letter,gradient descent,109,7,0.018737924216166633,0.6493858897457869,0.019145110327192426,0.6490993995997332,
letter,gradient descent,109,8,0.01728882156762547,0.6763067694944301,0.017870770130458073,0.6607738492328219,
letter,gradient descent,109,9,0.01483870791809967,0.7356469580119965,0.015394298774445585,0.7254836557705137,
letter,gradient descent,109,10,0.014061082405269315,0.7403598971722365,0.014739485579738091,0.7291527685123416,
letter,gradient descent,109,11,0.013491915187077761,0.7493573264781491,0.014159890380540462,0.7351567711807871,
letter,gradient descent,109,12,0.013043801835316685,0.7527135104255926,0.013792173343506879,0.7398265510340227,
letter,gradient descent,109,13,0.01269916564105239,0.7610682662096544,0.01350450662414202,0.7471647765176784,
letter,gradient descent,109,14,0.012464402164433364,0.7637103684661525,0.013283856499965668,0.7518345563709139,
letter,gradient descent,109,15,0.012185125926535563,0.7649243073407598,0.013068030551193875,0.7521681120747165,
letter,gradient descent,109,16,0.011986170693637225,0.7699228791773779,0.012877889808412743,0.7538358905937291,
letter,gradient descent,109,17,0.011789195267634129,0.7727792059411597,0.012637207865789691,0.7598398932621748,
letter,gradient descent,109,18,0.01169709540276508,0.7727792059411597,0.01261469660952914,0.7601734489659773,
letter,gradient descent,109,19,0.01150827587492311,0.7766352470722651,0.012492773156713021,0.7635090060040026,
letter,gradient descent,109,20,0.011323390826667105,0.7812053698943159,0.012310429252617579,0.7655103402268179,
letter,gradient descent,109,21,0.011186130892746041,0.7827049414453013,0.01218547304967708,0.7665110073382255,
letter,gradient descent,109,22,0.01101340472589483,0.7892744930019995,0.01198985019079225,0.7795196797865244,
letter,gradient descent,109,23,0.010025447579510823,0.8186232504998572,0.011034753360768385,0.804869913275517,
letter,gradient descent,109,24,0.00981281520087681,0.8203370465581262,0.01081118127519872,0.8075383589059373,
letter,gradient descent,109,25,0.00969142911669876,0.8201228220508426,0.010609775622722802,0.805537024683122,
letter,gradient descent,109,26,0.009441722426329284,0.8246929448728935,0.010435179717576529,0.8075383589059373,
letter,gradient descent,109,27,0.009086993920117152,0.8516852327906312,0.01008331711347993,0.8385590393595731,
letter,gradient descent,109,28,0.008557521206804437,0.8555412739217366,0.009509671444675015,0.8408939292861908,
letter,gradient descent,109,29,0.00815649604443259,0.8602542130819766,0.009191512721949046,0.8445630420280187,
letter,gradient descent,109,30,0.008048902020980528,0.8605398457583547,0.009077647436877213,0.8442294863242161,
letter,gradient descent,109,31,0.007864212031512056,0.8622536418166238,0.008860793568678338,0.8485657104736491,
letter,gradient descent,109,32,0.00782439101435766,0.8648243359040274,0.008863519293802396,0.8475650433622415,
letter,gradient descent,109,33,0.00770933341266528,0.8642530705512711,0.008751289521675126,0.8498999332888593,
letter,gradient descent,109,34,0.007609346055361005,0.864895744073122,0.008627554089004567,0.8505670446964643,
letter,gradient descent,109,35,0.007545672702529554,0.8662524992859183,0.008542817542876288,0.8535690460306872,
letter,gradient descent,109,36,0.007435127645732679,0.8685375606969438,0.008477203220814104,0.8535690460306872,
letter,gradient descent,109,37,0.007449673407969358,0.8685375606969438,0.008532633875159552,0.8525683789192795,
letter,gradient descent,109,38,0.007334924377806872,0.8698229077406455,0.008346306712744013,0.857238158772515,
letter,gradient descent,109,39,0.007349130631211455,0.8704655812624964,0.008374919034564719,0.85657104736491,
letter,gradient descent,109,40,0.0071999780160838375,0.8717509283061983,0.00822683438755864,0.8605737158105403,
letter,gradient descent,109,41,0.007136994720785772,0.8724650099971437,0.008187886594090194,0.8569046030687125,
letter,gradient descent,109,42,0.007149340927631761,0.8729648671808055,0.00823165877933995,0.8589059372915276,
letter,gradient descent,109,43,0.0070446830894989616,0.8741788060554128,0.008119643019047171,0.8595730486991328,
letter,gradient descent,109,44,0.006980309860499233,0.87617823479006,0.00806264366463102,0.8592394929953302,
letter,gradient descent,109,45,0.006918868315505738,0.8766066838046273,0.0080086389485406,0.8599066044029353,
letter,gradient descent,109,46,0.006927550978516166,0.8756783776063982,0.00805102555292729,0.8589059372915276,
letter,gradient descent,109,47,0.006826171487988722,0.8781776635247073,0.007991275695889935,0.861574382921948,
letter,gradient descent,109,48,0.006819528640532882,0.8787489288774636,0.007991391890305307,0.8612408272181454,
letter,gradient descent,109,49,0.0067822635869976226,0.8783918880319909,0.007916701257749806,0.8605737158105403,
letter,gradient descent,109,50,0.006722974796352037,0.879463010568409,0.007868949188122157,0.861574382921948,
letter,gradient descent,109,51,0.006630742405856019,0.8816052556412454,0.00781484879485386,0.8632421614409607,
letter,gradient descent,109,52,0.00660860003896521,0.8812482147957726,0.007753686767523308,0.8649099399599733,
letter,gradient descent,109,53,0.0065706065327041565,0.8830334190231363,0.0077453974749898905,0.8625750500333556,
letter,gradient descent,109,54,0.006565192197364821,0.8831762353613254,0.0077499279127077846,0.8655770513675783,
letter,gradient descent,109,55,0.006524136809824185,0.8835332762067981,0.0077092002219213435,0.8659106070713809,
letter,gradient descent,109,56,0.006462944179014132,0.8838903170522708,0.0076422098377893185,0.8662441627751835,
letter,gradient descent,109,57,0.006434063320790848,0.8848900314195944,0.007592242196802517,0.8675783855903936,
letter,gradient descent,109,58,0.006439361591459144,0.8843901742359326,0.007711304912559474,0.8629086057371581,
letter,gradient descent,109,59,0.006371437976315391,0.8860325621251071,0.007531265421735345,0.8709139426284189,
letter,gradient descent,109,60,0.006362372547927623,0.8861039702942016,0.00751863936863137,0.8692461641094062,
letter,gradient descent,110,1,0.03419778606199128,0.2006569551556698,0.034232138616629666,0.19846564376250833,
letter,gradient descent,110,2,0.030758286699847277,0.34154527277920593,0.030806782221209177,0.3392261507671781,
letter,gradient descent,110,3,0.027479643933077422,0.4050985432733505,0.02746526161220252,0.4092728485657105,
letter,gradient descent,110,4,0.02581370993401963,0.4444444444444444,0.02578155322852428,0.44729819879919946,
letter,gradient descent,110,5,0.02197931897922651,0.573978863181948,0.021997163981367713,0.5763842561707805,
letter,gradient descent,110,6,0.018119205866281945,0.6739502999143102,0.018309371334983966,0.6731154102735156,
letter,gradient descent,110,7,0.015647878780127817,0.7294344473007712,0.015907324591745674,0.7244829886591061,
letter,gradient descent,110,8,0.01404089307192642,0.7562125107112254,0.014413809421724011,0.7501667778519012,
letter,gradient descent,110,9,0.013189668524695887,0.7647100828334762,0.013558771589350075,0.7655103402268179,
letter,gradient descent,110,10,0.01261783830314638,0.7726363896029705,0.013041428315993754,0.7675116744496331,
letter,gradient descent,110,11,0.011980901422735328,0.7964153099114538,0.012499368143573152,0.7961974649766511,
letter,gradient descent,110,12,0.011028552457440437,0.8171236789488717,0.011516225957643235,0.8112074716477652,
letter,gradient descent,110,13,0.010525485802323205,0.8228363324764353,0.011112864524174806,0.8115410273515677,
letter,gradient descent,110,14,0.010109553713474863,0.8276920879748644,0.010753424872717899,0.8172114743162108,
letter,gradient descent,110,15,0.009890515298521092,0.8308340474150243,0.010533343869264616,0.8162108072048032,
letter,gradient descent,110,16,0.009603089832366808,0.8355469865752642,0.01033307528628187,0.8212141427618412,
letter,gradient descent,110,17,0.00943227007876232,0.8365467009425879,0.010138640253249528,0.823549032688459,
letter,gradient descent,110,18,0.009171214171558617,0.840902599257355,0.009882907099410731,0.8312208138759173,
letter,gradient descent,110,19,0.008985733808929664,0.8441873750357041,0.009752713008977487,0.8305537024683122,
letter,gradient descent,110,20,0.008817286847341444,0.8461868037703514,0.009639167504798042,0.8315543695797198,
letter,gradient descent,110,21,0.00861836448797975,0.8480434161668094,0.009442404602933198,0.8332221480987325,
letter,gradient descent,110,22,0.008625423088940935,0.8478291916595259,0.009460555897992967,0.8345563709139426,
letter,gradient descent,110,23,0.008433660885527838,0.8513281919451585,0.009252218219415586,0.8372248165443629,
letter,gradient descent,110,24,0.008353200356688779,0.8507569265924022,0.009184647335164439,0.8375583722481654,
letter,gradient descent,110,25,0.008236485808894202,0.8538988860325621,0.009054041208629224,0.8385590393595731,
letter,gradient descent,110,26,0.008135870153540673,0.8534704370179949,0.00900741214718541,0.8372248165443629,
letter,gradient descent,110,27,0.008048040290593467,0.8573978863181948,0.00889552112756321,0.8422281521014009,
letter,gradient descent,110,28,0.007917087658107436,0.8570408454727221,0.008806022407821435,0.8425617078052035,
letter,gradient descent,110,29,0.007848837354500352,0.8586118251928021,0.008722280835706723,0.8468979319546365,
letter,gradient descent,110,30,0.007742920126453255,0.8613253356183947,0.008624740772554209,0.8472314876584389,
letter,gradient descent,110,31,0.0076537248256176044,0.8631105398457584,0.008496673785115637,0.8515677118078719,
letter,gradient descent,110,32,0.007557519942418241,0.8638960297057984,0.008463388039641547,0.8495663775850567,
letter,gradient descent,110,33,0.007492022238997187,0.8652527849185947,0.008353591632798167,0.8522348232154769,
letter,gradient descent,110,34,0.007409025649738541,0.866609540131391,0.008346229811868628,0.8519012675116745,
letter,gradient descent,110,35,0.007401821629553365,0.8663953156241074,0.008320490642874183,0.8519012675116745,
letter,gradient descent,110,36,0.007319398754291991,0.8669665809768637,0.008227825731642267,0.8552368245496998,
letter,gradient descent,110,37,0.007279135504147882,0.8687517852042274,0.008139636572609936,0.8569046030687125,
letter,gradient descent,110,38,0.007283872035331708,0.8663953156241074,0.00818769542285817,0.8562374916611074,
letter,gradient descent,110,39,0.0072118613914929595,0.8696800914024564,0.008204693410758525,0.8562374916611074,
letter,gradient descent,110,40,0.00711145706124838,0.8703941730934018,0.008043503802687639,0.8589059372915276,
letter,gradient descent,110,41,0.007124248785106583,0.869751499571551,0.008045268240515631,0.8589059372915276,
letter,gradient descent,110,42,0.007004530401026047,0.8726078263353327,0.007992415644414316,0.8595730486991328,
letter,gradient descent,110,43,0.007036311976321823,0.8720365609825764,0.008038117696031499,0.857238158772515,
letter,gradient descent,110,44,0.006933629062032062,0.8732504998571836,0.00793607990956746,0.8582388258839226,
letter,gradient descent,110,45,0.006889025581195075,0.8751071122536418,0.007858448775508498,0.8579052701801201,
letter,gradient descent,110,46,0.006874596388559522,0.8741073978863182,0.007852150231968473,0.8629086057371581,
letter,gradient descent,110,47,0.006824997895770622,0.8749642959154528,0.007772062597145091,0.8629086057371581,
letter,gradient descent,110,48,0.006761113960185419,0.8751071122536418,0.007711982134921645,0.8602401601067379,
letter,gradient descent,110,49,0.006749192578267211,0.8763924592973437,0.007754552106174623,0.8605737158105403,
letter,gradient descent,110,50,0.00669744950919952,0.87617823479006,0.007706902675587375,0.8619079386257505,
letter,gradient descent,110,51,0.006674144835374325,0.8763924592973437,0.007705154026704379,0.8609072715143429,
letter,gradient descent,110,52,0.006675806170562366,0.8767495001428164,0.007673097281014,0.8632421614409607,
letter,gradient descent,110,53,0.006643462844598163,0.87774921451014,0.00769572040589387,0.8635757171447632,
letter,gradient descent,110,54,0.006588070700354738,0.8782490716938017,0.0075864454640148715,0.866577718478986,
letter,gradient descent,110,55,0.006541516394158153,0.8783918880319909,0.0075671516345735225,0.8639092728485657,
letter,gradient descent,110,56,0.006507343650287936,0.8791773778920309,0.007532258191051629,0.8669112741827886,
letter,gradient descent,110,57,0.006492250485433014,0.8793201942302199,0.00753327301386345,0.8652434956637759,
letter,gradient descent,110,58,0.006466498167018204,0.8797486432447872,0.007541202991445098,0.8659106070713809,
letter,gradient descent,110,59,0.006473379726437388,0.8797486432447872,0.007565918645731399,0.8662441627751835,
letter,gradient descent,110,60,0.0064073131219126575,0.8814624393030562,0.007465430041891838,0.8695797198132088,
letter,gradient descent,111,1,0.03678446348056416,0.12103684661525278,0.03675264644472902,0.12174783188792529,
letter,gradient descent,111,2,0.0329124299061443,0.2855612682090831,0.03279336170141201,0.2951967978652435,
letter,gradient descent,111,3,0.029323816627419896,0.39431590974007424,0.02914491551020431,0.40326884589726486,
letter,gradient descent,111,4,0.026536663548815342,0.4329477292202228,0.02641552167495211,0.4466310873915944,
letter,gradient descent,111,5,0.02273508496899704,0.5551985147100829,0.02260971142982925,0.561707805203469,
letter,gradient descent,111,6,0.019278957774876766,0.6378177663524707,0.019409767648610108,0.6404269513008672,
letter,gradient descent,111,7,0.017509651028980378,0.669594401599543,0.01763976971756865,0.6711140760507005,
letter,gradient descent,111,8,0.014964177659392976,0.7411453870322765,0.015211803113124905,0.7388258839226151,
letter,gradient descent,111,9,0.013766829121068835,0.756426735218509,0.014154282536834116,0.7501667778519012,
letter,gradient descent,111,10,0.013025308683097049,0.7683518994572979,0.013471980672534288,0.7658438959306204,
letter,gradient descent,111,11,0.012385201651039998,0.7807055127106541,0.012911585435691049,0.7738492328218812,
letter,gradient descent,111,12,0.011959821905469448,0.7851328191945158,0.012508610651523627,0.7751834556370913,
letter,gradient descent,111,13,0.01165313488280607,0.7929877177949157,0.012228425946266814,0.7838559039359573,
letter,gradient descent,111,14,0.01134332785863461,0.7944872893459012,0.011953122353047727,0.7901934623082054,
letter,gradient descent,111,15,0.011090787455554321,0.7997714938588975,0.011698310131626333,0.7931954636424283,
letter,gradient descent,111,16,0.01083029807327838,0.8044844330191374,0.011504106801597958,0.7938625750500333,
letter,gradient descent,111,17,0.01063961140996888,0.8064838617537846,0.01137203265356608,0.795530353569046,
letter,gradient descent,111,18,0.010349601895086182,0.8129820051413882,0.011083040867654945,0.8042028018679119,
letter,gradient descent,111,19,0.010163767427960756,0.8161953727506427,0.010963948025397284,0.8022014676450967,
letter,gradient descent,111,20,0.009928844007466955,0.8199085975435589,0.010778037434967129,0.805537024683122,
letter,gradient descent,111,21,0.009771086377964153,0.8221222507854898,0.010629879642761231,0.8075383589059373,
letter,gradient descent,111,22,0.009630799282217465,0.8238360468437589,0.01048936814150413,0.8138759172781854,
letter,gradient descent,111,23,0.009501906427665026,0.8260497000856898,0.010410897121954726,0.8112074716477652,
letter,gradient descent,111,24,0.009329083974655965,0.8289060268494716,0.010305852471364986,0.8115410273515677,
letter,gradient descent,111,25,0.00931146662717023,0.8291916595258497,0.010352552111878592,0.8132088058705804,
letter,gradient descent,111,26,0.009068273564634908,0.832762067980577,0.010071208934788035,0.8162108072048032,
letter,gradient descent,111,27,0.008935691619418193,0.834475864038846,0.009941280279203582,0.819212808539026,
letter,gradient descent,111,28,0.008878263157110402,0.8364038846043987,0.00995786631939839,0.8195463642428286,
letter,gradient descent,111,29,0.008796993995075006,0.8379748643244788,0.009851906834211431,0.8208805870580387,
letter,gradient descent,111,30,0.00867740616189352,0.8398314767209368,0.009794398026300773,0.8198799199466311,
letter,gradient descent,111,31,0.008598233653049797,0.8404741502427878,0.009692960891809235,0.8248832555036691,
letter,gradient descent,111,32,0.008503683117163388,0.8408311910882605,0.009634952891557124,0.8218812541694464,
letter,gradient descent,111,33,0.008495082269374751,0.8412596401028277,0.009645666870899837,0.823549032688459,
letter,gradient descent,111,34,0.008404520130011908,0.8414738646101114,0.009565173334494184,0.8228819212808539,
letter,gradient descent,111,35,0.008353913483291427,0.8441873750357041,0.009523525506629877,0.8245496997998666,
letter,gradient descent,111,36,0.008193694069290084,0.8470437017994858,0.009353162637501675,0.8295530353569046,
letter,gradient descent,111,37,0.008164839157327599,0.8477577834904313,0.009373105282061794,0.8275517011340894,
letter,gradient descent,111,38,0.008156200765335549,0.8462582119394458,0.009353167248294155,0.8265510340226818,
letter,gradient descent,111,39,0.0072346850335549195,0.8814624393030562,0.008476882955525926,0.85657104736491,
letter,gradient descent,111,40,0.00698570715431771,0.8823193373321908,0.008227179391691541,0.862241494329553,
letter,gradient descent,111,41,0.0068737049378198795,0.8813910311339618,0.008106262217374139,0.8625750500333556,
letter,gradient descent,111,42,0.006791690304155459,0.8831762353613254,0.008044812531963558,0.8635757171447632,
letter,gradient descent,111,43,0.006693668522113272,0.8848900314195944,0.007919888967403926,0.8655770513675783,
letter,gradient descent,111,44,0.006634324401500261,0.8846043987432162,0.007930548411295233,0.8635757171447632,
letter,gradient descent,111,45,0.006669660612649155,0.8842473578977434,0.007910272086899718,0.866577718478986,
letter,gradient descent,111,46,0.006632045842630684,0.8856041131105399,0.007929229131650855,0.8639092728485657,
letter,gradient descent,111,47,0.006490438115169984,0.8864610111396743,0.007774661143308088,0.8659106070713809,
letter,gradient descent,111,48,0.006452489734282525,0.8886032562125107,0.007788749620645957,0.8709139426284189,
letter,gradient descent,111,49,0.006437764221212727,0.8881033990288489,0.007770663689411844,0.8669112741827886,
letter,gradient descent,111,50,0.006331303129297536,0.8893173379034561,0.007677528906053768,0.8702468312208139,
letter,gradient descent,111,51,0.006402071875802975,0.8877463581833762,0.007750090009549775,0.8689126084056037,
letter,gradient descent,111,52,0.006276958908732523,0.8908883176235362,0.007610978652488136,0.8695797198132088,
letter,gradient descent,111,53,0.00624239332915445,0.8916023993144816,0.007599360308018298,0.8732488325550367,
letter,gradient descent,111,54,0.006236024326963337,0.8914595829762925,0.0075894361691285946,0.8749166110740494,
letter,gradient descent,111,55,0.0061852043091276164,0.8913881748071979,0.007588530763813832,0.8712474983322215,
letter,gradient descent,111,56,0.006200167723974471,0.8919594401599543,0.0076037803245864646,0.8712474983322215,
letter,gradient descent,111,57,0.006169121719943108,0.8923878891745216,0.007591488421412376,0.8725817211474316,
letter,gradient descent,111,58,0.006130105997649964,0.8932447872036561,0.007561214901245594,0.8709139426284189,
letter,gradient descent,111,59,0.006053629352568689,0.8929591545272779,0.00745558356671762,0.8762508338892595,
letter,gradient descent,111,60,0.006056642822024121,0.8929591545272779,0.00746269860486497,0.8739159439626417,
letter,gradient descent,112,1,0.034607015917716144,0.16766638103399029,0.03456143242756918,0.16844563042028018,
letter,gradient descent,112,2,0.0305176950805275,0.3130534133104827,0.03056386080653915,0.3138759172781855,
letter,gradient descent,112,3,0.027846918009440953,0.3773207654955727,0.027966813698135366,0.37158105403602404,
letter,gradient descent,112,4,0.02535707478747124,0.4629391602399314,0.02550808036850597,0.4579719813208806,
letter,gradient descent,112,5,0.02305595665837588,0.5107112253641817,0.023261947353166956,0.5140093395597065,
letter,gradient descent,112,6,0.019871458194603297,0.6234647243644673,0.020088588478064464,0.6210807204803203,
letter,gradient descent,112,7,0.01779675617364165,0.6720222793487575,0.018125803216447554,0.6704469646430954,
letter,gradient descent,112,8,0.015314230821704449,0.7294344473007712,0.01575204482767462,0.7224816544362909,
letter,gradient descent,112,9,0.014197289074097065,0.7478577549271637,0.014637349531574967,0.742494996664443,
letter,gradient descent,112,10,0.01342662241375278,0.7650671236789489,0.01392559465660749,0.7581721147431622,
letter,gradient descent,112,11,0.012923434568398062,0.7649243073407598,0.01346602536854195,0.7605070046697798,
letter,gradient descent,112,12,0.012388078331766117,0.7714224507283634,0.012942194664868253,0.7645096731154103,
letter,gradient descent,112,13,0.011301432636071944,0.8051271065409883,0.011866359515734105,0.800533689126084,
letter,gradient descent,112,14,0.010756485182129197,0.8130534133104828,0.011283774794648978,0.8038692461641094,
letter,gradient descent,112,15,0.010501853532460467,0.8160525564124536,0.011079996358785985,0.804869913275517,
letter,gradient descent,112,16,0.010154613387542798,0.8190516995144245,0.010769904750703854,0.8085390260173448,
letter,gradient descent,112,17,0.009867505529497236,0.8252642102256498,0.010523502298848924,0.8165443629086058,
letter,gradient descent,112,18,0.009724520523096703,0.8276920879748644,0.010420385646847127,0.8165443629086058,
letter,gradient descent,112,19,0.009505221652051414,0.8304770065695516,0.010240782659699016,0.8158772515010007,
letter,gradient descent,112,20,0.009336363727909046,0.8338331905169951,0.010137962485408613,0.8178785857238159,
letter,gradient descent,112,21,0.009189287233370726,0.8354755784061697,0.010021760922434548,0.8202134756504337,
letter,gradient descent,112,22,0.00900153623719914,0.8369037417880606,0.00983685924620401,0.8195463642428286,
letter,gradient descent,112,23,0.00889516137461143,0.8385461296772351,0.009685314225990428,0.8228819212808539,
letter,gradient descent,112,24,0.008772168282462887,0.8414024564410169,0.009650047663364183,0.8255503669112741,
letter,gradient descent,112,25,0.008658976082514551,0.8413310482719223,0.00949410635474867,0.8265510340226818,
letter,gradient descent,112,26,0.008621866792247938,0.8424021708083405,0.009457133219451526,0.8258839226150767,
letter,gradient descent,112,27,0.008402143211006704,0.8457583547557841,0.009286030623671258,0.8298865910607072,
letter,gradient descent,112,28,0.008409770792781794,0.8463296201085404,0.009349530232315915,0.8262174783188793,
letter,gradient descent,112,29,0.008280346094801138,0.8483290488431876,0.009204034745749415,0.8322214809873248,
letter,gradient descent,112,30,0.008176694343693409,0.8503998857469295,0.009054136588536717,0.8338892595063375,
letter,gradient descent,112,31,0.008100899593653055,0.8501142530705512,0.008987188591938063,0.8305537024683122,
letter,gradient descent,112,32,0.00799983843785966,0.8523279063124821,0.008890790686559008,0.8342228152101401,
letter,gradient descent,112,33,0.007966019138491978,0.8533276206798057,0.008878369246026457,0.8385590393595731,
letter,gradient descent,112,34,0.007936142799145186,0.8534704370179949,0.008819666708136036,0.8402268178785858,
letter,gradient descent,112,35,0.007882661744267144,0.8549700085689803,0.008753821703375053,0.8415610406937959,
letter,gradient descent,112,36,0.007818552604614719,0.8561839474435875,0.008706208915174565,0.8402268178785858,
letter,gradient descent,112,37,0.0076645374412345766,0.8573978863181948,0.00858194446840459,0.8412274849899933,
letter,gradient descent,112,38,0.007630278759066746,0.8577549271636675,0.008526811860050868,0.8422281521014009,
letter,gradient descent,112,39,0.007630116383343995,0.8581833761782348,0.008576215981839339,0.8402268178785858,
letter,gradient descent,112,40,0.007575563088798027,0.8583261925164238,0.00854532501594437,0.842895263509006,
letter,gradient descent,112,41,0.007499045621158064,0.860182804912882,0.008385895885552061,0.8475650433622415,
letter,gradient descent,112,42,0.0074357953225152144,0.8619680091402456,0.008353051384332004,0.8472314876584389,
letter,gradient descent,112,43,0.007365143919768801,0.8626820908311911,0.008233361459369655,0.847898599066044,
letter,gradient descent,112,44,0.007349836368864107,0.8623250499857184,0.008274920055078376,0.8505670446964643,
letter,gradient descent,112,45,0.00725336843175031,0.8638960297057984,0.008132030278075308,0.8512341561040694,
letter,gradient descent,112,46,0.007222467291375268,0.8657526421022566,0.008151280891713334,0.8498999332888593,
letter,gradient descent,112,47,0.00721165106273478,0.8669665809768637,0.008101139404724534,0.8505670446964643,
letter,gradient descent,112,48,0.007209446209896911,0.8644672950585547,0.008090586581650818,0.8509006004002668,
letter,gradient descent,112,49,0.007132390830588333,0.8665381319622965,0.008024199057378684,0.8545697131420947,
letter,gradient descent,112,50,0.007165977447654244,0.86753784632962,0.008149025720664275,0.8515677118078719,
letter,gradient descent,112,51,0.007045421933151467,0.867395029991431,0.008008515636230803,0.8542361574382922,
letter,gradient descent,112,52,0.007059459396361386,0.8668951728077692,0.008036755341237304,0.8545697131420947,
letter,gradient descent,112,53,0.006993683183215828,0.8693944587260782,0.007902643597196859,0.8569046030687125,
letter,gradient descent,112,54,0.006944146073108426,0.869751499571551,0.007878845884798069,0.8559039359573049,
letter,gradient descent,112,55,0.0069052396304228715,0.8711796629534418,0.007860926901902742,0.8552368245496998,
letter,gradient descent,112,56,0.006884445005707531,0.8707512139388746,0.007810408765180816,0.8589059372915276,
letter,gradient descent,112,57,0.006889573501578692,0.8711082547843473,0.007794220909732066,0.8589059372915276,
letter,gradient descent,112,58,0.006874320901228348,0.8694658668951728,0.007816880971758132,0.8582388258839226,
letter,gradient descent,112,59,0.006831368818168212,0.8711796629534418,0.007800022183372214,0.8599066044029353,
letter,gradient descent,112,60,0.006781748315166715,0.87225078548986,0.007751913038907766,0.8599066044029353,
letter,gradient descent,113,1,0.03633898233480228,0.16023993144815768,0.036480127067115356,0.15777184789859908,
letter,gradient descent,113,2,0.03300474072113199,0.2298628963153385,0.03325092669378589,0.2304869913275517,
letter,gradient descent,113,3,0.031154796138026974,0.2686375321336761,0.03137923804187162,0.26617745163442297,
letter,gradient descent,113,4,0.02922079482732113,0.34575835475578404,0.029385055069782777,0.347231487658439,
letter,gradient descent,113,5,0.02776682386698491,0.3720365609825764,0.027792764262427414,0.37858572381587724,
letter,gradient descent,113,6,0.025888724654955397,0.46279634390174235,0.02595853664534481,0.4626417611741161,
letter,gradient descent,113,7,0.023902714320368966,0.5109254498714653,0.02405295018862532,0.5130086724482988,
letter,gradient descent,113,8,0.021820421202777492,0.5510568409025992,0.02211316528250941,0.5490326884589727,
letter,gradient descent,113,9,0.020786298367810093,0.5693373321908026,0.021127019808543833,0.5653769179452969,
letter,gradient descent,113,10,0.01892340394240417,0.6195372750642674,0.01919129538999033,0.6184122748498999,
letter,gradient descent,113,11,0.01707903909344959,0.6637389317337904,0.017411790257152542,0.6584389593062041,
letter,gradient descent,113,12,0.015529574099420133,0.6972293630391316,0.01586564535527826,0.6911274182788526,
letter,gradient descent,113,13,0.015037403956557642,0.6996572407883462,0.015428507770356219,0.695130086724483,
letter,gradient descent,113,14,0.01417366961665268,0.7275064267352185,0.014687958671392764,0.7251501000667111,
letter,gradient descent,113,15,0.012795756938746327,0.7627820622679234,0.013265937319848584,0.7571714476317545,
letter,gradient descent,113,16,0.01231759744755651,0.7652813481862325,0.012728965465909467,0.76184122748499,
letter,gradient descent,113,17,0.012024306548371968,0.7688517566409597,0.012490577674033013,0.7671781187458305,
letter,gradient descent,113,18,0.011395447548587677,0.7908454727220794,0.011905164303050685,0.7865243495663776,
letter,gradient descent,113,19,0.011031968886445122,0.7964867180805484,0.011469591396971316,0.7911941294196131,
letter,gradient descent,113,20,0.010861079402237007,0.7972722079405884,0.011360088944590724,0.7928619079386258,
letter,gradient descent,113,21,0.010668027871033343,0.8016995144244502,0.011147277802907887,0.7995330220146765,
letter,gradient descent,113,22,0.010488226272122102,0.8050556983718937,0.010978851294384947,0.7981987991994663,
letter,gradient descent,113,23,0.010297746796739476,0.8058411882319337,0.010770758189204699,0.8058705803869246,
letter,gradient descent,113,24,0.01013975031424325,0.8094830048557555,0.010634995237302753,0.8058705803869246,
letter,gradient descent,113,25,0.010033988542920202,0.8094830048557555,0.010508116691528627,0.8078719146097398,
letter,gradient descent,113,26,0.009936721444332058,0.8134818623250499,0.010491530274555766,0.8082054703135424,
letter,gradient descent,113,27,0.00965746251247434,0.8177663524707226,0.010171656038836435,0.813542361574383,
letter,gradient descent,113,28,0.009641952791797002,0.8171950871179663,0.010200729492869515,0.8145430286857905,
letter,gradient descent,113,29,0.009474988571707017,0.8188374750071408,0.009973400281964615,0.8178785857238159,
letter,gradient descent,113,30,0.009439439871155425,0.819123107683519,0.009989351774082732,0.8168779186124083,
letter,gradient descent,113,31,0.009282677744487636,0.8220508426163953,0.009874569073707318,0.8202134756504337,
letter,gradient descent,113,32,0.009214031222813298,0.8236218223364753,0.009751816570827522,0.8205470313542361,
letter,gradient descent,113,33,0.009181115358688692,0.8244073121965153,0.009723394561886157,0.8228819212808539,
letter,gradient descent,113,34,0.009061994256014049,0.825549842902028,0.009672205417599921,0.8208805870580387,
letter,gradient descent,113,35,0.009025922101916502,0.8266923736075407,0.00958560233615697,0.8245496997998666,
letter,gradient descent,113,36,0.008864814075746666,0.8291916595258497,0.009415649594394313,0.8272181454302868,
letter,gradient descent,113,37,0.008845219184693703,0.829620108540417,0.009442889609242439,0.8255503669112741,
letter,gradient descent,113,38,0.008771863339700042,0.8302627820622679,0.009397045022374664,0.8302201467645097,
letter,gradient descent,113,39,0.008758265065614397,0.8314053127677806,0.009403170718062622,0.828552368245497,
letter,gradient descent,113,40,0.007503710891671788,0.8663953156241074,0.008299590252565622,0.8582388258839226,
letter,gradient descent,113,41,0.007341698192077588,0.8667523564695802,0.008116479408400998,0.8629086057371581,
letter,gradient descent,113,42,0.0073103094717899275,0.868966009711511,0.008062991125863145,0.8629086057371581,
letter,gradient descent,113,43,0.007269589638250771,0.8683947443587546,0.008032362191884542,0.8659106070713809,
letter,gradient descent,113,44,0.007122579738662126,0.8706798057697801,0.007873164073018232,0.866577718478986,
letter,gradient descent,113,45,0.007092284232604113,0.8723936018280491,0.00790584974404656,0.8642428285523682,
letter,gradient descent,113,46,0.007023740514807276,0.8728220508426164,0.007862882011418318,0.8679119412941961,
letter,gradient descent,113,47,0.006995877235704517,0.8740359897172236,0.007771861467735244,0.8689126084056037,
letter,gradient descent,113,48,0.0069481422494593985,0.8746786632390745,0.0077405786524063725,0.8682454969979987,
letter,gradient descent,113,49,0.007037940891301555,0.8756783776063982,0.00786798027897223,0.8669112741827886,
letter,gradient descent,113,50,0.0069215231586927,0.8751785204227364,0.007647267730527668,0.8682454969979987,
letter,gradient descent,113,51,0.006810960773238401,0.8771779491573836,0.0076748311311055015,0.8679119412941961,
letter,gradient descent,113,52,0.006725108873100277,0.8786061125392745,0.007623904137775387,0.8682454969979987,
letter,gradient descent,113,53,0.006762437039542656,0.8790345615538417,0.007660802573826126,0.8702468312208139,
letter,gradient descent,113,54,0.006692055951159602,0.880248500428449,0.007641860557415516,0.8692461641094062,
letter,gradient descent,113,55,0.006585955353141765,0.8813196229648672,0.007477840778014219,0.8719146097398266,
letter,gradient descent,113,56,0.006567233438830296,0.8822479291630962,0.007471693268763089,0.8719146097398266,
letter,gradient descent,113,57,0.006525040875723612,0.8826763781776635,0.007443329142549488,0.8735823882588393,
letter,gradient descent,113,58,0.006538170077934733,0.8855327049414453,0.007531054141915436,0.8725817211474316,
letter,gradient descent,113,59,0.006452372207997744,0.885104255926878,0.007383704045109461,0.875250166777852,
letter,gradient descent,113,60,0.0064028568420458,0.887460725506998,0.007411538214622135,0.8739159439626417,
letter,gradient descent,114,1,0.035450766105944845,0.1598114824335904,0.03539010969348096,0.15777184789859908,
letter,gradient descent,114,2,0.031899161271907714,0.3324050271351043,0.03185291987006813,0.33855903935957304,
letter,gradient descent,114,3,0.027270455990711814,0.4662239360182805,0.027513586443406075,0.46064042695130086,
letter,gradient descent,114,4,0.022934611115479307,0.5664810054270208,0.0232309112260492,0.5630420280186791,
letter,gradient descent,114,5,0.020291832938640616,0.6058983147672093,0.020685314855957808,0.604069379586391,
letter,gradient descent,114,6,0.018112363486960367,0.6625964010282777,0.01843346294971281,0.6644429619746498,
letter,gradient descent,114,7,0.016747629836554836,0.6819480148528991,0.01703047195751227,0.6821214142761841,
letter,gradient descent,114,8,0.01531258216752887,0.7240074264495858,0.015713534765814035,0.7174783188792528,
letter,gradient descent,114,9,0.013484427461195233,0.7659240217080834,0.013913186912344833,0.7628418945963976,
letter,gradient descent,114,10,0.012683495898970653,0.7762782062267923,0.013147349812267423,0.7678452301534356,
letter,gradient descent,114,11,0.01229493139337353,0.7779205941159668,0.012746761779520822,0.771847898599066,
letter,gradient descent,114,12,0.01177236255654392,0.7869180234218794,0.012284079870485498,0.7735156771180787,
letter,gradient descent,114,13,0.01032669168171666,0.8250499857183662,0.010923841394468305,0.8128752501667779,
letter,gradient descent,114,14,0.009920933063050218,0.8289774350185661,0.010556346894111196,0.8165443629086058,
letter,gradient descent,114,15,0.009656806640040632,0.8329048843187661,0.010327468941266004,0.819212808539026,
letter,gradient descent,114,16,0.009435097018918879,0.8361182519280206,0.0101147182663612,0.8255503669112741,
letter,gradient descent,114,17,0.0092655092245493,0.839974293059126,0.010007598490349285,0.8228819212808539,
letter,gradient descent,114,18,0.008979765211034168,0.8429020279920023,0.009723683311435966,0.8305537024683122,
letter,gradient descent,114,19,0.008843999522413378,0.8452584975721222,0.009592640254518711,0.8318879252835224,
letter,gradient descent,114,20,0.008736296692051296,0.8466866609540131,0.009571553719556869,0.8305537024683122,
letter,gradient descent,114,21,0.008615507269126362,0.8486146815195659,0.009462598808415853,0.8362241494329553,
letter,gradient descent,114,22,0.008424251237213467,0.8515424164524421,0.009260360652633791,0.8382254836557705,
letter,gradient descent,114,23,0.008330243726740901,0.8541131105398457,0.009245029161838522,0.8372248165443629,
letter,gradient descent,114,24,0.008202666492982258,0.8562553556126821,0.00906814082199272,0.8432288192128086,
letter,gradient descent,114,25,0.008054424070232456,0.8586832333618966,0.008939472338900108,0.8455637091394262,
letter,gradient descent,114,26,0.007953899719368166,0.8599685804055984,0.008832832174633643,0.8475650433622415,
letter,gradient descent,114,27,0.007945499993045238,0.8615395601256783,0.00888948244123888,0.8502334889926618,
letter,gradient descent,114,28,0.0077626117269628805,0.8648243359040274,0.008706632738894217,0.8525683789192795,
letter,gradient descent,114,29,0.007702336298803533,0.8659668666095401,0.008601910729834154,0.85657104736491,
letter,gradient descent,114,30,0.007594658211941442,0.86753784632962,0.00858552523981588,0.8539026017344896,
letter,gradient descent,114,31,0.007509264498574617,0.8688946015424165,0.008476280251839875,0.8555703802535023,
letter,gradient descent,114,32,0.0074001511072950485,0.8710368466152528,0.008321317895322249,0.8589059372915276,
letter,gradient descent,114,33,0.007357470798815396,0.8715367037989146,0.008389389473850447,0.8599066044029353,
letter,gradient descent,114,34,0.007268882175250561,0.8732504998571836,0.008271293988054214,0.861574382921948,
letter,gradient descent,114,35,0.007235815551502085,0.8741073978863182,0.008205629122815734,0.861574382921948,
letter,gradient descent,114,36,0.007103360408789484,0.8748928877463582,0.008094306025404927,0.8602401601067379,
letter,gradient descent,114,37,0.007071553244681848,0.8751785204227364,0.008034528606993618,0.8639092728485657,
letter,gradient descent,114,38,0.006976700596432171,0.8774635818337618,0.008051833194118127,0.8609072715143429,
letter,gradient descent,114,39,0.007014209870500115,0.8775349900028563,0.008122837762941027,0.862241494329553,
letter,gradient descent,114,40,0.006937742452520185,0.87853470437018,0.00804102681616883,0.8619079386257505,
letter,gradient descent,114,41,0.0068512873856857795,0.8788203370465582,0.007942513444249216,0.8642428285523682,
letter,gradient descent,114,42,0.00681410950055213,0.880248500428449,0.007899455273669767,0.8655770513675783,
letter,gradient descent,114,43,0.0067839060531952105,0.8811768066266781,0.007879709500416167,0.8635757171447632,
letter,gradient descent,114,44,0.006687782206471833,0.8822479291630962,0.007856184943648216,0.862241494329553,
letter,gradient descent,114,45,0.006620034867595672,0.883390459868609,0.007733611414840552,0.8692461641094062,
letter,gradient descent,114,46,0.006575264887936437,0.8839617252213653,0.007750206369344222,0.8669112741827886,
letter,gradient descent,114,47,0.006523195373704801,0.8846758069123107,0.0077102765342876136,0.8692461641094062,
letter,gradient descent,114,48,0.006524851767718609,0.8851756640959726,0.0076850107246715475,0.8662441627751835,
letter,gradient descent,114,49,0.006536748483376662,0.8854612967723507,0.007703144587060758,0.8682454969979987,
letter,gradient descent,114,50,0.006447182374879222,0.8860325621251071,0.00761081519607689,0.8699132755170114,
letter,gradient descent,114,51,0.0064734124831347635,0.885889745786918,0.0076426293386511746,0.8699132755170114,
letter,gradient descent,114,52,0.006415214000672043,0.8891745215652671,0.0076328709466150285,0.8735823882588393,
letter,gradient descent,114,53,0.006314154017082549,0.8897457869180234,0.007506111289970988,0.8762508338892595,
letter,gradient descent,114,54,0.006258069307617976,0.8910311339617252,0.007505503681458959,0.8742494996664443,
letter,gradient descent,114,55,0.006256222028373775,0.8901028277634961,0.007429130059799476,0.8785857238158773,
letter,gradient descent,114,56,0.006272562480579775,0.8908169094544416,0.0074643740108345106,0.8732488325550367,
letter,gradient descent,114,57,0.006146393399335837,0.8920308483290489,0.007392989425017886,0.8749166110740494,
letter,gradient descent,114,58,0.006125674372455672,0.8920308483290489,0.0073109984187801425,0.8762508338892595,
letter,gradient descent,114,59,0.006091281373748795,0.8926735218508998,0.007319306331707775,0.8782521681120747,
letter,gradient descent,114,60,0.00604244313549553,0.8936018280491288,0.007272325502123258,0.8799199466310874,
letter,gradient descent,115,1,0.0364589605409692,0.16131105398457585,0.036449072875503814,0.15943962641761175,
letter,gradient descent,115,2,0.03299630911646443,0.2799200228506141,0.03297099404360238,0.27951967978652437,
letter,gradient descent,115,3,0.02954196432621236,0.3801770922593545,0.02961095112287664,0.3829219479653102,
letter,gradient descent,115,4,0.026227793968534432,0.46972293630391315,0.0263005985757939,0.46631087391594395,
letter,gradient descent,115,5,0.02281514867453324,0.5614110254213082,0.02288318592192132,0.5613742494996664,
letter,gradient descent,115,6,0.019471173547436656,0.6398886032562126,0.019680411215715357,0.637758505670447,
letter,gradient descent,115,7,0.017229812838656145,0.687160811196801,0.017562534502570358,0.6797865243495663,
letter,gradient descent,115,8,0.015465751177654247,0.7255069980005713,0.015899845831848006,0.718145430286858,
letter,gradient descent,115,9,0.013799671100257949,0.7639960011425307,0.014173424097965032,0.7578385590393596,
letter,gradient descent,115,10,0.013061014943373379,0.7691373893173379,0.01343108374737683,0.7685123415610406,
letter,gradient descent,115,11,0.011356208592378098,0.8129820051413882,0.01186682690319332,0.8062041360907272,
letter,gradient descent,115,12,0.010821092336799593,0.8174093116252499,0.011293850050504362,0.8108739159439626,
letter,gradient descent,115,13,0.01049502824729379,0.8236932305055699,0.011004857213971517,0.8178785857238159,
letter,gradient descent,115,14,0.0101302239868911,0.827120822622108,0.010642482651487477,0.8222148098732488,
letter,gradient descent,115,15,0.009937115250064792,0.8311196800914025,0.0104661731746835,0.823549032688459,
letter,gradient descent,115,16,0.009661262521986505,0.8336903741788061,0.010249818034453684,0.8278852568378919,
letter,gradient descent,115,17,0.009336332641482386,0.8396886603827478,0.0099617822381475,0.8302201467645097,
letter,gradient descent,115,18,0.00917471254000429,0.8424021708083405,0.009797902488276278,0.8348899266177452,
letter,gradient descent,115,19,0.00897857400014257,0.844044558697515,0.009610113671043398,0.8342228152101401,
letter,gradient descent,115,20,0.008899644494774112,0.8476863753213367,0.009544788946980232,0.8418945963975984,
letter,gradient descent,115,21,0.008716488516420205,0.8494715795487003,0.009395737801875985,0.8422281521014009,
letter,gradient descent,115,22,0.008508437053050991,0.8534704370179949,0.009204986319310507,0.847898599066044,
letter,gradient descent,115,23,0.008455458816959137,0.8530419880034276,0.009125361992944591,0.8502334889926618,
letter,gradient descent,115,24,0.008253162773569266,0.8550414167380749,0.008965349110460713,0.8495663775850567,
letter,gradient descent,115,25,0.008291668003650767,0.8540417023707512,0.008949939149558796,0.8502334889926618,
letter,gradient descent,115,26,0.008113675678756092,0.8575407026563839,0.008904568020997417,0.8488992661774516,
letter,gradient descent,115,27,0.00802623105776874,0.8586832333618966,0.008767686823253032,0.857238158772515,
letter,gradient descent,115,28,0.007889568063590565,0.8608254784347329,0.008704608910005117,0.8512341561040694,
letter,gradient descent,115,29,0.007794168316815073,0.8626820908311911,0.008560093805640052,0.8539026017344896,
letter,gradient descent,115,30,0.007706273129799025,0.8644672950585547,0.008500543905608282,0.8559039359573049,
letter,gradient descent,115,31,0.007676539610780627,0.8646815195658384,0.00846044620240408,0.8545697131420947,
letter,gradient descent,115,32,0.007597262726545052,0.8651099685804056,0.008458914471220595,0.8569046030687125,
letter,gradient descent,115,33,0.007542468422612334,0.8668951728077692,0.00834967888066985,0.8602401601067379,
letter,gradient descent,115,34,0.007383173798029582,0.8679662953441873,0.008314376603409558,0.8609072715143429,
letter,gradient descent,115,35,0.007366665523703695,0.8688946015424165,0.008258778678744513,0.8599066044029353,
letter,gradient descent,115,36,0.0072901950470701,0.8713938874607255,0.00813612616614496,0.8619079386257505,
letter,gradient descent,115,37,0.007241191061790759,0.8716795201371037,0.00812112124538043,0.8639092728485657,
letter,gradient descent,115,38,0.007184561960327664,0.8732504998571836,0.008069139762512285,0.8645763842561708,
letter,gradient descent,115,39,0.0072037177532517675,0.8729648671808055,0.008108841965639855,0.8649099399599733,
letter,gradient descent,115,40,0.0070108406300207335,0.8743930305626963,0.007912631210092422,0.867244829886591,
letter,gradient descent,115,41,0.006986470090809141,0.8753213367609255,0.007913830217568791,0.8652434956637759,
letter,gradient descent,115,42,0.006931784377170841,0.8771779491573836,0.007851210311916008,0.8662441627751835,
letter,gradient descent,115,43,0.006910419907427281,0.8776063981719509,0.007847434902768834,0.8679119412941961,
letter,gradient descent,115,44,0.006816047483790012,0.87853470437018,0.0077196119764859576,0.8685790527018012,
letter,gradient descent,115,45,0.006813367845765525,0.8784632962010854,0.007755762929903625,0.8702468312208139,
letter,gradient descent,115,46,0.006747517883937794,0.8799628677520709,0.00768011983109673,0.8702468312208139,
letter,gradient descent,115,47,0.006706973013728276,0.8809625821193945,0.007656692206140272,0.8679119412941961,
letter,gradient descent,115,48,0.00666048640467935,0.8816052556412454,0.007666175933304513,0.8705803869246164,
letter,gradient descent,115,49,0.006635907159786163,0.8827477863467581,0.007612378905748592,0.8699132755170114,
letter,gradient descent,115,50,0.006564813322021981,0.8831762353613254,0.0075105492396876005,0.8735823882588393,
letter,gradient descent,115,51,0.006503286477787155,0.8841045415595544,0.00748100918018184,0.875250166777852,
letter,gradient descent,115,52,0.00646521590633319,0.8836046843758926,0.007440632626424743,0.875250166777852,
letter,gradient descent,115,53,0.006461102001455732,0.884175949728649,0.007471755592211528,0.8749166110740494,
letter,gradient descent,115,54,0.006431988301540583,0.8837475007140817,0.0074317020817189945,0.875250166777852,
letter,gradient descent,115,55,0.006385042014271103,0.8845329905741217,0.007432698981031465,0.8755837224816544,
letter,gradient descent,115,56,0.006398885060017579,0.8849614395886889,0.007411198878856137,0.8749166110740494,
letter,gradient descent,115,57,0.006339033570281608,0.8856755212796343,0.007378585024072914,0.8782521681120747,
letter,gradient descent,115,58,0.006298519567519844,0.8863181948014853,0.007345076303259828,0.875250166777852,
letter,gradient descent,115,59,0.006273930791483267,0.8867466438160525,0.007325128373301225,0.8779186124082722,
letter,gradient descent,115,60,0.006220730507198557,0.8875321336760925,0.007303064477800658,0.8749166110740494,
letter,KarciFANN,100,1,0.02813774038664386,0.4689374464438732,0.028235499947561492,0.46330887258172115,1.3781947189774915
letter,KarciFANN,100,2,0.021125237400490902,0.6545986860896886,0.021349625665749505,0.6477651767845231,1.593316096585145
letter,KarciFANN,100,3,0.017801173956087102,0.7103684661525278,0.01794756806380972,0.7061374249499667,1.8021123175835145
letter,KarciFANN,100,4,0.015462291535052875,0.75157097972008,0.01573249045464972,0.7481654436290861,1.7952067576596202
letter,KarciFANN,100,5,0.014149552937734289,0.7590688374750071,0.014468180922095383,0.7608405603735824,1.8537172143926473
letter,KarciFANN,100,6,0.013131142286737526,0.7707797772065125,0.013451729627209974,0.7701801200800533,1.945445468152926
letter,KarciFANN,100,7,0.012395010090760545,0.7850614110254213,0.012753013967006522,0.7815210140093396,2.0884616494820607
letter,KarciFANN,100,8,0.011777472141223438,0.7957012282205084,0.012240071957057772,0.7888592394929953,1.993401634411193
letter,KarciFANN,100,9,0.0111364973070357,0.8067694944301628,0.011590680475522723,0.8008672448298866,2.21020197017017
letter,KarciFANN,100,10,0.010838524313376436,0.8137674950014282,0.011347318646521993,0.8085390260173448,2.009588722571336
letter,KarciFANN,100,11,0.010363085176594834,0.8186232504998572,0.010934580438998006,0.8125416944629753,2.2349226787058525
letter,KarciFANN,100,12,0.010086097865864388,0.8202656383890317,0.010681155871641021,0.813542361574383,2.109352424476521
letter,KarciFANN,100,13,0.009869442450104569,0.827120822622108,0.010491207210497178,0.8198799199466311,2.051050451104841
letter,KarciFANN,100,14,0.009732619728140079,0.8299771493858897,0.010412228198730934,0.818545697131421,2.169092866121787
letter,KarciFANN,100,15,0.009403543741904654,0.8348329048843187,0.010058731137534891,0.8265510340226818,2.2835768315446847
letter,KarciFANN,100,16,0.009194188765472611,0.8374750071408169,0.009931448861770142,0.8302201467645097,2.34173662311366
letter,KarciFANN,100,17,0.009163062448431871,0.8366181091116823,0.009838429574321907,0.8288859239492995,2.322618997494274
letter,KarciFANN,100,18,0.00893964902531444,0.8406883747500714,0.009726313306664918,0.8322214809873248,2.047641230562804
letter,KarciFANN,100,19,0.008793024046986724,0.8430448443301913,0.00960059433485709,0.8332221480987325,2.3608933958240783
letter,KarciFANN,100,20,0.008642207938570162,0.8458297629248787,0.009416087292804009,0.8362241494329553,2.165845266878972
letter,KarciFANN,100,21,0.008462137141674056,0.8477577834904313,0.009259924089411288,0.8388925950633755,2.535630599060744
letter,KarciFANN,100,22,0.008361356966265067,0.8499714367323622,0.009174466655010685,0.8375583722481654,2.4044749081066223
letter,KarciFANN,100,23,0.008305346983357803,0.8509711510996858,0.00917246146272814,0.8402268178785858,2.1314756324330304
letter,KarciFANN,100,24,0.008186786469105837,0.852042273636104,0.009044283582203045,0.8452301534356238,2.3769683284922274
letter,KarciFANN,100,25,0.008049847458631246,0.8552556412453585,0.008984471942835857,0.8465643762508339,2.2913544877447865
letter,KarciFANN,100,26,0.007995535188039573,0.8561839474435875,0.00895597045723585,0.8445630420280187,2.440413000694002
letter,KarciFANN,100,27,0.0078678139637298,0.8580405598400457,0.008859652473322075,0.8458972648432288,2.4183276366964574
letter,KarciFANN,100,28,0.0077274774269429055,0.8596829477292203,0.008685711313210078,0.8495663775850567,2.299541717943257
letter,KarciFANN,100,29,0.007670029841394302,0.8614681519565839,0.008671208238771235,0.8525683789192795,2.547491402919807
letter,KarciFANN,100,30,0.007658083802912597,0.8606112539274493,0.00865087810632782,0.8495663775850567,2.3150192888345447
letter,KarciFANN,100,31,0.0074950062946886956,0.8645387032276493,0.008491517187835368,0.8512341561040694,2.4821098984138312
letter,KarciFANN,100,32,0.007429683336673634,0.8655384175949729,0.008461090080917931,0.8515677118078719,2.3755645207979006
letter,KarciFANN,100,33,0.007355900464177774,0.8663953156241074,0.008379465581090111,0.8549032688458973,2.618949924797656
letter,KarciFANN,100,34,0.007333398413042209,0.8671808054841473,0.008326240700275938,0.8542361574382922,2.3777296869377906
letter,KarciFANN,100,35,0.007196705250768657,0.8686803770351328,0.008210549623532858,0.8609072715143429,2.719439837264094
letter,KarciFANN,100,36,0.007203777403282296,0.868966009711511,0.008245213533985895,0.8595730486991328,2.399358755366298
letter,KarciFANN,100,37,0.0071147587836056445,0.8701799485861182,0.008165091845867861,0.862241494329553,2.5752035775909183
letter,KarciFANN,100,38,0.007101536392843595,0.8719651528134819,0.008126631868713478,0.861574382921948,2.552165794274462
letter,KarciFANN,100,39,0.006909763644156141,0.8738931733790346,0.008023470097085312,0.8639092728485657,2.6099795729068083
letter,KarciFANN,100,40,0.006853789036515327,0.8747500714081691,0.007830252599006,0.8635757171447632,2.325449407559109
letter,KarciFANN,100,41,0.00684901385460195,0.8743216223936018,0.007893892677094831,0.861574382921948,2.4433778023396644
letter,KarciFANN,100,42,0.006805808317043015,0.87539274493002,0.007807027173329988,0.8632421614409607,2.6076266651286595
letter,KarciFANN,100,43,0.00676289211578888,0.8771065409882891,0.00779134562224516,0.8669112741827886,2.459114166780699
letter,KarciFANN,100,44,0.006761642172283219,0.8781776635247073,0.007822559083703318,0.8642428285523682,2.4110544643544323
letter,KarciFANN,100,45,0.006565055397510006,0.8803913167666381,0.0075950824345019305,0.8695797198132088,2.791486586638191
letter,KarciFANN,100,46,0.0065271390250422594,0.8801056840902599,0.007589084779040279,0.8682454969979987,2.699453279310079
letter,KarciFANN,100,47,0.0064992886752975225,0.882604970008569,0.007581227396884046,0.871581054036024,2.504550258326054
letter,KarciFANN,100,48,0.006483162834548409,0.8816766638103399,0.007601008809886042,0.8682454969979987,2.5255432273378133
letter,KarciFANN,100,49,0.006379809960252365,0.8831762353613254,0.00746514129616592,0.8702468312208139,2.6643962485124386
letter,KarciFANN,100,50,0.006361727150830077,0.8833190516995144,0.007473133087847388,0.867244829886591,2.907147740103845
letter,KarciFANN,100,51,0.006394840816020423,0.883390459868609,0.007563865298045744,0.8652434956637759,2.5392902403712374
letter,KarciFANN,100,52,0.006366741176337942,0.8838189088831763,0.007497043463639088,0.8709139426284189,2.7800458143116273
letter,KarciFANN,100,53,0.006254993966312833,0.8838903170522708,0.0074286527734020655,0.8692461641094062,2.5233739109495517
letter,KarciFANN,100,54,0.006246904717741008,0.8861753784632962,0.007431576429778733,0.8705803869246164,2.5522172116507384
letter,KarciFANN,100,55,0.006193081790280272,0.8868894601542416,0.0073288191147367334,0.871581054036024,2.8043397970762154
letter,KarciFANN,100,56,0.006180047726296383,0.8875321336760925,0.007376551680283022,0.8692461641094062,2.3671325585653076
letter,KarciFANN,100,57,0.006213756908092626,0.8863181948014853,0.00739025508938552,0.8709139426284189,2.821049014341347
letter,KarciFANN,100,58,0.006090732929155536,0.8885318480434161,0.007279715314967733,0.8695797198132088,2.4755584005340787
letter,KarciFANN,100,59,0.0060781203767644315,0.8878891745215652,0.007299479824478259,0.8699132755170114,2.513241412317975
letter,KarciFANN,100,60,0.006119628633048348,0.8868180519851471,0.007350283753280083,0.871581054036024,2.7449925665520825
letter,KarciFANN,101,1,0.02756619656912086,0.4535846900885461,0.027700168408563614,0.4486324216144096,1.4428768473793947
letter,KarciFANN,101,2,0.02055233961357866,0.6798771779491574,0.020815852717509232,0.6817878585723816,1.5902606214917885
letter,KarciFANN,101,3,0.01727864112339999,0.7252213653241931,0.017624337608627343,0.7244829886591061,1.6660553616218685
letter,KarciFANN,101,4,0.01530973417892548,0.7501428163381891,0.015612202084947034,0.7498332221480988,1.810185501796145
letter,KarciFANN,101,5,0.013933750829547472,0.7712796343901742,0.014277740828811817,0.7701801200800533,1.9398826113462562
letter,KarciFANN,101,6,0.012881192738688423,0.7839902884890031,0.013249535090659454,0.7791861240827218,1.9332050485759942
letter,KarciFANN,101,7,0.012071168856765497,0.7989860039988574,0.012463203245595186,0.7985323549032688,2.1873365857705847
letter,KarciFANN,101,8,0.011420928079180099,0.8091259640102828,0.011846984479698848,0.805537024683122,2.0753014605359454
letter,KarciFANN,101,9,0.01087973091676038,0.8140531276778064,0.011356521194892211,0.8118745830553702,2.2338366954133098
letter,KarciFANN,101,10,0.010519717120683003,0.8219794344473008,0.01100546052085407,0.8208805870580387,2.0496553513380253
letter,KarciFANN,101,11,0.01009562527875296,0.8266923736075407,0.010617979316435986,0.8255503669112741,2.2101892768208384
letter,KarciFANN,101,12,0.009766300583259205,0.8339760068551842,0.010363125290806196,0.829219479653102,2.1778414399254027
letter,KarciFANN,101,13,0.009501132683454535,0.8338331905169951,0.010113415478774946,0.8312208138759173,2.0758617852167673
letter,KarciFANN,101,14,0.009223925434883061,0.8421165381319623,0.009861114387715147,0.8368912608405604,2.1007792065198423
letter,KarciFANN,101,15,0.009012373548576735,0.8449014567266495,0.009677847394101009,0.8395597064709807,2.093965361744644
letter,KarciFANN,101,16,0.008850390356691929,0.8475435589831477,0.009632151235061592,0.8435623749166111,2.34335818563861
letter,KarciFANN,101,17,0.008796377041853846,0.8476149671522423,0.009558736668359852,0.8398932621747832,2.222605893658711
letter,KarciFANN,101,18,0.008454033431558988,0.852042273636104,0.009214721636697978,0.8435623749166111,2.3359717444556685
letter,KarciFANN,101,19,0.008331614788635453,0.8536846615252784,0.009144000613423483,0.8425617078052035,2.3627448234524655
letter,KarciFANN,101,20,0.00820445103897202,0.8546843758926022,0.009065075135518168,0.8452301534356238,2.354187033199629
letter,KarciFANN,101,21,0.008064188680340404,0.8565409882890602,0.008866698881532745,0.8458972648432288,2.4663685097502723
letter,KarciFANN,101,22,0.007962467641301946,0.8583976006855184,0.008850348254223869,0.847898599066044,2.2582823204886346
letter,KarciFANN,101,23,0.00790817057576614,0.8611111111111112,0.008705611910357788,0.8505670446964643,2.390595841890531
letter,KarciFANN,101,24,0.007834665636285324,0.8631819480148529,0.008675250447134597,0.8502334889926618,2.3953415101340063
letter,KarciFANN,101,25,0.007674872119910836,0.862539274493002,0.00855275353302024,0.8525683789192795,2.5051431561850563
letter,KarciFANN,101,26,0.007553297855349158,0.8651813767495001,0.008521544521355428,0.8485657104736491,2.457019323240431
letter,KarciFANN,101,27,0.007502569566473493,0.8659668666095401,0.008430134724776155,0.8522348232154769,2.1531189080025834
letter,KarciFANN,101,28,0.007368881113839669,0.8679662953441873,0.00829456758076361,0.8542361574382922,2.399573695839557
letter,KarciFANN,101,29,0.007343466821699552,0.8690374178806055,0.008308512407538228,0.8559039359573049,2.392301099894451
letter,KarciFANN,101,30,0.0073057045231981746,0.8698943159097401,0.008333448117606916,0.8559039359573049,2.539142637686826
letter,KarciFANN,101,31,0.00716817923291874,0.8713938874607255,0.008184659829962746,0.8595730486991328,2.6097737157395495
letter,KarciFANN,101,32,0.007097218595690112,0.8726792345044273,0.008114888028291987,0.8582388258839226,2.479521914987046
letter,KarciFANN,101,33,0.007002086495796904,0.8741073978863182,0.008096316339052929,0.8602401601067379,2.644437226200189
letter,KarciFANN,101,34,0.006988391456107028,0.8758211939445872,0.008130172584781903,0.8585723815877252,2.4324659320427493
letter,KarciFANN,101,35,0.006944190599535844,0.8758211939445872,0.008049364658423687,0.8592394929953302,2.782052566997178
letter,KarciFANN,101,36,0.00682228660465564,0.8780348471865181,0.007990034751323163,0.862241494329553,2.3536665927000855
letter,KarciFANN,101,37,0.006720197373321474,0.8797486432447872,0.007898568409289588,0.8602401601067379,2.36964828799485
letter,KarciFANN,101,38,0.006702631369056906,0.8801770922593545,0.007951046255284599,0.8612408272181454,2.73142518321097
letter,KarciFANN,101,39,0.0066470669155443245,0.8801770922593545,0.007909705752136424,0.8602401601067379,2.4442610789386343
letter,KarciFANN,101,40,0.006640257370467711,0.8820337046558127,0.007936391913707819,0.8589059372915276,2.6495888353260764
letter,KarciFANN,101,41,0.006649655825518324,0.8803199085975436,0.007886923495640286,0.8585723815877252,2.506767727221461
letter,KarciFANN,101,42,0.006538037174541537,0.8831048271922308,0.007801029651582528,0.8625750500333556,2.4510523940450057
letter,KarciFANN,101,43,0.0065062353254190745,0.8835332762067981,0.00782316165298413,0.8625750500333556,2.66186228791257
letter,KarciFANN,101,44,0.00646123704543543,0.8846758069123107,0.007748793984421463,0.8652434956637759,2.6030898775962816
letter,KarciFANN,101,45,0.006376831880104946,0.886675235646958,0.0076877098312392745,0.8652434956637759,2.509635210323704
letter,KarciFANN,101,46,0.006359890644325865,0.8875321336760925,0.007699434359902002,0.8645763842561708,2.4642635332384644
letter,KarciFANN,101,47,0.006346646124459404,0.8878177663524707,0.007700732687061827,0.8652434956637759,2.5431902625558984
letter,KarciFANN,101,48,0.0063377810186915195,0.8876749500142816,0.007652922410153111,0.8675783855903936,2.7570299755103345
letter,KarciFANN,101,49,0.00629222593284174,0.8896029705798343,0.00764069788805248,0.8685790527018012,2.7811558771472527
letter,KarciFANN,101,50,0.006219439497898993,0.8909597257926307,0.007610131813449469,0.8675783855903936,2.606008368418182
letter,KarciFANN,101,51,0.006146792503165728,0.8904598686089689,0.007547891937584255,0.8685790527018012,2.601907085472413
letter,KarciFANN,101,52,0.006174437707595513,0.889960011425307,0.007487275998092483,0.8675783855903936,2.709400325366959
letter,KarciFANN,101,53,0.006096929147792754,0.8918880319908598,0.007499623568201452,0.8712474983322215,2.624011447543429
letter,KarciFANN,101,54,0.006044447204195944,0.8928163381890888,0.007483362022595618,0.8709139426284189,2.5956863295678714
letter,KarciFANN,101,55,0.006065464148955088,0.8925307055127106,0.007441560923171812,0.8725817211474316,2.5387362337252988
letter,KarciFANN,101,56,0.006057868609629241,0.8939588688946015,0.007494113544969102,0.8695797198132088,2.608436067524149
letter,KarciFANN,101,57,0.006037856525640578,0.8939588688946015,0.007420779069361948,0.8702468312208139,2.8819522855378854
letter,KarciFANN,101,58,0.0059546285130156916,0.8947443587546415,0.007441730405691773,0.8675783855903936,2.627094571645854
letter,KarciFANN,101,59,0.005909395208836918,0.8948871750928307,0.0074049053297515,0.8702468312208139,2.5794884853808124
letter,KarciFANN,101,60,0.005997602570664976,0.8951728077692088,0.007477162345051338,0.8702468312208139,2.7214244220519217
letter,KarciFANN,102,1,0.029290971860558682,0.4175235646958012,0.029345173715948882,0.40727151434289527,1.3412946103538685
letter,KarciFANN,102,2,0.021951903952235185,0.597186518137675,0.022164522643855555,0.5893929286190794,1.557523068994205
letter,KarciFANN,102,3,0.018183228256157702,0.694515852613539,0.018457561926577222,0.6897931954636425,1.6589775311576291
letter,KarciFANN,102,4,0.015754562395095578,0.7471436732362182,0.016012179571303218,0.7454969979986658,1.7551475725075933
letter,KarciFANN,102,5,0.014271177761732933,0.7654955726935161,0.014578562401780244,0.766177451634423,1.927882125196614
letter,KarciFANN,102,6,0.01313759196508903,0.7797057983433304,0.013533482118544979,0.7755170113408939,1.8620701513015365
letter,KarciFANN,102,7,0.0121939944104205,0.7940588403313339,0.012636344578855683,0.7895263509006004,2.082204646958826
letter,KarciFANN,102,8,0.011571776995028567,0.8050556983718937,0.012115698613967753,0.800533689126084,2.0165998997488543
letter,KarciFANN,102,9,0.011038649779105025,0.8164095972579263,0.011618876634916713,0.8045363575717145,1.996934909516934
letter,KarciFANN,102,10,0.010545332840928788,0.818480434161668,0.011207695861228219,0.8095396931287525,2.2248998109741045
letter,KarciFANN,102,11,0.010206424660652727,0.8245501285347043,0.0108279562302061,0.8115410273515677,2.0648616698456173
letter,KarciFANN,102,12,0.00985021838723144,0.831191088260497,0.010565502702079371,0.818545697131421,2.169482087106681
letter,KarciFANN,102,13,0.00962246553732554,0.8306198229077406,0.010325662955507152,0.8162108072048032,2.3399095150034004
letter,KarciFANN,102,14,0.00948706644153981,0.8334761496715224,0.010177823282436823,0.8228819212808539,2.2622076760452874
letter,KarciFANN,102,15,0.009198081799172584,0.8354041702370751,0.009933209280098033,0.8218812541694464,2.166352629192702
letter,KarciFANN,102,16,0.008946392545484506,0.8425449871465296,0.009640924830299777,0.8335557038025351,2.35927528313734
letter,KarciFANN,102,17,0.008786048954700061,0.8439731505284205,0.009555371467977688,0.8345563709139426,2.2258698816487272
letter,KarciFANN,102,18,0.008593012174270812,0.8474721508140531,0.009420505907533013,0.8372248165443629,2.0727088304074974
letter,KarciFANN,102,19,0.00845284559482796,0.8497572122250785,0.009149884758470245,0.8395597064709807,2.3208382526933296
letter,KarciFANN,102,20,0.00829608557410187,0.852970579834333,0.00912087261202121,0.8395597064709807,2.275920246270279
letter,KarciFANN,102,21,0.008152478066092593,0.8549700085689803,0.008910270702648371,0.8445630420280187,2.4083740347535025
letter,KarciFANN,102,22,0.008016110732524515,0.8574692944872894,0.008759151272232436,0.8472314876584389,2.3625488379929442
letter,KarciFANN,102,23,0.007930481612993586,0.8596829477292203,0.008706629870999688,0.8458972648432288,2.393205678517023
letter,KarciFANN,102,24,0.007808893236669194,0.8630391316766638,0.008632238808272243,0.8475650433622415,2.3794417439295397
letter,KarciFANN,102,25,0.007698506473560664,0.8638246215367038,0.008482354086322945,0.8502334889926618,2.7049020256656378
letter,KarciFANN,102,26,0.007543648639166074,0.8668951728077692,0.008314722147965387,0.8535690460306872,2.3341463096172115
letter,KarciFANN,102,27,0.007455422490293565,0.8678234790059983,0.008197723627640392,0.8569046030687125,2.4382064993960193
letter,KarciFANN,102,28,0.007394734867869969,0.8687517852042274,0.008126742437165501,0.8569046030687125,2.360185005688283
letter,KarciFANN,102,29,0.007381575474537972,0.8683233361896601,0.00817145698181435,0.8579052701801201,2.459593416000968
letter,KarciFANN,102,30,0.007194038670135711,0.8725364181662382,0.007989841683192883,0.8599066044029353,2.459231011039799
letter,KarciFANN,102,31,0.007175600911982132,0.87225078548986,0.007929094879784894,0.8629086057371581,2.361761041147641
letter,KarciFANN,102,32,0.007124834602066667,0.8751785204227364,0.007940499010360773,0.8635757171447632,2.4241458794046054
letter,KarciFANN,102,33,0.0070975327160999625,0.8748928877463582,0.007950775854508171,0.8582388258839226,2.394593543550669
letter,KarciFANN,102,34,0.006952359143080816,0.8766780919737218,0.007716415523090754,0.862241494329553,2.443970233175929
letter,KarciFANN,102,35,0.0068513268539546115,0.8780348471865181,0.007676425799406525,0.8635757171447632,2.4231823316456733
letter,KarciFANN,102,36,0.006808090462638568,0.8796058269065982,0.007637973382008611,0.8669112741827886,2.63595593753612
letter,KarciFANN,102,37,0.006779735819462324,0.8791059697229363,0.007666210053679125,0.8639092728485657,2.8703838290813835
letter,KarciFANN,102,38,0.006728975453365265,0.8798200514138818,0.007562353028208385,0.8652434956637759,2.5151989476172725
letter,KarciFANN,102,39,0.006656584797706432,0.8811053984575835,0.007516892598745259,0.8659106070713809,2.7651042873837657
letter,KarciFANN,102,40,0.0066880808651625726,0.8805341331048272,0.00754939230254912,0.8655770513675783,2.698734541713637
letter,KarciFANN,102,41,0.006561216827057665,0.881819480148529,0.007406656345018732,0.867244829886591,2.547517830028029
letter,KarciFANN,102,42,0.006595127231549663,0.8817480719794345,0.007513518667689605,0.8685790527018012,2.752252640755653
letter,KarciFANN,102,43,0.006495417705775845,0.8836760925449871,0.007423213417332348,0.8655770513675783,2.3827159656216863
letter,KarciFANN,102,44,0.00647949245039306,0.8836046843758926,0.00737658037901279,0.8705803869246164,2.682177544311407
letter,KarciFANN,102,45,0.0063631631473424115,0.8846758069123107,0.007254424578262719,0.867244829886591,2.5643271388972515
letter,KarciFANN,102,46,0.006376342624524459,0.8856041131105399,0.007348335538108891,0.8692461641094062,2.40842725526097
letter,KarciFANN,102,47,0.006320390647299355,0.8875321336760925,0.00728037953278344,0.8682454969979987,2.3063101501227417
letter,KarciFANN,102,48,0.00628969402813513,0.8865324193087689,0.007256802136185041,0.8692461641094062,2.618552678620488
letter,KarciFANN,102,49,0.006275717079734359,0.8887460725506998,0.007262124244522676,0.8702468312208139,2.55585743781738
letter,KarciFANN,102,50,0.006267188918438697,0.8881748071979434,0.007263623189072843,0.871581054036024,2.536536117850946
letter,KarciFANN,102,51,0.0061889912899749915,0.8886746643816053,0.007140148043903647,0.8725817211474316,2.672676008073173
letter,KarciFANN,102,52,0.0061380489057388755,0.8892459297343616,0.007154182091060733,0.8719146097398266,2.467074994894338
letter,KarciFANN,102,53,0.0061439513334607095,0.8900314195944016,0.007174301166579158,0.8725817211474316,2.7187537478911916
letter,KarciFANN,102,54,0.0061883327059719904,0.8896029705798343,0.007183750643093623,0.8735823882588393,2.7998385317220187
letter,KarciFANN,102,55,0.006070037365193479,0.8900314195944016,0.007078753293852149,0.8732488325550367,2.5451982758620844
letter,KarciFANN,102,56,0.006011915847193372,0.8916738074835762,0.006991564833401555,0.875917278185457,2.745701316750161
letter,KarciFANN,102,57,0.00598954675253422,0.890745501285347,0.007071755894657311,0.8732488325550367,2.4734644180195575
letter,KarciFANN,102,58,0.005961641207544088,0.8912453584690089,0.007056283919038311,0.8719146097398266,2.627080782784436
letter,KarciFANN,102,59,0.005956758977128474,0.8924592973436161,0.007030141153967337,0.8719146097398266,2.713299883248906
letter,KarciFANN,102,60,0.005943850718556887,0.8923878891745216,0.0070387429053279296,0.8745830553702468,2.833497477065593
letter,KarciFANN,103,1,0.02773113401117023,0.48450442730648385,0.02781124626716905,0.47264843228819214,1.383337070036385
letter,KarciFANN,103,2,0.020847504389012457,0.6334618680377035,0.021100815281469176,0.633422281521014,1.5671486944989088
letter,KarciFANN,103,3,0.017689286878271468,0.7206512425021423,0.017908801987491597,0.7164776517678453,1.738944267083926
letter,KarciFANN,103,4,0.015340047480634559,0.7532847757783491,0.01562517380203852,0.7511674449633089,1.7556508768174077
letter,KarciFANN,103,5,0.013967689588686157,0.7684233076263924,0.014251497479829235,0.7725150100066711,1.8130441723239932
letter,KarciFANN,103,6,0.012935048184733476,0.7877035132819195,0.013310570490557882,0.7835223482321547,1.8911305847278843
letter,KarciFANN,103,7,0.012005305374500785,0.8054127392173664,0.01244714286766955,0.7988659106070714,2.1387875901438282
letter,KarciFANN,103,8,0.011193450038884278,0.8155526992287918,0.011680135997740242,0.8105403602401601,2.0341910564783094
letter,KarciFANN,103,9,0.010778126244282368,0.8169094544415881,0.01130308130717901,0.8078719146097398,2.0058337167381297
letter,KarciFANN,103,10,0.010278802961075065,0.8263353327620679,0.010832450944763415,0.8175450300200133,2.072579348595838
letter,KarciFANN,103,11,0.009977628656772108,0.8307626392459297,0.010604140705655062,0.8238825883922615,2.2263453146368324
letter,KarciFANN,103,12,0.009571715396060939,0.835261353898886,0.01021040088945802,0.8248832555036691,2.0867281518487806
letter,KarciFANN,103,13,0.009436417353453123,0.8373321908026278,0.010049130710838215,0.83288859239493,2.1852427383591184
letter,KarciFANN,103,14,0.009209578138919662,0.8386175378463296,0.009883519329447534,0.8278852568378919,2.1485910089568407
letter,KarciFANN,103,15,0.009109897444815248,0.8419737217937732,0.009834600300427893,0.8338892595063375,2.5483908775120305
letter,KarciFANN,103,16,0.008871773799166646,0.8443301913738932,0.009534816087055071,0.8398932621747832,2.3317090469536734
letter,KarciFANN,103,17,0.008607955595060916,0.8489717223650386,0.00940285022593862,0.8375583722481654,2.3207561295462007
letter,KarciFANN,103,18,0.008545561356400026,0.848900314195944,0.00925194786355105,0.8395597064709807,2.1476158022264102
letter,KarciFANN,103,19,0.008430859007428643,0.8530419880034276,0.009224662057697846,0.8375583722481654,2.1661041245047015
letter,KarciFANN,103,20,0.008236992239968753,0.8583976006855184,0.00904005902392904,0.8465643762508339,2.3220997711860423
letter,KarciFANN,103,21,0.008095856574186029,0.8602542130819766,0.008941508495561412,0.847898599066044,2.353250982994208
letter,KarciFANN,103,22,0.008137896353571551,0.8581833761782348,0.008995970627634579,0.8452301534356238,2.519562886823858
letter,KarciFANN,103,23,0.007834227425034361,0.8636818051985147,0.008737874397145781,0.8509006004002668,2.3433201880759746
letter,KarciFANN,103,24,0.007858070814887413,0.8631819480148529,0.008732427177350174,0.8509006004002668,2.260079141880801
letter,KarciFANN,103,25,0.007643463670027408,0.866609540131391,0.008492986788203413,0.8549032688458973,2.5219569313955827
letter,KarciFANN,103,26,0.007484159584670251,0.8687517852042274,0.008440178583115495,0.8549032688458973,2.443533367977091
letter,KarciFANN,103,27,0.007402233142621198,0.8707512139388746,0.0083701564439652,0.8532354903268846,2.3647760170265317
letter,KarciFANN,103,28,0.007310758279351167,0.8719651528134819,0.008292464816108503,0.8555703802535023,2.5770293346008075
letter,KarciFANN,103,29,0.007259316012534639,0.8731790916880892,0.008280792959098155,0.8599066044029353,2.4345100802402406
letter,KarciFANN,103,30,0.007170841072953103,0.8737503570408455,0.008107612502168913,0.8605737158105403,2.463438372150652
letter,KarciFANN,103,31,0.007133170890944708,0.8741073978863182,0.008222519033667027,0.8559039359573049,2.2899549780545563
letter,KarciFANN,103,32,0.006973096794095283,0.8779634390174236,0.007996620524439864,0.8625750500333556,2.370668411484906
letter,KarciFANN,103,33,0.00695906819718555,0.8778206226792346,0.007963751283834248,0.8592394929953302,2.5636693512804722
letter,KarciFANN,103,34,0.006887799957905204,0.8788203370465582,0.00790484942919254,0.8619079386257505,2.210602178571013
letter,KarciFANN,103,35,0.0068383311638060915,0.8789631533847472,0.007845278190394914,0.8632421614409607,2.586116573086889
letter,KarciFANN,103,36,0.006846821373302508,0.8795344187375036,0.007896032504332403,0.8655770513675783,2.5959337322449456
letter,KarciFANN,103,37,0.0067681667002826,0.8816766638103399,0.007794346027864157,0.867244829886591,2.381748330110224
letter,KarciFANN,103,38,0.00669087343800278,0.8822479291630962,0.0078144368012128,0.8655770513675783,2.2626006469520723
letter,KarciFANN,103,39,0.006606753985487141,0.8830334190231363,0.007728065606322653,0.8662441627751835,2.3514584794818965
letter,KarciFANN,103,40,0.006658302688298366,0.8826763781776635,0.007741594038782931,0.8685790527018012,2.553032411319297
letter,KarciFANN,103,41,0.006537925402290298,0.8844615824050271,0.007625586305468093,0.8675783855903936,2.5469492613047193
letter,KarciFANN,103,42,0.006586574420036385,0.8826763781776635,0.007683718781451469,0.866577718478986,2.95496429431946
letter,KarciFANN,103,43,0.006513689019833116,0.8856755212796343,0.007532282926298506,0.8695797198132088,2.425143836628545
letter,KarciFANN,103,44,0.0064252986742599294,0.8867466438160525,0.007561716858473431,0.8682454969979987,2.6535019442533967
letter,KarciFANN,103,45,0.006434741138923974,0.887460725506998,0.007599647273587431,0.8692461641094062,2.4247516286477113
letter,KarciFANN,103,46,0.006422044465098934,0.8888174807197944,0.007476116217308625,0.8765843895930621,2.4888166136678467
letter,KarciFANN,103,47,0.006350447749385493,0.8865324193087689,0.007518840473708731,0.8702468312208139,2.819099577746415
letter,KarciFANN,103,48,0.006305462708576939,0.8900314195944016,0.007423566018694949,0.875250166777852,2.661555453402265
letter,KarciFANN,103,49,0.006245442736199335,0.8903170522707797,0.007426694213938384,0.8739159439626417,2.61159067635809
letter,KarciFANN,103,50,0.006150490416714965,0.8913881748071979,0.00736658061067265,0.8732488325550367,2.47699192629261
letter,KarciFANN,103,51,0.006231090781758781,0.8900314195944016,0.007499342220103164,0.871581054036024,2.5731578589443207
letter,KarciFANN,103,52,0.0061205366562254405,0.8926021136818052,0.0073320028622661385,0.875917278185457,2.7292050563143144
letter,KarciFANN,103,53,0.006057619235665702,0.8933876035418452,0.007265939493616561,0.8755837224816544,2.4837131317326815
letter,KarciFANN,103,54,0.0060448104358902825,0.8941016852327907,0.007227322722589893,0.8792528352234823,2.5295060234171545
letter,KarciFANN,103,55,0.0060265524875348425,0.8946015424164524,0.007284222605556831,0.8742494996664443,2.4950484955514636
letter,KarciFANN,103,56,0.00599804337970042,0.8934590117109398,0.007259930575680905,0.8785857238158773,2.7553398061808885
letter,KarciFANN,103,57,0.005936118773689091,0.8958868894601543,0.0072112186199251955,0.8789192795196797,2.8192934523902218
letter,KarciFANN,103,58,0.0060666974818649865,0.8943159097400742,0.007360445049995243,0.875917278185457,3.024598540827247
letter,KarciFANN,103,59,0.005973449219535151,0.8961725221365324,0.007276704099236242,0.8792528352234823,2.6572442505877616
letter,KarciFANN,103,60,0.005913802926127615,0.8980291345329906,0.007126638887683389,0.8815877251501001,2.665580888010559
letter,KarciFANN,104,1,0.027539054175346137,0.45458440445586973,0.0275718487280899,0.45263509006004005,1.3813739435240242
letter,KarciFANN,104,2,0.020904654257432303,0.6645958297629249,0.021069108662634138,0.6631087391594396,1.5911821618547235
letter,KarciFANN,104,3,0.017715481096641415,0.7115824050271351,0.017888711363259178,0.7138092061374249,1.6559658198634548
letter,KarciFANN,104,4,0.015600585610489446,0.7434304484433019,0.01587755533685205,0.7454969979986658,1.782158537501124
letter,KarciFANN,104,5,0.014305247467997668,0.7583547557840618,0.014516847410479112,0.7605070046697798,1.851386628041325
letter,KarciFANN,104,6,0.013360760209074568,0.7698514710082833,0.013707257766567773,0.7708472314876584,1.8962963993379147
letter,KarciFANN,104,7,0.01249178744600446,0.7803484718651814,0.012856953144995548,0.7911941294196131,1.875322772599004
letter,KarciFANN,104,8,0.012067006565236748,0.7857040845472723,0.012425588355793124,0.7821881254169446,2.0771718045405128
letter,KarciFANN,104,9,0.01171838357612525,0.787774921451014,0.01209586275862156,0.7885256837891927,2.184295345669326
letter,KarciFANN,104,10,0.011184260947000924,0.8009140245644102,0.011638994859674118,0.8068712474983322,2.1153308262964816
letter,KarciFANN,104,11,0.010755810658589781,0.8079834333047701,0.01125757306375563,0.8082054703135424,2.1584575782080795
letter,KarciFANN,104,12,0.010543846129012635,0.8136246786632391,0.011009596158076729,0.8115410273515677,2.0503715030089613
letter,KarciFANN,104,13,0.010191843388921009,0.8211225364181662,0.010731936133942724,0.8175450300200133,2.068593111670924
letter,KarciFANN,104,14,0.009842609841846256,0.824907169380177,0.010388178857497252,0.8232154769846565,2.2094158449512267
letter,KarciFANN,104,15,0.009671290304975152,0.8281919451585261,0.010147406552792369,0.8302201467645097,2.0936900484600973
letter,KarciFANN,104,16,0.009339489990034493,0.8320479862896315,0.009867266121802228,0.8322214809873248,2.129581939544829
letter,KarciFANN,104,17,0.009246295175759565,0.8353327620679806,0.009810023350301119,0.8342228152101401,2.35692809169474
letter,KarciFANN,104,18,0.008957646383355325,0.8387603541845187,0.0095383584754307,0.8375583722481654,2.1799497143888136
letter,KarciFANN,104,19,0.008815192483245407,0.8408311910882605,0.009433508257210559,0.8358905937291528,2.231021995352801
letter,KarciFANN,104,20,0.008723250927880219,0.8429020279920023,0.009378414967839857,0.8382254836557705,2.378840331460486
letter,KarciFANN,104,21,0.008591575322697286,0.8441873750357041,0.009195898991971482,0.8408939292861908,2.3141780418482405
letter,KarciFANN,104,22,0.00853251520960119,0.8466152527849186,0.009233173251702526,0.8405603735823882,2.251579080747544
letter,KarciFANN,104,23,0.008415502914592136,0.8479005998286204,0.009088322636567586,0.8395597064709807,2.3165018990879696
letter,KarciFANN,104,24,0.008221968253250951,0.8495429877177949,0.008863429949640081,0.8448965977318212,2.255366275325252
letter,KarciFANN,104,25,0.008240944428357912,0.8483290488431876,0.008914809547981578,0.8408939292861908,2.3005889813332074
letter,KarciFANN,104,26,0.008101220945482147,0.8522564981433876,0.008781386691258273,0.8455637091394262,2.4725035750941236
letter,KarciFANN,104,27,0.007973977445895394,0.8536846615252784,0.008636557951525618,0.8475650433622415,2.4102249218830045
letter,KarciFANN,104,28,0.007945117577621851,0.8538274778634676,0.00865570736883635,0.8468979319546365,2.439497942126995
letter,KarciFANN,104,29,0.007821504591969966,0.8535418451870894,0.00855116800681138,0.847898599066044,2.343666627595824
letter,KarciFANN,104,30,0.007774832896759572,0.8548986003998857,0.008528248218664523,0.8498999332888593,2.3897212901360483
letter,KarciFANN,104,31,0.007704981202976029,0.8558983147672093,0.008422764005573596,0.8522348232154769,2.2318232132333535
letter,KarciFANN,104,32,0.007681287345247952,0.8581833761782348,0.008477643080733606,0.8475650433622415,2.4571459897813988
letter,KarciFANN,104,33,0.007625471847944985,0.8580405598400457,0.008315863498490407,0.8525683789192795,2.3900096779848576
letter,KarciFANN,104,34,0.007589761644121306,0.8578263353327621,0.00834511371215397,0.8549032688458973,2.505339093469988
letter,KarciFANN,104,35,0.007558968119443709,0.8601113967437874,0.008295592525442918,0.8505670446964643,2.8142727198040034
letter,KarciFANN,104,36,0.007455393709018822,0.8596829477292203,0.008192160001423473,0.8552368245496998,2.286130189578397
letter,KarciFANN,104,37,0.007373165539589195,0.8605398457583547,0.008207844193636063,0.8555703802535023,2.4069022902308297
letter,KarciFANN,104,38,0.007433354409913425,0.8606826620965439,0.008198704731184864,0.8559039359573049,2.439872205850253
letter,KarciFANN,104,39,0.00726935926974246,0.8633961725221365,0.008110181190859652,0.8579052701801201,2.4399371134647936
letter,KarciFANN,104,40,0.007244171787101299,0.8644672950585547,0.008025065360338325,0.8612408272181454,2.449630164550926
letter,KarciFANN,104,41,0.00719907394784351,0.8645387032276493,0.008081822414711467,0.8522348232154769,2.6065725364448533
letter,KarciFANN,104,42,0.00717756960117289,0.8643244787203657,0.008024031186024495,0.8569046030687125,2.5530323816829115
letter,KarciFANN,104,43,0.007112304232478892,0.8651813767495001,0.00794941942300725,0.8592394929953302,2.5918580912427562
letter,KarciFANN,104,44,0.00705736162563022,0.8677520708369038,0.007887476793844342,0.861574382921948,2.3992310563938544
letter,KarciFANN,104,45,0.00710787144410546,0.8663953156241074,0.007938838870812495,0.8599066044029353,2.5692453841411136
letter,KarciFANN,104,46,0.007002112280756998,0.8686803770351328,0.0078313572223935,0.8602401601067379,2.511976608429202
letter,KarciFANN,104,47,0.006949073289092823,0.8671093973150529,0.007793579438596395,0.8619079386257505,2.374521756572382
letter,KarciFANN,104,48,0.006844040449933793,0.8691802342187946,0.007770683762388437,0.8612408272181454,2.5255767097537998
letter,KarciFANN,104,49,0.00691646214896709,0.8686089688660382,0.007805013860442957,0.8609072715143429,2.4586563579261775
letter,KarciFANN,104,50,0.006804345526873987,0.8706083976006855,0.007767146062296009,0.862241494329553,2.861115085653902
letter,KarciFANN,104,51,0.0068193852813898635,0.8701085404170237,0.007682740756813448,0.8625750500333556,2.6607159952362274
letter,KarciFANN,104,52,0.006791393577756059,0.8717509283061983,0.007747222928913788,0.8629086057371581,2.4089706325557962
letter,KarciFANN,104,53,0.006736166301055008,0.8706083976006855,0.007726216454057,0.8612408272181454,2.7196031353311922
letter,KarciFANN,104,54,0.0067799192945419764,0.8709654384461583,0.007721227216251486,0.8642428285523682,2.5865866678801472
letter,KarciFANN,104,55,0.006718819822951765,0.8726078263353327,0.0076267927490157065,0.8655770513675783,2.786277169364118
letter,KarciFANN,104,56,0.006681995910341563,0.872107969151671,0.0076710929388967555,0.8655770513675783,2.4125374986884816
letter,KarciFANN,104,57,0.006624463006936206,0.8728934590117109,0.007639420401557337,0.8629086057371581,2.5813927579431177
letter,KarciFANN,104,58,0.006605546317096314,0.8730362753499,0.007658111167544775,0.8612408272181454,2.394992597833658
letter,KarciFANN,104,59,0.006574378003556946,0.8732504998571836,0.007563690091318152,0.8652434956637759,2.730109437734272
letter,KarciFANN,104,60,0.0065393352677071154,0.8737503570408455,0.007603716448500873,0.866577718478986,2.621769579475209
letter,KarciFANN,105,1,0.027526424307985138,0.4781491002570694,0.02759270045180764,0.4789859906604403,1.3781636309251437
letter,KarciFANN,105,2,0.021267824215202007,0.6368894601542416,0.021477962060518305,0.6354236157438292,1.5533794700038914
letter,KarciFANN,105,3,0.01762232768777547,0.7192944872893459,0.01783286790303961,0.718145430286858,1.6759885766465163
letter,KarciFANN,105,4,0.015588960300611538,0.7479291630962582,0.015867461321748058,0.7438292194796531,1.806023827642969
letter,KarciFANN,105,5,0.014113293857427784,0.7679234504427307,0.01444333004230707,0.7685123415610406,1.9093134398440204
letter,KarciFANN,105,6,0.012862085970765111,0.7863467580691231,0.013309476139157476,0.7821881254169446,2.0143963548285844
letter,KarciFANN,105,7,0.012010027579336372,0.7958440445586975,0.012493964374301282,0.7941961307538359,2.0339193837577243
letter,KarciFANN,105,8,0.011455178321528675,0.8054127392173664,0.011990980624964735,0.8022014676450967,1.9303926981722914
letter,KarciFANN,105,9,0.010910571682280837,0.8115538417594973,0.011551729420319727,0.8028685790527018,1.9814635721220228
letter,KarciFANN,105,10,0.010421910576801119,0.8211225364181662,0.011045823892603394,0.8148765843895931,2.006002010697434
letter,KarciFANN,105,11,0.010198842158223741,0.8256926592402171,0.010919293076327472,0.8165443629086058,2.07760053080138
letter,KarciFANN,105,12,0.009903078905927953,0.8294058840331334,0.010639454688343939,0.8195463642428286,2.086307341961575
letter,KarciFANN,105,13,0.009678932064521927,0.8324050271351042,0.010427060646186528,0.8222148098732488,2.1514414498936625
letter,KarciFANN,105,14,0.009363508046658706,0.8364038846043987,0.010138600236842883,0.8275517011340894,2.1197391018963123
letter,KarciFANN,105,15,0.009121280785474263,0.8406169665809768,0.00996276897670333,0.8272181454302868,2.254747014948287
letter,KarciFANN,105,16,0.00900677589923022,0.8434732933447586,0.009952985114143168,0.83288859239493,2.2842462942410844
letter,KarciFANN,105,17,0.008763495206950097,0.8476149671522423,0.00969999677848925,0.8325550366911274,2.162687942568995
letter,KarciFANN,105,18,0.008578903513782671,0.8506855184233076,0.009488566031543669,0.8385590393595731,2.6238435506664004
letter,KarciFANN,105,19,0.008478541540848558,0.8508283347614967,0.00950951669014479,0.8362241494329553,2.2062111594360703
letter,KarciFANN,105,20,0.008304749137226501,0.8523993144815767,0.009276491344523496,0.8392261507671781,2.340981868253767
letter,KarciFANN,105,21,0.008115108469762667,0.8571122536418166,0.009178845319271068,0.8412274849899933,2.4075999456812385
letter,KarciFANN,105,22,0.00801700438822698,0.8591116823764638,0.009001664354551535,0.8388925950633755,2.4907491353311677
letter,KarciFANN,105,23,0.0078618089737559,0.8621822336475293,0.008900514825453192,0.8472314876584389,2.371619024508163
letter,KarciFANN,105,24,0.00781013788761697,0.8631105398457584,0.008919515904495202,0.8475650433622415,2.319208219083884
letter,KarciFANN,105,25,0.007584583113425295,0.8676806626678092,0.008696946047389045,0.8498999332888593,2.47720266050551
letter,KarciFANN,105,26,0.0074850622839992735,0.8681091116823765,0.008639129781258347,0.8525683789192795,2.3506222318241283
letter,KarciFANN,105,27,0.007378139711547687,0.8696086832333619,0.008504292319474584,0.8512341561040694,2.4941642846825034
letter,KarciFANN,105,28,0.007341472998021784,0.870536989431591,0.008418401374424856,0.8559039359573049,2.3798342133562893
letter,KarciFANN,105,29,0.007309557600707162,0.8719651528134819,0.008435348723499556,0.8559039359573049,2.278654903775879
letter,KarciFANN,105,30,0.0071497700381122345,0.8733219080262782,0.008280609319698758,0.8589059372915276,2.5219350257624678
letter,KarciFANN,105,31,0.007134520544622551,0.8759640102827764,0.00832937155733643,0.8575717144763175,2.319341396811231
letter,KarciFANN,105,32,0.007024954868385919,0.8783918880319909,0.008223906722011513,0.8585723815877252,2.5609630049431855
letter,KarciFANN,105,33,0.0070157875597660745,0.87853470437018,0.008248914649056287,0.8595730486991328,2.6691277358297993
letter,KarciFANN,105,34,0.006891533096517323,0.8823907455012854,0.008065312313569589,0.8629086057371581,2.4597625883763805
letter,KarciFANN,105,35,0.0067998257626613245,0.8844615824050271,0.008055656301385154,0.8649099399599733,2.4222850569462926
letter,KarciFANN,105,36,0.006607932837359408,0.8872465009997144,0.007900222433644539,0.8649099399599733,2.475955662202076
letter,KarciFANN,105,37,0.006592373675175347,0.8878891745215652,0.007875786319905988,0.8679119412941961,2.6127520825797155
letter,KarciFANN,105,38,0.00653744302512218,0.8879605826906598,0.007780203650534967,0.8692461641094062,2.6182528188585987
letter,KarciFANN,105,39,0.006397901678251055,0.8909597257926307,0.007635523795683972,0.8712474983322215,2.66752604326161
letter,KarciFANN,105,40,0.006383409381616608,0.8921736646672379,0.007705814916390942,0.8712474983322215,2.5625263030861425
letter,KarciFANN,105,41,0.0063455219504828225,0.8931733790345615,0.007657274489820079,0.8712474983322215,2.5342156914655574
letter,KarciFANN,105,42,0.006354136608785135,0.8912453584690089,0.00767452120987469,0.8702468312208139,2.3813054934235702
letter,KarciFANN,105,43,0.006246754661362817,0.8936732362182234,0.007638779121736073,0.871581054036024,2.5645139071807783
letter,KarciFANN,105,44,0.0062032029366517845,0.8943873179091688,0.0075732440244735705,0.8719146097398266,2.4917588911766053
letter,KarciFANN,105,45,0.00615189354211291,0.8948157669237361,0.007527272857783953,0.8739159439626417,2.7658070811455
letter,KarciFANN,105,46,0.006141149918437815,0.896243930305627,0.007557046968646708,0.8725817211474316,2.491827577658946
letter,KarciFANN,105,47,0.006100439026473306,0.8968151956583833,0.00746438134630119,0.8699132755170114,2.5335965365715487
letter,KarciFANN,105,48,0.00599144162059423,0.8976006855184233,0.00737039576769117,0.8742494996664443,2.6451875096676387
letter,KarciFANN,105,49,0.005966777302478027,0.8981719508711796,0.007380011757121244,0.8739159439626417,2.463396852012586
letter,KarciFANN,105,50,0.005919723626465881,0.8998143387603542,0.007391017521347497,0.8729152768512342,2.564533739942204
letter,KarciFANN,105,51,0.005972573976874535,0.8966009711510997,0.007383986607867603,0.8755837224816544,2.705930028463992
letter,KarciFANN,105,52,0.005900058269219695,0.8998857469294488,0.007331815374093619,0.8765843895930621,2.5488248875135984
letter,KarciFANN,105,53,0.005934910644696935,0.9004570122822051,0.0073909658451624055,0.8755837224816544,2.7591845984348526
letter,KarciFANN,105,54,0.005839188998811715,0.9015281348186233,0.007322300938834852,0.8785857238158773,2.695792150909529
letter,KarciFANN,105,55,0.005783997865112406,0.9021708083404741,0.00727274233418564,0.8762508338892595,2.6755712594078576
letter,KarciFANN,105,56,0.005863838136290285,0.9002427877749215,0.00732579947120808,0.8755837224816544,2.682455409880598
letter,KarciFANN,105,57,0.005653990108676536,0.9032419308768923,0.007175612838281649,0.8769179452968646,2.6833965212155304
letter,KarciFANN,105,58,0.005720326713912437,0.9023136246786633,0.007286767927691194,0.8765843895930621,2.6088651260675615
letter,KarciFANN,105,59,0.005675198584011175,0.9040988289060269,0.007240681368348477,0.8772515010006671,2.611373048796011
letter,KarciFANN,105,60,0.005648985092664074,0.9033133390459869,0.007182781690362338,0.8812541694462975,2.7542739789862534
letter,KarciFANN,106,1,0.02764735897860766,0.4691516709511568,0.02773187622879001,0.461974649766511,1.4017294803521463
letter,KarciFANN,106,2,0.021079392683216094,0.6211796629534418,0.021294173871343747,0.6184122748498999,1.57141265484106
letter,KarciFANN,106,3,0.01784816697821135,0.7126535275635533,0.01809776733655395,0.7028018679119413,1.66163434317988
letter,KarciFANN,106,4,0.015778228006479524,0.7397172236503856,0.016118391172669284,0.7354903268845897,1.7871177412250407
letter,KarciFANN,106,5,0.014428750858029013,0.7578548986003999,0.014817671334698376,0.752501667778519,1.951679460307823
letter,KarciFANN,106,6,0.013400722395132424,0.7738503284775778,0.013835165639922738,0.7701801200800533,1.886809838007827
letter,KarciFANN,106,7,0.012574580645866928,0.7831333904598686,0.013027466937196551,0.7798532354903269,1.98320367059027
letter,KarciFANN,106,8,0.011888315717365115,0.7932733504712939,0.012396816925422346,0.7885256837891927,1.8954320253711676
letter,KarciFANN,106,9,0.01141586404489688,0.8004855755498429,0.011990905633215655,0.7971981320880587,2.148615901770609
letter,KarciFANN,106,10,0.011034336423085071,0.8049842902027992,0.011688635921530608,0.7975316877918612,2.079315338696687
letter,KarciFANN,106,11,0.010787577872900588,0.8077692087974865,0.011469671991945351,0.800533689126084,2.0962178780943086
letter,KarciFANN,106,12,0.01054036787233837,0.81112539274493,0.011310085201199586,0.7981987991994663,2.1168573305826732
letter,KarciFANN,106,13,0.010252658100456634,0.8160525564124536,0.01093534075297571,0.8065376917945297,2.0750219311483247
letter,KarciFANN,106,14,0.010004938566540611,0.818480434161668,0.010722855250853402,0.8108739159439626,2.0447377111019533
letter,KarciFANN,106,15,0.009874851218544601,0.8200514138817481,0.010641391800756215,0.80920613742495,2.05733540470064
letter,KarciFANN,106,16,0.009711900127482263,0.8217652099400171,0.010459337824945389,0.8115410273515677,2.0511235874277944
letter,KarciFANN,106,17,0.009498177469661017,0.8253356183947443,0.010282835370816364,0.8162108072048032,2.3636133758200417
letter,KarciFANN,106,18,0.009335343235968527,0.8269065981148244,0.01017909172008645,0.8168779186124083,2.130917061079406
letter,KarciFANN,106,19,0.009225819369701703,0.8281205369894316,0.010119837475035164,0.8165443629086058,2.320652997211725
letter,KarciFANN,106,20,0.009082093415284695,0.8306912310768352,0.00993751288965535,0.8202134756504337,2.344630049121322
letter,KarciFANN,106,21,0.008976997681940838,0.8334761496715224,0.009876019352035154,0.8188792528352234,2.338305819896309
letter,KarciFANN,106,22,0.008889956188338887,0.8340474150242788,0.009809533167918313,0.8202134756504337,2.265024071962156
letter,KarciFANN,106,23,0.00885417808463766,0.8348329048843187,0.009762706654856415,0.8225483655770514,2.2776610002862148
letter,KarciFANN,106,24,0.008675340566095206,0.8373321908026278,0.009622718904516114,0.8278852568378919,2.094190444500615
letter,KarciFANN,106,25,0.0085910242923839,0.8386175378463296,0.00954201936873916,0.828552368245497,2.237033328110883
letter,KarciFANN,106,26,0.008575656674448404,0.8384033133390459,0.009456385514344415,0.8265510340226818,2.5617911020251443
letter,KarciFANN,106,27,0.008403385264128843,0.8408311910882605,0.009389412969233684,0.8282188125416945,2.295728449449583
letter,KarciFANN,106,28,0.008385151080611294,0.8425449871465296,0.009348413910819075,0.8305537024683122,2.2691620642753123
letter,KarciFANN,106,29,0.008271389514247223,0.8426163953156242,0.009207912125653467,0.8312208138759173,2.2749962456031567
letter,KarciFANN,106,30,0.008294655116113037,0.8428306198229077,0.009262353999168986,0.8305537024683122,2.2689390847567714
letter,KarciFANN,106,31,0.008193817865721847,0.8444730077120822,0.009171306060256268,0.8318879252835224,2.3864495216057486
letter,KarciFANN,106,32,0.00814108417492507,0.844830048557555,0.00911850076394136,0.8332221480987325,2.227880449114073
letter,KarciFANN,106,33,0.008016323754383279,0.8461868037703514,0.008985632496566658,0.8308872581721147,2.4415458439572
letter,KarciFANN,106,34,0.008044559883236246,0.8474007426449586,0.009021647088173846,0.8368912608405604,2.4491679845100656
letter,KarciFANN,106,35,0.007899915282751087,0.8492573550414168,0.008919237876012932,0.8388925950633755,2.226075513228838
letter,KarciFANN,106,36,0.007883660851991992,0.8491145387032276,0.00894029844744706,0.8358905937291528,2.2451805156326112
letter,KarciFANN,106,37,0.00777533491681047,0.8507569265924022,0.008776136230832371,0.8395597064709807,2.4352619505597537
letter,KarciFANN,106,38,0.007807470981951827,0.8504712939160239,0.008826253508842785,0.8388925950633755,2.5977302930261916
letter,KarciFANN,106,39,0.007689798567563045,0.852042273636104,0.008828216704178785,0.8375583722481654,2.3256003487216765
letter,KarciFANN,106,40,0.0076616072772190385,0.8534704370179949,0.008651272158773421,0.8422281521014009,2.3592558121500717
letter,KarciFANN,106,41,0.007623288289453568,0.8531848043416167,0.008700033736173826,0.8375583722481654,2.4168793944091824
letter,KarciFANN,106,42,0.007591205577165875,0.853756069694373,0.008595349626030403,0.8448965977318212,2.649872319393733
letter,KarciFANN,106,43,0.007555129249267336,0.8542559268780349,0.008626488178445347,0.8418945963975984,2.5117635477237323
letter,KarciFANN,106,44,0.00749026742608784,0.8556840902599258,0.00855831432223072,0.8462308205470314,2.46615539884034
letter,KarciFANN,106,45,0.0074292756280806265,0.8553984575835476,0.008515196564229745,0.8468979319546365,2.3366621837610886
letter,KarciFANN,106,46,0.00738960976150843,0.8570408454727221,0.00848347890259801,0.8415610406937959,2.4440726881433266
letter,KarciFANN,106,47,0.007402184998388714,0.8558983147672093,0.008528760897704407,0.8465643762508339,2.858940746578042
letter,KarciFANN,106,48,0.00732762189000694,0.8575407026563839,0.008472618506841554,0.8435623749166111,2.2508332927456696
letter,KarciFANN,106,49,0.00725267375909819,0.8574692944872894,0.008378224631146035,0.8448965977318212,2.8708928100038764
letter,KarciFANN,106,50,0.007212068265154399,0.8595401313910311,0.008329589740924804,0.8488992661774516,2.7243578244527646
letter,KarciFANN,106,51,0.007221613933684473,0.8591830905455584,0.008399485899472202,0.8505670446964643,2.553615412537691
letter,KarciFANN,106,52,0.007286362069292624,0.8579691516709511,0.00840680272241091,0.8525683789192795,2.5963749156054767
letter,KarciFANN,106,53,0.00711085071674867,0.8606112539274493,0.008289098191458575,0.8495663775850567,2.6445601461934864
letter,KarciFANN,106,54,0.007140568986654489,0.8612539274493002,0.008274506641250918,0.8492328218812542,2.460537416947485
letter,KarciFANN,106,55,0.007115918025267825,0.8623250499857184,0.00835902924549884,0.8488992661774516,2.373436932793287
letter,KarciFANN,106,56,0.007048584964991602,0.8626106826620965,0.008276800689166822,0.8505670446964643,2.402218770685762
letter,KarciFANN,106,57,0.0069832850920742056,0.8631819480148529,0.008228778108880092,0.8515677118078719,2.3768355032033903
letter,KarciFANN,106,58,0.00692935164954478,0.8646101113967438,0.008192022359364785,0.8512341561040694,2.7312240421145004
letter,KarciFANN,106,59,0.006968502360384964,0.8638246215367038,0.008237868784481335,0.8509006004002668,2.7240307422729493
letter,KarciFANN,106,60,0.006951191557312733,0.8643244787203657,0.008211168293205598,0.8498999332888593,2.645262539349641
letter,KarciFANN,107,1,0.028529256160268673,0.45265638389031704,0.028620938184009903,0.4482988659106071,1.3778791327952633
letter,KarciFANN,107,2,0.02128352254679546,0.6531705227077977,0.02150241322679936,0.6457638425617078,1.5812054974327376
letter,KarciFANN,107,3,0.01770259165313089,0.7215795487003713,0.017932268354709565,0.7108072048032021,1.6852105865694382
letter,KarciFANN,107,4,0.01565985474167738,0.7475007140816909,0.01599637487342624,0.7444963308872582,1.804915313228022
letter,KarciFANN,107,5,0.014302011376905904,0.7559982862039417,0.014706920184427595,0.7501667778519012,1.828498337686407
letter,KarciFANN,107,6,0.013148200379289,0.7726363896029705,0.013627510518432539,0.7635090060040026,1.9437441294639863
letter,KarciFANN,107,7,0.012562633224961702,0.781348186232505,0.013134064940928591,0.7725150100066711,2.046564425545531
letter,KarciFANN,107,8,0.011886828151172564,0.7924164524421594,0.012494739041404797,0.7835223482321547,1.969885000842244
letter,KarciFANN,107,9,0.01124004374802084,0.8069123107683519,0.01190695253799963,0.7985323549032688,2.333777832204747
letter,KarciFANN,107,10,0.010595221834940273,0.8210511282490717,0.011293487173928765,0.8072048032021347,2.108491522452325
letter,KarciFANN,107,11,0.010282047824605598,0.8258354755784062,0.011002892543889713,0.8108739159439626,2.1186121736758845
letter,KarciFANN,107,12,0.009943175670038341,0.8336903741788061,0.01070466169641522,0.8172114743162108,2.2108203063754694
letter,KarciFANN,107,13,0.009482567520720851,0.8396172522136532,0.01026755414412712,0.823549032688459,2.375309936780976
letter,KarciFANN,107,14,0.009348981726343901,0.8392602113681805,0.010148014947984492,0.8225483655770514,2.270708730038839
letter,KarciFANN,107,15,0.009050001593381247,0.8450442730648386,0.009839127160813864,0.828552368245497,2.1757477317605094
letter,KarciFANN,107,16,0.008831791817796983,0.8477577834904313,0.00962578798859182,0.8315543695797198,2.360342700588353
letter,KarciFANN,107,17,0.008788041649430997,0.8502570694087404,0.00962873023455454,0.8345563709139426,2.325339389016493
letter,KarciFANN,107,18,0.008579416624998065,0.8526135389888603,0.009482535883091212,0.8355570380253502,2.3146986840769745
letter,KarciFANN,107,19,0.008384554548663426,0.8551842330762639,0.00924163507499811,0.8368912608405604,2.2316235271551292
letter,KarciFANN,107,20,0.008319304010276906,0.8558269065981148,0.009160922254231445,0.8372248165443629,2.399795577560514
letter,KarciFANN,107,21,0.008175530231573013,0.8586118251928021,0.00899985599881743,0.8432288192128086,2.357872683636651
letter,KarciFANN,107,22,0.007981998561576128,0.8603970294201657,0.008899317930099135,0.8432288192128086,2.33169525902004
letter,KarciFANN,107,23,0.007847568851692674,0.8607540702656384,0.008770290243525516,0.8482321547698466,2.3652595938241494
letter,KarciFANN,107,24,0.007774384753749899,0.8652527849185947,0.008706890880380479,0.8505670446964643,2.3870491541120042
letter,KarciFANN,107,25,0.007687171604927788,0.864895744073122,0.008636574358206897,0.8482321547698466,2.473218990012736
letter,KarciFANN,107,26,0.007617332495511184,0.8649671522422165,0.008621424967515938,0.8502334889926618,2.5467337769642593
letter,KarciFANN,107,27,0.0074973951780337765,0.8682519280205655,0.008489955610551301,0.8505670446964643,2.4876154875738776
letter,KarciFANN,107,28,0.007413263353196161,0.8703941730934018,0.008335488162253076,0.8535690460306872,2.6030177430957746
letter,KarciFANN,107,29,0.007412796136052648,0.8684661525278492,0.008465105827882399,0.8522348232154769,2.2252948538644857
letter,KarciFANN,107,30,0.0073983994117716514,0.868966009711511,0.008412618857224028,0.8539026017344896,2.638491182393539
letter,KarciFANN,107,31,0.00725953919846481,0.8703941730934018,0.0082989658217328,0.8522348232154769,2.831786851902468
letter,KarciFANN,107,32,0.007174190915602215,0.8723936018280491,0.00822114249688992,0.8545697131420947,2.4126895170017804
letter,KarciFANN,107,33,0.007126881569890805,0.8728934590117109,0.008149415773117386,0.8569046030687125,2.8570173915729487
letter,KarciFANN,107,34,0.0070826357595779755,0.8734647243644673,0.008177365328773492,0.8549032688458973,2.3923156496674585
letter,KarciFANN,107,35,0.007010689553329016,0.8743216223936018,0.008099106705689606,0.8569046030687125,2.7214063832630266
letter,KarciFANN,107,36,0.006984069563789111,0.8752499285918309,0.00804355852112563,0.8515677118078719,2.586374054202489
letter,KarciFANN,107,37,0.006855876312544909,0.8763924592973437,0.007974388052161618,0.8552368245496998,2.7110940802552275
letter,KarciFANN,107,38,0.00679325396380969,0.8776778063410454,0.007877181338088577,0.8582388258839226,2.3758843132077403
letter,KarciFANN,107,39,0.006831526296788185,0.8788917452156527,0.007917563027059836,0.8582388258839226,2.7652995974970667
letter,KarciFANN,107,40,0.006796273013620476,0.8771065409882891,0.007946024102660616,0.8569046030687125,2.532935280422125
letter,KarciFANN,107,41,0.0067609587444306014,0.8774635818337618,0.007912265638197488,0.8595730486991328,2.535694183286021
letter,KarciFANN,107,42,0.00672171461877323,0.8787489288774636,0.00781712844770978,0.8599066044029353,2.6751554579334975
letter,KarciFANN,107,43,0.006622279216971607,0.8811053984575835,0.007820569680997747,0.8635757171447632,2.608915780273285
letter,KarciFANN,107,44,0.00658042181752563,0.8805341331048272,0.007805497318780229,0.8575717144763175,2.4752624709900664
letter,KarciFANN,107,45,0.00649409099785091,0.8817480719794345,0.007708807794066935,0.862241494329553,3.082617585426116
letter,KarciFANN,107,46,0.00653415117723165,0.8814624393030562,0.007728801650343878,0.8632421614409607,2.5906937237491117
letter,KarciFANN,107,47,0.006523708818746421,0.8808197657812054,0.007709180109292528,0.8639092728485657,2.4999660611203174
letter,KarciFANN,107,48,0.006456719445126935,0.881819480148529,0.007692238273613862,0.8639092728485657,2.431165184391638
letter,KarciFANN,107,49,0.006437902695775045,0.8823907455012854,0.007712517287120206,0.8625750500333556,2.595136297250636
letter,KarciFANN,107,50,0.0064196986046119965,0.883390459868609,0.007679943432703031,0.8612408272181454,2.6060897713683424
letter,KarciFANN,107,51,0.006515731673989009,0.883390459868609,0.007676086890812129,0.8659106070713809,2.4073530526310627
letter,KarciFANN,107,52,0.006371940810666633,0.8853184804341616,0.0075687933319683875,0.8652434956637759,2.856685480350638
letter,KarciFANN,107,53,0.006347095861998268,0.8846043987432162,0.007578834745484548,0.8662441627751835,2.430441602742914
letter,KarciFANN,107,54,0.006332478261492141,0.8852470722650672,0.007565855288095848,0.8642428285523682,2.7047497725667
letter,KarciFANN,107,55,0.006249006338521462,0.8865324193087689,0.007510964092680623,0.866577718478986,2.646370731741429
letter,KarciFANN,107,56,0.006253748962431087,0.8871750928306198,0.007549827534612583,0.8652434956637759,2.6928445215596017
letter,KarciFANN,107,57,0.006200204338930281,0.8873179091688089,0.007540205880814292,0.8702468312208139,2.4085751774455106
letter,KarciFANN,107,58,0.006283486967827629,0.8881033990288489,0.007472328140659951,0.867244829886591,2.6209853025792933
letter,KarciFANN,107,59,0.00613259284058452,0.8888888888888888,0.007453267714897525,0.8669112741827886,2.9537725710521165
letter,KarciFANN,107,60,0.0060784180247733435,0.8894601542416453,0.007411740634474139,0.8659106070713809,2.5706470166467654
letter,KarciFANN,108,1,0.027739897177263967,0.4665809768637532,0.027842172632955787,0.46464309539693127,1.4211652611194132
letter,KarciFANN,108,2,0.020947313904143165,0.6502427877749215,0.02125136743448582,0.6477651767845231,1.597739585368919
letter,KarciFANN,108,3,0.017741161562018527,0.708154812910597,0.01802961649685731,0.7084723148765844,1.7336402306903014
letter,KarciFANN,108,4,0.015521827432960903,0.743573264781491,0.015914095975346796,0.7411607738492328,1.773883989363612
letter,KarciFANN,108,5,0.01405498374541393,0.763638960297058,0.014435493934116778,0.7621747831887925,1.991906687861689
letter,KarciFANN,108,6,0.013207493404877674,0.7804912882033704,0.013614107274798459,0.776851234156104,1.921126918765324
letter,KarciFANN,108,7,0.012068008530325258,0.7994858611825193,0.012527625579323236,0.7868579052701801,1.9403074501847692
letter,KarciFANN,108,8,0.01147608323022566,0.8122679234504427,0.011991462480483484,0.8015343562374917,2.0003554698441413
letter,KarciFANN,108,9,0.010883202615131095,0.8142673521850899,0.011354638697250306,0.8125416944629753,2.013512471656553
letter,KarciFANN,108,10,0.010407149118293315,0.8242644958583262,0.010965430128722354,0.8165443629086058,2.165093462409959
letter,KarciFANN,108,11,0.010126966116506445,0.8269780062839189,0.010821060681889299,0.8188792528352234,2.1215684906976984
letter,KarciFANN,108,12,0.009766336420797344,0.8333333333333334,0.01040943163389829,0.8268845897264844,2.2401446481797334
letter,KarciFANN,108,13,0.009433669920382536,0.8361182519280206,0.010105607030805555,0.8275517011340894,2.248832594537038
letter,KarciFANN,108,14,0.009170715954437338,0.8394030277063697,0.009860586849628636,0.8352234823215477,2.3910654708976655
letter,KarciFANN,108,15,0.009081668924361854,0.8412596401028277,0.00987910753448765,0.8322214809873248,2.2477795806463994
letter,KarciFANN,108,16,0.008752994196029155,0.847186518137675,0.009506024510140088,0.8355570380253502,2.1957876260000364
letter,KarciFANN,108,17,0.008508841736406746,0.8505427020851185,0.009255118608717998,0.8392261507671781,2.4009842556451333
letter,KarciFANN,108,18,0.00836552589335192,0.8524707226506713,0.009169276680552674,0.8405603735823882,2.3956267574270176
letter,KarciFANN,108,19,0.00822367894552288,0.8534704370179949,0.009057181952826295,0.8408939292861908,2.3443072882985385
letter,KarciFANN,108,20,0.008168390616365324,0.8557554984290203,0.009038553231030973,0.8455637091394262,2.3166126939447356
letter,KarciFANN,108,21,0.00791924235826663,0.8607540702656384,0.008765878359231734,0.8498999332888593,2.274340966252752
letter,KarciFANN,108,22,0.007815274273645614,0.8612539274493002,0.008731733646486531,0.8482321547698466,2.132291694574476
letter,KarciFANN,108,23,0.007692159320418293,0.8629677235075692,0.008595433645631456,0.8495663775850567,2.663962724021288
letter,KarciFANN,108,24,0.007686793131401277,0.8636818051985147,0.008548933681207255,0.8512341561040694,2.4727993312607417
letter,KarciFANN,108,25,0.0075226270793690465,0.8656098257640674,0.008454084552533105,0.8545697131420947,2.4421733212245154
letter,KarciFANN,108,26,0.007415983975611555,0.8683947443587546,0.008318022652328373,0.8575717144763175,2.3841630560661247
letter,KarciFANN,108,27,0.007355496371698613,0.8696086832333619,0.008332085821241255,0.8562374916611074,2.326353088107339
letter,KarciFANN,108,28,0.007246328102367375,0.8718937446443873,0.008202065530092435,0.8605737158105403,2.440360281348538
letter,KarciFANN,108,29,0.007152254197574493,0.8735361325335619,0.00814899349656621,0.8639092728485657,2.4263581085373103
letter,KarciFANN,108,30,0.007071080607994498,0.8745358469008855,0.008077195844235325,0.8612408272181454,2.3634303576494955
letter,KarciFANN,108,31,0.0069849514226037294,0.8758211939445872,0.007976211961925186,0.8655770513675783,2.6674983932774468
letter,KarciFANN,108,32,0.006899125962708834,0.877892030848329,0.007967382288784049,0.8652434956637759,2.657210367067339
letter,KarciFANN,108,33,0.00684550357332252,0.8788203370465582,0.007833562054198004,0.8692461641094062,2.412856259274811
letter,KarciFANN,108,34,0.006817625985739805,0.8803913167666381,0.007823141786656508,0.866577718478986,3.1359830042653494
letter,KarciFANN,108,35,0.006754524563712903,0.8807483576121108,0.007817174638102685,0.8692461641094062,2.6608334249751326
letter,KarciFANN,108,36,0.0066928796535459115,0.8814624393030562,0.007784012618492652,0.8675783855903936,2.473229450400206
letter,KarciFANN,108,37,0.00658547340777196,0.8823193373321908,0.00770421765970925,0.866577718478986,2.635148976694475
letter,KarciFANN,108,38,0.006569790555666673,0.8833190516995144,0.007717242374489044,0.866577718478986,2.3758651952697902
letter,KarciFANN,108,39,0.006501589521083609,0.8830334190231363,0.007623816308052504,0.867244829886591,2.462352294676265
letter,KarciFANN,108,40,0.006465976782957752,0.884318766066838,0.007589168361464858,0.8689126084056037,2.7246730357711058
letter,KarciFANN,108,41,0.006407748449714568,0.8851756640959726,0.007568279070891253,0.8675783855903936,2.680586260290575
letter,KarciFANN,108,42,0.006426454087786895,0.8837475007140817,0.00752635430132341,0.8699132755170114,2.707755048620828
letter,KarciFANN,108,43,0.006288591520582827,0.8865324193087689,0.007425622759866499,0.8702468312208139,2.487256486506098
letter,KarciFANN,108,44,0.00630507343629159,0.8860325621251071,0.007485810390493734,0.8695797198132088,2.9219986934318314
letter,KarciFANN,108,45,0.006246361643927286,0.8868894601542416,0.007487714251215184,0.8705803869246164,2.487606264470845
letter,KarciFANN,108,46,0.006211837941861195,0.8863896029705798,0.007465972399034429,0.8739159439626417,2.601323352078952
letter,KarciFANN,108,47,0.00618147269874762,0.8869608683233362,0.007424680674561248,0.8719146097398266,2.7473051730143436
letter,KarciFANN,108,48,0.006139274832764102,0.8883176235361325,0.007406095228317655,0.8729152768512342,2.9158688880571266
letter,KarciFANN,108,49,0.006153766697686502,0.887460725506998,0.007425315300356077,0.8732488325550367,2.932493483667152
letter,KarciFANN,108,50,0.006197672387798545,0.8877463581833762,0.007419577785624575,0.8732488325550367,2.6693045674570643
letter,KarciFANN,108,51,0.00601197635182134,0.8883176235361325,0.007302844482322385,0.8709139426284189,2.5321550263787764
letter,KarciFANN,108,52,0.0060495775225595455,0.8883176235361325,0.007349668321197506,0.871581054036024,2.8490370616410585
letter,KarciFANN,108,53,0.006000468530768749,0.8892459297343616,0.007287329534398458,0.8749166110740494,2.782667626570869
letter,KarciFANN,108,54,0.005958670033170385,0.8885318480434161,0.007229634586932365,0.8749166110740494,2.725687058652796
letter,KarciFANN,108,55,0.006104912843517192,0.8879605826906598,0.007440220671366031,0.872248165443629,2.7140740534066516
letter,KarciFANN,108,56,0.0059034728055905325,0.8895315624107398,0.0072145478257268116,0.8742494996664443,2.620455412833001
letter,KarciFANN,108,57,0.005903872495984745,0.8918880319908598,0.007218001793648636,0.8779186124082722,2.8748618185919446
letter,KarciFANN,108,58,0.005870072345771278,0.889960011425307,0.007222981088906832,0.8739159439626417,2.877078703368566
letter,KarciFANN,108,59,0.00584809639276075,0.8913167666381034,0.007200196607698302,0.8742494996664443,2.5502637230884617
letter,KarciFANN,108,60,0.0058270341273300415,0.8903170522707797,0.007201031069215981,0.8745830553702468,2.377170624735303
letter,KarciFANN,109,1,0.027599033255236747,0.5064981433876036,0.02768626663795619,0.510006671114076,1.3898321170849237
letter,KarciFANN,109,2,0.020812827041766086,0.6620965438446158,0.02111272218375975,0.6554369579719813,1.5816853502214188
letter,KarciFANN,109,3,0.017482769315952267,0.7160097115109969,0.01772423118559106,0.7134756504336224,1.6399553430125484
letter,KarciFANN,109,4,0.015428540189057816,0.7481433876035418,0.015774179638656276,0.7471647765176784,1.761410664046479
letter,KarciFANN,109,5,0.014140031448596843,0.7575692659240217,0.014572680169139731,0.7518345563709139,1.8183733311869323
letter,KarciFANN,109,6,0.013054156772968317,0.7786346758069123,0.013409914688172844,0.771847898599066,1.9907595801356124
letter,KarciFANN,109,7,0.012485504689985164,0.785275635532705,0.01281890298341521,0.7845230153435624,1.9406878851774343
letter,KarciFANN,109,8,0.011670198558118917,0.8023421879463011,0.012176476259199842,0.7895263509006004,2.10997971489728
letter,KarciFANN,109,9,0.011033754397115939,0.8163381890888317,0.011514766980458165,0.8085390260173448,2.1797153340472013
letter,KarciFANN,109,10,0.010567354008657616,0.817552127963439,0.011137643345203388,0.8085390260173448,2.0282518375077103
letter,KarciFANN,109,11,0.010170976474199404,0.8274064552984861,0.010749510003257998,0.8162108072048032,2.2385119805969724
letter,KarciFANN,109,12,0.009820392900683305,0.827906312482148,0.010445364736737647,0.8188792528352234,2.1762829496790035
letter,KarciFANN,109,13,0.009538600837203681,0.834475864038846,0.010228895657281403,0.8222148098732488,2.2175710186532513
letter,KarciFANN,109,14,0.009356750787024477,0.8384033133390459,0.010075337022585814,0.8268845897264844,2.264463891772883
letter,KarciFANN,109,15,0.009094145750984394,0.8409740074264496,0.009800356872200605,0.8305537024683122,2.2229811614018433
letter,KarciFANN,109,16,0.00889348897970419,0.8429020279920023,0.00963217155168783,0.8332221480987325,2.1544082629395573
letter,KarciFANN,109,17,0.008725160554009336,0.8483290488431876,0.009440489259697205,0.8422281521014009,2.347476444889538
letter,KarciFANN,109,18,0.008700327242199081,0.8457583547557841,0.009442669134603477,0.8372248165443629,2.4094940256173865
letter,KarciFANN,109,19,0.008429131251703375,0.8503998857469295,0.009173064421540058,0.8435623749166111,2.226423241262463
letter,KarciFANN,109,20,0.008304420876981721,0.8523279063124821,0.009069138665820592,0.8422281521014009,2.322972890771991
letter,KarciFANN,109,21,0.008060217491403362,0.8558269065981148,0.00882712365355494,0.8442294863242161,2.261713566722367
letter,KarciFANN,109,22,0.008049527339108803,0.857683518994573,0.008792269014545266,0.8465643762508339,2.3633561030797656
letter,KarciFANN,109,23,0.00787115538812559,0.8598971722365039,0.008592813018390648,0.8492328218812542,2.3547611528815082
letter,KarciFANN,109,24,0.007775552097538276,0.8606826620965439,0.008620002956906446,0.8498999332888593,2.432324600423459
letter,KarciFANN,109,25,0.00788678533363544,0.8595401313910311,0.008562766680792958,0.8532354903268846,2.446855457349764
letter,KarciFANN,109,26,0.0075734566195822615,0.8663953156241074,0.008425931783528722,0.8549032688458973,2.551580597361231
letter,KarciFANN,109,27,0.007466240473184539,0.8656098257640674,0.008299653082055746,0.8542361574382922,2.4699191489320294
letter,KarciFANN,109,28,0.007442925275124706,0.8658954584404456,0.008298188175924584,0.8555703802535023,2.535962428110431
letter,KarciFANN,109,29,0.007277401680624345,0.8686089688660382,0.008156366755835736,0.8579052701801201,2.4515995966684985
letter,KarciFANN,109,30,0.007287217621649451,0.8698229077406455,0.008209285261742912,0.8569046030687125,2.4473763454503596
letter,KarciFANN,109,31,0.007150789542252595,0.8711082547843473,0.007993624134197682,0.8585723815877252,2.6994641091507634
letter,KarciFANN,109,32,0.0071021811618274845,0.8731790916880892,0.008072073509957953,0.8595730486991328,2.409390566989264
letter,KarciFANN,109,33,0.006985824904783016,0.8741788060554128,0.007910889107519718,0.8619079386257505,2.4896725817977057
letter,KarciFANN,109,34,0.006951913702309898,0.8735361325335619,0.007896988070202695,0.8585723815877252,2.5587841501494477
letter,KarciFANN,109,35,0.006876991527055659,0.8752499285918309,0.007814539109919907,0.8649099399599733,2.7103748764845705
letter,KarciFANN,109,36,0.006824283382625153,0.877892030848329,0.007844453836902266,0.8635757171447632,2.5090937603299603
letter,KarciFANN,109,37,0.006800010753684857,0.8775349900028563,0.007854947859909556,0.8595730486991328,2.425587248638554
letter,KarciFANN,109,38,0.006730269467171543,0.8778206226792346,0.007771670829295719,0.8645763842561708,2.6005831057471944
letter,KarciFANN,109,39,0.0067241969959187095,0.879463010568409,0.0076590829269398055,0.8675783855903936,2.436356525536248
letter,KarciFANN,109,40,0.00661152114577253,0.8809625821193945,0.007603830880320412,0.867244829886591,2.6878464926512255
letter,KarciFANN,109,41,0.006554502799955595,0.8836760925449871,0.007621948743867207,0.8705803869246164,2.3506318929543104
letter,KarciFANN,109,42,0.006522698183861722,0.8827477863467581,0.007591829103000214,0.8669112741827886,2.6299691539875782
letter,KarciFANN,109,43,0.006463193360740584,0.8828191945158527,0.007506149690415322,0.867244829886591,2.4164017199830434
letter,KarciFANN,109,44,0.006470408530064908,0.8838189088831763,0.007607781041630294,0.8692461641094062,2.4459230570534536
letter,KarciFANN,109,45,0.006462014576289247,0.8846758069123107,0.0075553772679166084,0.8662441627751835,2.5505765524986765
letter,KarciFANN,109,46,0.0063359326604224405,0.884318766066838,0.007477277164041415,0.8682454969979987,2.7457271306533015
letter,KarciFANN,109,47,0.006326606956553879,0.8855327049414453,0.0074512694233387685,0.867244829886591,2.756666461509474
letter,KarciFANN,109,48,0.006373759259890204,0.8858183376178235,0.007627883049197682,0.867244829886591,2.587821693654956
letter,KarciFANN,109,49,0.006371638974678345,0.8849614395886889,0.0075093257250059345,0.867244829886591,2.780263785156472
letter,KarciFANN,109,50,0.006239861597773534,0.888246215367038,0.007419721518575487,0.8695797198132088,2.752063567676496
letter,KarciFANN,109,51,0.006177504558717729,0.8881033990288489,0.007332086310989688,0.8702468312208139,2.577507157058876
letter,KarciFANN,109,52,0.006196279542489936,0.8873893173379035,0.007357606449591366,0.8699132755170114,2.6672083903066364
letter,KarciFANN,109,53,0.006144937801584396,0.889031705227078,0.00732171307424983,0.8712474983322215,2.4679782783269353
letter,KarciFANN,109,54,0.006138201033887277,0.8883890317052271,0.007386142779376209,0.8695797198132088,2.6541287374744784
letter,KarciFANN,109,55,0.0060860382098471425,0.8901742359325907,0.007287572093811043,0.8702468312208139,2.757858443656879
letter,KarciFANN,109,56,0.006070486036074026,0.8895315624107398,0.007330231966070761,0.8719146097398266,2.5939618937159814
letter,KarciFANN,109,57,0.006124431999649276,0.889031705227078,0.007345899486724535,0.8725817211474316,2.5897152443856757
letter,KarciFANN,109,58,0.006068288179348742,0.8891745215652671,0.0074341512923072695,0.8702468312208139,2.6048277043421586
letter,KarciFANN,109,59,0.0060250197713851645,0.8900314195944016,0.007226217049480746,0.8725817211474316,2.476704364818694
letter,KarciFANN,109,60,0.005991148733662694,0.8903170522707797,0.007210343903802373,0.8739159439626417,2.8074843337532953
letter,KarciFANN,110,1,0.026848157160329355,0.5207797772065125,0.026975365449454936,0.5200133422281521,1.4250200099193908
letter,KarciFANN,110,2,0.02034256162325328,0.6593830334190232,0.020574931535900846,0.6594396264176118,1.5719500082560065
letter,KarciFANN,110,3,0.017249917030322085,0.7054413024850043,0.017471305104919888,0.7018012008005337,1.7655502930094005
letter,KarciFANN,110,4,0.015012489316933988,0.7561411025421308,0.01529658039112515,0.7571714476317545,1.875894828213294
letter,KarciFANN,110,5,0.013773049290032105,0.7704941445301342,0.014098452914671327,0.771847898599066,1.8784794801375855
letter,KarciFANN,110,6,0.012811863084332659,0.7837046558126249,0.013189796228021435,0.7781854569713142,1.9495140367518276
letter,KarciFANN,110,7,0.011969644654643903,0.7977006569551557,0.01240325332422988,0.7991994663108739,2.0341078829438963
letter,KarciFANN,110,8,0.011400851680599431,0.8082690659811482,0.011946030379535528,0.7988659106070714,2.1122290436584223
letter,KarciFANN,110,9,0.010883171753670057,0.8132676378177663,0.011433033740475319,0.8075383589059373,2.0705195402626693
letter,KarciFANN,110,10,0.010543267100333417,0.8181233933161953,0.011218937411515821,0.8112074716477652,2.1800855087757647
letter,KarciFANN,110,11,0.010273094514786377,0.8232647814910026,0.010965041611973435,0.8115410273515677,2.1301294022522694
letter,KarciFANN,110,12,0.009863752785480956,0.8286203941730934,0.010541259678114435,0.8218812541694464,2.390720148344048
letter,KarciFANN,110,13,0.00960386417099759,0.8323336189660097,0.010362391894975271,0.8225483655770514,2.2212874862772733
letter,KarciFANN,110,14,0.009415918765561533,0.8334047415024278,0.010198744510313437,0.8198799199466311,2.199165849322676
letter,KarciFANN,110,15,0.009280623253419265,0.8355469865752642,0.010067342467199293,0.8208805870580387,2.3220795912977956
letter,KarciFANN,110,16,0.009023476697632088,0.8400457012282205,0.009861864705344565,0.8262174783188793,2.0744246958211723
letter,KarciFANN,110,17,0.008932077914796192,0.8422593544701514,0.009742724913682851,0.8288859239492995,2.4367795485178587
letter,KarciFANN,110,18,0.008755400615671538,0.8446158240502714,0.009570698726556984,0.8298865910607072,2.265334643473022
letter,KarciFANN,110,19,0.008549201968391191,0.8464724364467295,0.009401752016465249,0.8305537024683122,2.204639731840256
letter,KarciFANN,110,20,0.00847478276491237,0.8486146815195659,0.009381996312054849,0.8342228152101401,2.341250181822529
letter,KarciFANN,110,21,0.008298061307268836,0.8491145387032276,0.009201076256577394,0.8338892595063375,2.4134058689690394
letter,KarciFANN,110,22,0.008307138766201051,0.8499714367323622,0.009208816356820202,0.8392261507671781,2.488075042862157
letter,KarciFANN,110,23,0.008128572201767012,0.8527563553270494,0.009039800724683281,0.842895263509006,2.4633665928668544
letter,KarciFANN,110,24,0.008008268296786778,0.8531133961725221,0.008937256172969768,0.8408939292861908,2.1771118419861897
letter,KarciFANN,110,25,0.00789169267628253,0.8555412739217366,0.008876282355262768,0.8448965977318212,2.339915541107092
letter,KarciFANN,110,26,0.00792548911829509,0.8546843758926022,0.008924836950594955,0.8435623749166111,2.3975732911013905
letter,KarciFANN,110,27,0.007745122594355091,0.857683518994573,0.008782215353659103,0.847898599066044,2.3390227298629713
letter,KarciFANN,110,28,0.007622860595253573,0.8589688660382748,0.008617314727682726,0.8465643762508339,2.430029689355664
letter,KarciFANN,110,29,0.0076097904857738265,0.8606112539274493,0.008601696698536887,0.8512341561040694,2.411800341719287
letter,KarciFANN,110,30,0.007515986254510338,0.8631819480148529,0.008527219009971092,0.8515677118078719,2.4162773783605633
letter,KarciFANN,110,31,0.007433037802624748,0.8628249071693802,0.008432800496918136,0.8522348232154769,2.250599877563892
letter,KarciFANN,110,32,0.007396285264726141,0.8646101113967438,0.008477491474443861,0.8529019346230821,2.344381722659751
letter,KarciFANN,110,33,0.007308891415040627,0.8651813767495001,0.0083162726286579,0.8532354903268846,2.4117257037318063
letter,KarciFANN,110,34,0.007231491065908074,0.8652527849185947,0.008310424762817367,0.8525683789192795,2.3225445596539327
letter,KarciFANN,110,35,0.007189109816104861,0.8668951728077692,0.008265775391516302,0.8579052701801201,2.287626591897444
letter,KarciFANN,110,36,0.007139372382213459,0.8666809483004856,0.008221240428875582,0.8532354903268846,2.613261530028981
letter,KarciFANN,110,37,0.007110163957578247,0.8678948871750928,0.008208050155643399,0.8579052701801201,2.4769145072531815
letter,KarciFANN,110,38,0.007110827031291626,0.8681091116823765,0.008216525787212645,0.8549032688458973,2.7242180425379563
letter,KarciFANN,110,39,0.007051169833895388,0.8694658668951728,0.008137457476754012,0.8579052701801201,2.574618042071813
letter,KarciFANN,110,40,0.00699506617786528,0.8694658668951728,0.008096662425565702,0.8575717144763175,2.511649944135095
letter,KarciFANN,110,41,0.006989482881684404,0.8707512139388746,0.008083625799877585,0.8589059372915276,2.366662214956056
letter,KarciFANN,110,42,0.006937925413306548,0.8708940302770637,0.008118214147687996,0.8592394929953302,2.3787854545936216
letter,KarciFANN,110,43,0.006911103634621355,0.87146529562982,0.008066335080411245,0.8589059372915276,2.4898652509268104
letter,KarciFANN,110,44,0.006844295591065001,0.8720365609825764,0.00800808312343968,0.8582388258839226,2.6163305223659634
letter,KarciFANN,110,45,0.006796657992036436,0.8738931733790346,0.00794288456937644,0.861574382921948,2.3229856509196196
letter,KarciFANN,110,46,0.006819891192055286,0.8731076835189946,0.00791338002783452,0.8609072715143429,2.3799548737231238
letter,KarciFANN,110,47,0.006782108677111382,0.8730362753499,0.007884072477447006,0.862241494329553,2.4784123899976858
letter,KarciFANN,110,48,0.006684045741647966,0.8743216223936018,0.007786056296385543,0.8652434956637759,2.7212968333948653
letter,KarciFANN,110,49,0.0067016940920581435,0.8743216223936018,0.007923031240748089,0.8599066044029353,2.5304592285051437
letter,KarciFANN,110,50,0.006659152839337137,0.8755355612682091,0.007786738044170135,0.8655770513675783,2.5442605193441232
letter,KarciFANN,110,51,0.006620672350511083,0.87539274493002,0.007855503730110461,0.8629086057371581,2.6977375283727807
letter,KarciFANN,110,52,0.006650915371972887,0.87539274493002,0.00782331904483301,0.8655770513675783,2.430477019463607
letter,KarciFANN,110,53,0.0066264329133235815,0.87617823479006,0.007853858500724516,0.8605737158105403,2.518369003558755
letter,KarciFANN,110,54,0.006542870337719898,0.8775349900028563,0.0076827869966074845,0.8645763842561708,2.7016994993287686
letter,KarciFANN,110,55,0.006512350060902332,0.8776778063410454,0.007714417012252941,0.8629086057371581,2.7522662624067795
letter,KarciFANN,110,56,0.006523181658530649,0.8771779491573836,0.007682847021793415,0.8632421614409607,2.607263654906218
letter,KarciFANN,110,57,0.0065197922453494725,0.8783918880319909,0.0077023662335786855,0.8635757171447632,2.3757294455652262
letter,KarciFANN,110,58,0.006535856781541216,0.8769637246501,0.007738233980695674,0.8639092728485657,2.679068484341397
letter,KarciFANN,110,59,0.006425622774943826,0.8781776635247073,0.007642849497051108,0.8662441627751835,2.5528244409147276
letter,KarciFANN,110,60,0.006385097933745059,0.8798200514138818,0.007656428969912735,0.8642428285523682,2.603903254964408
letter,KarciFANN,111,1,0.02831392980169837,0.4635104255926878,0.028341740964736677,0.45663775850567045,1.376648290845716
letter,KarciFANN,111,2,0.021321937306144907,0.6540274207369323,0.021513441678601756,0.6470980653769179,1.6053957818734315
letter,KarciFANN,111,3,0.017710644951850308,0.7132247929163096,0.017929149403557443,0.7161440960640427,1.7139145014823325
letter,KarciFANN,111,4,0.015334359651546437,0.7457869180234219,0.015583992811114,0.7505003335557038,1.9305523099139463
letter,KarciFANN,111,5,0.014000157708828474,0.7674235932590688,0.014258747574392525,0.7658438959306204,1.870032288262949
letter,KarciFANN,111,6,0.01295095616582036,0.7779920022850614,0.01331993183235141,0.7771847898599066,1.8576266006637059
letter,KarciFANN,111,7,0.012352551098556472,0.7882747786346758,0.012741080853535069,0.7825216811207472,1.9532561035753535
letter,KarciFANN,111,8,0.01166096844619554,0.8010568409025992,0.01209210578450278,0.7985323549032688,1.9808485135001253
letter,KarciFANN,111,9,0.011028348866942315,0.8131962296486718,0.011526650352397728,0.8075383589059373,2.042907248529997
letter,KarciFANN,111,10,0.010533957221808502,0.8191945158526135,0.011076797290334268,0.8128752501667779,2.1172321606353126
letter,KarciFANN,111,11,0.010094019833151679,0.8279777206512425,0.010693208201843041,0.8175450300200133,2.1755011643509174
letter,KarciFANN,111,12,0.009824528675749046,0.8306912310768352,0.010447432681702193,0.818545697131421,2.2322310270569816
letter,KarciFANN,111,13,0.00962372000968625,0.8351899457297914,0.010322993958214597,0.8222148098732488,2.1888197276450496
letter,KarciFANN,111,14,0.009352384810098051,0.8374750071408169,0.010070746705119446,0.8232154769846565,2.231254955428142
letter,KarciFANN,111,15,0.009103622979160867,0.8416166809483004,0.009830006451182257,0.829219479653102,2.2618663437919566
letter,KarciFANN,111,16,0.008935116745488888,0.8435447015138532,0.009693026224840135,0.829219479653102,2.2669532185908876
letter,KarciFANN,111,17,0.008829510072464936,0.8453299057412168,0.009590994888161406,0.8338892595063375,2.2999680932139945
letter,KarciFANN,111,18,0.008689723207162851,0.8503284775778349,0.009507092354378674,0.8338892595063375,2.204539550913535
letter,KarciFANN,111,19,0.008523004616411855,0.8531133961725221,0.009398866520306031,0.8335557038025351,2.304915441736153
letter,KarciFANN,111,20,0.008339012032049063,0.8539702942016567,0.00915145246437016,0.8375583722481654,2.290096938559924
letter,KarciFANN,111,21,0.008259463240572716,0.8558983147672093,0.009120564902821739,0.8388925950633755,2.1779974014075876
letter,KarciFANN,111,22,0.008136891433949741,0.8572550699800057,0.008906344307507972,0.8445630420280187,2.3696118945475626
letter,KarciFANN,111,23,0.00800952665553499,0.8591830905455584,0.008864566128099672,0.8448965977318212,2.2408792678391327
letter,KarciFANN,111,24,0.007882237128250503,0.8596115395601257,0.008743627896874079,0.8488992661774516,2.4090041855001805
letter,KarciFANN,111,25,0.007834712174143589,0.8614681519565839,0.00876499810579974,0.8445630420280187,2.428328112761985
letter,KarciFANN,111,26,0.007753772479813839,0.8633961725221365,0.008697262633001895,0.8462308205470314,2.590209291733178
letter,KarciFANN,111,27,0.007583922598840029,0.8661096829477292,0.008500662628061718,0.8512341561040694,2.30543045067715
letter,KarciFANN,111,28,0.007562666853389636,0.8656098257640674,0.008481120372953975,0.8485657104736491,2.488237316606068
letter,KarciFANN,111,29,0.007514086804118912,0.8658954584404456,0.008390330107382063,0.8502334889926618,2.3233812432557652
letter,KarciFANN,111,30,0.007400063098727022,0.8685375606969438,0.008319056617908775,0.8542361574382922,2.4741214696758163
letter,KarciFANN,111,31,0.007285630258404376,0.8699657240788347,0.008159603742943874,0.8549032688458973,2.5090848005634676
letter,KarciFANN,111,32,0.007235926907204754,0.871322479291631,0.008202216639946676,0.8562374916611074,2.5502735557539453
letter,KarciFANN,111,33,0.007196999931351898,0.8720365609825764,0.008136773654012268,0.85657104736491,2.4416670959217885
letter,KarciFANN,111,34,0.007140457670600032,0.8719651528134819,0.008054930113691352,0.8589059372915276,2.4514541672196954
letter,KarciFANN,111,35,0.0071193377494699,0.8731076835189946,0.00804479155692477,0.8612408272181454,2.586260555860903
letter,KarciFANN,111,36,0.00695373801330175,0.8757497857754927,0.007848335207226921,0.8642428285523682,2.5593863020350507
letter,KarciFANN,111,37,0.006919131734234877,0.8757497857754927,0.007826972191960865,0.8635757171447632,2.48583534681907
letter,KarciFANN,111,38,0.0069201018060459606,0.8759640102827764,0.007811335766580075,0.8629086057371581,2.58370585579593
letter,KarciFANN,111,39,0.006815679512407207,0.8788917452156527,0.007819422807123048,0.8612408272181454,2.576219700681218
letter,KarciFANN,111,40,0.006827918539104127,0.8773207654955727,0.007764214812124348,0.8642428285523682,2.4161991207119438
letter,KarciFANN,111,41,0.006724826806690752,0.8793916023993145,0.007673811185652628,0.8655770513675783,2.455347087051014
letter,KarciFANN,111,42,0.006615567933881336,0.8815338474721508,0.0076060397980534135,0.8649099399599733,2.6140914976243836
letter,KarciFANN,111,43,0.006604530594729614,0.8806055412739218,0.0075738345372923675,0.8699132755170114,2.4090253534526402
letter,KarciFANN,111,44,0.006532453779993985,0.8836046843758926,0.007565235093566088,0.8669112741827886,2.4488770915778133
letter,KarciFANN,111,45,0.006611325054983649,0.8838903170522708,0.00764498683644878,0.8682454969979987,2.4973137209256038
letter,KarciFANN,111,46,0.0064515957515953685,0.8853184804341616,0.007568499019326894,0.8675783855903936,2.4813027539898678
letter,KarciFANN,111,47,0.006432287307633523,0.8846758069123107,0.007496291156693011,0.8719146097398266,2.6054569764235023
letter,KarciFANN,111,48,0.006397480191168304,0.8867466438160525,0.007495275210937655,0.8712474983322215,2.677794436686259
letter,KarciFANN,111,49,0.006415964402195295,0.885889745786918,0.007452993983214834,0.871581054036024,2.383471141502937
letter,KarciFANN,111,50,0.0062405326911959885,0.8889602970579834,0.007304924397171268,0.8729152768512342,2.58165213999616
letter,KarciFANN,111,51,0.0063530993443919395,0.8869608683233362,0.007385490119064906,0.8709139426284189,2.7120363447401856
letter,KarciFANN,111,52,0.006221669768148626,0.8887460725506998,0.0073100996222285036,0.8739159439626417,2.4917035601747197
letter,KarciFANN,111,53,0.0061618009602536945,0.8922450728363325,0.007245678023572562,0.8739159439626417,2.639632111609342
letter,KarciFANN,111,54,0.00611837574071413,0.890745501285347,0.007239705762571042,0.8732488325550367,2.577142910157277
letter,KarciFANN,111,55,0.006127089380580383,0.8914595829762925,0.007291094437939055,0.8732488325550367,2.5152302903122083
letter,KarciFANN,111,56,0.006123393888006378,0.8922450728363325,0.007309811539074193,0.875250166777852,2.4513642592424487
letter,KarciFANN,111,57,0.006020191586719171,0.893101970865467,0.007211458863857861,0.8762508338892595,2.5922602508375423
letter,KarciFANN,111,58,0.006013593091283504,0.8943873179091688,0.007186401804167073,0.8742494996664443,2.573512690379238
letter,KarciFANN,111,59,0.005948184653034889,0.8946015424164524,0.00713157782503068,0.8775850567044696,2.5687461151686555
letter,KarciFANN,111,60,0.0059412789362735235,0.8961725221365324,0.007135974431041095,0.875250166777852,2.6712567458823138
letter,KarciFANN,112,1,0.028033091763615722,0.4314481576692374,0.028108870019143344,0.43162108072048033,1.4032251051001163
letter,KarciFANN,112,2,0.02129257623761582,0.643101970865467,0.02145194059594099,0.6394262841894597,1.5714550655484194
letter,KarciFANN,112,3,0.01760896117927528,0.720365609825764,0.01780957844628966,0.7158105403602402,1.6957198316490378
letter,KarciFANN,112,4,0.015612543135697723,0.7364324478720365,0.0158704342081445,0.7404936624416277,1.7543024987522557
letter,KarciFANN,112,5,0.014002184781085383,0.7631391031133962,0.014302652800479999,0.7605070046697798,1.8867369369694538
letter,KarciFANN,112,6,0.013168324199737218,0.7774207369323051,0.013547773259233266,0.7708472314876584,1.9590849990212433
letter,KarciFANN,112,7,0.012572333811112505,0.7873464724364467,0.012970930529308792,0.7868579052701801,1.9737454093039721
letter,KarciFANN,112,8,0.011660077966985328,0.7978434732933447,0.012112881105625943,0.7915276851234156,2.008249492261075
letter,KarciFANN,112,9,0.01118677830433009,0.8013424735789775,0.011605403737032751,0.799866577718479,1.9728810814754292
letter,KarciFANN,112,10,0.010818715319023746,0.8081976578120537,0.01136700933706915,0.8052034689793195,1.9819118958460766
letter,KarciFANN,112,11,0.010555130109493431,0.8124107397886319,0.011080477888690907,0.8065376917945297,2.3106070634785434
letter,KarciFANN,112,12,0.010276663084947171,0.8157669237360754,0.010877776146814419,0.8085390260173448,2.318581366807377
letter,KarciFANN,112,13,0.00997011468184817,0.8209083119108826,0.0105575902559964,0.8098732488325551,2.2837529981494615
letter,KarciFANN,112,14,0.009762438583919156,0.8226935161382463,0.01038474553878132,0.813542361574383,2.227908141238652
letter,KarciFANN,112,15,0.009640735483878698,0.8235504141673807,0.010318850196111094,0.8112074716477652,2.316316373810068
letter,KarciFANN,112,16,0.009321248799530711,0.8308340474150243,0.009961285838015303,0.8238825883922615,2.2418834408078596
letter,KarciFANN,112,17,0.009206053318609918,0.8306198229077406,0.009895777148854581,0.8222148098732488,2.307579297402531
letter,KarciFANN,112,18,0.009068252306100618,0.8333333333333334,0.009745822530326886,0.8252168112074717,2.3278068619228764
letter,KarciFANN,112,19,0.008921410372280395,0.836975149957155,0.00969839587607552,0.8295530353569046,2.22929893564092
letter,KarciFANN,112,20,0.008796740520398205,0.8380462724935732,0.009535095602730203,0.829219479653102,2.3255728793942803
letter,KarciFANN,112,21,0.008829501692639592,0.8389745786918024,0.009625834264660616,0.8275517011340894,2.370630436061945
letter,KarciFANN,112,22,0.008520654458989673,0.8418309054555841,0.009370652722574318,0.8318879252835224,2.508992789092502
letter,KarciFANN,112,23,0.008441351731780782,0.8446158240502714,0.009219660408041386,0.8385590393595731,2.28446710542179
letter,KarciFANN,112,24,0.008331855730006504,0.8468294772922023,0.009208995117595188,0.8322214809873248,2.4249605029351606
letter,KarciFANN,112,25,0.008258527583049246,0.8472579263067695,0.009065836923158209,0.837891927951968,2.2394351556495247
letter,KarciFANN,112,26,0.008184274194530567,0.8492573550414168,0.009018528870023067,0.8408939292861908,2.6441449409066204
letter,KarciFANN,112,27,0.008034204358681877,0.8513996001142531,0.008950907880787735,0.8402268178785858,2.3857397993432206
letter,KarciFANN,112,28,0.007983043436374035,0.8516138246215367,0.008955864780941415,0.8412274849899933,2.312402268944061
letter,KarciFANN,112,29,0.00791043638757398,0.8527563553270494,0.00881371610266635,0.8458972648432288,2.430993017387369
letter,KarciFANN,112,30,0.007790530954476687,0.8549700085689803,0.008700323776447288,0.847898599066044,2.3347412515454566
letter,KarciFANN,112,31,0.007722209100265476,0.8551128249071693,0.008712519179941506,0.8465643762508339,2.4468637357682863
letter,KarciFANN,112,32,0.007637492966464231,0.856898029134533,0.008624215500159063,0.8485657104736491,2.3316935863003283
letter,KarciFANN,112,33,0.007562786569461185,0.8593259068837475,0.008577503290214224,0.8498999332888593,2.433225129203465
letter,KarciFANN,112,34,0.0076399546093922615,0.8579691516709511,0.008641598424365139,0.8482321547698466,2.6193746430732623
letter,KarciFANN,112,35,0.007496890214317599,0.859397315052842,0.008558907094638872,0.8519012675116745,2.6351344987618672
letter,KarciFANN,112,36,0.00741973689510057,0.8598971722365039,0.008436151265648947,0.8515677118078719,2.5204126815204515
letter,KarciFANN,112,37,0.007331495130646174,0.8607540702656384,0.008388617906850627,0.8532354903268846,2.649787625597382
letter,KarciFANN,112,38,0.007295096792115896,0.8615395601256783,0.00827534569326456,0.8522348232154769,2.490434774107382
letter,KarciFANN,112,39,0.007324677827997249,0.8613253356183947,0.008565396895296413,0.8488992661774516,2.426184096459311
letter,KarciFANN,112,40,0.0071830170610148614,0.8637532133676092,0.008313300221304493,0.8525683789192795,2.5326288166042477
letter,KarciFANN,112,41,0.007156780318255071,0.8643244787203657,0.008240473753519453,0.8569046030687125,2.5352879372987656
letter,KarciFANN,112,42,0.007113011558455034,0.8664667237932019,0.008260957821998476,0.8559039359573049,2.5949814152214237
letter,KarciFANN,112,43,0.007071954048202252,0.8663239074550129,0.008193889117805789,0.8569046030687125,2.4151671962235963
letter,KarciFANN,112,44,0.007002168481173128,0.8656098257640674,0.008157789441146436,0.8555703802535023,2.4241681982438594
letter,KarciFANN,112,45,0.007003276041150282,0.8667523564695802,0.00815357524596976,0.8555703802535023,2.456764091060699
letter,KarciFANN,112,46,0.006969706659992578,0.868180519851471,0.00810003009394183,0.8552368245496998,2.436363790157966
letter,KarciFANN,112,47,0.006949682567988058,0.8691802342187946,0.00817130514179267,0.8562374916611074,2.4833051809543525
letter,KarciFANN,112,48,0.006816101220931226,0.8706083976006855,0.008023999949321984,0.8595730486991328,2.5324242301125692
letter,KarciFANN,112,49,0.006793091331497131,0.8703941730934018,0.007995121529643594,0.8595730486991328,2.4873786993934193
letter,KarciFANN,112,50,0.006780952319306824,0.8715367037989146,0.008061705657899957,0.861574382921948,2.226776029497632
letter,KarciFANN,112,51,0.0067096574222453315,0.8720365609825764,0.007895986076586562,0.862241494329553,2.675587637504282
letter,KarciFANN,112,52,0.006726605886842335,0.8716795201371037,0.007943171200266675,0.8579052701801201,2.556175179676965
letter,KarciFANN,112,53,0.006652496345299736,0.8726792345044273,0.007944830022383387,0.8585723815877252,2.3723458150534364
letter,KarciFANN,112,54,0.006657764848342049,0.8726078263353327,0.007865330932198714,0.8619079386257505,2.7501484463176347
letter,KarciFANN,112,55,0.006609945004459518,0.8742502142245073,0.007857504074584165,0.8629086057371581,2.6573789757639608
letter,KarciFANN,112,56,0.006569731138153856,0.8739645815481291,0.007842506746581426,0.861574382921948,2.74628702858843
letter,KarciFANN,112,57,0.006573327865265611,0.8751785204227364,0.00788864989004368,0.8605737158105403,2.7361338169894887
letter,KarciFANN,112,58,0.006546979493673581,0.8748214795772636,0.007809302203078635,0.8635757171447632,2.7124065578335097
letter,KarciFANN,112,59,0.00654118672327096,0.8757497857754927,0.007855249646893171,0.8592394929953302,2.5713512697607612
letter,KarciFANN,112,60,0.006464265667154262,0.8773207654955727,0.007750167781800094,0.8649099399599733,2.6518100688527237
letter,KarciFANN,113,1,0.02867763399782722,0.4556555269922879,0.02875815074992924,0.4469646430953969,1.387488082688536
letter,KarciFANN,113,2,0.02157473367862241,0.6323907455012854,0.021736278470961747,0.6297531687791861,1.5599757650841912
letter,KarciFANN,113,3,0.018069289374298997,0.7151528134818623,0.018313866409057248,0.7148098732488326,1.654154625723302
letter,KarciFANN,113,4,0.015761521839559655,0.744358754641531,0.016018633742142373,0.7454969979986658,1.797126324580499
letter,KarciFANN,113,5,0.014188348724111944,0.7695658383319052,0.014443869914125353,0.7688458972648432,1.8832777600070785
letter,KarciFANN,113,6,0.013023538338922752,0.7858469008854613,0.01337712066724724,0.7821881254169446,1.9284753297863455
letter,KarciFANN,113,7,0.012239576328241427,0.7951299628677521,0.012645964480165367,0.7938625750500333,1.9446909861234034
letter,KarciFANN,113,8,0.011545817143797136,0.806269637246501,0.012085595271073151,0.799866577718479,2.0368474337593705
letter,KarciFANN,113,9,0.010954934503757884,0.8162667809197373,0.01152204173313586,0.8122081387591727,2.076669141765303
letter,KarciFANN,113,10,0.010540794026805037,0.823193373321908,0.0111590109193658,0.8162108072048032,2.142369027802364
letter,KarciFANN,113,11,0.010115203940488692,0.8271922307912025,0.010830430052043769,0.8195463642428286,2.259686290500534
letter,KarciFANN,113,12,0.009748249656580549,0.8329048843187661,0.010430892882061327,0.823549032688459,2.250767946169302
letter,KarciFANN,113,13,0.009523730745653448,0.8345472722079406,0.010258515014530595,0.8248832555036691,2.2446347620211227
letter,KarciFANN,113,14,0.009244299255981228,0.8413310482719223,0.010140453038536699,0.8298865910607072,2.2398230499531984
letter,KarciFANN,113,15,0.009017464978291378,0.8436875178520423,0.009864919808513098,0.8302201467645097,2.2256003780721945
letter,KarciFANN,113,16,0.00881686264073416,0.8451156812339332,0.009600724948607134,0.8372248165443629,2.2637266372061364
letter,KarciFANN,113,17,0.008654712855552108,0.8491859468723222,0.009499325300555604,0.837891927951968,2.333328178281466
letter,KarciFANN,113,18,0.008489563711133744,0.8506141102542131,0.009415460078118151,0.8352234823215477,2.413651044544318
letter,KarciFANN,113,19,0.008304100879328457,0.8531848043416167,0.009275978899440155,0.8388925950633755,2.331596441509982
letter,KarciFANN,113,20,0.008177924312375644,0.8567552127963439,0.009251925916618007,0.8382254836557705,2.2681755576936573
letter,KarciFANN,113,21,0.008089655235859175,0.8594687232219366,0.009107341362236187,0.8432288192128086,2.1548648594995963
letter,KarciFANN,113,22,0.007960424216678507,0.859397315052842,0.008972197773443016,0.8448965977318212,2.52953170551675
letter,KarciFANN,113,23,0.007824023266498684,0.8616109682947729,0.008911548723826908,0.8465643762508339,2.52831660880533
letter,KarciFANN,113,24,0.007720370089170794,0.8640388460439874,0.008742782452042698,0.8495663775850567,2.582072483849863
letter,KarciFANN,113,25,0.007618357786500491,0.8650385604113111,0.008672591832073868,0.8505670446964643,2.5124589412029303
letter,KarciFANN,113,26,0.007633835275770411,0.8653956012567838,0.008753176698782731,0.8492328218812542,2.529429532499851
letter,KarciFANN,113,27,0.007383638048422815,0.8678948871750928,0.008519690697711045,0.8532354903268846,2.3107138390296345
letter,KarciFANN,113,28,0.007371186011299111,0.8702513567552128,0.008506772633554389,0.8552368245496998,2.49259474180506
letter,KarciFANN,113,29,0.007277508123999444,0.8716795201371037,0.00837675693248964,0.8549032688458973,2.489545635822008
letter,KarciFANN,113,30,0.0072008261759918995,0.8736075407026563,0.008357054510328183,0.85657104736491,2.1627992840911165
letter,KarciFANN,113,31,0.007122016900379882,0.8739645815481291,0.008294150737276067,0.8589059372915276,2.742742011423129
letter,KarciFANN,113,32,0.00703464595673715,0.8757497857754927,0.008189137532782779,0.8585723815877252,2.585793672669052
letter,KarciFANN,113,33,0.0070442991238909795,0.8748214795772636,0.008283516072198044,0.8542361574382922,2.2383572544576613
letter,KarciFANN,113,34,0.006944303631617277,0.8758926021136818,0.00820971532469569,0.8562374916611074,2.4387200666131617
letter,KarciFANN,113,35,0.006919196479790618,0.8770351328191945,0.00817803404172719,0.8592394929953302,2.434997108307806
letter,KarciFANN,113,36,0.006815667875379229,0.878677520708369,0.008070347135936734,0.8619079386257505,2.71434287006402
letter,KarciFANN,113,37,0.006779183617136305,0.8776778063410454,0.008095727664215612,0.8612408272181454,2.53169213151957
letter,KarciFANN,113,38,0.0067144227601837626,0.8801056840902599,0.008066810915988588,0.8602401601067379,2.650521199610911
letter,KarciFANN,113,39,0.006665694206504647,0.8789631533847472,0.008012045911356269,0.8629086057371581,2.3569306685651257
letter,KarciFANN,113,40,0.006620060661399606,0.8816766638103399,0.007999223394149857,0.8629086057371581,2.622297917505353
letter,KarciFANN,113,41,0.006611726218429856,0.881033990288489,0.007928664693519263,0.8639092728485657,2.396573591090142
letter,KarciFANN,113,42,0.006513610108566096,0.8836760925449871,0.007853412888280072,0.8639092728485657,2.5043244505051443
letter,KarciFANN,113,43,0.00649661667026897,0.8836760925449871,0.00789867630540505,0.8689126084056037,2.551572388330552
letter,KarciFANN,113,44,0.006423448123387519,0.8840331333904599,0.007796694563137163,0.8662441627751835,2.5899112308542183
letter,KarciFANN,113,45,0.006405727161364304,0.885104255926878,0.007825102583723053,0.8652434956637759,2.5993034141588702
letter,KarciFANN,113,46,0.006350322960575245,0.8860325621251071,0.007770963461194213,0.867244829886591,2.676293840831857
letter,KarciFANN,113,47,0.006333870231798917,0.8861039702942016,0.007709979316206115,0.8705803869246164,3.1155805496891453
letter,KarciFANN,113,48,0.006303927690160411,0.8867466438160525,0.007748085956543023,0.8695797198132088,2.788945893302118
letter,KarciFANN,113,49,0.00626675384056425,0.8868894601542416,0.007706747124086392,0.8682454969979987,2.5664975587098398
letter,KarciFANN,113,50,0.006255452965629426,0.8880319908597544,0.007646475279655852,0.8729152768512342,2.5174008188398367
letter,KarciFANN,113,51,0.006237971510231661,0.8878177663524707,0.007678390435122845,0.8689126084056037,2.4093406404419007
letter,KarciFANN,113,52,0.006178799869863666,0.8898886032562126,0.007706833373102988,0.8709139426284189,2.6420082918038
letter,KarciFANN,113,53,0.006187399841703742,0.8888888888888888,0.007746413829176124,0.8705803869246164,2.618326044339328
letter,KarciFANN,113,54,0.006113605713074182,0.8904598686089689,0.0076566151731273695,0.8725817211474316,2.520112387011462
letter,KarciFANN,113,55,0.006039005358692536,0.8911025421308197,0.00758597261919736,0.8719146097398266,2.600312167953164
letter,KarciFANN,113,56,0.006045034478948712,0.8924592973436161,0.0076019581877581465,0.8705803869246164,2.8032264261398345
letter,KarciFANN,113,57,0.005999795165739083,0.893101970865467,0.007618997471247171,0.8702468312208139,2.5878082014612818
letter,KarciFANN,113,58,0.00602044659591414,0.8916738074835762,0.007602248615814776,0.8659106070713809,2.61589459443607
letter,KarciFANN,113,59,0.005979954162784911,0.8927449300199943,0.007571511266860529,0.8732488325550367,2.712954383004799
letter,KarciFANN,113,60,0.0059235956398303756,0.8922450728363325,0.0074718166752528875,0.8755837224816544,2.5406628617480944
letter,KarciFANN,114,1,0.028009864815776813,0.4570122822050843,0.028098401152277592,0.4439626417611741,1.3808063005969589
letter,KarciFANN,114,2,0.021352808022216407,0.6475292773493287,0.021494940841859416,0.6430953969312875,1.5485403378347717
letter,KarciFANN,114,3,0.017704138726804784,0.7180805484147387,0.018005623260881246,0.7168112074716477,1.6902342028951074
letter,KarciFANN,114,4,0.015696535920763727,0.7407883461868038,0.016011283600025156,0.7411607738492328,1.7834404407669233
letter,KarciFANN,114,5,0.014363276540968454,0.7602827763496144,0.01476963301411479,0.7565043362241495,1.8989260180607355
letter,KarciFANN,114,6,0.01348341259065839,0.7707083690374179,0.013935648839229006,0.7658438959306204,1.9254643704113443
letter,KarciFANN,114,7,0.012578311149458767,0.7832047986289632,0.013012381296060397,0.7805203468979319,1.8797001001768845
letter,KarciFANN,114,8,0.012000569446054354,0.7907740645529848,0.012490596876404634,0.7865243495663776,1.980541539300853
letter,KarciFANN,114,9,0.011397082178825563,0.7989860039988574,0.011908606439110755,0.7951967978652434,1.9424120800260885
letter,KarciFANN,114,10,0.011046358557507146,0.8027706369608684,0.011633088119172103,0.7981987991994663,1.9539212071011003
letter,KarciFANN,114,11,0.010822228413266145,0.8058411882319337,0.011401979955788817,0.800533689126084,2.1984471655902422
letter,KarciFANN,114,12,0.010385176927754832,0.8144815766923736,0.011055392379503643,0.8038692461641094,2.2228410962193603
letter,KarciFANN,114,13,0.010181327991672583,0.8169808626106827,0.0108690616596066,0.8082054703135424,2.0141406501481702
letter,KarciFANN,114,14,0.009867778075416103,0.8200514138817481,0.010553268693508666,0.814209472981988,2.193534028883555
letter,KarciFANN,114,15,0.009671410486225891,0.8238360468437589,0.010335778638323832,0.8168779186124083,2.1584210153762764
letter,KarciFANN,114,16,0.00949356689367416,0.8274778634675807,0.010227046937743973,0.8172114743162108,2.1435362066195407
letter,KarciFANN,114,17,0.009373857650186754,0.8291916595258497,0.010154578649443878,0.8175450300200133,2.0958119656342533
letter,KarciFANN,114,18,0.009078083905372798,0.8339760068551842,0.009849212015273003,0.8265510340226818,2.273137452226135
letter,KarciFANN,114,19,0.008985945794393053,0.8353327620679806,0.009745083412384623,0.8222148098732488,2.306028814165594
letter,KarciFANN,114,20,0.00887763614457009,0.8354041702370751,0.009697806762036987,0.8258839226150767,2.521895439823523
letter,KarciFANN,114,21,0.008723592122704663,0.8394744358754641,0.009629208447304683,0.828552368245497,2.2720412821931752
letter,KarciFANN,114,22,0.008550472162415971,0.8426878034847186,0.009387063124326439,0.8332221480987325,2.1876387850653636
letter,KarciFANN,114,23,0.00847230094372337,0.8433304770065696,0.009367132647388778,0.8338892595063375,2.399300440660451
letter,KarciFANN,114,24,0.00835574208116122,0.8461868037703514,0.009232541863314746,0.8358905937291528,2.2321579228172017
letter,KarciFANN,114,25,0.00822776959120294,0.8481862325049986,0.009131048844208107,0.8342228152101401,2.49487079463072
letter,KarciFANN,114,26,0.008181230437970262,0.8475435589831477,0.009065940033764682,0.8388925950633755,2.2506192873887785
letter,KarciFANN,114,27,0.008091295822742426,0.8500428449014568,0.009008786646743103,0.8395597064709807,2.1811886247738537
letter,KarciFANN,114,28,0.007962550557107725,0.8505427020851185,0.008915842218470136,0.8398932621747832,2.4525886983521996
letter,KarciFANN,114,29,0.007979758926375657,0.8513996001142531,0.008893888147805373,0.8408939292861908,2.3777531184230902
letter,KarciFANN,114,30,0.007842510497856359,0.852827763496144,0.008773684180018436,0.8435623749166111,2.6280108177831583
letter,KarciFANN,114,31,0.00785876497555005,0.8525421308197658,0.008802786743693758,0.8415610406937959,2.254484762484304
letter,KarciFANN,114,32,0.0078029202480347885,0.8546129677235076,0.008717574030880484,0.8448965977318212,2.2821543219643856
letter,KarciFANN,114,33,0.007688780829314005,0.8558269065981148,0.00868195038243962,0.8445630420280187,2.3831516566504534
letter,KarciFANN,114,34,0.0076185987723826065,0.8580405598400457,0.008579401030257516,0.8442294863242161,2.241285323858343
letter,KarciFANN,114,35,0.007566694534588853,0.858469008854613,0.008504545457781437,0.8492328218812542,2.506821291067526
letter,KarciFANN,114,36,0.00745228426731507,0.8598257640674093,0.0084135886814252,0.847898599066044,2.5720719806966676
letter,KarciFANN,114,37,0.0074600350473697985,0.8599685804055984,0.008444446139478494,0.8498999332888593,2.51783552120014
letter,KarciFANN,114,38,0.007364055725260996,0.8616109682947729,0.008367293265720787,0.847898599066044,2.588667995242822
letter,KarciFANN,114,39,0.007429712626843498,0.8608968866038275,0.00846364439168632,0.8505670446964643,2.4631225278492326
letter,KarciFANN,114,40,0.007347072507026871,0.8612539274493002,0.008358939459641767,0.8522348232154769,2.3695590427673068
letter,KarciFANN,114,41,0.00723062215622303,0.8638960297057984,0.008206018520110452,0.8509006004002668,2.395784852095393
letter,KarciFANN,114,42,0.00726063588248806,0.8631105398457584,0.008217547596645516,0.8542361574382922,2.5574917576768796
letter,KarciFANN,114,43,0.007314915130062686,0.8614681519565839,0.008331333845456819,0.8535690460306872,2.4213593158058826
letter,KarciFANN,114,44,0.007266878314453129,0.8646815195658384,0.008282116603314382,0.8535690460306872,2.3722934873772683
letter,KarciFANN,114,45,0.007099490011800025,0.866609540131391,0.008148217303126516,0.8545697131420947,2.5575501686153563
letter,KarciFANN,114,46,0.007115753526077432,0.8657526421022566,0.008156019715034935,0.8535690460306872,2.4201162789848905
letter,KarciFANN,114,47,0.007065924066373477,0.8667523564695802,0.008241562106315034,0.8532354903268846,2.4804007968063373
letter,KarciFANN,114,48,0.007031128090491733,0.8673236218223365,0.008103901241918786,0.8552368245496998,2.583362237421127
letter,KarciFANN,114,49,0.007091704109913383,0.8668951728077692,0.008206079820403021,0.8539026017344896,2.5832843861614543
letter,KarciFANN,114,50,0.006976077245068113,0.8684661525278492,0.00811737210432349,0.8575717144763175,2.52249840379773
letter,KarciFANN,114,51,0.0069464225133475275,0.8676806626678092,0.008091566130561315,0.8549032688458973,2.541967505282812
letter,KarciFANN,114,52,0.006893319773958115,0.8696086832333619,0.008008870678763233,0.8549032688458973,2.7698883299497967
letter,KarciFANN,114,53,0.006832669918376241,0.8686803770351328,0.007911399120687631,0.8599066044029353,2.533751940430967
letter,KarciFANN,114,54,0.006791124875166683,0.8706083976006855,0.00796946653579684,0.8582388258839226,2.736050827012976
letter,KarciFANN,114,55,0.006872802218498173,0.8696800914024564,0.007981739020651479,0.8589059372915276,2.747526729159457
letter,KarciFANN,114,56,0.006757072850774971,0.8708940302770637,0.00787412355444562,0.8625750500333556,2.539168913917708
letter,KarciFANN,114,57,0.006739630406346463,0.8707512139388746,0.007985476169326823,0.85657104736491,2.5426296430957307
letter,KarciFANN,114,58,0.006652866043581459,0.8723221936589546,0.007792424247605789,0.8635757171447632,2.6217746219521256
letter,KarciFANN,114,59,0.0066354092110724305,0.8728934590117109,0.007792237799699538,0.8632421614409607,2.405656278762965
letter,KarciFANN,114,60,0.0066698289152579944,0.8717509283061983,0.007897865507892954,0.8609072715143429,2.57580785306328
letter,KarciFANN,115,1,0.02734773054100307,0.5142816338189089,0.027455060369792575,0.5073382254836558,1.3954247797505637
letter,KarciFANN,115,2,0.020832027024430325,0.6690945444158812,0.021032587101202583,0.6687791861240827,1.6003127330671487
letter,KarciFANN,115,3,0.017485440993625128,0.7279348757497858,0.0176972004320168,0.7264843228819213,1.7243498379006792
letter,KarciFANN,115,4,0.015459659722997345,0.7531419594401599,0.01575377740956179,0.7498332221480988,1.7600880985650174
letter,KarciFANN,115,5,0.014079103607675808,0.7654241645244216,0.01444987653145888,0.7655103402268179,1.8059866744690725
letter,KarciFANN,115,6,0.013300012357634493,0.778848900314196,0.013777002598735263,0.7745163442294863,1.8946652181469352
letter,KarciFANN,115,7,0.012251341841442545,0.7967723507569265,0.01272820931206199,0.790527018012008,2.1105429303730654
letter,KarciFANN,115,8,0.011613615761434586,0.8079834333047701,0.012242203144708594,0.7965310206804537,1.94691339326529
letter,KarciFANN,115,9,0.011105350038344706,0.81583833190517,0.011694348319941554,0.8085390260173448,2.2510375176095727
letter,KarciFANN,115,10,0.010646124611057718,0.8221936589545844,0.011277260613654541,0.8138759172781854,2.0675945796298065
letter,KarciFANN,115,11,0.010077368540872494,0.8316909454441588,0.010804372984862849,0.8222148098732488,2.080475981825483
letter,KarciFANN,115,12,0.009824159130161247,0.8332619251642388,0.0105341960061396,0.8248832555036691,2.230020064412285
letter,KarciFANN,115,13,0.009621759145579003,0.8364752927734933,0.010429992710689586,0.8262174783188793,2.0882839183505264
letter,KarciFANN,115,14,0.009298935882621583,0.8406883747500714,0.010129601500469453,0.8295530353569046,2.2443287231962987
letter,KarciFANN,115,15,0.009217587592899404,0.8413310482719223,0.010028443309683447,0.8282188125416945,2.250949697244445
letter,KarciFANN,115,16,0.008961757615048574,0.8461868037703514,0.009822060311673524,0.8315543695797198,2.1790786273614766
letter,KarciFANN,115,17,0.00862663744959465,0.8519708654670094,0.009500648830607111,0.8412274849899933,2.334479493617948
letter,KarciFANN,115,18,0.008508018918317338,0.8531133961725221,0.009410567996352667,0.8402268178785858,2.10322529448219
letter,KarciFANN,115,19,0.008335537455657897,0.8558983147672093,0.009238341421877507,0.8418945963975984,2.150172176751801
letter,KarciFANN,115,20,0.008320550591938251,0.8578263353327621,0.009209624225617965,0.8418945963975984,2.1836834770190494
letter,KarciFANN,115,21,0.008130815009717341,0.8590402742073693,0.009064071752751477,0.8438959306204136,2.402553371864458
letter,KarciFANN,115,22,0.007988362584308774,0.8622536418166238,0.008911485778596672,0.8485657104736491,2.332675321350887
letter,KarciFANN,115,23,0.007923565230472215,0.8635389888603257,0.00886327487835712,0.8509006004002668,2.3232290808758234
letter,KarciFANN,115,24,0.007769567480579165,0.8669665809768637,0.008786676311182021,0.847898599066044,2.456938138467115
letter,KarciFANN,115,25,0.007772857369627513,0.865681233933162,0.008683865463927977,0.8515677118078719,2.2241870755106308
letter,KarciFANN,115,26,0.007663352320713373,0.8663239074550129,0.008698632901339935,0.8522348232154769,2.618064175986876
letter,KarciFANN,115,27,0.007530513629511518,0.8686089688660382,0.008441375140272003,0.8575717144763175,2.3253156535198416
letter,KarciFANN,115,28,0.007489988772441312,0.8692516423878892,0.008487106714090122,0.8562374916611074,2.316614060991107
letter,KarciFANN,115,29,0.0073471880105845586,0.8720365609825764,0.008323618507243023,0.8569046030687125,2.7354247898396857
letter,KarciFANN,115,30,0.007301381239079616,0.8710368466152528,0.00830235822113005,0.8575717144763175,2.524171892537358
letter,KarciFANN,115,31,0.0072094829108582574,0.8726078263353327,0.008232186694119216,0.8609072715143429,2.464090931651954
letter,KarciFANN,115,32,0.007169115600805757,0.8751071122536418,0.008188209653718907,0.8582388258839226,2.422902789857364
letter,KarciFANN,115,33,0.007100343789230548,0.8744644387317909,0.008103806375151129,0.862241494329553,2.3335295463114885
letter,KarciFANN,115,34,0.007052985648632078,0.8748928877463582,0.008112168739408204,0.8602401601067379,2.544314628320918
letter,KarciFANN,115,35,0.006974518426395856,0.8758926021136818,0.008023496823744446,0.8612408272181454,2.518698746951609
letter,KarciFANN,115,36,0.006877479633989912,0.8776063981719509,0.007826019629791849,0.8652434956637759,2.6144045908265725
letter,KarciFANN,115,37,0.006841429655606227,0.8783918880319909,0.007815191796461432,0.8629086057371581,2.7113282937303103
letter,KarciFANN,115,38,0.006811536950569844,0.8786061125392745,0.007854107776127769,0.8635757171447632,2.415426345110756
letter,KarciFANN,115,39,0.006835802829826546,0.879463010568409,0.007979973417480668,0.8619079386257505,2.8780580902523525
letter,KarciFANN,115,40,0.006641302258124426,0.8808197657812054,0.007713302248225875,0.8655770513675783,2.7201527232836153
letter,KarciFANN,115,41,0.0066316119166259365,0.8813910311339618,0.007672231050228382,0.8689126084056037,2.409804226252942
letter,KarciFANN,115,42,0.006588762275301314,0.8815338474721508,0.007657992679198323,0.8692461641094062,2.3932641144296465
letter,KarciFANN,115,43,0.006536844073728032,0.8843901742359326,0.007649675957278876,0.8675783855903936,2.988361728941531
letter,KarciFANN,115,44,0.006511847233755069,0.8827477863467581,0.007627440711204857,0.866577718478986,2.2888080379694475
letter,KarciFANN,115,45,0.0065001678997421465,0.884175949728649,0.007614763882366221,0.8702468312208139,2.4658457022386147
letter,KarciFANN,115,46,0.006482094928917454,0.8834618680377035,0.007545356502758771,0.8712474983322215,2.6710552440329067
letter,KarciFANN,115,47,0.006482084924099786,0.8848900314195944,0.007562566135304063,0.8685790527018012,2.503675784569884
letter,KarciFANN,115,48,0.006345616539310587,0.8859611539560126,0.0075548714360891426,0.8689126084056037,2.7126950173288207
letter,KarciFANN,115,49,0.006365913833088069,0.8863181948014853,0.0075106575100493105,0.8695797198132088,2.75004359899017
letter,KarciFANN,115,50,0.006283149419606428,0.8873893173379035,0.007483623333322447,0.8695797198132088,2.536834024218079
letter,KarciFANN,115,51,0.006235382098870195,0.8872465009997144,0.007463919388991523,0.8705803869246164,2.91831946183434
letter,KarciFANN,115,52,0.006230594241566226,0.8868180519851471,0.007424043640505508,0.8705803869246164,2.765757711099309
letter,KarciFANN,115,53,0.006175678028993356,0.8881033990288489,0.0073564274923813506,0.8749166110740494,2.676273826422497
letter,KarciFANN,115,54,0.006161837408316984,0.8881033990288489,0.007358662696884844,0.8712474983322215,2.7128890210865446
letter,KarciFANN,115,55,0.006096773071146082,0.8884604398743217,0.007413365908372708,0.8735823882588393,2.6798832793906606
letter,KarciFANN,115,56,0.006087616121927659,0.8891031133961725,0.007278396133703227,0.8732488325550367,2.6669496715436614
letter,KarciFANN,115,57,0.006097502458091296,0.8903170522707797,0.007408586620893414,0.8745830553702468,2.4746706446612197
letter,KarciFANN,115,58,0.006001006454868271,0.8905312767780634,0.007237394502277505,0.872248165443629,2.5452025370903186
letter,KarciFANN,115,59,0.005987378067322772,0.8901742359325907,0.007284251563169592,0.8719146097398266,2.8898479717500614
letter,KarciFANN,115,60,0.005966579251676059,0.8912453584690089,0.00723105656170669,0.8749166110740494,2.708761669352132
letter,exp,100,1,0.03484132702590096,0.17652099400171378,0.03491535969705168,0.16844563042028018,0.9817106006177343
letter,exp,100,2,0.02920384232844081,0.41316766638103397,0.029275632443728185,0.4142761841227485,0.9737350292944105
letter,exp,100,3,0.024978147864044925,0.5074978577549272,0.025100153630635457,0.5026684456304202,0.96551354171069
letter,exp,100,4,0.020962831597751648,0.6009711510996858,0.02135201192525935,0.5987324883255504,0.9580371668290669
letter,exp,100,5,0.01944228265970031,0.6258211939445872,0.01987887652138621,0.6207471647765177,0.9529849303754361
letter,exp,100,6,0.017443349743443918,0.6889460154241646,0.017894973361333028,0.6854569713142095,0.9479446712641888
letter,exp,100,7,0.016231381324034733,0.7010854041702371,0.01670909851997345,0.6954636424282855,0.943524607319099
letter,exp,100,8,0.015530224007659318,0.7096543844615824,0.016052535747482437,0.7034689793195463,0.9403611602002767
letter,exp,100,9,0.013582279819546919,0.7771351042559269,0.014137682953999992,0.7645096731154103,0.9370831770828982
letter,exp,100,10,0.012491660972636445,0.7840616966580977,0.01308401754537544,0.771847898599066,0.9341523570697765
letter,exp,100,11,0.011028787218335178,0.8196943730362753,0.011638122516723333,0.8085390260173448,0.9306598440829248
letter,exp,100,12,0.010500023919554607,0.822265067123679,0.011096843970340478,0.8115410273515677,0.9282709897554217
letter,exp,100,13,0.010295037974081336,0.8269780062839189,0.010935200401421444,0.819212808539026,0.9261184344562604
letter,exp,100,14,0.009925626778017917,0.8315481291059698,0.010579247437457443,0.8188792528352234,0.9238258800013595
letter,exp,100,15,0.009692464391183831,0.8330477006569551,0.010389749569108458,0.8232154769846565,0.9217136724638263
letter,exp,100,16,0.009412116816154035,0.839974293059126,0.010152362925362297,0.8288859239492995,0.9200273893330797
letter,exp,100,17,0.009350722310582956,0.8416166809483004,0.010073652529709964,0.8265510340226818,0.9184486303978234
letter,exp,100,18,0.00913320986308781,0.846401028277635,0.00996668549132453,0.8295530353569046,0.917616143613751
letter,exp,100,19,0.008912434277792768,0.8461868037703514,0.009707280917239809,0.8342228152101401,0.9154451955810473
letter,exp,100,20,0.008765403651520258,0.8503998857469295,0.00959013827451929,0.8372248165443629,0.9144474185553826
letter,exp,100,21,0.008618127244941716,0.8533276206798057,0.009583869557696616,0.8322214809873248,0.9124865812445812
letter,exp,100,22,0.008480579070140151,0.8561839474435875,0.009409901855079719,0.8395597064709807,0.9113009885059832
letter,exp,100,23,0.00841493041984619,0.8563981719508712,0.00936297219824118,0.8405603735823882,0.9106998028243831
letter,exp,100,24,0.008213773440913102,0.8613253356183947,0.009191709826758883,0.8415610406937959,0.9090538063863742
letter,exp,100,25,0.00814694434775171,0.861753784632962,0.00915494216395304,0.8468979319546365,0.9081361566428531
letter,exp,100,26,0.008050035204672252,0.8633961725221365,0.00908658615051792,0.8442294863242161,0.9068189294010212
letter,exp,100,27,0.007892726649795194,0.8653241930876893,0.00896749563513494,0.8462308205470314,0.90578502444083
letter,exp,100,28,0.00782434305663724,0.8676092544987146,0.008884687752844489,0.8472314876584389,0.9050641816334
letter,exp,100,29,0.007684483481318621,0.8686089688660382,0.008758327248969532,0.8505670446964643,0.9036883906797499
letter,exp,100,30,0.007726997103505783,0.8687517852042274,0.008853824784427663,0.8502334889926618,0.9030902264210097
letter,exp,100,31,0.0075346833683908225,0.8726078263353327,0.008611455604101816,0.8529019346230821,0.9019607777417681
letter,exp,100,32,0.007489611947493097,0.8733933161953727,0.008569250685682284,0.8535690460306872,0.9012989989445767
letter,exp,100,33,0.007432863456048773,0.8728220508426164,0.008532107945082475,0.8539026017344896,0.9000953727433463
letter,exp,100,34,0.007303829759303564,0.87460725506998,0.008422405499620575,0.8559039359573049,0.8994949059750446
letter,exp,100,35,0.007234699856508634,0.8775349900028563,0.008356812079043603,0.857238158772515,0.898392562459788
letter,exp,100,36,0.00727811028991946,0.8771065409882891,0.008386863708134422,0.8579052701801201,0.8979243538464534
letter,exp,100,37,0.00710120523317236,0.8776063981719509,0.008238278622726357,0.8582388258839226,0.896832761135933
letter,exp,100,38,0.0071253013607610605,0.8770351328191945,0.008249051448683153,0.8599066044029353,0.8961492396548736
letter,exp,100,39,0.00698538545627333,0.880248500428449,0.008208779454704867,0.8599066044029353,0.8952741002968488
letter,exp,100,40,0.006947897258701877,0.8820337046558127,0.008141524844192553,0.8619079386257505,0.894997025731659
letter,exp,100,41,0.0069552545927890515,0.8819622964867181,0.008186513129099439,0.8605737158105403,0.8940112837935574
letter,exp,100,42,0.006861119106003098,0.884175949728649,0.008009034960995797,0.8662441627751835,0.8931179035420206
letter,exp,100,43,0.006826868108014279,0.8843901742359326,0.008040592346886323,0.8652434956637759,0.8925603687421092
letter,exp,100,44,0.006733947715487729,0.885889745786918,0.007925619249835453,0.8669112741827886,0.8919737094873468
letter,exp,100,45,0.006672556407502292,0.885889745786918,0.00791270583932659,0.8642428285523682,0.8908138177175504
letter,exp,100,46,0.006650405308699842,0.8875321336760925,0.00786080797220272,0.8659106070713809,0.8904692091652084
letter,exp,100,47,0.006593724835044517,0.8887460725506998,0.007876781457825645,0.8642428285523682,0.8896845022099145
letter,exp,100,48,0.0066291991417122805,0.8868180519851471,0.007850835429348866,0.8699132755170114,0.8893497465737707
letter,exp,100,49,0.00649583675771511,0.8886746643816053,0.007786431908656629,0.8692461641094062,0.8883536485083917
letter,exp,100,50,0.006454928138939038,0.8910311339617252,0.0077020959179077645,0.8692461641094062,0.8875341377127645
letter,exp,100,51,0.006476295611511549,0.8911025421308197,0.007729278741663957,0.867244829886591,0.8874039849178416
letter,exp,100,52,0.006410843683229997,0.8910311339617252,0.007684015874386516,0.871581054036024,0.886586099163473
letter,exp,100,53,0.00635391449610704,0.8926021136818052,0.007630725902160453,0.8709139426284189,0.886120398577274
letter,exp,100,54,0.006342275818581515,0.8930305626963725,0.007654990374298248,0.8685790527018012,0.8854799793688916
letter,exp,100,55,0.006282468537064284,0.8933161953727506,0.007571948509620003,0.8712474983322215,0.8849090370074366
letter,exp,100,56,0.006328480019701031,0.8932447872036561,0.007631729606250264,0.871581054036024,0.8848593081204574
letter,exp,100,57,0.006243653113228648,0.8936018280491288,0.0075390978734959715,0.872248165443629,0.8838015548243567
letter,exp,100,58,0.006216713607387591,0.8943873179091688,0.0075400537063818425,0.8739159439626417,0.8837708688315816
letter,exp,100,59,0.00618722888352146,0.8943159097400742,0.007517436970164625,0.8742494996664443,0.8830172980986748
letter,exp,100,60,0.006173311315811586,0.8941016852327907,0.007464304832987686,0.8745830553702468,0.8822270904732303
letter,exp,101,1,0.03743446928196609,0.12839188803199086,0.03742505509963861,0.12608405603735823,0.9813519920438203
letter,exp,101,2,0.03482274137809524,0.21029705798343332,0.034878486533085444,0.2121414276184123,0.9782027558807691
letter,exp,101,3,0.03249245979332823,0.27713510425592686,0.03261801006219593,0.27885256837891925,0.9747904287331748
letter,exp,101,4,0.027102657990012276,0.4656526706655241,0.027317727100533,0.466977985323549,0.9686196166933703
letter,exp,101,5,0.023140396434171977,0.5678377606398172,0.023453676339943746,0.5683789192795197,0.9617967784094948
letter,exp,101,6,0.018858365316892643,0.6645958297629249,0.019215970381952923,0.6681120747164776,0.954487917149677
letter,exp,101,7,0.01628832303866026,0.7173664667237932,0.01666151323376759,0.7198132088058706,0.9483487738280372
letter,exp,101,8,0.015046359726359076,0.730576978006284,0.015454938092122896,0.7278185456971314,0.9440648192608445
letter,exp,101,9,0.014131397652111952,0.7450014281633819,0.014554482308980042,0.7408272181454303,0.9404439153658892
letter,exp,101,10,0.013458275559082338,0.763781776635247,0.013822691424598329,0.766177451634423,0.9374204800703163
letter,exp,101,11,0.012802157585121694,0.7738503284775778,0.013208585687505884,0.7698465643762509,0.9342427300228383
letter,exp,101,12,0.012260911117152806,0.7832762067980577,0.012721399036986944,0.7745163442294863,0.9318054423751259
letter,exp,101,13,0.011919813284121561,0.7829905741216795,0.012432690591786056,0.7745163442294863,0.9296666019601515
letter,exp,101,14,0.011518988007572136,0.7927734932876321,0.012047843256734692,0.7858572381587725,0.9275860265968578
letter,exp,101,15,0.010145416859595108,0.8275492716366752,0.01078292893618481,0.818545697131421,0.9252703038263567
letter,exp,101,16,0.0098632058280761,0.8319765781205369,0.010585802551478037,0.8208805870580387,0.9225208262352464
letter,exp,101,17,0.00969647743059909,0.8340474150242788,0.010404395837793755,0.8232154769846565,0.9211432270854313
letter,exp,101,18,0.009434637055315064,0.8382604970008569,0.010207524264750491,0.8225483655770514,0.9192706484553124
letter,exp,101,19,0.00928373560161426,0.8394030277063697,0.010061073168147663,0.8282188125416945,0.9176131870672534
letter,exp,101,20,0.009142008921575786,0.8429734361610969,0.00998673880503632,0.8302201467645097,0.9162025024302243
letter,exp,101,21,0.008902214444942028,0.8461868037703514,0.009737832432347927,0.8348899266177452,0.914763708710718
letter,exp,101,22,0.00879259111841801,0.8466152527849186,0.009654755143577184,0.8348899266177452,0.9137276516014283
letter,exp,101,23,0.008700803120349095,0.8494715795487003,0.00960245774559353,0.8388925950633755,0.912180070208016
letter,exp,101,24,0.008614286421731693,0.8502570694087404,0.009476719040864055,0.8372248165443629,0.911023640777401
letter,exp,101,25,0.008451761303677122,0.8513281919451585,0.009364937607969625,0.8372248165443629,0.9097526630548683
letter,exp,101,26,0.008309836795345516,0.8524707226506713,0.009268342916129485,0.8395597064709807,0.9085360957407161
letter,exp,101,27,0.008267096590183718,0.8550414167380749,0.009218188797254048,0.8398932621747832,0.908195491572459
letter,exp,101,28,0.008122226928971524,0.8581833761782348,0.009124415878170757,0.8448965977318212,0.9065848971999987
letter,exp,101,29,0.008063785499285327,0.856898029134533,0.009052755442650225,0.8472314876584389,0.9056533329417547
letter,exp,101,30,0.00797628484401097,0.859397315052842,0.008990446667582275,0.8465643762508339,0.9041869670020677
letter,exp,101,31,0.007908164333088517,0.8605398457583547,0.008922603380371813,0.8465643762508339,0.9032411435297988
letter,exp,101,32,0.007821599458373534,0.862539274493002,0.008834943176990715,0.8515677118078719,0.9023032628488366
letter,exp,101,33,0.00770874831961668,0.8660382747786347,0.008768469363923918,0.8505670446964643,0.9010609532169797
letter,exp,101,34,0.007666292207615421,0.8652527849185947,0.008754505515672664,0.8492328218812542,0.9005548046790841
letter,exp,101,35,0.007600995141391475,0.8657526421022566,0.008676185381254177,0.8519012675116745,0.8993334963349638
letter,exp,101,36,0.007522052597341437,0.8668237646386746,0.008597928318923852,0.8539026017344896,0.8990968184861146
letter,exp,101,37,0.0074277688994124355,0.8686803770351328,0.008499222762912017,0.8559039359573049,0.8981458898114278
letter,exp,101,38,0.007405097054064208,0.8686803770351328,0.008510099219324517,0.8575717144763175,0.8968408409888627
letter,exp,101,39,0.007358782431508962,0.870536989431591,0.008506434388031317,0.8555703802535023,0.8962071649393417
letter,exp,101,40,0.0073885287967176486,0.868966009711511,0.008511389000691781,0.8555703802535023,0.8952816322461787
letter,exp,101,41,0.007297722040685486,0.870536989431591,0.008403801805611413,0.8609072715143429,0.894793664423398
letter,exp,101,42,0.007228081497855324,0.87225078548986,0.008374840573645886,0.8605737158105403,0.8939948170456725
letter,exp,101,43,0.007185549191362794,0.8726078263353327,0.008347239257094656,0.8602401601067379,0.8931263939279398
letter,exp,101,44,0.007135889043737668,0.8721793773207654,0.008288018894773926,0.861574382921948,0.8924107589840583
letter,exp,101,45,0.0070626709865869225,0.8737503570408455,0.008216673086407897,0.8605737158105403,0.891999798613192
letter,exp,101,46,0.007045026127617232,0.8740359897172236,0.008224302017451855,0.8595730486991328,0.8912849026419042
letter,exp,101,47,0.007005763177840771,0.8754641530991145,0.008137920029672181,0.8639092728485657,0.8904171894427206
letter,exp,101,48,0.006943957043411512,0.8762496429591545,0.008101968826113156,0.8629086057371581,0.8896641760919213
letter,exp,101,49,0.0068890415777658615,0.8775349900028563,0.008000232511428286,0.8635757171447632,0.8890485578970035
letter,exp,101,50,0.006825852921111913,0.8787489288774636,0.008009085664576206,0.8649099399599733,0.8884445193399626
letter,exp,101,51,0.006852027547829646,0.8786061125392745,0.008023582070802386,0.8629086057371581,0.8879761522185922
letter,exp,101,52,0.006803005994226288,0.878677520708369,0.007962723461970172,0.867244829886591,0.8874125374317875
letter,exp,101,53,0.006740028962474718,0.8796772350756926,0.007945515381440588,0.8662441627751835,0.8866876507290707
letter,exp,101,54,0.0066707288390484105,0.8817480719794345,0.007832571922813947,0.8669112741827886,0.8861312270188344
letter,exp,101,55,0.006647010758790585,0.8816766638103399,0.007805333750237218,0.8669112741827886,0.8856843439876959
letter,exp,101,56,0.006617532591457616,0.8829620108540417,0.00782856778561155,0.8685790527018012,0.8851193560391621
letter,exp,101,57,0.006602034993167563,0.883390459868609,0.007796074180864345,0.8679119412941961,0.8844595322778566
letter,exp,101,58,0.0065273574423145705,0.8831762353613254,0.007726435057258011,0.8692461641094062,0.8839202435300701
letter,exp,101,59,0.006539925544178255,0.8853898886032562,0.007770157221181042,0.8692461641094062,0.8836913212005363
letter,exp,101,60,0.0065315327458605205,0.8848186232504999,0.007733255193412555,0.8659106070713809,0.8828151495618694
letter,exp,102,1,0.0356122445650292,0.16195372750642673,0.03573912830302923,0.15443629086057373,0.9809419150124261
letter,exp,102,2,0.03276482306416303,0.2843473293344759,0.03292924068410272,0.2791861240827218,0.9775534218628088
letter,exp,102,3,0.028120001900670114,0.39467295058554697,0.028301901944992464,0.4016010673782522,0.9714069008550063
letter,exp,102,4,0.02524353570124308,0.48950299914310197,0.025344953674247574,0.4946631087391594,0.9653970538290297
letter,exp,102,5,0.023426881490503287,0.5223507569265924,0.023570124473781345,0.5270180120080054,0.959856339947081
letter,exp,102,6,0.020807878249963118,0.5923307626392459,0.020995055162246295,0.5980653769179453,0.9554344028538422
letter,exp,102,7,0.018870828510884247,0.6290345615538417,0.01902144309074948,0.6307538358905938,0.9504569752438147
letter,exp,102,8,0.017877005613366966,0.6450299914310197,0.018083941070718645,0.6440960640426951,0.9468414005252533
letter,exp,102,9,0.016477619023971535,0.6860182804912882,0.01671609422459172,0.680787191460974,0.9435808618400178
letter,exp,102,10,0.014980854745611092,0.7360039988574693,0.015238833742706948,0.7341561040693796,0.9394704999134333
letter,exp,102,11,0.01335191157708166,0.7632105112824907,0.013657197922170206,0.7588392261507672,0.9358840127271177
letter,exp,102,12,0.012560534446935397,0.7801342473578977,0.013001512557090894,0.7731821214142762,0.9326652676417329
letter,exp,102,13,0.012079981810236578,0.7847043701799485,0.01255156184777544,0.7798532354903269,0.929752537437562
letter,exp,102,14,0.011813927060183816,0.7904884318766067,0.012315011451109054,0.7845230153435624,0.927415570600873
letter,exp,102,15,0.011535415679305553,0.794201656669523,0.012110850201455007,0.7828552368245497,0.9255251907574358
letter,exp,102,16,0.011130519399523746,0.7974150242787775,0.011664240101591502,0.7928619079386258,0.923309109753358
letter,exp,102,17,0.010872904626060966,0.8029134532990574,0.011475696409187238,0.7965310206804537,0.9218864658967829
letter,exp,102,18,0.010688111836882555,0.8058411882319337,0.011347765048857516,0.7978652434956638,0.9206109461608374
letter,exp,102,19,0.010473054563599551,0.8086975149957155,0.011088503206703825,0.8012008005336891,0.9187472336712822
letter,exp,102,20,0.01032822734247491,0.8096258211939446,0.011007629639697083,0.8065376917945297,0.9173193007930454
letter,exp,102,21,0.01017078019160723,0.8132676378177663,0.010814215732055614,0.805537024683122,0.9154846860058632
letter,exp,102,22,0.01003526275184279,0.8164095972579263,0.010731216403461991,0.8072048032021347,0.9145394069177611
letter,exp,102,23,0.009846169323425467,0.8172664952870609,0.010552824055303809,0.8132088058705804,0.9130573713812535
letter,exp,102,24,0.009748081925442792,0.8216938017709225,0.010533886817604903,0.8105403602401601,0.9120022388875332
letter,exp,102,25,0.009569345913708144,0.8242644958583262,0.010315249265249264,0.814209472981988,0.9104473370210767
letter,exp,102,26,0.009487234243271374,0.8239074550128535,0.0102442899890583,0.8152101400933957,0.9097951820443874
letter,exp,102,27,0.0093904878427134,0.8274778634675807,0.010141095335565857,0.819212808539026,0.9084985435075195
letter,exp,102,28,0.009236715822373794,0.8276920879748644,0.010019032259561089,0.8178785857238159,0.9077849781949635
letter,exp,102,29,0.009175153099261637,0.8286203941730934,0.010020155877111163,0.8195463642428286,0.9064185321939572
letter,exp,102,30,0.009067183002265578,0.8316195372750642,0.009898365889043614,0.819212808539026,0.905759000391139
letter,exp,102,31,0.00902807412088469,0.8314767209368752,0.009821568445745226,0.8228819212808539,0.9047188740425146
letter,exp,102,32,0.008947529650185549,0.8334047415024278,0.009741528032382993,0.8232154769846565,0.90392246112625
letter,exp,102,33,0.008892339813539487,0.8340474150242788,0.009751945894257081,0.824216144096064,0.9028723502113873
letter,exp,102,34,0.008741129741093975,0.835261353898886,0.009602153507425572,0.8268845897264844,0.9021281831877128
letter,exp,102,35,0.008698257922202059,0.8361896600971152,0.009552394191728533,0.8308872581721147,0.9012278009463013
letter,exp,102,36,0.008634034132785141,0.8379748643244788,0.00949596742438701,0.8275517011340894,0.9006406279005795
letter,exp,102,37,0.007554051230776199,0.8738931733790346,0.008507318055286156,0.8602401601067379,0.8988057318326264
letter,exp,102,38,0.007361091005919154,0.8747500714081691,0.00827797805534123,0.8579052701801201,0.8980606367286506
letter,exp,102,39,0.0072219585059903006,0.8763924592973437,0.008172714601206695,0.8619079386257505,0.8969069693245216
letter,exp,102,40,0.007164028596712043,0.8767495001428164,0.008126987551511434,0.8635757171447632,0.8960880437269774
letter,exp,102,41,0.007098043465949173,0.8782490716938017,0.008078055018502336,0.8639092728485657,0.8953676844845081
letter,exp,102,42,0.007006856619740777,0.8791059697229363,0.008006698066341245,0.8645763842561708,0.8944055629689784
letter,exp,102,43,0.006936175967993438,0.8796058269065982,0.007929419947091069,0.8655770513675783,0.894021337363124
letter,exp,102,44,0.006890423787478819,0.8801770922593545,0.007856883846642326,0.8685790527018012,0.8930226109676732
letter,exp,102,45,0.006828673976579924,0.88246215367038,0.00782846556789423,0.8695797198132088,0.8924740429587551
letter,exp,102,46,0.006762375184530172,0.8840331333904599,0.00780454774320245,0.8675783855903936,0.8918144172877461
letter,exp,102,47,0.00673981261816845,0.8842473578977434,0.007786557704024815,0.8652434956637759,0.8913434494979269
letter,exp,102,48,0.006698169668150896,0.8851756640959726,0.0077424614319037115,0.8682454969979987,0.8903844251963756
letter,exp,102,49,0.006622825999153029,0.8856755212796343,0.007662837535080604,0.8702468312208139,0.889771056120535
letter,exp,102,50,0.006615416576769762,0.8856041131105399,0.007717650901502451,0.8685790527018012,0.8891969120597542
letter,exp,102,51,0.006559007462680355,0.8877463581833762,0.007660255831882896,0.8705803869246164,0.8883909087244428
letter,exp,102,52,0.0065114832443052455,0.8893173379034561,0.007632194236419033,0.8709139426284189,0.8880706995072236
letter,exp,102,53,0.006467873367613547,0.888246215367038,0.007539722673709427,0.8712474983322215,0.8871708197208303
letter,exp,102,54,0.006427149941462281,0.8896029705798343,0.007507085147336713,0.8725817211474316,0.8866338134099894
letter,exp,102,55,0.006383840033433892,0.8901028277634961,0.007483699971992079,0.8749166110740494,0.8863311353711706
letter,exp,102,56,0.006321460114249114,0.8912453584690089,0.007389303861538596,0.8735823882588393,0.885494971076808
letter,exp,102,57,0.006308555371233511,0.8908883176235362,0.007439831772166819,0.8735823882588393,0.8850613893941538
letter,exp,102,58,0.006283745286261358,0.8921022564981433,0.007376447296759709,0.8735823882588393,0.8845585710792401
letter,exp,102,59,0.0062354995338309484,0.8925307055127106,0.007351750388662046,0.8745830553702468,0.8837681155043435
letter,exp,102,60,0.0062011257211082695,0.8942445015709797,0.007332775354538746,0.8755837224816544,0.8832653781322791
letter,exp,103,1,0.03625989751682902,0.1419594401599543,0.03622488778009086,0.14609739826551035,0.9810403387179915
letter,exp,103,2,0.033094127771512535,0.2689945729791488,0.03310972748038909,0.2645096731154103,0.9770341825094288
letter,exp,103,3,0.029293943269905684,0.39745786918023424,0.029449256013345176,0.3949299533022015,0.9712245802544333
letter,exp,103,4,0.025585608819074734,0.48957440731219654,0.025676922551609572,0.49132755170113407,0.96516126676303
letter,exp,103,5,0.02348485812809427,0.5389174521565268,0.023554188383580126,0.5453635757171448,0.9595624667684324
letter,exp,103,6,0.020795818400401855,0.586046843758926,0.02100168503605346,0.5870580386924616,0.9543100582601965
letter,exp,103,7,0.018730678605861147,0.6418166238217652,0.018974459476576618,0.6444296197464977,0.9494350164507146
letter,exp,103,8,0.017422118354336245,0.6650956869465867,0.017782759709448783,0.6631087391594396,0.9454289227531506
letter,exp,103,9,0.016490535368228067,0.6895172807769209,0.016872362950625972,0.6887925283522348,0.9423467709918185
letter,exp,103,10,0.01562882216123761,0.7055841188231934,0.016084870542617244,0.6981320880587059,0.939203740264349
letter,exp,103,11,0.013191658705354752,0.7767066552413596,0.013765640248346969,0.7625083388925951,0.9355132007035055
letter,exp,103,12,0.012305095041077676,0.7874178806055413,0.012946915447504623,0.7758505670446965,0.9325879050227801
letter,exp,103,13,0.01180784500963361,0.791702370751214,0.012470299093977847,0.7825216811207472,0.9299880469137483
letter,exp,103,14,0.011398693085227153,0.7970579834333048,0.012065769407984811,0.7865243495663776,0.9276315295226208
letter,exp,103,15,0.011171019085323489,0.8014138817480719,0.011878721616897027,0.7908605737158105,0.9249196951704673
letter,exp,103,16,0.010781736539206357,0.8076978006283919,0.011479795899246612,0.7958639092728486,0.9235462906802702
letter,exp,103,17,0.010504585066408908,0.8104113110539846,0.011196440966496031,0.8025350233488993,0.9217734742130428
letter,exp,103,18,0.010317194421505277,0.8146958011996572,0.011000872349570156,0.8072048032021347,0.9203876548427116
letter,exp,103,19,0.010155311957253258,0.8154098828906027,0.010847007525943914,0.8042028018679119,0.9186422846799335
letter,exp,103,20,0.009985890285190781,0.8186232504998572,0.010710338329531856,0.8102068045363575,0.9170964025585286
letter,exp,103,21,0.009798357647322085,0.8212653527563554,0.0105489594595506,0.813542361574383,0.9155854220024953
letter,exp,103,22,0.009676188990851653,0.8248357612110826,0.01040440014043991,0.8152101400933957,0.9140033609926149
letter,exp,103,23,0.009487376247122583,0.8276920879748644,0.010265849952933058,0.8168779186124083,0.9128637208647776
letter,exp,103,24,0.009383432731252942,0.8309054555841188,0.010092133192662986,0.8195463642428286,0.9119830884078217
letter,exp,103,25,0.009258940413248543,0.8328334761496715,0.010004587139135794,0.8228819212808539,0.9102284105202078
letter,exp,103,26,0.008727116342822297,0.8643244787203657,0.009487713727243453,0.8529019346230821,0.9093453302513612
letter,exp,103,27,0.007889667939941636,0.8687517852042274,0.008659507194762724,0.8589059372915276,0.9078635871360656
letter,exp,103,28,0.007769444710382533,0.8683233361896601,0.00854859710810907,0.8609072715143429,0.9063039833941753
letter,exp,103,29,0.007654524948429264,0.8711082547843473,0.008490038791232073,0.8589059372915276,0.9053881235907552
letter,exp,103,30,0.007620001595824942,0.8716795201371037,0.008402188951894936,0.8639092728485657,0.9041043093126249
letter,exp,103,31,0.007453710791778674,0.8734647243644673,0.00831515687610497,0.8645763842561708,0.9033576918096647
letter,exp,103,32,0.007375569411310876,0.8763210511282491,0.008244741695199473,0.8629086057371581,0.9021065465011535
letter,exp,103,33,0.007358547142290249,0.87539274493002,0.008229081505183984,0.8612408272181454,0.9009716926686541
letter,exp,103,34,0.007230536149000503,0.879463010568409,0.008073065859549101,0.8679119412941961,0.9006690708361942
letter,exp,103,35,0.007148389406020252,0.8805341331048272,0.008066424575026439,0.8642428285523682,0.8991822208326878
letter,exp,103,36,0.007119635491086032,0.8787489288774636,0.008013462501446463,0.8612408272181454,0.8981759825470655
letter,exp,103,37,0.007051161114772496,0.8807483576121108,0.007978814825304556,0.8662441627751835,0.8976543580243265
letter,exp,103,38,0.006975737967817655,0.8826763781776635,0.007923172254732687,0.8659106070713809,0.8971605899613838
letter,exp,103,39,0.006918576330103592,0.882604970008569,0.007845019997637674,0.8675783855903936,0.8960856392154659
letter,exp,103,40,0.006894326528272596,0.8823907455012854,0.007823691821239811,0.871581054036024,0.8951210704619332
letter,exp,103,41,0.006835171080286334,0.8843901742359326,0.007798481160260523,0.8689126084056037,0.8942492431261355
letter,exp,103,42,0.006762526382891833,0.8852470722650672,0.0077429601720762475,0.8689126084056037,0.8932609650196917
letter,exp,103,43,0.006704265416967502,0.8872465009997144,0.007635931569291394,0.8739159439626417,0.8929361867974035
letter,exp,103,44,0.006623425115550332,0.8878177663524707,0.007618174268541271,0.8695797198132088,0.891899351065241
letter,exp,103,45,0.006616298649998091,0.889031705227078,0.007557478660775267,0.8729152768512342,0.8913648217665235
letter,exp,103,46,0.006562431653088017,0.8903884604398743,0.0075176113972435414,0.8749166110740494,0.8908781853246098
letter,exp,103,47,0.006518262218971829,0.8896029705798343,0.007479277598125908,0.8755837224816544,0.8896945205144489
letter,exp,103,48,0.006502767749794429,0.8893173379034561,0.007468301707124465,0.8729152768512342,0.8893030984492437
letter,exp,103,49,0.006448749183165987,0.8926021136818052,0.007476214287944087,0.8749166110740494,0.8885276676110344
letter,exp,103,50,0.00639273870864507,0.893101970865467,0.007403945211531759,0.8779186124082722,0.8879876151169471
letter,exp,103,51,0.0063812607089058625,0.8930305626963725,0.007416482929985442,0.8775850567044696,0.8873767306191073
letter,exp,103,52,0.006334187680594376,0.8937446443873179,0.007324667082058238,0.8815877251501001,0.8865952611910319
letter,exp,103,53,0.006256985875585757,0.893887460725507,0.007303832129699298,0.8785857238158773,0.886167126783611
letter,exp,103,54,0.0062385918285956955,0.8949585832619251,0.00726876002080865,0.8795863909272849,0.8854544615257117
letter,exp,103,55,0.006257841943596147,0.896243930305627,0.0073060187120523425,0.8815877251501001,0.8849631089041716
letter,exp,103,56,0.0061911101622149104,0.8969580119965724,0.007212869230496047,0.8839226150767178,0.8839973016733638
letter,exp,103,57,0.006116362449450418,0.8975292773493287,0.007189720868982011,0.8825883922615076,0.8836160552832383
letter,exp,103,58,0.006168335074607929,0.8974578691802342,0.007221769751077334,0.8832555036691128,0.8829092756959347
letter,exp,103,59,0.006095103578038977,0.8982433590402742,0.007164770887357981,0.8825883922615076,0.8825954069441638
letter,exp,103,60,0.006088033723192074,0.8998857469294488,0.007163202877969729,0.8842561707805203,0.8819732385253525
letter,exp,104,1,0.036299229707813366,0.12375035704084547,0.0363412850972188,0.12441627751834557,0.981229262307995
letter,exp,104,2,0.033029631055862596,0.2991288203370466,0.0329899418563974,0.29853235490326885,0.9766429462231623
letter,exp,104,3,0.030062240053086643,0.35939731505284206,0.029914825635681746,0.3669112741827885,0.9709993723427947
letter,exp,104,4,0.026718179868335832,0.4343044844330191,0.026753248301464957,0.4352901934623082,0.9648899446034075
letter,exp,104,5,0.024992752247443534,0.48814624393030565,0.025079029780944683,0.4839893262174783,0.9598123008851864
letter,exp,104,6,0.023307895033165514,0.5161382462153671,0.023508929590696278,0.5176784523015343,0.9557320118307515
letter,exp,104,7,0.020967670259141712,0.5921165381319623,0.021166021680235566,0.590393595730487,0.9520659204488399
letter,exp,104,8,0.019843464832499363,0.602970579834333,0.020051471928951993,0.6014009339559706,0.9480073144223449
letter,exp,104,9,0.016730105908942156,0.6918023421879463,0.016992233365035154,0.6964643095396932,0.9435992497938498
letter,exp,104,10,0.015220764161087202,0.731505284204513,0.015562182081173345,0.7328218812541695,0.940216936198898
letter,exp,104,11,0.012381425189786877,0.8015566980862611,0.012857857443467383,0.7945296864576384,0.9358235676721973
letter,exp,104,12,0.011409981410402349,0.8133390459868609,0.011833889760010423,0.8088725817211474,0.932609999825249
letter,exp,104,13,0.010864556972667768,0.8203370465581262,0.01137358662396205,0.8152101400933957,0.9296613492068307
letter,exp,104,14,0.010456452305514381,0.8266923736075407,0.010991111979892922,0.818545697131421,0.9268452420057437
letter,exp,104,15,0.010106535012269451,0.8291916595258497,0.01061495190733954,0.8262174783188793,0.9249583098289448
letter,exp,104,16,0.009772328547096547,0.8366895172807769,0.010350196271519084,0.8308872581721147,0.9228865094474918
letter,exp,104,17,0.009525691949085209,0.8414738646101114,0.010105368894907221,0.8348899266177452,0.9204649140982065
letter,exp,104,18,0.009292660592435676,0.8444730077120822,0.009916791271086868,0.8375583722481654,0.9189472478925103
letter,exp,104,19,0.009062730781246016,0.8479005998286204,0.009751206550109125,0.8358905937291528,0.9173825517436125
letter,exp,104,20,0.008933409953179707,0.8481862325049986,0.009612610350453084,0.8375583722481654,0.9156497256704368
letter,exp,104,21,0.008719934627290309,0.8550414167380749,0.009439680344283096,0.8432288192128086,0.9141330751203995
letter,exp,104,22,0.008630471398162741,0.8549700085689803,0.00942555149607899,0.8402268178785858,0.9128768474765439
letter,exp,104,23,0.00842797204531504,0.8576121108254784,0.009234554638256969,0.8448965977318212,0.9115516237950612
letter,exp,104,24,0.00832207316059082,0.8597543558983147,0.00907232205130166,0.8488992661774516,0.9101170945874333
letter,exp,104,25,0.008167977934450772,0.8607540702656384,0.008972676511201982,0.8462308205470314,0.9089816593809813
letter,exp,104,26,0.008037247269587301,0.8644672950585547,0.00888002498770845,0.8488992661774516,0.907548329587943
letter,exp,104,27,0.007893686366592916,0.8659668666095401,0.008708265500472143,0.8532354903268846,0.906434965923606
letter,exp,104,28,0.0078635411729681,0.8653956012567838,0.008739583046834977,0.8485657104736491,0.9053847782172944
letter,exp,104,29,0.007715254045714751,0.8680377035132819,0.008578481613526803,0.8562374916611074,0.9044415366330271
letter,exp,104,30,0.0076102460742762746,0.8708940302770637,0.008456639872413149,0.8559039359573049,0.9033090820216233
letter,exp,104,31,0.007592440098387323,0.8706083976006855,0.00851839745595506,0.8562374916611074,0.9025269306594684
letter,exp,104,32,0.0074946365081215854,0.8728934590117109,0.008401954193316625,0.8545697131420947,0.9012054392453474
letter,exp,104,33,0.0074183514820790036,0.8751785204227364,0.008300882104179402,0.8599066044029353,0.9003788101566699
letter,exp,104,34,0.007322198785765195,0.8764638674664381,0.008223726535878072,0.8579052701801201,0.8993802427187275
letter,exp,104,35,0.007305212240269556,0.8750357040845472,0.008235948519018956,0.8602401601067379,0.8982520997691331
letter,exp,104,36,0.007205967374941976,0.8782490716938017,0.00809517536462797,0.8652434956637759,0.8980247815281234
letter,exp,104,37,0.007101673410074318,0.8783918880319909,0.00803094482605634,0.8659106070713809,0.8968314399592594
letter,exp,104,38,0.007116528463365016,0.8790345615538417,0.00802282467418022,0.8649099399599733,0.895899113482905
letter,exp,104,39,0.006959564391776468,0.8803199085975436,0.00789380321658048,0.8669112741827886,0.8951022473748633
letter,exp,104,40,0.006918416963779549,0.8822479291630962,0.007860618397954829,0.8669112741827886,0.8941870096213723
letter,exp,104,41,0.006920194296764495,0.8811768066266781,0.00786507323650066,0.8692461641094062,0.893432548722049
letter,exp,104,42,0.0068759178278229305,0.8823193373321908,0.007835826911073252,0.8675783855903936,0.8927306871652256
letter,exp,104,43,0.006801943901665705,0.8833190516995144,0.007736402210106976,0.8702468312208139,0.8919376857841159
letter,exp,104,44,0.006728545632055763,0.8851756640959726,0.0076831409708113555,0.8739159439626417,0.8913297900623959
letter,exp,104,45,0.006705055662177113,0.8850328477577835,0.007633989822582675,0.8745830553702468,0.8906321151555635
letter,exp,104,46,0.006616044523179718,0.8860325621251071,0.007620258710290626,0.8725817211474316,0.8900842044599637
letter,exp,104,47,0.0065773104643231765,0.886675235646958,0.007544873545053599,0.875250166777852,0.8895423216991736
letter,exp,104,48,0.006567214808365047,0.8878891745215652,0.007546745833524293,0.875250166777852,0.8887241085052571
letter,exp,104,49,0.006517417028596819,0.8883176235361325,0.007520705185110074,0.8762508338892595,0.8882562247759606
letter,exp,104,50,0.006459502975645119,0.8888888888888888,0.007499813810131739,0.8755837224816544,0.8871986472074375
letter,exp,104,51,0.00642197425190395,0.8903170522707797,0.007371486884947562,0.88025350233489,0.8867226214540265
letter,exp,104,52,0.006395824776516693,0.889960011425307,0.007375134904645703,0.8779186124082722,0.8862260743654199
letter,exp,104,53,0.006388724607755146,0.8909597257926307,0.007401846469612443,0.8792528352234823,0.8855414532507114
letter,exp,104,54,0.006331884108465275,0.890602684947158,0.007289429603144492,0.8775850567044696,0.8850783089332774
letter,exp,104,55,0.006281051528430075,0.8916023993144816,0.007265250754523642,0.88025350233489,0.8844664700175625
letter,exp,104,56,0.006236515616053086,0.8934590117109398,0.007221978646542042,0.8812541694462975,0.8841072270084499
letter,exp,104,57,0.00620309097335074,0.8936732362182234,0.007221686706550519,0.8795863909272849,0.8832051131910298
letter,exp,104,58,0.00618249982957188,0.8943159097400742,0.007182667252975255,0.8805870580386924,0.8828913499661567
letter,exp,104,59,0.006153536891219898,0.8942445015709797,0.007195342383343605,0.8799199466310874,0.88225993336309
letter,exp,104,60,0.006127209876225493,0.8953156241073978,0.007175166058332314,0.8799199466310874,0.8815940067964753
letter,exp,105,1,0.03514143453984232,0.17016566695229934,0.035197594682968944,0.16811207471647766,0.980305268760592
letter,exp,105,2,0.031364228910769155,0.2975578406169666,0.031396354456626765,0.2968645763842562,0.9755022992204516
letter,exp,105,3,0.02875958441967764,0.36275349900028564,0.02877281420271837,0.3669112741827885,0.9699268081689316
letter,exp,105,4,0.02610779424464825,0.47857754927163665,0.026096829764231447,0.47531687791861243,0.9649717644458837
letter,exp,105,5,0.023546247395433352,0.5267780634104542,0.023623904711007775,0.52368245496998,0.9591177361855704
letter,exp,105,6,0.0215257926548458,0.5784775778349043,0.0216957698523914,0.5770513675783856,0.9544922003128713
letter,exp,105,7,0.01936296838595673,0.6347472150814053,0.019625102614665355,0.6290860573715811,0.9497163725006684
letter,exp,105,8,0.016987969824994707,0.6806626678091974,0.017451388124811774,0.6691127418278853,0.9456170340150547
letter,exp,105,9,0.015815934973034088,0.7120108540417024,0.01648680178398932,0.6967978652434956,0.9414399420538975
letter,exp,105,10,0.01499528159904934,0.7333618966009712,0.015595056007996957,0.7201467645096731,0.9387225027332251
letter,exp,105,11,0.013596756911159526,0.7558554698657527,0.014331784126884408,0.73815877251501,0.935420558891328
letter,exp,105,12,0.013111013659572969,0.760354184518709,0.013845452229089086,0.7451634422948632,0.9326206779808608
letter,exp,105,13,0.012692788770492739,0.7645672664952871,0.013454617947387474,0.7551701134089392,0.9299631099239033
letter,exp,105,14,0.012356063243456766,0.7707083690374179,0.013103260727333926,0.7565043362241495,0.92831191016929
letter,exp,105,15,0.01215022870162103,0.7717080834047415,0.01289580798551474,0.7585056704469646,0.9262774732560095
letter,exp,105,16,0.01191933138577873,0.7745644101685233,0.012724948259481473,0.7601734489659773,0.9245977849788142
letter,exp,105,17,0.011078975282573489,0.8104113110539846,0.011805522190271237,0.7985323549032688,0.9230242953697354
letter,exp,105,18,0.009720061414449244,0.8385461296772351,0.010442985615693257,0.8228819212808539,0.9201693478649504
letter,exp,105,19,0.009305769407925183,0.8413310482719223,0.010084653665402241,0.8295530353569046,0.9187813458417508
letter,exp,105,20,0.009004339794333831,0.845615538417595,0.009773868500685018,0.8315543695797198,0.9168643880869485
letter,exp,105,21,0.00887555618126335,0.849043130534133,0.009709899892529562,0.8342228152101401,0.9152371500783021
letter,exp,105,22,0.00870227807350911,0.8501856612396458,0.009507540731846136,0.8355570380253502,0.9138299779566341
letter,exp,105,23,0.00854095240541796,0.8511853756069694,0.009328190612634082,0.8412274849899933,0.9125327175395644
letter,exp,105,24,0.008399789060609798,0.8548986003998857,0.009170389167910202,0.8438959306204136,0.9115152722252491
letter,exp,105,25,0.008250462170969182,0.8578977435018567,0.009106705118136393,0.8438959306204136,0.9100340164082062
letter,exp,105,26,0.008090668016504354,0.8612539274493002,0.008987667635940307,0.8452301534356238,0.9091795951235616
letter,exp,105,27,0.007990637445986668,0.8622536418166238,0.008831966383175103,0.8505670446964643,0.9078459762012605
letter,exp,105,28,0.007960861450386617,0.8619680091402456,0.008806466291632594,0.847898599066044,0.9068763016246875
letter,exp,105,29,0.007833600596058575,0.8653241930876893,0.008723398788892901,0.8498999332888593,0.9061356442420267
letter,exp,105,30,0.007706117406992368,0.8661810911168237,0.008603664485322012,0.8525683789192795,0.9046392084188333
letter,exp,105,31,0.007650639353785291,0.8673236218223365,0.008574497093134334,0.8522348232154769,0.9042974865077017
letter,exp,105,32,0.007615293625562327,0.8691802342187946,0.008483792740177059,0.8542361574382922,0.9028800302632818
letter,exp,105,33,0.0074880413908222825,0.8696086832333619,0.008406659194980697,0.8545697131420947,0.9019573767830796
letter,exp,105,34,0.0074693137456649005,0.8701085404170237,0.008336381016062338,0.8559039359573049,0.9013172243736816
letter,exp,105,35,0.007366602359338676,0.87225078548986,0.00827265912767757,0.8575717144763175,0.9004277304574224
letter,exp,105,36,0.007257056577868617,0.87382176520994,0.008174727135576711,0.8602401601067379,0.8996506507526653
letter,exp,105,37,0.007247091473563699,0.8747500714081691,0.008160920809365937,0.8609072715143429,0.898650374682532
letter,exp,105,38,0.007158296914696359,0.8748928877463582,0.008084863055212436,0.8625750500333556,0.8979187526046688
letter,exp,105,39,0.007107542125982657,0.8771779491573836,0.008043767612233159,0.862241494329553,0.8970029291627666
letter,exp,105,40,0.007037846919815155,0.8762496429591545,0.008007234641583564,0.861574382921948,0.8966083403785869
letter,exp,105,41,0.007004254290693701,0.8797486432447872,0.007949172722536552,0.861574382921948,0.8957986734162621
letter,exp,105,42,0.006972078853523864,0.8781062553556127,0.00794046899375918,0.8635757171447632,0.8952759928538011
letter,exp,105,43,0.006901297912940433,0.8800342759211653,0.007899095141649826,0.8635757171447632,0.8943007589630286
letter,exp,105,44,0.006865909672266283,0.8803913167666381,0.007882787598628954,0.8649099399599733,0.8937851609185457
letter,exp,105,45,0.006823868005339234,0.8811768066266781,0.00782553047809506,0.8645763842561708,0.8926463698933488
letter,exp,105,46,0.006763073525819568,0.8823907455012854,0.007794313370813404,0.8649099399599733,0.8923797933341111
letter,exp,105,47,0.006766984963565034,0.8828191945158527,0.007748094583838273,0.8695797198132088,0.8916273637496891
letter,exp,105,48,0.006686377994237193,0.8827477863467581,0.00767540846344484,0.8719146097398266,0.8909307069951278
letter,exp,105,49,0.006647406646526834,0.8816052556412454,0.00764947277963053,0.8725817211474316,0.8905075654976411
letter,exp,105,50,0.00660516916439138,0.8838903170522708,0.007640314140967076,0.8689126084056037,0.8896866661455235
letter,exp,105,51,0.006581784376210303,0.8836760925449871,0.007571007149992757,0.8712474983322215,0.8890227580417873
letter,exp,105,52,0.006507314958198852,0.8854612967723507,0.0075542957290417575,0.8692461641094062,0.8884562230299434
letter,exp,105,53,0.006515243176584537,0.8865324193087689,0.007588230435721807,0.8682454969979987,0.8874872959136623
letter,exp,105,54,0.006454198537307554,0.8864610111396743,0.007542098371949356,0.8705803869246164,0.8870268701647145
letter,exp,105,55,0.0064220651428319,0.8868894601542416,0.0075360372083026275,0.8705803869246164,0.8865126393935275
letter,exp,105,56,0.006386809574875109,0.8853898886032562,0.007416521701927483,0.8735823882588393,0.8857324796647963
letter,exp,105,57,0.006309904047283018,0.8879605826906598,0.007387267057497911,0.872248165443629,0.8853460450853471
letter,exp,105,58,0.0063042521259357226,0.8879605826906598,0.00739595795727124,0.8719146097398266,0.8848672859567085
letter,exp,105,59,0.00630847459943495,0.8883890317052271,0.0074204688820119465,0.8702468312208139,0.8845186928400185
letter,exp,105,60,0.006251154869498899,0.8901028277634961,0.007369616458774625,0.8725817211474316,0.883566956675177
letter,exp,106,1,0.03654051186450102,0.16273921736646674,0.036491287941106954,0.1657771847898599,0.9811998410952908
letter,exp,106,2,0.03195131935269254,0.2907026563838903,0.03199602494344599,0.2895263509006004,0.975406258776888
letter,exp,106,3,0.028763796510201455,0.37003713224792917,0.028886972959720193,0.37825216811207474,0.9707066140767333
letter,exp,106,4,0.025171517182268448,0.48821765209940016,0.025335463201243965,0.481320880587058,0.9654224171150775
letter,exp,106,5,0.022457186501557445,0.5501999428734647,0.022749859341867316,0.5433622414943295,0.9598558477219917
letter,exp,106,6,0.02065616229879168,0.5829048843187661,0.021002299458037547,0.5800533689126084,0.9552215275052383
letter,exp,106,7,0.0191153560676664,0.6226078263353327,0.019426274138011623,0.6204136090727151,0.9507580823542203
letter,exp,106,8,0.017038599309682472,0.6875892602113681,0.017413455733528864,0.6841227484989993,0.9462670234303464
letter,exp,106,9,0.015472776834555809,0.7246500999714367,0.01592671918947273,0.7211474316210807,0.9419465176809867
letter,exp,106,10,0.013490811125532349,0.7654955726935161,0.014002292705894813,0.7581721147431622,0.9378867053584248
letter,exp,106,11,0.012760134949442522,0.7774207369323051,0.01332692473600598,0.7688458972648432,0.9345245503400181
letter,exp,106,12,0.01225388968460982,0.7855612682090831,0.012881061851058632,0.771180787191461,0.9317646272289816
letter,exp,106,13,0.0119620026283907,0.7929163096258212,0.012553322867495236,0.7828552368245497,0.9295803599857018
letter,exp,106,14,0.011371391181572543,0.799985718366181,0.012022274207047975,0.7875250166777852,0.9273376353731514
letter,exp,106,15,0.01014945419142755,0.8329048843187661,0.010803709955795741,0.8182121414276184,0.9246830869980972
letter,exp,106,16,0.009796461623766343,0.8338331905169951,0.010472975136414904,0.8212141427618412,0.9226187061687914
letter,exp,106,17,0.009501751865775659,0.8380462724935732,0.010151016409070273,0.8275517011340894,0.9201834631214523
letter,exp,106,18,0.00917642410144165,0.844830048557555,0.009935751650024666,0.8278852568378919,0.9189393063570614
letter,exp,106,19,0.009109807385502962,0.8445444158811768,0.009869122619585108,0.8355570380253502,0.9168648114962131
letter,exp,106,20,0.008844760785730231,0.8494001713796058,0.00961289870054263,0.8322214809873248,0.9151622771065677
letter,exp,106,21,0.008659737318049613,0.8525421308197658,0.00944961768881093,0.837891927951968,0.9139456717420478
letter,exp,106,22,0.008559359728923336,0.8538274778634676,0.009388820311201043,0.8398932621747832,0.9127110078644358
letter,exp,106,23,0.008368785228529,0.8578263353327621,0.00916368450243583,0.8415610406937959,0.9110778067405936
letter,exp,106,24,0.0082205062462795,0.860182804912882,0.00908196109983724,0.8438959306204136,0.9103199445571657
letter,exp,106,25,0.008160870480209213,0.8613967437874893,0.009020304905707486,0.8458972648432288,0.9086509428892493
letter,exp,106,26,0.008007729869945336,0.863324764353042,0.008888268780913741,0.8438959306204136,0.9071822787902766
letter,exp,106,27,0.007941748084976262,0.8654670094258783,0.008822842995934218,0.8509006004002668,0.9063479761083529
letter,exp,106,28,0.007842730584668082,0.8663239074550129,0.008743593835024465,0.8509006004002668,0.9053210016501652
letter,exp,106,29,0.007715040393673984,0.8681091116823765,0.008630591435284246,0.8545697131420947,0.9042837599927379
letter,exp,106,30,0.007766618433372991,0.8686803770351328,0.008664648794164008,0.8515677118078719,0.9033911370595001
letter,exp,106,31,0.00760979753480649,0.8693944587260782,0.008543700546555006,0.8539026017344896,0.9021639548140149
letter,exp,106,32,0.007547459486094426,0.8718223364752927,0.008458736652131994,0.8589059372915276,0.9017931774417426
letter,exp,106,33,0.0073816969896689545,0.8747500714081691,0.008367578478487108,0.8585723815877252,0.9005470852937876
letter,exp,106,34,0.007324985051986098,0.8773207654955727,0.008339443660767802,0.8595730486991328,0.8996312431675008
letter,exp,106,35,0.0072353223922596984,0.8788917452156527,0.008273812242520773,0.8632421614409607,0.8989325296951508
letter,exp,106,36,0.007191849194646021,0.8807483576121108,0.008255836193200842,0.8595730486991328,0.8980498785918959
letter,exp,106,37,0.0071397563493866955,0.8801056840902599,0.008201659652328561,0.8605737158105403,0.8971495427501043
letter,exp,106,38,0.0070504201860376505,0.8827477863467581,0.008143966080219806,0.8662441627751835,0.8960826049665434
letter,exp,106,39,0.006956308567611105,0.8831762353613254,0.00801589367446813,0.8659106070713809,0.8957906696845851
letter,exp,106,40,0.006934661502890106,0.8828906026849471,0.007973522515641639,0.8679119412941961,0.8946666118686586
letter,exp,106,41,0.007009565454719571,0.8838903170522708,0.008040187454363629,0.8652434956637759,0.8939257920891012
letter,exp,106,42,0.006829933448402268,0.8834618680377035,0.007921384258381082,0.8652434956637759,0.8931476837380635
letter,exp,106,43,0.006730960704657125,0.8868180519851471,0.0078084129414127965,0.8709139426284189,0.8926053534068425
letter,exp,106,44,0.0067089968814568616,0.8864610111396743,0.007812653232693603,0.8699132755170114,0.8919244249599768
letter,exp,106,45,0.006651104283246257,0.8875321336760925,0.007763969008947341,0.8695797198132088,0.8911689022645943
letter,exp,106,46,0.006599293748650119,0.886675235646958,0.00775868752746569,0.8712474983322215,0.8903236596829004
letter,exp,106,47,0.006619162029678522,0.8858183376178235,0.007696724593566202,0.8742494996664443,0.8896803095815266
letter,exp,106,48,0.00652147473467896,0.8886746643816053,0.007631031659788494,0.8742494996664443,0.8894733608437423
letter,exp,106,49,0.006477556870795343,0.8891031133961725,0.007583719447531823,0.8779186124082722,0.8882053422324135
letter,exp,106,50,0.006449474101811469,0.8879605826906598,0.007573442152535828,0.8745830553702468,0.8878597814475909
letter,exp,106,51,0.006436916700871972,0.8903884604398743,0.0075451394623171335,0.875917278185457,0.8873025624371487
letter,exp,106,52,0.006385218473397005,0.8900314195944016,0.007510248738319887,0.8779186124082722,0.8869512984445185
letter,exp,106,53,0.006323448172225516,0.8916023993144816,0.007426794228026461,0.8779186124082722,0.8860939915327632
letter,exp,106,54,0.0063579212076471025,0.8901742359325907,0.007485628977061462,0.8775850567044696,0.8857166776957361
letter,exp,106,55,0.00633095838941436,0.8911025421308197,0.007504606368211232,0.8799199466310874,0.8854834961772288
letter,exp,106,56,0.0062740818711860625,0.893887460725507,0.007410566932575594,0.8799199466310874,0.8849062696953222
letter,exp,106,57,0.006219162343899849,0.8941016852327907,0.007345236034702603,0.880920613742495,0.8845360038023081
letter,exp,106,58,0.006194160496723053,0.893887460725507,0.007334993812440706,0.8792528352234823,0.8833004179882188
letter,exp,106,59,0.00618622098015569,0.8942445015709797,0.007445408655592956,0.8749166110740494,0.883047708799873
letter,exp,106,60,0.006150716538382302,0.8956012567837761,0.007319308692811921,0.8789192795196797,0.8824754173095642
letter,exp,107,1,0.034492317578634815,0.2501428163381891,0.03464336732979909,0.2418278852568379,0.9790256119252293
letter,exp,107,2,0.031171660602169627,0.3226935161382462,0.031615783489696236,0.31587725150100066,0.9729789900717831
letter,exp,107,3,0.02948443621769171,0.350471293916024,0.02991253495693675,0.3408939292861908,0.9689161347898432
letter,exp,107,4,0.027684191473455893,0.4008854612967723,0.028156897305451147,0.39292861907938625,0.9655877065957431
letter,exp,107,5,0.023533379066728193,0.5140674093116252,0.024010202568093414,0.5073382254836558,0.9604161627064434
letter,exp,107,6,0.021037042983499312,0.5623393316195373,0.021600148086299183,0.5563709139426284,0.9558124371246376
letter,exp,107,7,0.01959033341858075,0.5957583547557841,0.020170658817279325,0.5840560373582389,0.9522941639058013
letter,exp,107,8,0.017477674683008853,0.6739502999143102,0.018075972033787982,0.6631087391594396,0.9484958419435842
letter,exp,107,9,0.015525077283412236,0.7262924878606113,0.0161376446713406,0.7114743162108073,0.943933101559306
letter,exp,107,10,0.014505798296233635,0.7410739788631819,0.015129177380404268,0.728819212808539,0.9404640017571174
letter,exp,107,11,0.013825148961665893,0.7477149385889745,0.014523285595636959,0.7368245496997998,0.937626755757442
letter,exp,107,12,0.012679458952692018,0.7829905741216795,0.013301809054015228,0.7765176784523016,0.9343988389436734
letter,exp,107,13,0.011684242532793784,0.8038417594972865,0.012300183579120433,0.7958639092728486,0.9315881412456426
letter,exp,107,14,0.011049285889828599,0.8192659240217081,0.011661745482113076,0.8125416944629753,0.9288402653212653
letter,exp,107,15,0.010445130776000856,0.8274064552984861,0.011033928901095271,0.8188792528352234,0.92670064292217
letter,exp,107,16,0.009986353156647164,0.835118537560697,0.010589389994066526,0.823549032688459,0.9243044887538574
letter,exp,107,17,0.009759703814228745,0.8401171093973151,0.01041793791024259,0.8248832555036691,0.9221446090596066
letter,exp,107,18,0.009397945127445113,0.8453299057412168,0.010093613606041538,0.8268845897264844,0.9203326340728558
letter,exp,107,19,0.009207495937104855,0.8485432733504713,0.009895221839453685,0.8355570380253502,0.9186707194632131
letter,exp,107,20,0.009025461260102672,0.8501142530705512,0.009739040005510161,0.8372248165443629,0.9167417500020401
letter,exp,107,21,0.00879623271367256,0.8532562125107113,0.009468584845172106,0.8435623749166111,0.9151360921983845
letter,exp,107,22,0.00851588153197102,0.8582547843473294,0.009258206808311175,0.8465643762508339,0.9138865393250375
letter,exp,107,23,0.008325176250853873,0.8623964581548129,0.009072304755728459,0.8475650433622415,0.9122519785909292
letter,exp,107,24,0.008190558020482597,0.8636103970294202,0.008956997881397196,0.8509006004002668,0.9108732755536666
letter,exp,107,25,0.008005885260916754,0.868180519851471,0.008818682592408127,0.8535690460306872,0.9096159392132425
letter,exp,107,26,0.007908406488014089,0.8702513567552128,0.008726112576148482,0.8569046030687125,0.9082838921498483
letter,exp,107,27,0.007780336271152729,0.8712510711225364,0.008617631928753127,0.8562374916611074,0.9071198284323228
letter,exp,107,28,0.007676459046706111,0.8736075407026563,0.00858527847500216,0.8582388258839226,0.9057338112938188
letter,exp,107,29,0.007575968972796334,0.8754641530991145,0.008529734574111379,0.8562374916611074,0.9051908252169114
letter,exp,107,30,0.007475464859848412,0.8763210511282491,0.008464520591481178,0.8605737158105403,0.9035976625177172
letter,exp,107,31,0.007307867898972543,0.8796772350756926,0.008305323714618316,0.8632421614409607,0.9025185154046054
letter,exp,107,32,0.007236888809067271,0.8796772350756926,0.008251878332822147,0.861574382921948,0.9018881466047447
letter,exp,107,33,0.00719169534335829,0.8819622964867181,0.008204002820366848,0.8642428285523682,0.9005050910022288
letter,exp,107,34,0.0070905715713355695,0.8836760925449871,0.008142087392317768,0.862241494329553,0.8998096549714408
letter,exp,107,35,0.006965933292543032,0.8842473578977434,0.008063215700829986,0.862241494329553,0.8987461814018223
letter,exp,107,36,0.006906329406861314,0.8844615824050271,0.00801751853826241,0.8645763842561708,0.897881487881854
letter,exp,107,37,0.006856497270715412,0.8857469294487289,0.007949923940629076,0.8699132755170114,0.896913119591603
letter,exp,107,38,0.006745165791327793,0.887460725506998,0.007828297198914333,0.8685790527018012,0.8963874727304462
letter,exp,107,39,0.006724807001474292,0.8885318480434161,0.007801116385013496,0.8725817211474316,0.8952735416693728
letter,exp,107,40,0.006689060527537404,0.8881748071979434,0.007871202542720649,0.8679119412941961,0.8947410150148497
letter,exp,107,41,0.006647221075338183,0.8891745215652671,0.007835129362152249,0.8689126084056037,0.8939444640159193
letter,exp,107,42,0.006556554309285944,0.8900314195944016,0.00770878949934512,0.8699132755170114,0.8930720325068824
letter,exp,107,43,0.006523952460253454,0.8921022564981433,0.007692273727296253,0.8712474983322215,0.8921158615138222
letter,exp,107,44,0.006429383264976862,0.8918880319908598,0.007634338392558023,0.871581054036024,0.8918135571604615
letter,exp,107,45,0.006400638739809299,0.8934590117109398,0.007615317742367763,0.8729152768512342,0.890652181500067
letter,exp,107,46,0.006329698366915892,0.8942445015709797,0.007552517302957598,0.8729152768512342,0.8901382700855837
letter,exp,107,47,0.006295601942216097,0.8953156241073978,0.007536161891026857,0.875250166777852,0.8898131490656493
letter,exp,107,48,0.006287344534552087,0.8955298486146815,0.007510516281584564,0.8732488325550367,0.8889094969680188
letter,exp,107,49,0.006216182779182998,0.8951728077692088,0.007506429891326143,0.875250166777852,0.8879812877541147
letter,exp,107,50,0.006164181630899681,0.8969580119965724,0.007425165300903964,0.8769179452968646,0.8874051287540211
letter,exp,107,51,0.006133370058114267,0.897172236503856,0.0073812304249578665,0.8755837224816544,0.8871030973262441
letter,exp,107,52,0.006116132431985239,0.8981005427020852,0.007401780712911422,0.875917278185457,0.8859730878872493
letter,exp,107,53,0.006064744114291756,0.8994572979148815,0.007396215108734677,0.8769179452968646,0.885797009057195
letter,exp,107,54,0.0059957174881009245,0.9001713796058269,0.007295893529503748,0.8779186124082722,0.8847929919154474
letter,exp,107,55,0.005995971481411251,0.8991716652385033,0.007284359520296857,0.8785857238158773,0.8842763025911551
letter,exp,107,56,0.0059693781361073546,0.8998143387603542,0.007281565289513457,0.8745830553702468,0.8835010341060274
letter,exp,107,57,0.005902312399887862,0.9007426449585832,0.007226874408896698,0.8765843895930621,0.8832123661518214
letter,exp,107,58,0.0059503918547301115,0.9006712367894887,0.007321407816299498,0.8772515010006671,0.8825092486063041
letter,exp,107,59,0.005833424482768628,0.9014567266495287,0.007182468514465499,0.8769179452968646,0.8816674774906709
letter,exp,107,60,0.005799432987757364,0.9023850328477577,0.007139683178881758,0.8789192795196797,0.8815225925206784
letter,exp,108,1,0.035766866436052536,0.1630248500428449,0.03576887028559831,0.17078052034689792,0.9812606404772121
letter,exp,108,2,0.030746039029833416,0.33369037417880604,0.030734888876836727,0.33589059372915275,0.9750524680379323
letter,exp,108,3,0.02807349729051298,0.39945729791488144,0.028121131494598377,0.39159439626417614,0.9704694111769262
letter,exp,108,4,0.024953540730646824,0.5027135104255926,0.02503157557042143,0.5033355570380253,0.9656984518233985
letter,exp,108,5,0.02031257108457213,0.6291773778920309,0.020550564961168798,0.6217478318879253,0.9588327085924311
letter,exp,108,6,0.01770160961467646,0.6728077692087975,0.017989705860698035,0.6744496330887259,0.9524024182431262
letter,exp,108,7,0.016096366022778644,0.7007997714938589,0.01640937013362396,0.6977985323549033,0.9474535771804734
letter,exp,108,8,0.01542189914534078,0.7150814053127678,0.01584207315395424,0.7111407605070047,0.9437173556329862
letter,exp,108,9,0.014578840419134001,0.721008283347615,0.014958791364410794,0.7241494329553035,0.9403467221730843
letter,exp,108,10,0.013956240377804286,0.7310054270208511,0.014412832610511139,0.7254836557705137,0.9375172993034984
letter,exp,108,11,0.01290781454475925,0.7654241645244216,0.013453054388817732,0.7615076717811875,0.934684639200179
letter,exp,108,12,0.012435730418946191,0.770208511853756,0.013009534264930804,0.7621747831887925,0.9322694013529707
letter,exp,108,13,0.012099784014227092,0.7695658383319052,0.012686678753528533,0.7601734489659773,0.9301236314305682
letter,exp,108,14,0.011758513378240602,0.774921451013996,0.012390803306208616,0.7665110073382255,0.9281187642151679
letter,exp,108,15,0.011674263579157143,0.7774921451013996,0.012404586898890001,0.7648432288192129,0.9265664629126126
letter,exp,108,16,0.01092328671982061,0.802984861468152,0.011585536771068284,0.7931954636424283,0.9249968986149364
letter,exp,108,17,0.010141184743824364,0.8280491288203371,0.010787632293741065,0.813542361574383,0.9226512830404616
letter,exp,108,18,0.009742296812122296,0.8339045986860897,0.010465498755948965,0.8188792528352234,0.9206341917900889
letter,exp,108,19,0.00948865122477552,0.8364038846043987,0.010235322271258895,0.823549032688459,0.9189311244741312
letter,exp,108,20,0.009365896065731929,0.8365467009425879,0.010206752222150225,0.8198799199466311,0.9174659997918239
letter,exp,108,21,0.00903471485151521,0.844044558697515,0.009820756428737268,0.8265510340226818,0.9160945949704399
letter,exp,108,22,0.008871867699178974,0.8462582119394458,0.009677688813416884,0.8268845897264844,0.9148068689120665
letter,exp,108,23,0.008727661964108666,0.8474007426449586,0.009590359294928632,0.829219479653102,0.9127392388243327
letter,exp,108,24,0.008735621825386283,0.8466152527849186,0.009570406645901306,0.8288859239492995,0.9115461615705494
letter,exp,108,25,0.008492164018343032,0.8516852327906312,0.00933575030848626,0.8342228152101401,0.9103860698151959
letter,exp,108,26,0.008373802112204986,0.8538988860325621,0.009250700050318179,0.8368912608405604,0.9093235892703376
letter,exp,108,27,0.008304928314337795,0.8538274778634676,0.00916277391742504,0.8368912608405604,0.908143816558482
letter,exp,108,28,0.008186415613459135,0.854541559554413,0.009038695742687761,0.8388925950633755,0.9068697975194802
letter,exp,108,29,0.008062457535207092,0.856898029134533,0.008961535590929739,0.8418945963975984,0.9058127273128513
letter,exp,108,30,0.007939744107089558,0.860039988574693,0.00884762684889324,0.8405603735823882,0.9049797173887154
letter,exp,108,31,0.00786399501942079,0.8608254784347329,0.008762159043568394,0.8442294863242161,0.9034742985190534
letter,exp,108,32,0.007838584465505203,0.862539274493002,0.008763995927299453,0.8462308205470314,0.9025287911347957
letter,exp,108,33,0.007679706235126686,0.8640388460439874,0.008598992783162264,0.8452301534356238,0.9020518775217209
letter,exp,108,34,0.007717678306413405,0.8642530705512711,0.008623145046262116,0.8498999332888593,0.9006052277682856
letter,exp,108,35,0.007599456172115629,0.865824050271351,0.008530003938236799,0.8492328218812542,0.9000103773440049
letter,exp,108,36,0.007608067946288213,0.8661096829477292,0.008501231855345445,0.8485657104736491,0.8993014505631625
letter,exp,108,37,0.007431593070222956,0.8671093973150529,0.008364208784161126,0.8498999332888593,0.8982311207291456
letter,exp,108,38,0.007429233261729599,0.8682519280205655,0.008396565938973356,0.8502334889926618,0.8979103252694491
letter,exp,108,39,0.007330773702382478,0.8708226221079691,0.008297308801529842,0.8525683789192795,0.8969459097744047
letter,exp,108,40,0.007265194407719837,0.8723221936589546,0.008228556359970468,0.8575717144763175,0.89608644506436
letter,exp,108,41,0.007228853089341935,0.8717509283061983,0.008188035020669004,0.8545697131420947,0.895281082979493
letter,exp,108,42,0.00725534111898163,0.8710368466152528,0.008214219675542136,0.8535690460306872,0.8944004733104702
letter,exp,108,43,0.0071312467247193565,0.8745358469008855,0.008077049831283024,0.8582388258839226,0.8940296037798928
letter,exp,108,44,0.007109320610228163,0.8741788060554128,0.008099115298056335,0.8609072715143429,0.8929449597179601
letter,exp,108,45,0.007043645158757795,0.87539274493002,0.008028752186415885,0.8582388258839226,0.8926487695615316
letter,exp,108,46,0.0069802904587846675,0.8754641530991145,0.007935284053526531,0.8605737158105403,0.891945577319359
letter,exp,108,47,0.006932338656688105,0.8775349900028563,0.007942429385894631,0.8592394929953302,0.8910310461560258
letter,exp,108,48,0.006912386977992623,0.8775349900028563,0.007926006519260273,0.8595730486991328,0.8903636263065681
letter,exp,108,49,0.006861555520331729,0.8791059697229363,0.007906176246665168,0.862241494329553,0.8896479515718926
letter,exp,108,50,0.006863595543550748,0.8772493573264781,0.007886919597243462,0.862241494329553,0.8890784632832325
letter,exp,108,51,0.006773491324692811,0.8793916023993145,0.007818294799923558,0.8635757171447632,0.8886791927157661
letter,exp,108,52,0.006773861878103429,0.87853470437018,0.007816636290705493,0.8605737158105403,0.8877377588144577
letter,exp,108,53,0.0067507482160377484,0.8799628677520709,0.007780380887462312,0.8632421614409607,0.8873143776899077
letter,exp,108,54,0.006715138122048102,0.8805341331048272,0.00771962929802067,0.8632421614409607,0.8865639188245736
letter,exp,108,55,0.006715804362149806,0.8806769494430163,0.007798510327233662,0.8635757171447632,0.8862935583102434
letter,exp,108,56,0.006638665819938183,0.8822479291630962,0.007681156596581514,0.8652434956637759,0.8858632931979272
letter,exp,108,57,0.006621406832611676,0.8821765209940017,0.007683702071877056,0.866577718478986,0.8850385529019743
letter,exp,108,58,0.006542929972417402,0.883390459868609,0.007593336103912702,0.8679119412941961,0.8843844874871314
letter,exp,108,59,0.0065283747893796484,0.8831762353613254,0.0075993233638041915,0.8675783855903936,0.8842643590193714
letter,exp,108,60,0.006499290990104976,0.8842473578977434,0.007564204696544325,0.867244829886591,0.8840827490097766
letter,exp,109,1,0.03587050624221689,0.14752927734932877,0.035917407150432984,0.1447631754503002,0.9808273579276656
letter,exp,109,2,0.032070654255620674,0.31098257640674093,0.03216996811438115,0.30820547031354234,0.9760270375987842
letter,exp,109,3,0.028569991898489473,0.4198800342759212,0.028687563586486033,0.4216144096064043,0.9708571355591055
letter,exp,109,4,0.025745799560418704,0.46643816052556414,0.026026234867377523,0.4656437625083389,0.965356093478475
letter,exp,109,5,0.02414675235045534,0.49364467295058556,0.024567695783323254,0.4903268845897265,0.9603789135985911
letter,exp,109,6,0.02276297889799197,0.5348471865181377,0.02308737725430087,0.5290193462308206,0.9560067285406059
letter,exp,109,7,0.020904820836602354,0.589974293059126,0.021259353823422047,0.5900600400266844,0.9522986171479221
letter,exp,109,8,0.018250878087478408,0.6602399314481576,0.01878385121553891,0.6457638425617078,0.947236420195136
letter,exp,109,9,0.01693373629589927,0.68494715795487,0.01739422984713087,0.6717811874583055,0.9429965393935325
letter,exp,109,10,0.015764573728291622,0.6996572407883462,0.016362378784500083,0.685790527018012,0.9395984298261947
letter,exp,109,11,0.014062647286305763,0.7430734075978291,0.01467654169004794,0.7318212141427618,0.9356044720019118
letter,exp,109,12,0.013457498386292467,0.7478577549271637,0.014157063538988964,0.7368245496997998,0.9327366755233539
letter,exp,109,13,0.013056338598437616,0.7550699800057127,0.013802205957011473,0.7421614409606404,0.9301321100120579
letter,exp,109,14,0.012758479970506156,0.7583547557840618,0.013522916856809925,0.7494996664442962,0.9279259895307148
letter,exp,109,15,0.01247207784680707,0.7609968580405598,0.013288795508432993,0.7501667778519012,0.9257783878177659
letter,exp,109,16,0.012262885491218612,0.7647814910025706,0.013090938163937747,0.7501667778519012,0.9240151949828134
letter,exp,109,17,0.012043291379038172,0.7692087974864324,0.012841207070838755,0.7555036691127418,0.9220196026445269
letter,exp,109,18,0.011953665160220648,0.7679948586118251,0.012825423533635855,0.7541694462975317,0.9204502082904458
letter,exp,109,19,0.011729154681281722,0.7724935732647815,0.012656610787131985,0.7578385590393596,0.9192386867854232
letter,exp,109,20,0.011554244633875199,0.7778491859468724,0.012479742875350136,0.7615076717811875,0.9175958998577238
letter,exp,109,21,0.01142101133966119,0.778063410454156,0.012368316692451715,0.7621747831887925,0.9164124581750877
letter,exp,109,22,0.011259040687898656,0.781491002570694,0.012202288113022508,0.7681787858572382,0.9149540033905296
letter,exp,109,23,0.011203885538605322,0.7812767780634104,0.012207533839326037,0.766844563042028,0.914092177865538
letter,exp,109,24,0.011054508102507906,0.7863467580691231,0.012027079360665131,0.7735156771180787,0.9125790213769346
letter,exp,109,25,0.011007937406390068,0.7850614110254213,0.011916522322421071,0.7728485657104737,0.9114289686794251
letter,exp,109,26,0.010756748710278784,0.7895601256783776,0.011729593742820475,0.776851234156104,0.9103355143825821
letter,exp,109,27,0.01068097822605665,0.7919880034275921,0.011674180329566759,0.7805203468979319,0.9096532857765124
letter,exp,109,28,0.010616056549018876,0.7920594115966867,0.011521137438480216,0.7808539026017345,0.9082327582549282
letter,exp,109,29,0.009607802856574497,0.8274064552984861,0.010616977341924062,0.80920613742495,0.907093411811175
letter,exp,109,30,0.009378361231745605,0.829477292202228,0.010388195324986532,0.8115410273515677,0.9061129028817937
letter,exp,109,31,0.009193810805550592,0.8299771493858897,0.010160845144591445,0.8168779186124083,0.9046278263950884
letter,exp,109,32,0.009081558166246362,0.8321908026278206,0.010099603407597942,0.8175450300200133,0.9037978960188592
letter,exp,109,33,0.008978486460535794,0.8325478434732934,0.00995691019778953,0.8175450300200133,0.9025182808591992
letter,exp,109,34,0.008058255927866808,0.865681233933162,0.00903104554673087,0.8525683789192795,0.9012385502127078
letter,exp,109,35,0.007874196769899592,0.8682519280205655,0.008802279807512088,0.8559039359573049,0.9001070700911793
letter,exp,109,36,0.007660039963857616,0.8693944587260782,0.008630866030334212,0.8575717144763175,0.8991629106209107
letter,exp,109,37,0.007644971476735792,0.8683947443587546,0.008655536112512028,0.8525683789192795,0.8982626123177437
letter,exp,109,38,0.007494931794389458,0.8706798057697801,0.008447338542717665,0.8552368245496998,0.8972368982270311
letter,exp,109,39,0.007451736748825959,0.87146529562982,0.00839122801326404,0.85657104736491,0.8965906187241205
letter,exp,109,40,0.007324349273633061,0.8731790916880892,0.008287411751360307,0.8595730486991328,0.8953924241386262
letter,exp,109,41,0.007234408872727389,0.8748928877463582,0.008216667071880008,0.8575717144763175,0.8949952976944835
letter,exp,109,42,0.007237685308226994,0.8750357040845472,0.008246761577819397,0.8582388258839226,0.8937924745727277
letter,exp,109,43,0.007126508861942929,0.8763924592973437,0.008113767407149563,0.8612408272181454,0.893090616041187
letter,exp,109,44,0.007079938573355237,0.8767495001428164,0.008084667761268033,0.861574382921948,0.8923272856546645
letter,exp,109,45,0.007017952218417014,0.8773207654955727,0.00796659969920442,0.861574382921948,0.8914135955591644
letter,exp,109,46,0.00696600490087782,0.8778206226792346,0.007978827444833208,0.8602401601067379,0.8906248059267035
letter,exp,109,47,0.006905919291113906,0.8798200514138818,0.00795800492591096,0.8625750500333556,0.8897087804205752
letter,exp,109,48,0.006906280564097459,0.8791773778920309,0.00797131837778158,0.8605737158105403,0.8892156960091472
letter,exp,109,49,0.006881123726996181,0.877892030848329,0.007922719532620467,0.8635757171447632,0.8884917115106841
letter,exp,109,50,0.006820140991937044,0.8808197657812054,0.007865704540886,0.8642428285523682,0.8879864275681943
letter,exp,109,51,0.006739913102287818,0.88246215367038,0.007836584429105535,0.8642428285523682,0.8872407126168115
letter,exp,109,52,0.006710221846791211,0.8817480719794345,0.007753252509967258,0.8629086057371581,0.886721417472768
letter,exp,109,53,0.006680439990083438,0.8820337046558127,0.007739788950106544,0.8639092728485657,0.8863287891445841
letter,exp,109,54,0.0066416850396171945,0.8836046843758926,0.00770060306500826,0.8662441627751835,0.885485990339103
letter,exp,109,55,0.00666022799083561,0.8838189088831763,0.007748042140108177,0.8652434956637759,0.8849255670079843
letter,exp,109,56,0.006563241014938194,0.8825335618394744,0.0076095183208873575,0.8662441627751835,0.8843482794081928
letter,exp,109,57,0.006548771842226099,0.883390459868609,0.007588738997772715,0.8682454969979987,0.8837112151434784
letter,exp,109,58,0.006538797921616632,0.884318766066838,0.00766283821499382,0.8679119412941961,0.8832552710382464
letter,exp,109,59,0.006476911102317392,0.8848186232504999,0.007536992774092656,0.8675783855903936,0.8826530779317239
letter,exp,109,60,0.006482163243955771,0.8853184804341616,0.007572384304201709,0.8675783855903936,0.8820177304088853
letter,exp,110,1,0.03444466431448079,0.18880319908597543,0.034485993448581276,0.18912608405603737,0.9792918109758657
letter,exp,110,2,0.03105642588867754,0.33561839474435873,0.03110537491947801,0.333555703802535,0.9744081222802744
letter,exp,110,3,0.027955252971429735,0.3930305626963725,0.027945744106308495,0.39593062041360905,0.9687976049760875
letter,exp,110,4,0.026164738295750983,0.4290916880891174,0.026129711884718246,0.43028685790527016,0.9642380135333437
letter,exp,110,5,0.023592426616869056,0.5416309625821194,0.023617905584885437,0.5426951300867244,0.9607910767872868
letter,exp,110,6,0.020265673656617047,0.6058983147672093,0.020335984228772135,0.6080720480320213,0.9553989600219248
letter,exp,110,7,0.017088198307982222,0.7078691802342187,0.01732896970168969,0.7064709806537692,0.950315064874912
letter,exp,110,8,0.014845333728891881,0.7472150814053128,0.015177281141091434,0.7438292194796531,0.9450113379836012
letter,exp,110,9,0.013746310640469857,0.7592116538131962,0.01408632593506431,0.7581721147431622,0.9409872043843687
letter,exp,110,10,0.013068835972200116,0.766923736075407,0.01346521516132348,0.7628418945963976,0.9372185035061972
letter,exp,110,11,0.01262020197539203,0.7768494715795486,0.013097589961800955,0.7758505670446965,0.9345331324181451
letter,exp,110,12,0.011892513099594227,0.7880605541273922,0.01233604239955628,0.7835223482321547,0.9315013958967646
letter,exp,110,13,0.011144322336480238,0.817552127963439,0.01167973915519416,0.8062041360907272,0.9290917547315887
letter,exp,110,14,0.010551864356210207,0.8219080262782062,0.011129229487388351,0.8122081387591727,0.9266445622962967
letter,exp,110,15,0.010253787905904707,0.8252642102256498,0.010839309671778742,0.8125416944629753,0.9242650741545525
letter,exp,110,16,0.009937054189761717,0.8316909454441588,0.010602361633999172,0.8178785857238159,0.9226398956995894
letter,exp,110,17,0.009716136047037182,0.8316195372750642,0.010373030756736751,0.8202134756504337,0.9202580698674948
letter,exp,110,18,0.009441538852632363,0.8370465581262496,0.01010817832760104,0.828552368245497,0.9187356767377447
letter,exp,110,19,0.009238977248834976,0.8406883747500714,0.00995064681544736,0.8258839226150767,0.917254317047397
letter,exp,110,20,0.009080479712974328,0.8431162524992859,0.009849811243855696,0.828552368245497,0.9155866686163059
letter,exp,110,21,0.008865678681539316,0.8439017423593259,0.009650682407740491,0.8288859239492995,0.9141775802556701
letter,exp,110,22,0.008871205462873585,0.843259068837475,0.009668653062128574,0.8318879252835224,0.9129648543896639
letter,exp,110,23,0.008674773290071776,0.8471151099685804,0.009460532562970947,0.8352234823215477,0.9116072501024027
letter,exp,110,24,0.008585416152897258,0.8491145387032276,0.009385505200493666,0.8345563709139426,0.9109178208688764
letter,exp,110,25,0.00845576619050546,0.8495429877177949,0.009252852596804398,0.8348899266177452,0.9094312849574565
letter,exp,110,26,0.008353964853456814,0.8511139674378749,0.00919809612150082,0.8372248165443629,0.9083176129194919
letter,exp,110,27,0.008263861030185813,0.853756069694373,0.009102124110885085,0.8372248165443629,0.9071801406544839
letter,exp,110,28,0.008134690320407676,0.8549700085689803,0.009005060486565884,0.8415610406937959,0.9061029357453722
letter,exp,110,29,0.008090295195308968,0.8555412739217366,0.00894800022683444,0.8385590393595731,0.9050971441127703
letter,exp,110,30,0.00799150913676179,0.8576121108254784,0.008841284667190289,0.8442294863242161,0.9039589885794159
letter,exp,110,31,0.007906477769484619,0.858469008854613,0.008745755412526071,0.8438959306204136,0.9032856002806813
letter,exp,110,32,0.0077885442290307845,0.8597543558983147,0.008680801740376264,0.8438959306204136,0.9023555117076157
letter,exp,110,33,0.007751584780054616,0.8603970294201657,0.008606797440234933,0.8462308205470314,0.9013335145869954
letter,exp,110,34,0.007669009137623419,0.8598257640674093,0.008557505218613447,0.8462308205470314,0.900779174765166
letter,exp,110,35,0.007657220687349468,0.8616823764638675,0.008557686762808757,0.8485657104736491,0.9000108607984992
letter,exp,110,36,0.007588652178308735,0.8616823764638675,0.008482684714927028,0.8488992661774516,0.8986713423118201
letter,exp,110,37,0.007577618096944603,0.8622536418166238,0.008402204091005231,0.8525683789192795,0.8981425081291063
letter,exp,110,38,0.00753689032401019,0.8610397029420166,0.008415471673662913,0.8505670446964643,0.8971912288571374
letter,exp,110,39,0.007486236524213869,0.8636818051985147,0.008441783119827491,0.8485657104736491,0.8964136173506401
letter,exp,110,40,0.007413191629999526,0.8647529277349328,0.0083296903877543,0.8505670446964643,0.8957495403786135
letter,exp,110,41,0.007407434736932296,0.8643958868894601,0.008312843633027487,0.8532354903268846,0.8952029361170551
letter,exp,110,42,0.00729699942278299,0.8668237646386746,0.008209236472787422,0.8542361574382922,0.8945278938255163
letter,exp,110,43,0.0072978295913280165,0.8664667237932019,0.008245883728908242,0.8525683789192795,0.8936871336262926
letter,exp,110,44,0.007239200592679003,0.8677520708369038,0.00819588349487955,0.8512341561040694,0.892829692163822
letter,exp,110,45,0.007206897116845373,0.8682519280205655,0.008138306246577484,0.8539026017344896,0.8925454615586723
letter,exp,110,46,0.007161672605944159,0.868966009711511,0.008090336668468687,0.8549032688458973,0.8918188255406819
letter,exp,110,47,0.007134106675758318,0.8688231933733219,0.008034352513372473,0.8575717144763175,0.8913123419119546
letter,exp,110,48,0.0070762746270336485,0.8701085404170237,0.007987249343286255,0.85657104736491,0.8903065386557745
letter,exp,110,49,0.00705379956501321,0.8701085404170237,0.007972822578134357,0.8579052701801201,0.8896469857879791
letter,exp,110,50,0.0069981752112595165,0.871322479291631,0.007941813685136653,0.8582388258839226,0.8892066658982204
letter,exp,110,51,0.006959250205006819,0.8725364181662382,0.007933491838054184,0.8592394929953302,0.8884702345890035
letter,exp,110,52,0.006991608960252401,0.8718937446443873,0.007926227365965318,0.8599066044029353,0.8882144891583629
letter,exp,110,53,0.00695308989566672,0.8731790916880892,0.007953887305847179,0.8562374916611074,0.8874144666867139
letter,exp,110,54,0.006910016185286456,0.8745358469008855,0.007821020488093812,0.8612408272181454,0.8867822170377668
letter,exp,110,55,0.0068468969990452214,0.8753213367609255,0.007794313363176685,0.8609072715143429,0.8861398738961564
letter,exp,110,56,0.00684460466656537,0.8751071122536418,0.007798210178022854,0.8625750500333556,0.8857554920398863
letter,exp,110,57,0.006815085121729623,0.8751785204227364,0.0077939706578560855,0.8629086057371581,0.8856248769329551
letter,exp,110,58,0.006786155125157587,0.8738931733790346,0.0077490463572495675,0.8612408272181454,0.8847492237007376
letter,exp,110,59,0.0067844183263981225,0.8747500714081691,0.007770399370005159,0.8609072715143429,0.884312511638487
letter,exp,110,60,0.006730343332334372,0.8759640102827764,0.007717800836648153,0.8612408272181454,0.8837911279680852
letter,exp,111,1,0.03686762391005321,0.11660954013139103,0.036836081915817775,0.11641094062708472,0.9814283534050662
letter,exp,111,2,0.033193119093091306,0.28406169665809766,0.033077524115977926,0.2935290193462308,0.9769520619708149
letter,exp,111,3,0.029949527225005775,0.3823193373321908,0.029757820906683007,0.3912608405603736,0.9712620451084947
letter,exp,111,4,0.027033101848757447,0.42380748357612114,0.026909387963316097,0.4346230820547031,0.9654419117604935
letter,exp,111,5,0.024668892606484718,0.49000285632676377,0.024542985276582868,0.5020013342228152,0.9605837569428843
letter,exp,111,6,0.020511701522340872,0.6057554984290203,0.020540256044142197,0.6087391594396264,0.9555496551107839
letter,exp,111,7,0.01839916662725452,0.6628820337046558,0.018508852607415048,0.6604402935290193,0.9506471897019686
letter,exp,111,8,0.016623397547021745,0.6805912596401028,0.016758345582443927,0.680787191460974,0.9461063011348597
letter,exp,111,9,0.014787907620636922,0.745144244501571,0.015080533553220137,0.7368245496997998,0.9426856393792181
letter,exp,111,10,0.013545075389812087,0.7625678377606399,0.01395914368228534,0.7585056704469646,0.9383716823681569
letter,exp,111,11,0.012827444077773484,0.7756355327049415,0.013311029956388994,0.7691794529686458,0.9354042480829845
letter,exp,111,12,0.012336372623900376,0.782133676092545,0.01284635939983622,0.7725150100066711,0.9326177708906455
letter,exp,111,13,0.012013379573185799,0.7887746358183376,0.012531764811268907,0.781854569713142,0.9308217193053622
letter,exp,111,14,0.011669481375646993,0.7910596972293631,0.012230962410210383,0.7838559039359573,0.9284044353385347
letter,exp,111,15,0.0114376484199751,0.7954870037132248,0.011992659514658659,0.7908605737158105,0.9265919177581815
letter,exp,111,16,0.011179002795420426,0.8003427592116538,0.01178883103529272,0.7885256837891927,0.9247049888774522
letter,exp,111,17,0.010980721361258817,0.8014138817480719,0.011635203778163928,0.7928619079386258,0.9230317387580871
letter,exp,111,18,0.01070840829545688,0.8082690659811482,0.01136706725383199,0.7995330220146765,0.9215535762989799
letter,exp,111,19,0.010529905376393249,0.8106969437303627,0.011244644596443549,0.7991994663108739,0.9198203231178546
letter,exp,111,20,0.010310785952881603,0.8136246786632391,0.011072178471464912,0.799866577718479,0.9184863461216173
letter,exp,111,21,0.010134702939241435,0.8162667809197373,0.01091563456973562,0.8035356904603068,0.9173978057984555
letter,exp,111,22,0.009990036436631733,0.818337617823479,0.010775482288294889,0.8085390260173448,0.9156701346529665
letter,exp,111,23,0.009850421658023174,0.8209083119108826,0.010677599027946566,0.8068712474983322,0.9144521597441467
letter,exp,111,24,0.009693239497411,0.8237646386746644,0.010587805158665597,0.8045363575717145,0.9130595216056073
letter,exp,111,25,0.009689060059818726,0.8235504141673807,0.010654519275350672,0.8075383589059373,0.911808868405903
letter,exp,111,26,0.009433331560671816,0.8279777206512425,0.010356355045813838,0.8115410273515677,0.9106059927724538
letter,exp,111,27,0.009302167987944423,0.8292630676949443,0.010233065049984499,0.8145430286857905,0.9098118218257779
letter,exp,111,28,0.0092396369197297,0.8310482719223079,0.010206345705172868,0.8112074716477652,0.9084555037747006
letter,exp,111,29,0.009163975163895732,0.8323336189660097,0.010118138485879051,0.8175450300200133,0.9076958399345353
letter,exp,111,30,0.009042802845232775,0.8349043130534133,0.010057086580656608,0.8128752501667779,0.9066475271670961
letter,exp,111,31,0.008960640426466954,0.8348329048843187,0.009931190460069078,0.8225483655770514,0.9054352894707067
letter,exp,111,32,0.008857929544684777,0.8363324764353042,0.00989720652325257,0.8172114743162108,0.9044586239661004
letter,exp,111,33,0.008790261395833025,0.8377606398171951,0.009823756799645686,0.824216144096064,0.9036464727664355
letter,exp,111,34,0.008717882295279896,0.8373321908026278,0.009762297041262157,0.8215476984656438,0.902883157923103
letter,exp,111,35,0.008640830646644684,0.8406883747500714,0.009700521110782614,0.824216144096064,0.9018613077313606
letter,exp,111,36,0.008519907775359112,0.842473578977435,0.009545247135849505,0.8272181454302868,0.9009670472753963
letter,exp,111,37,0.008468762299645962,0.8431162524992859,0.00956243239834972,0.8245496997998666,0.900674764438956
letter,exp,111,38,0.008465678019473859,0.8419737217937732,0.009571534390576168,0.8268845897264844,0.8995360589212504
letter,exp,111,39,0.008344395323821597,0.844830048557555,0.009477334062300556,0.8265510340226818,0.8986480745499308
letter,exp,111,40,0.00830674415186102,0.8451156812339332,0.009428132009028044,0.8305537024683122,0.8982867313237359
letter,exp,111,41,0.008270594107531523,0.8452584975721222,0.009404632606639061,0.8295530353569046,0.8973964189745139
letter,exp,111,42,0.008203833440231628,0.8461153956012568,0.009354441826408459,0.8338892595063375,0.8966832888832876
letter,exp,111,43,0.008129434275310632,0.8476149671522423,0.009254617026734371,0.8355570380253502,0.8961445001637772
letter,exp,111,44,0.008070557515540588,0.8484718651813767,0.00928331418684914,0.8342228152101401,0.8955331848077935
letter,exp,111,45,0.007361945595860086,0.8801056840902599,0.008526961618179759,0.8645763842561708,0.8948539437893529
letter,exp,111,46,0.007060589606162692,0.8821051128249072,0.008265532355333536,0.8679119412941961,0.8935710087009123
letter,exp,111,47,0.006852735894657236,0.8836046843758926,0.008061074569585554,0.866577718478986,0.8926757395155185
letter,exp,111,48,0.006778371304949012,0.8856041131105399,0.00802857671537503,0.8682454969979987,0.8921905070888578
letter,exp,111,49,0.006740672160222663,0.8843901742359326,0.007984614335232775,0.8669112741827886,0.8915394521544431
letter,exp,111,50,0.006610733649548772,0.8868894601542416,0.00788089630834137,0.8692461641094062,0.8905963525619853
letter,exp,111,51,0.006672654921385196,0.8851756640959726,0.00792935165076306,0.8705803869246164,0.8899228124860391
letter,exp,111,52,0.0065447640798161144,0.8889602970579834,0.007799368511904425,0.8702468312208139,0.8893298293286345
letter,exp,111,53,0.0064958703752988085,0.889031705227078,0.0078044163134248805,0.8709139426284189,0.8886415195026525
letter,exp,111,54,0.006489507337729164,0.8894601542416453,0.007779083372993189,0.8749166110740494,0.8880040139186454
letter,exp,111,55,0.006424626025566829,0.8895315624107398,0.007758780097495334,0.8729152768512342,0.8875825046600253
letter,exp,111,56,0.006432174172379776,0.8901742359325907,0.007761471978440411,0.8712474983322215,0.8871092925548631
letter,exp,111,57,0.006383234775074051,0.8900314195944016,0.007723437701197526,0.872248165443629,0.8863558727804186
letter,exp,111,58,0.006349723111078353,0.8910311339617252,0.007735928798427447,0.872248165443629,0.8856703830457291
letter,exp,111,59,0.006251378214843998,0.8918880319908598,0.007609894850488153,0.875250166777852,0.8852399272928053
letter,exp,111,60,0.0062701949753405,0.8920308483290489,0.007636188882657752,0.8739159439626417,0.8845401199186196
letter,exp,112,1,0.03472962608384611,0.16466723793201943,0.03468146476549587,0.16344229486324216,0.9794304281068551
letter,exp,112,2,0.03087108513668911,0.30719794344473006,0.030907821857914224,0.3072048032021348,0.9747212081892703
letter,exp,112,3,0.028489815756505513,0.3657526421022565,0.028582867775085063,0.36624416277518346,0.9708943507840191
letter,exp,112,4,0.026112321078897244,0.430091402456441,0.026266565587647072,0.42528352234823213,0.9669849189904219
letter,exp,112,5,0.023967697417020668,0.48528991716652387,0.02418164070093491,0.48699132755170116,0.9621437367000496
letter,exp,112,6,0.021832764076409543,0.5797629248786061,0.021980240365587503,0.5877251501000668,0.9580798435990263
letter,exp,112,7,0.019382482469489797,0.622107969151671,0.01965018343619166,0.6230820547031354,0.9526059791203255
letter,exp,112,8,0.016977395357072128,0.6863753213367609,0.017370384450433228,0.6794529686457639,0.9485676175057873
letter,exp,112,9,0.015027478716504502,0.7339331619537275,0.015440598224502269,0.7328218812541695,0.9446773380446158
letter,exp,112,10,0.014054395680872266,0.7562839188803199,0.01454050218454173,0.7555036691127418,0.9406013586268078
letter,exp,112,11,0.01345970575020571,0.7586403884604399,0.013981186746793134,0.7535023348899266,0.93685182019788
letter,exp,112,12,0.01287885501149758,0.767709225935447,0.013411266727356992,0.7595063375583723,0.9338917988237506
letter,exp,112,13,0.012474163840695227,0.7720651242502142,0.013000815775731657,0.7631754503002002,0.9315276300316215
letter,exp,112,14,0.011362894682609653,0.8071979434447301,0.011893488207762572,0.8052034689793195,0.9293243277427827
letter,exp,112,15,0.011044740110664582,0.810197086546701,0.011613118717574852,0.7995330220146765,0.9267409785338847
letter,exp,112,16,0.010583933486315731,0.8121251071122536,0.011173500446342093,0.8042028018679119,0.9247264809310697
letter,exp,112,17,0.010235624107381621,0.8205512710654099,0.01085454185052618,0.8108739159439626,0.922652254299882
letter,exp,112,18,0.010075480697669403,0.8214081690945444,0.010728414807172904,0.8125416944629753,0.9209682512956037
letter,exp,112,19,0.00982987107060522,0.8262639245929735,0.010530676827251537,0.8118745830553702,0.9195376735102604
letter,exp,112,20,0.009639263218598546,0.8289060268494716,0.010414230016877916,0.8175450300200133,0.9178333819908615
letter,exp,112,21,0.009505169035026314,0.8315481291059698,0.010299590569114857,0.8175450300200133,0.9162651817258238
letter,exp,112,22,0.009293203224072902,0.8336189660097115,0.010112754527841748,0.8178785857238159,0.9147181418940721
letter,exp,112,23,0.009184252888342785,0.8346900885461297,0.009960761386423116,0.8208805870580387,0.9136247568126256
letter,exp,112,24,0.00905544576305026,0.8385461296772351,0.009912377838684766,0.8225483655770514,0.912253752747373
letter,exp,112,25,0.008927866993104813,0.8381176806626678,0.009736096853789677,0.8258839226150767,0.9112763977970016
letter,exp,112,26,0.008881193760482744,0.8389031705227078,0.009703977346947923,0.8218812541694464,0.9096354715195696
letter,exp,112,27,0.008659850424552135,0.8442587832047986,0.009559146902852539,0.829219479653102,0.908769867658364
letter,exp,112,28,0.008675011262667865,0.8428306198229077,0.009612851230342041,0.8252168112074717,0.9078608464241205
letter,exp,112,29,0.00850675653175426,0.8461868037703514,0.00944377370957211,0.8315543695797198,0.9067428126876269
letter,exp,112,30,0.008434592801455558,0.848114824335904,0.009320739001459619,0.8358905937291528,0.9057847449372606
letter,exp,112,31,0.00832359981310122,0.8492573550414168,0.009213672634807143,0.8322214809873248,0.9045911476243225
letter,exp,112,32,0.008234795854651854,0.8510425592687804,0.009131446927613049,0.8325550366911274,0.9037607487061888
letter,exp,112,33,0.008180469559414507,0.8530419880034276,0.009098849397200116,0.8352234823215477,0.9027755647076896
letter,exp,112,34,0.00813562514391366,0.8515424164524421,0.009068121850470118,0.8362241494329553,0.9017910306672001
letter,exp,112,35,0.008122141267573386,0.8531848043416167,0.009047430859598407,0.8382254836557705,0.9008270275130225
letter,exp,112,36,0.008059600776197412,0.8538988860325621,0.008946918230789292,0.8398932621747832,0.9001571256139838
letter,exp,112,37,0.007874385262631655,0.855327049414453,0.008832237055802258,0.8395597064709807,0.899191256143276
letter,exp,112,38,0.007852947205404153,0.8555412739217366,0.008782579538605092,0.8388925950633755,0.8985515645656192
letter,exp,112,39,0.007834430717956557,0.856112539274493,0.008833271309453748,0.8362241494329553,0.897656542094678
letter,exp,112,40,0.007744711734633122,0.8581119680091402,0.008746125169463433,0.842895263509006,0.8969965561985732
letter,exp,112,41,0.007713822246649039,0.859254498714653,0.00866734630734323,0.8432288192128086,0.8961798846128157
letter,exp,112,42,0.007620380443222919,0.8612539274493002,0.008576927523468012,0.8458972648432288,0.8953248692183361
letter,exp,112,43,0.007550138137707698,0.8618251928020566,0.008475409547626931,0.8482321547698466,0.8948717828683571
letter,exp,112,44,0.007537063465830217,0.8610397029420166,0.008492844124821514,0.8495663775850567,0.8941378543883659
letter,exp,112,45,0.00743837872459476,0.8623250499857184,0.008379603353294247,0.8498999332888593,0.8933910837065203
letter,exp,112,46,0.007395677459362683,0.8652527849185947,0.00837565796250974,0.8498999332888593,0.8928585114807815
letter,exp,112,47,0.00734954351111037,0.86753784632962,0.008289199273680313,0.8522348232154769,0.892046836991503
letter,exp,112,48,0.007310050108289369,0.8686803770351328,0.008264161158700885,0.8539026017344896,0.8914701203075036
letter,exp,112,49,0.00719123797146436,0.8723936018280491,0.008161979902920044,0.8579052701801201,0.8906328025300911
letter,exp,112,50,0.007136111332417259,0.8737503570408455,0.008227463272489372,0.8559039359573049,0.8905850706824372
letter,exp,112,51,0.006979528202316943,0.8800342759211653,0.008029956428297649,0.8589059372915276,0.8891920071124708
letter,exp,112,52,0.006946869533929467,0.8788203370465582,0.008020698955193853,0.8639092728485657,0.8886294292676694
letter,exp,112,53,0.006826219168778981,0.8815338474721508,0.00786628611028085,0.8655770513675783,0.888315659808402
letter,exp,112,54,0.006758231425090632,0.8829620108540417,0.007790210596704867,0.8669112741827886,0.8872339970924927
letter,exp,112,55,0.006722240925783534,0.884175949728649,0.007756494799865046,0.8655770513675783,0.8864852497818243
letter,exp,112,56,0.006690803291466113,0.884318766066838,0.007725853024472022,0.866577718478986,0.8858821440137429
letter,exp,112,57,0.006641432164125578,0.8851756640959726,0.007654309510208742,0.8695797198132088,0.8852051470247082
letter,exp,112,58,0.006619026082149099,0.8844615824050271,0.007618031905799618,0.8662441627751835,0.884742838994061
letter,exp,112,59,0.006558836191269088,0.8866038274778635,0.00757000453467108,0.8692461641094062,0.8843545895639388
letter,exp,112,60,0.00647407417893315,0.8881748071979434,0.007498447596878413,0.8705803869246164,0.8835619428045574
letter,exp,113,1,0.03656678958871323,0.13496143958868895,0.03670487138027662,0.13375583722481654,0.9798961437418566
letter,exp,113,2,0.03315321384314527,0.2295772636389603,0.03339682056548815,0.23015343562374915,0.9750908076837168
letter,exp,113,3,0.03195091352854595,0.2425735504141674,0.03223223602751382,0.24149432955303535,0.9717373068487452
letter,exp,113,4,0.02970069683181759,0.3249785775492716,0.029890626517724787,0.3228819212808539,0.9684772142115996
letter,exp,113,5,0.02839858058405296,0.3628963153384747,0.028452544395861888,0.3695797198132088,0.9650448342946876
letter,exp,113,6,0.027141808466053872,0.41081119680091405,0.02720364025624239,0.414609739826551,0.9623802150519561
letter,exp,113,7,0.025285198429410252,0.4689374464438732,0.02535066952725541,0.4719813208805871,0.9587806592533578
letter,exp,113,8,0.023193496544342728,0.517709225935447,0.023412069776728335,0.5180120080053369,0.9544307191026443
letter,exp,113,9,0.021626113686359485,0.5530562696372465,0.021912577990279507,0.5496997998665777,0.9502490592100429
letter,exp,113,10,0.020812723503725386,0.5640531276778064,0.021115391328964096,0.5603735823882589,0.9466679751997785
letter,exp,113,11,0.018870680356032708,0.6226792345044273,0.019180732607241482,0.6200800533689126,0.9439296755263428
letter,exp,113,12,0.017036294854878262,0.6622393601828049,0.0173348424042924,0.657104736490994,0.9400682356928638
letter,exp,113,13,0.01654262098497589,0.6663810339902885,0.0168764381276294,0.6627751834556371,0.9377958778929855
letter,exp,113,14,0.015079571057991716,0.7035846900885462,0.015534387695420331,0.6964643095396932,0.9348655287613225
letter,exp,113,15,0.014601383444077859,0.709083119108826,0.015072119117085747,0.704469646430954,0.9327342944028774
letter,exp,113,16,0.014023321049741544,0.7267209368751785,0.014450644820380124,0.7268178785857238,0.9311204156555852
letter,exp,113,17,0.0128930380262799,0.7624250214224507,0.013349016732391224,0.7588392261507672,0.9283876848429288
letter,exp,113,18,0.012289104285383663,0.7670665524135961,0.012796988875816036,0.7625083388925951,0.9259280287422141
letter,exp,113,19,0.011938412893878775,0.7696372465009997,0.012391998401540828,0.7658438959306204,0.9243509084774107
letter,exp,113,20,0.01152287851104148,0.7822050842616395,0.012002297477354226,0.776851234156104,0.9227296423996699
letter,exp,113,21,0.011156757136584665,0.7945586975149957,0.011609653397514755,0.7928619079386258,0.9212904561865365
letter,exp,113,22,0.010918825479978515,0.798271922307912,0.011378503800031773,0.7878585723815877,0.9190096208025297
letter,exp,113,23,0.01068558053646447,0.8010568409025992,0.011124376738167525,0.8008672448298866,0.917526050987464
letter,exp,113,24,0.01052630363470317,0.8025564124535847,0.010969766763233286,0.7988659106070714,0.9161612366470148
letter,exp,113,25,0.010416483038076392,0.8031990859754355,0.010843811937292544,0.8028685790527018,0.9147968597745445
letter,exp,113,26,0.010273630441616324,0.8096972293630391,0.01077651211948938,0.8028685790527018,0.9134469175829506
letter,exp,113,27,0.010016043782846411,0.8129105969722936,0.010470851652848142,0.8132088058705804,0.912328916512884
letter,exp,113,28,0.009969289629016958,0.8133390459868609,0.010465619651974817,0.8125416944629753,0.910980984386009
letter,exp,113,29,0.0098121139070239,0.8151242502142245,0.010267252427467885,0.8165443629086058,0.9096091734364505
letter,exp,113,30,0.009763107458178755,0.8149100257069408,0.010244294260985583,0.8148765843895931,0.9094559137178034
letter,exp,113,31,0.009590452240684128,0.8188374750071408,0.010098907783933356,0.818545697131421,0.9073197640480098
letter,exp,113,32,0.009517289669095269,0.8196943730362753,0.009975353983876757,0.818545697131421,0.9064968212376903
letter,exp,113,33,0.009467432229057455,0.820694087403599,0.00993272652878826,0.8202134756504337,0.9060905302993708
letter,exp,113,34,0.009358596151126447,0.8205512710654099,0.009858564644073456,0.8188792528352234,0.904815782363758
letter,exp,113,35,0.009318445536781106,0.8232647814910026,0.009810999867542497,0.8202134756504337,0.9039028770703237
letter,exp,113,36,0.009165412088829194,0.8253356183947443,0.00964899019712024,0.8232154769846565,0.9027132142614704
letter,exp,113,37,0.009122227115570595,0.8258354755784062,0.00964416450396827,0.8225483655770514,0.9021385190144934
letter,exp,113,38,0.009053485120454341,0.8256212510711225,0.009569703972928239,0.8252168112074717,0.9010416356450174
letter,exp,113,39,0.009023175374793323,0.8272636389602971,0.009572914449681807,0.8258839226150767,0.9006543870494471
letter,exp,113,40,0.008938240205011659,0.829620108540417,0.009506108305138667,0.8228819212808539,0.8995648638339337
letter,exp,113,41,0.008836886880542929,0.8295487003713224,0.00934998833379519,0.8272181454302868,0.8992595284903752
letter,exp,113,42,0.008826250635445851,0.8313339045986861,0.009313378948643185,0.8272181454302868,0.8983845464468734
letter,exp,113,43,0.008855621430711976,0.8301199657240789,0.009362703027746678,0.829219479653102,0.8976036431218257
letter,exp,113,44,0.008679567404823276,0.832762067980577,0.009156060059389685,0.8295530353569046,0.8968243885081483
letter,exp,113,45,0.008678065257430556,0.8329048843187661,0.009225775284526781,0.829219479653102,0.8962241647475248
letter,exp,113,46,0.008583663097578076,0.834475864038846,0.009124659395931234,0.8315543695797198,0.8954132313883649
letter,exp,113,47,0.008578446413735888,0.8342616395315624,0.009115029414884294,0.8312208138759173,0.8942374073948689
letter,exp,113,48,0.008529114517037464,0.8357612110825479,0.009080122621260874,0.8288859239492995,0.8937485294258353
letter,exp,113,49,0.007503054518587404,0.8695372750642674,0.008168879994835322,0.8585723815877252,0.8931414266622565
letter,exp,113,50,0.0072641465992293874,0.8710368466152528,0.007936403075749478,0.8625750500333556,0.8923147300799046
letter,exp,113,51,0.007157137027116419,0.8726078263353327,0.00789974598300637,0.8639092728485657,0.8914517711883911
letter,exp,113,52,0.007043391520255095,0.8740359897172236,0.007856208770773376,0.8659106070713809,0.8906141577839464
letter,exp,113,53,0.007080655256983701,0.8721793773207654,0.007856503698694544,0.8652434956637759,0.8900839686271845
letter,exp,113,54,0.007005132654863449,0.8733933161953727,0.00780662306947451,0.8652434956637759,0.8892385295713866
letter,exp,113,55,0.006924881379450095,0.8751785204227364,0.007669085650286533,0.866577718478986,0.8886603864552856
letter,exp,113,56,0.006885853219416252,0.8761068266209654,0.0076358033136742585,0.866577718478986,0.8877447908594609
letter,exp,113,57,0.006861285860984449,0.8753213367609255,0.007645050173022846,0.8702468312208139,0.8875710467019298
letter,exp,113,58,0.006875440539473457,0.8769637246501,0.007720767131925022,0.8662441627751835,0.8868054837722755
letter,exp,113,59,0.006791987475170503,0.8758926021136818,0.007598815052483264,0.8709139426284189,0.8861111088728936
letter,exp,113,60,0.006780505022233339,0.8771065409882891,0.007634212055967309,0.8695797198132088,0.885711343968464
letter,exp,114,1,0.03559470974359028,0.15588403313339047,0.035536736888400866,0.15176784523015344,0.9810944511755622
letter,exp,114,2,0.03232113375515898,0.31319622964867183,0.03226522832939718,0.31487658438959304,0.9770065853825793
letter,exp,114,3,0.028479122122950156,0.4519423021993716,0.028670628827355125,0.44496330887258173,0.9709368300407651
letter,exp,114,4,0.024295037753327545,0.5230648386175378,0.024571560784859323,0.5196797865243495,0.9640452607218046
letter,exp,114,5,0.021330378561949834,0.5837617823479005,0.021741080031452864,0.5787191460973983,0.9578434006555673
letter,exp,114,6,0.01912197796384761,0.6495287060839761,0.01948071623393246,0.6494329553035357,0.9526952773509144
letter,exp,114,7,0.017289719803903203,0.6775207083690374,0.01756919808841995,0.6777851901267512,0.947731496618502
letter,exp,114,8,0.016359869915704622,0.6898743216223936,0.01670154134713096,0.6817878585723816,0.9438929042328639
letter,exp,114,9,0.014962204841431105,0.7295058554698658,0.015400825401780352,0.7264843228819213,0.9403829111872695
letter,exp,114,10,0.014203766492912094,0.7407883461868038,0.014675853818521479,0.7348232154769847,0.9372150494028187
letter,exp,114,11,0.013059894438407885,0.773207654955727,0.013499398153134043,0.766844563042028,0.9337922769675363
letter,exp,114,12,0.012232378285877954,0.7827049414453013,0.012727997009489716,0.7725150100066711,0.9310540297684988
letter,exp,114,13,0.011832101747309849,0.7862753499000286,0.012331023341818487,0.7758505670446965,0.9291011532310952
letter,exp,114,14,0.011484085649882793,0.7912025135675521,0.012019879342125702,0.7808539026017345,0.9267219236747753
letter,exp,114,15,0.010076713565971158,0.8274064552984861,0.01070706678619168,0.8168779186124083,0.9244712653189282
letter,exp,114,16,0.009788639804245675,0.8316195372750642,0.010425486495028587,0.8195463642428286,0.9224769452145862
letter,exp,114,17,0.009573788252157467,0.8354755784061697,0.010271542098012851,0.8225483655770514,0.9209028914800634
letter,exp,114,18,0.009290468111315594,0.8367609254498715,0.009990963088495636,0.8245496997998666,0.9190290404785747
letter,exp,114,19,0.009154180064868957,0.8403313339045987,0.009850803184958457,0.8288859239492995,0.9174349713647577
letter,exp,114,20,0.009028715837121852,0.8422593544701514,0.009791313429724148,0.8265510340226818,0.9158948450980847
letter,exp,114,21,0.008878579089540928,0.8445444158811768,0.009665294951479898,0.829219479653102,0.9148085013743971
letter,exp,114,22,0.008710988523754726,0.8477577834904313,0.009487756868283188,0.8338892595063375,0.913769192642212
letter,exp,114,23,0.00859545578106566,0.8491145387032276,0.009435166218888427,0.8318879252835224,0.9120488884092878
letter,exp,114,24,0.008449780330238467,0.8533990288489003,0.009257576546071332,0.8385590393595731,0.9110446029248278
letter,exp,114,25,0.008326380024996543,0.8548986003998857,0.00914026740728726,0.8388925950633755,0.9097056588068336
letter,exp,114,26,0.0082522559419781,0.8551128249071693,0.009051618317310649,0.8398932621747832,0.9089094798605613
letter,exp,114,27,0.008197435209446794,0.8558983147672093,0.009085398097666383,0.8418945963975984,0.9080439731516475
letter,exp,114,28,0.008037581175373325,0.8598971722365039,0.00890434039952327,0.8452301534356238,0.9065433838350756
letter,exp,114,29,0.007986212257580802,0.8613253356183947,0.008843437492180814,0.8458972648432288,0.9055829527755124
letter,exp,114,30,0.007858357457102063,0.8629677235075692,0.008796612012032,0.8458972648432288,0.9044846706417732
letter,exp,114,31,0.007763241631421772,0.865824050271351,0.008698065914355645,0.8509006004002668,0.9041154131595358
letter,exp,114,32,0.007647129146832454,0.866609540131391,0.008561237880340406,0.8509006004002668,0.903121130020714
letter,exp,114,33,0.007633745927562537,0.8674664381605256,0.00862183048908326,0.8525683789192795,0.9018701768701369
letter,exp,114,34,0.007515095474406297,0.8696086832333619,0.008519484309206415,0.8532354903268846,0.9014174952422487
letter,exp,114,35,0.007481184052772373,0.8707512139388746,0.008449804143283004,0.8549032688458973,0.9002108693046552
letter,exp,114,36,0.007350627476945216,0.8733933161953727,0.008336805168984433,0.8549032688458973,0.8990530977024143
letter,exp,114,37,0.00727905125058898,0.8728220508426164,0.008274196315773695,0.8592394929953302,0.8984725011198952
letter,exp,114,38,0.007178345063365452,0.8763924592973437,0.008277906757269683,0.8585723815877252,0.8978051915435795
letter,exp,114,39,0.007185207705950564,0.8762496429591545,0.008289942112336184,0.857238158772515,0.8968138880623714
letter,exp,114,40,0.0071282984838031,0.8758926021136818,0.008248496331218666,0.8582388258839226,0.8959754855619805
letter,exp,114,41,0.007034793599143557,0.8776063981719509,0.008091509177375493,0.862241494329553,0.8952782482871021
letter,exp,114,42,0.006987602851064385,0.8787489288774636,0.008065691589993823,0.8602401601067379,0.8942822942653644
letter,exp,114,43,0.006953311618247727,0.8807483576121108,0.008029936084234938,0.8632421614409607,0.8938168191961922
letter,exp,114,44,0.006868543345793934,0.8815338474721508,0.007977984429162172,0.8612408272181454,0.8933927188039195
letter,exp,114,45,0.006791112416560958,0.8821765209940017,0.007866910493927267,0.8655770513675783,0.8921846810992403
letter,exp,114,46,0.006737381561889088,0.8832476435304198,0.007881101036247432,0.8625750500333556,0.8916346627341656
letter,exp,114,47,0.006688375895375637,0.8849614395886889,0.007838680546921304,0.8655770513675783,0.8910471246229699
letter,exp,114,48,0.0066680142598602365,0.8843901742359326,0.007783282814213302,0.8649099399599733,0.8900729890073624
letter,exp,114,49,0.0066738076503454575,0.8838189088831763,0.0077922036339948,0.8679119412941961,0.8895902129611137
letter,exp,114,50,0.006603750836434332,0.8860325621251071,0.007720595978488726,0.8685790527018012,0.8889039650570818
letter,exp,114,51,0.006617492841918512,0.8857469294487289,0.00774197872363068,0.867244829886591,0.8883760578771549
letter,exp,114,52,0.006572230047044724,0.8879605826906598,0.007739003837185079,0.8695797198132088,0.887958789846393
letter,exp,114,53,0.006449353828780648,0.8884604398743217,0.007595905711780925,0.8729152768512342,0.8872462955358262
letter,exp,114,54,0.006413040048577979,0.8894601542416453,0.007614892291354476,0.8709139426284189,0.8864227111437956
letter,exp,114,55,0.006413241805668349,0.8893887460725507,0.007534328364549943,0.8712474983322215,0.8859819658039269
letter,exp,114,56,0.006420853845809744,0.8891031133961725,0.00756935995081107,0.8729152768512342,0.8854032689233984
letter,exp,114,57,0.006299336234006841,0.8902456441016853,0.007529550566250163,0.8719146097398266,0.885077416713514
letter,exp,114,58,0.006265235171521056,0.8923878891745216,0.007397694407762241,0.8749166110740494,0.8842819641725235
letter,exp,114,59,0.006232527806088336,0.8924592973436161,0.00741087290415853,0.8732488325550367,0.8841829800501597
letter,exp,114,60,0.006190309487020438,0.893101970865467,0.007377765561723684,0.8765843895930621,0.883345367594371
letter,exp,115,1,0.03667780273094383,0.15602684947157955,0.03667111430434911,0.15476984656437626,0.9808742577059862
letter,exp,115,2,0.03371197840777932,0.24557269351613825,0.033660635193881516,0.25316877918612407,0.9776578202409065
letter,exp,115,3,0.030236838752947064,0.3531848043416167,0.030282784317466817,0.3562374916611074,0.972271647934741
letter,exp,115,4,0.026878625300534868,0.46536703798914597,0.02695782409150166,0.4579719813208806,0.9668658443307846
letter,exp,115,5,0.02449772441798841,0.5055698371893744,0.024565309193148005,0.505003335557038,0.9619741135485107
letter,exp,115,6,0.021451804717075657,0.5904741502427878,0.02158078878638055,0.5887258172114743,0.9573390907113847
letter,exp,115,7,0.01825087700276366,0.6732362182233648,0.0185112354215536,0.6684456304202802,0.9513008544248358
letter,exp,115,8,0.01684527084159197,0.6952299343044844,0.017260600905395936,0.6847898599066043,0.9470104789694261
letter,exp,115,9,0.015285162437645097,0.7308626106826621,0.015661284658414296,0.7291527685123416,0.9424545611122357
letter,exp,115,10,0.01410111231408274,0.7622107969151671,0.014429786856555517,0.7571714476317545,0.939364218265216
letter,exp,115,11,0.01281714475969035,0.7762782062267923,0.013256550851698615,0.7725150100066711,0.9359653438587601
letter,exp,115,12,0.011542056772209467,0.8124107397886319,0.011982288221264695,0.8062041360907272,0.932839842756171
letter,exp,115,13,0.010910056213523998,0.8192659240217081,0.011401007105131776,0.8095396931287525,0.9301517312699287
letter,exp,115,14,0.010477305975101532,0.8234075978291917,0.010981581053221555,0.8165443629086058,0.9273997504260987
letter,exp,115,15,0.010230589983108836,0.8281919451585261,0.01075397999922337,0.8175450300200133,0.9253082736082906
letter,exp,115,16,0.009955562234093742,0.830405598400457,0.010543733604808267,0.8202134756504337,0.9235315617661655
letter,exp,115,17,0.009595256720394548,0.837617823479006,0.01021414638705028,0.8255503669112741,0.9213632197023479
letter,exp,115,18,0.00943016548907916,0.8384747215081405,0.010049462261231558,0.8322214809873248,0.9202795944027269
letter,exp,115,19,0.009209624043936097,0.8420451299628677,0.009840782412180036,0.8295530353569046,0.918416132439045
letter,exp,115,20,0.00911862353726214,0.8441873750357041,0.009756739902103979,0.8362241494329553,0.9167544726068584
letter,exp,115,21,0.008943985995417058,0.8459011710939731,0.009627927612818832,0.8362241494329553,0.9149935573952344
letter,exp,115,22,0.00871141405986095,0.8511139674378749,0.009407408286047384,0.8425617078052035,0.9137065138870107
letter,exp,115,23,0.008644981549776455,0.8493287632105113,0.009327354687434734,0.8425617078052035,0.9122889313974408
letter,exp,115,24,0.00844527800798858,0.8531133961725221,0.009156574579224008,0.8422281521014009,0.9109895571199175
letter,exp,115,25,0.008466139006658319,0.8526135389888603,0.009106216915235018,0.8438959306204136,0.9101879133769541
letter,exp,115,26,0.008289867115923175,0.8556126820908312,0.00904774160980055,0.8455637091394262,0.908360205892151
letter,exp,115,27,0.00821188606515908,0.8566123964581548,0.008932930250497548,0.8509006004002668,0.9076655268070276
letter,exp,115,28,0.008069894396132295,0.8598971722365039,0.008845771196891668,0.8472314876584389,0.9066817719588295
letter,exp,115,29,0.007984584254075427,0.8606826620965439,0.008711743548918039,0.8475650433622415,0.9051096327293771
letter,exp,115,30,0.00788699882035025,0.8616823764638675,0.008657097204625423,0.8495663775850567,0.904274753893997
letter,exp,115,31,0.007859585580701442,0.8624678663239075,0.008633878736533712,0.8509006004002668,0.903417465752606
letter,exp,115,32,0.0077651257272025815,0.8634675806912311,0.008596202172324159,0.8525683789192795,0.9026800010739129
letter,exp,115,33,0.0076935766398998255,0.8651099685804056,0.008474890836470843,0.8549032688458973,0.9018794200783987
letter,exp,115,34,0.007560971307494269,0.8657526421022566,0.00843859921990966,0.8542361574382922,0.9006553411304379
letter,exp,115,35,0.0075219279135232495,0.8673236218223365,0.008401860640035607,0.85657104736491,0.8998547185684949
letter,exp,115,36,0.007468077858750401,0.8680377035132819,0.00829644964722927,0.8605737158105403,0.8988777767938645
letter,exp,115,37,0.007401221293581517,0.8692516423878892,0.008250362188289024,0.8605737158105403,0.8980415249574868
letter,exp,115,38,0.007341229300820347,0.8715367037989146,0.008207202175654318,0.8579052701801201,0.8975083719826163
letter,exp,115,39,0.007354015716926101,0.8709654384461583,0.008262260158685673,0.857238158772515,0.8963615869342958
letter,exp,115,40,0.007192527328124039,0.872107969151671,0.008069850057134596,0.8619079386257505,0.8957182343868647
letter,exp,115,41,0.007155181804202643,0.8731790916880892,0.008066768476977916,0.861574382921948,0.8953539995477633
letter,exp,115,42,0.0071308441155059285,0.8743930305626963,0.00805660475716347,0.8585723815877252,0.8947510287795586
letter,exp,115,43,0.007104996558848425,0.8750357040845472,0.008041211615127613,0.8609072715143429,0.8933105097773913
letter,exp,115,44,0.007002663163567314,0.8754641530991145,0.007928287049404084,0.8629086057371581,0.8932458787834849
letter,exp,115,45,0.00702153333971057,0.8756069694373037,0.007998463116451845,0.862241494329553,0.8925041798740002
letter,exp,115,46,0.0069401912235861115,0.8776778063410454,0.00787138403331819,0.8639092728485657,0.891509016045565
letter,exp,115,47,0.00689545712158549,0.8792487860611254,0.007833397990104667,0.8649099399599733,0.8909560102080001
letter,exp,115,48,0.0068624616866355195,0.8793201942302199,0.007852467430370543,0.8635757171447632,0.8902634429810269
letter,exp,115,49,0.006823046589558118,0.8813910311339618,0.007779038594546952,0.8695797198132088,0.8897692455108798
letter,exp,115,50,0.006760483676076062,0.8819622964867181,0.0076897231391754245,0.8702468312208139,0.8890168718174218
letter,exp,115,51,0.006693176429585467,0.8836760925449871,0.007640225071662907,0.872248165443629,0.8882292422674244
letter,exp,115,52,0.006643513139483755,0.8841045415595544,0.00760493381416552,0.8685790527018012,0.8878171380353002
letter,exp,115,53,0.00661761443066347,0.8844615824050271,0.007614713235965895,0.8689126084056037,0.8871872876966345
letter,exp,115,54,0.006554833610179291,0.8859611539560126,0.007519495744071237,0.8719146097398266,0.886477847742973
letter,exp,115,55,0.006503328163133121,0.8862467866323908,0.007512638622062839,0.8725817211474316,0.8860214277332662
letter,exp,115,56,0.006502808392531707,0.8853898886032562,0.007489639277233499,0.8739159439626417,0.885295314715639
letter,exp,115,57,0.006462478634966834,0.8873893173379035,0.00747037616794255,0.8742494996664443,0.884957959516249
letter,exp,115,58,0.006396032168346124,0.8878177663524707,0.007378877658024245,0.875250166777852,0.8843745593479929
letter,exp,115,59,0.006401307793542985,0.8868894601542416,0.007429232449438037,0.8739159439626417,0.8836048727426246
letter,exp,115,60,0.006350559267753297,0.8875321336760925,0.0073508601185125946,0.8775850567044696,0.8829268038013526
letter,tanh,100,1,0.034485506133659354,0.19880034275921166,0.034576424250058656,0.19246164109406272,1.0008302621163059
letter,tanh,100,2,0.028946327040106058,0.41309625821193946,0.029041177849626162,0.4076050700466978,1.0018017783020188
letter,tanh,100,3,0.023624075439560382,0.553770351328192,0.023779856897119245,0.5517011340893929,1.00273061521022
letter,tanh,100,4,0.020710094664555076,0.6096115395601257,0.021133134639454685,0.5997331554369579,1.0000051501085656
letter,tanh,100,5,0.01956783837187273,0.6326763781776635,0.02013872326237987,0.6220813875917278,1.0004916210039192
letter,tanh,100,6,0.01687869895412722,0.6927306483861754,0.01741528023621212,0.6811207471647766,1.00000178162672
letter,tanh,100,7,0.01566329926420019,0.7094401599542988,0.016206492037339548,0.7011340893929286,1.0019919364492993
letter,tanh,100,8,0.014854047582914061,0.7329334475864039,0.015369032042262793,0.7194796531020681,1.000259624246807
letter,tanh,100,9,0.012785038098385227,0.7795629820051414,0.013185516907919274,0.7691794529686458,1.0001284189156172
letter,tanh,100,10,0.012196888450461548,0.7839188803199086,0.012659597151650702,0.7735156771180787,1.000723811308658
letter,tanh,100,11,0.011756682656969067,0.7894173093401885,0.012327783261326818,0.7821881254169446,1.0068023624846738
letter,tanh,100,12,0.011323634840886835,0.7920594115966867,0.011875947176509812,0.7881921280853903,1.0000090247271396
letter,tanh,100,13,0.01111117303236021,0.7964867180805484,0.011704646343843371,0.7921947965310207,1.000183292700257
letter,tanh,100,14,0.010813341189952398,0.8004141673807483,0.011424065927264497,0.790527018012008,1.000890788077456
letter,tanh,100,15,0.010622581698801108,0.8019137389317338,0.011207154711230473,0.7971981320880587,1.0000463932978456
letter,tanh,100,16,0.010430663845828459,0.8042702085118537,0.011076725884015265,0.7965310206804537,1.000096775815698
letter,tanh,100,17,0.01021572148629586,0.8085546986575264,0.010783499728425947,0.804869913275517,1.0011231682484385
letter,tanh,100,18,0.010087383157316597,0.8124821479577263,0.010802648073457021,0.8008672448298866,1.00061379778104
letter,tanh,100,19,0.009934882696635138,0.8143387603541845,0.010637522980225472,0.8038692461641094,1.002889665160343
letter,tanh,100,20,0.008707610475741636,0.8497572122250785,0.009427331539018518,0.8395597064709807,1.000017727465455
letter,tanh,100,21,0.008395602417278738,0.8518994572979148,0.009212238076663952,0.8395597064709807,0.999929394408165
letter,tanh,100,22,0.008547477943244295,0.8508997429305912,0.009291264148559086,0.8412274849899933,1.0003547555465837
letter,tanh,100,23,0.008416502327081117,0.853613253356184,0.009179260747046116,0.8408939292861908,1.0000334819979015
letter,tanh,100,24,0.008085122271000156,0.8591116823764638,0.008906189128512914,0.8485657104736491,1.0008959496933956
letter,tanh,100,25,0.008030711219802117,0.8597543558983147,0.008848198861404111,0.8488992661774516,1.0000468188211784
letter,tanh,100,26,0.008069199372516338,0.8565409882890602,0.008909626902387037,0.8455637091394262,1.0002970208118214
letter,tanh,100,27,0.00776867976601603,0.8630391316766638,0.008698656753926733,0.8488992661774516,1.0000154641409342
letter,tanh,100,28,0.007865873527679488,0.8615395601256783,0.008804836806318755,0.8455637091394262,1.000002186134646
letter,tanh,100,29,0.007598495104446212,0.8658954584404456,0.008460580725405602,0.8555703802535023,0.999963331412621
letter,tanh,100,30,0.010165725620071616,0.8096972293630391,0.010934008903116601,0.7978652434956638,1.0000189897505214
letter,tanh,100,31,0.007600820262132448,0.865824050271351,0.008520879578465743,0.8509006004002668,1.002496145357258
letter,tanh,100,32,0.007435780771087836,0.8684661525278492,0.00830245064523272,0.8549032688458973,1.0006039726809295
letter,tanh,100,33,0.007318337937838373,0.8703941730934018,0.008205095133611427,0.8562374916611074,0.9999526769052646
letter,tanh,100,34,0.007222520893404858,0.8726078263353327,0.008113502207060107,0.8589059372915276,1.0001911905348526
letter,tanh,100,35,0.007202525738152414,0.8736075407026563,0.008073675275859686,0.8582388258839226,0.9999922006528245
letter,tanh,100,36,0.007137324659801162,0.8745358469008855,0.008060078094627953,0.8605737158105403,1.0000000829695683
letter,tanh,100,37,0.007091043724567781,0.8751071122536418,0.00802490251901033,0.861574382921948,1.0003373319550097
letter,tanh,100,38,0.00705187848664767,0.87617823479006,0.008023690168968244,0.8605737158105403,1.0000792823438975
letter,tanh,100,39,0.006903539008329459,0.8798200514138818,0.007878587541907926,0.8642428285523682,1.0007451415340904
letter,tanh,100,40,0.006873389436390874,0.8788917452156527,0.007832171373250249,0.8659106070713809,1.0000054584726579
letter,tanh,100,41,0.0068141575661225485,0.8788917452156527,0.007821278628668259,0.8629086057371581,1.0000457998844388
letter,tanh,100,42,0.006769020586285527,0.8811053984575835,0.007749403476223386,0.866577718478986,0.9997846747280749
letter,tanh,100,43,0.006832521201937435,0.8799628677520709,0.0077664912714089035,0.8662441627751835,1.0004498896341667
letter,tanh,100,44,0.006613207521672153,0.8831762353613254,0.007681010062059993,0.8645763842561708,1.0000203974810367
letter,tanh,100,45,0.006609540437723189,0.8821765209940017,0.007708930155782907,0.8645763842561708,0.9999790228307129
letter,tanh,100,46,0.006563872232556339,0.8856041131105399,0.007630133403131506,0.867244829886591,0.9999994136766657
letter,tanh,100,47,0.0064907388256769775,0.8861039702942016,0.007583426098881432,0.8692461641094062,0.999960667448381
letter,tanh,100,48,0.0065382812582166685,0.8851756640959726,0.007629065705667951,0.867244829886591,1.0000213537626474
letter,tanh,100,49,0.006382857209515998,0.8868180519851471,0.007507349302466104,0.8685790527018012,0.9997789627542538
letter,tanh,100,50,0.0064025851275420044,0.8873179091688089,0.007515719864333004,0.872248165443629,0.96956503076131
letter,tanh,100,51,0.006346314388816938,0.888246215367038,0.0075817333129969,0.8702468312208139,1.0000920843355454
letter,tanh,100,52,0.00633416736971791,0.8873893173379035,0.0074796506787647874,0.8709139426284189,1.0000325890609798
letter,tanh,100,53,0.0062736804236125316,0.8893887460725507,0.007417904007854522,0.8719146097398266,1.002201607114001
letter,tanh,100,54,0.006241095962158019,0.889031705227078,0.007447226689511434,0.8705803869246164,1.0042020981985573
letter,tanh,100,55,0.006219187587720346,0.8902456441016853,0.007359000001443708,0.8739159439626417,0.9995378000947499
letter,tanh,100,56,0.006215470383895229,0.8911739502999143,0.007391384846650545,0.8735823882588393,1.0014579815050053
letter,tanh,100,57,0.0061503456178887824,0.8913881748071979,0.00733906788503277,0.8735823882588393,1.0011806939889558
letter,tanh,100,58,0.006405964024361261,0.8884604398743217,0.007514757432994991,0.8689126084056037,1.0000573727363664
letter,tanh,100,59,0.006290761218628113,0.8911739502999143,0.0074740721850230785,0.8695797198132088,1.0001136851841426
letter,tanh,100,60,0.006280783120145369,0.8904598686089689,0.007379418338352533,0.8732488325550367,0.9999401447160146
letter,tanh,101,1,0.037344514303612124,0.13660382747786345,0.03733351536089529,0.13408939292861907,1.0054661459307483
letter,tanh,101,2,0.03459424271034625,0.22043701799485863,0.03465328605494112,0.223815877251501,1.0024559598132565
letter,tanh,101,3,0.03207005049575095,0.2818480434161668,0.03222118022879281,0.2801867911941294,1.0003784175991912
letter,tanh,101,4,0.025965505949149592,0.5074264495858326,0.026150563416195014,0.5036691127418279,1.000327382326988
letter,tanh,101,5,0.023474077134124482,0.5374892887746359,0.02392231294597704,0.5330220146764509,1.0052460065766808
letter,tanh,101,6,0.01962575249467719,0.6506712367894887,0.02011004959132429,0.6501000667111407,1.0011775551431845
letter,tanh,101,7,0.017249540322189557,0.6706655241359611,0.01777282843036049,0.6684456304202802,1.0001938302648807
letter,tanh,101,8,0.015401002802462862,0.7212939160239932,0.01583317443185143,0.7171447631754503,1.0005516141235917
letter,tanh,101,9,0.014328911937744774,0.736218223364753,0.01472573262534062,0.7344896597731821,1.0008481837308645
letter,tanh,101,10,0.013679094972281952,0.7491431019708654,0.014081345825988155,0.7448298865910608,1.0002232659104562
letter,tanh,101,11,0.01312788505474583,0.7559268780348471,0.013592938891520146,0.752501667778519,1.000084796327709
letter,tanh,101,12,0.012983442959942061,0.7624964295915453,0.01342704531724405,0.7571714476317545,1.0002376441759768
letter,tanh,101,13,0.012513574403365155,0.7649243073407598,0.012992811093782138,0.7581721147431622,1.0004320750457594
letter,tanh,101,14,0.012163208026227768,0.7717080834047415,0.012671778025501882,0.7658438959306204,1.000004120098008
letter,tanh,101,15,0.011839646032005158,0.7735646958011997,0.012379960077826034,0.7685123415610406,1.0000051548721016
letter,tanh,101,16,0.010873224906469244,0.8114110254213082,0.011484963160201919,0.8012008005336891,1.0002338339639985
letter,tanh,101,17,0.010383604890954428,0.8121251071122536,0.011018381906293563,0.8075383589059373,1.0095772574384978
letter,tanh,101,18,0.010196644903626824,0.8155526992287918,0.010878563332964084,0.8015343562374917,1.0000004401183082
letter,tanh,101,19,0.009930111990646842,0.8173379034561554,0.010632014489949278,0.8078719146097398,1.0010276880253655
letter,tanh,101,20,0.009744193424086334,0.8217652099400171,0.01044849669020502,0.8102068045363575,1.0000225131995166
letter,tanh,101,21,0.009619683454851714,0.8229077406455299,0.01032743675321359,0.8112074716477652,1.0000325534083214
letter,tanh,101,22,0.00946038055920961,0.8243359040274207,0.010219830666263518,0.814209472981988,1.000062770618439
letter,tanh,101,23,0.009377090932092155,0.8271922307912025,0.010138310887559423,0.8162108072048032,1.0016746905541671
letter,tanh,101,24,0.009322167617807908,0.8261925164238789,0.010044846344823789,0.814209472981988,1.0018575237395897
letter,tanh,101,25,0.009211599457116143,0.8282633533276207,0.009996946118991042,0.8155436957971981,1.0020647939619924
letter,tanh,101,26,0.009112935983353927,0.8276206798057698,0.009916802676438746,0.8128752501667779,1.001501126631704
letter,tanh,101,27,0.009041959641350985,0.8299057412167952,0.009844317819876975,0.8158772515010007,1.0082436082339363
letter,tanh,101,28,0.008928166157491552,0.8340474150242788,0.009727946095522738,0.8215476984656438,1.0031545444099643
letter,tanh,101,29,0.008899276956315937,0.8336189660097115,0.009686262008461913,0.8195463642428286,1.000133129581389
letter,tanh,101,30,0.008802389234758654,0.8363324764353042,0.009599052123272913,0.8218812541694464,1.0000000367713953
letter,tanh,101,31,0.008437950192268447,0.852827763496144,0.009219513466202795,0.8362241494329553,1.0000654422281767
letter,tanh,101,32,0.007983077041863927,0.8618251928020566,0.008714205676226237,0.8512341561040694,1.0000014808263813
letter,tanh,101,33,0.00784808888862246,0.863324764353042,0.008630727834128181,0.8492328218812542,1.0001658493596404
letter,tanh,101,34,0.007823988295622293,0.863324764353042,0.00866615328590093,0.8468979319546365,1.0026318676913286
letter,tanh,101,35,0.007729337793742769,0.8652527849185947,0.008519487603174274,0.8515677118078719,0.9999396083389568
letter,tanh,101,36,0.007601985228489194,0.8646101113967438,0.008443754113673912,0.8515677118078719,1.0000394037891784
letter,tanh,101,37,0.007496550360538558,0.8662524992859183,0.008367905779020392,0.8529019346230821,1.0000132893456528
letter,tanh,101,38,0.00749510900693978,0.867395029991431,0.008401041991896624,0.8549032688458973,0.9999937601580581
letter,tanh,101,39,0.007421882424343531,0.8693230505569837,0.008313982913333075,0.8542361574382922,1.0000073300293286
letter,tanh,101,40,0.007406119606629754,0.866609540131391,0.008320279022136048,0.8532354903268846,1.0000219008831779
letter,tanh,101,41,0.007685327835892285,0.8645387032276493,0.008582004723092057,0.8455637091394262,1.0000056856641968
letter,tanh,101,42,0.007628251062518967,0.864895744073122,0.008584090860127151,0.8492328218812542,1.0000362879879283
letter,tanh,101,43,0.0077285733422354785,0.8654670094258783,0.008710380348850126,0.8475650433622415,1.000060112746755
letter,tanh,101,44,0.007500739074403882,0.8677520708369038,0.008529754391136995,0.8519012675116745,1.0154840357014319
letter,tanh,101,45,0.007377000399244257,0.8696086832333619,0.00836032031395191,0.85657104736491,1.0020336228405564
letter,tanh,101,46,0.00729360499640979,0.8688231933733219,0.008332107877356044,0.8549032688458973,1.0000144189475173
letter,tanh,101,47,0.007439927822245862,0.8693230505569837,0.008439459175738559,0.8529019346230821,0.9999998138173557
letter,tanh,101,48,0.007244325443011842,0.87146529562982,0.008289193313378075,0.8535690460306872,1.000087692208545
letter,tanh,101,49,0.007142317236309822,0.8718223364752927,0.008168950872034194,0.8559039359573049,1.000118677339519
letter,tanh,101,50,0.0070826795656717305,0.8726792345044273,0.00822178519322989,0.8559039359573049,1.0018752401738567
letter,tanh,101,51,0.007053841376960595,0.87460725506998,0.008182661198966826,0.8555703802535023,1.0000003603366727
letter,tanh,101,52,0.006992210094640167,0.8733933161953727,0.008100094018289249,0.857238158772515,0.999997868643792
letter,tanh,101,53,0.006993918845962108,0.8741073978863182,0.008123824735120161,0.8549032688458973,1.0020842860883223
letter,tanh,101,54,0.006886338555174229,0.8756069694373037,0.00802060486984829,0.8579052701801201,1.0001275743772033
letter,tanh,101,55,0.006882236850737391,0.8763924592973437,0.007982413884080011,0.8585723815877252,0.9999996127679678
letter,tanh,101,56,0.006840773764765981,0.8756783776063982,0.007969767475165175,0.8569046030687125,1.0011713923211305
letter,tanh,101,57,0.006821243973609489,0.8758211939445872,0.007957103330500623,0.857238158772515,0.9999552618791396
letter,tanh,101,58,0.006807208285292141,0.8768923164810054,0.00794585814493858,0.8592394929953302,1.0003429954805925
letter,tanh,101,59,0.0069997119766936275,0.8748214795772636,0.008209638052283755,0.8542361574382922,1.000373354167977
letter,tanh,101,60,0.0069029122419283166,0.8750357040845472,0.008064179755887387,0.8585723815877252,0.9999958846894252
letter,tanh,102,1,0.035506326004647926,0.16566695229934306,0.035633892372495056,0.16177451634422949,1.0022621511024943
letter,tanh,102,2,0.032263242926157856,0.2959868608968866,0.0323885896846502,0.2951967978652435,1.0306614845574287
letter,tanh,102,3,0.027348331100280728,0.4085261353898886,0.02750508168788681,0.41294196130753835,1.0004337175864155
letter,tanh,102,4,0.025626275097637784,0.46272493573264784,0.025746548473471978,0.4656437625083389,1.000466721703589
letter,tanh,102,5,0.022933303566663253,0.5283490431305341,0.023046180183537143,0.5333555703802535,1.0009395798297938
letter,tanh,102,6,0.021056745824758884,0.5745501285347043,0.02120758931271767,0.5730486991327551,1.0006716197415242
letter,tanh,102,7,0.019277861001760925,0.6106112539274493,0.019431824993853073,0.6127418278852569,1.0000924671148912
letter,tanh,102,8,0.01696047410852099,0.6798771779491574,0.017221669546742056,0.6784523015343562,1.0000695045731636
letter,tanh,102,9,0.015531108489421455,0.7228648957440731,0.015843960506611,0.7194796531020681,1.0048375399731104
letter,tanh,102,10,0.014430044247792519,0.736218223364753,0.014809544177173102,0.7308205470313542,1.0000145845373065
letter,tanh,102,11,0.01380006082152823,0.7405027135104256,0.014166938959455621,0.7394929953302202,1.0000426346736182
letter,tanh,102,12,0.013125876028632634,0.7624250214224507,0.01356049785418075,0.7588392261507672,1.0001019183211173
letter,tanh,102,13,0.012252494799253609,0.787917737789203,0.012787599726537346,0.7785190126751167,1.0000023434848806
letter,tanh,102,14,0.01175679287507748,0.7929163096258212,0.012311775931303328,0.7821881254169446,1.0002187158800937
letter,tanh,102,15,0.0118961254608669,0.7902742073693231,0.012539935391376933,0.7805203468979319,1.0000541954497228
letter,tanh,102,16,0.011266344940454639,0.7984147386461011,0.011848097076081114,0.7928619079386258,1.0000009881416227
letter,tanh,102,17,0.010913929241544362,0.8018423307626392,0.011497936224187174,0.794863242161441,1.0000841234925144
letter,tanh,102,18,0.01070851550408453,0.8069123107683519,0.011323180417316942,0.7985323549032688,1.0029755475441666
letter,tanh,102,19,0.010459220209443275,0.8093401885175664,0.011047757940236408,0.8035356904603068,1.0000338878724133
letter,tanh,102,20,0.010271499629954628,0.8121965152813482,0.010921781363254477,0.8098732488325551,1.0002121182985861
letter,tanh,102,21,0.010086106538764638,0.8157669237360754,0.010715204273217399,0.8088725817211474,1.0000059283737208
letter,tanh,102,22,0.010023421631371524,0.8176235361325336,0.010674948196524921,0.8068712474983322,1.000075446284223
letter,tanh,102,23,0.009774398594975215,0.8207654955726935,0.010468232554070362,0.8162108072048032,1.0000148121008736
letter,tanh,102,24,0.009653918432584632,0.8229077406455299,0.010401134554759984,0.8175450300200133,1.0000000299908725
letter,tanh,102,25,0.009530706426442341,0.8245501285347043,0.01020172392000587,0.8212141427618412,1.0033184657731131
letter,tanh,102,26,0.009476037935829759,0.823978863181948,0.010156801458838894,0.8205470313542361,1.0000000482367413
letter,tanh,102,27,0.009327138808791262,0.8276920879748644,0.009973473175712984,0.8215476984656438,1.0000659873305535
letter,tanh,102,28,0.009261012788584901,0.8290488431876607,0.010005363397061635,0.8202134756504337,1.005824890689519
letter,tanh,102,29,0.009213900618381555,0.827906312482148,0.010003396632401537,0.8195463642428286,1.0000013061380624
letter,tanh,102,30,0.009055472877122567,0.8315481291059698,0.009759882189223199,0.8215476984656438,1.0005546259253935
letter,tanh,102,31,0.009023063620428852,0.8308340474150243,0.009780326648005181,0.8202134756504337,1.0003560064183805
letter,tanh,102,32,0.008907247157323236,0.8328334761496715,0.009678929370386582,0.824216144096064,1.0002712214326912
letter,tanh,102,33,0.008902674386365224,0.8336903741788061,0.009699565540409115,0.8245496997998666,1.0000529571207473
letter,tanh,102,34,0.008806782859166593,0.8353327620679806,0.009592265487676267,0.8265510340226818,1.0001484007382135
letter,tanh,102,35,0.008739616524484854,0.8350471293916024,0.00951422806621082,0.828552368245497,0.9999999878386847
letter,tanh,102,36,0.008685089431946052,0.8384747215081405,0.009468942644818871,0.8315543695797198,1.0000009368715814
letter,tanh,102,37,0.008578705306476144,0.8385461296772351,0.009439676527393373,0.8258839226150767,0.9991825751936344
letter,tanh,102,38,0.008564429944284852,0.8394030277063697,0.00935322027112681,0.8308872581721147,1.0004119712855244
letter,tanh,102,39,0.008489101354472877,0.8402599257355041,0.009285546063122043,0.8315543695797198,1.000031978464849
letter,tanh,102,40,0.008450332222974989,0.8411168237646387,0.009329188527330104,0.8305537024683122,1.0000761687951951
letter,tanh,102,41,0.008312013274303726,0.8431876606683805,0.009194125329300255,0.8322214809873248,1.000002673002082
letter,tanh,102,42,0.008302119706845319,0.8445444158811768,0.009189399846317907,0.83288859239493,1.0003839187509858
letter,tanh,102,43,0.007591427004597073,0.8767495001428164,0.008534397531304715,0.8629086057371581,1.0000000329461711
letter,tanh,102,44,0.007110996475802138,0.879463010568409,0.008043713220093328,0.8652434956637759,1.000054202740548
letter,tanh,102,45,0.006979869922295692,0.8803199085975436,0.007983671524000925,0.8642428285523682,1.0015268718235724
letter,tanh,102,46,0.006918844362819082,0.8823907455012854,0.007914585170569397,0.8619079386257505,1.0000846695389018
letter,tanh,102,47,0.0068416074639205664,0.8834618680377035,0.007831862514152077,0.8662441627751835,1.0002662388601935
letter,tanh,102,48,0.007158110989349677,0.8816052556412454,0.008194143183887729,0.8625750500333556,1.0000534468471918
letter,tanh,102,49,0.006757571739453651,0.8849614395886889,0.007780468463826658,0.8682454969979987,1.0005727275846623
letter,tanh,102,50,0.006736983606477086,0.8862467866323908,0.00781310345556739,0.8682454969979987,1.000000200995606
letter,tanh,102,51,0.006835996860774898,0.8823907455012854,0.007901545904389799,0.8629086057371581,1.0031190139029031
letter,tanh,102,52,0.006673567515375528,0.8858183376178235,0.007858739673052778,0.8629086057371581,1.0040046566214158
letter,tanh,102,53,0.006615497266803725,0.8854612967723507,0.007756540101566728,0.8645763842561708,1.0020402086456843
letter,tanh,102,54,0.006575589364866571,0.8866038274778635,0.007780096470838041,0.8649099399599733,1.0000002489986797
letter,tanh,102,55,0.006513597128814336,0.887460725506998,0.0076770769444826645,0.866577718478986,1.0000610113834958
letter,tanh,102,56,0.006454931979689589,0.8883176235361325,0.007615993441354157,0.8692461641094062,0.999906763433192
letter,tanh,102,57,0.006462826311918393,0.8877463581833762,0.007767155082427395,0.8659106070713809,1.0025752786611322
letter,tanh,102,58,0.006418116793846305,0.8896743787489289,0.007632845378961063,0.8705803869246164,1.0028048688708824
letter,tanh,102,59,0.00633589837828607,0.8920308483290489,0.007618458338546605,0.8705803869246164,1.0000318397806378
letter,tanh,102,60,0.006323140348247934,0.8922450728363325,0.0076410797863128484,0.8675783855903936,1.0009938173879844
letter,tanh,103,1,0.03606434488917724,0.15602684947157955,0.03602028930373532,0.1561040693795864,1.0018402397204456
letter,tanh,103,2,0.033051858666690005,0.26471008283347613,0.03309352011941988,0.2658438959306204,1.0300009986901684
letter,tanh,103,3,0.02922739406136552,0.39895744073121964,0.029335378577170404,0.39659773182121416,1.0005662365439132
letter,tanh,103,4,0.024322248516303765,0.5256355327049415,0.024460902097036795,0.5296864576384256,1.0023256660191828
letter,tanh,103,5,0.021650982467871775,0.573050556983719,0.0218477435063043,0.5787191460973983,1.0002640018604756
letter,tanh,103,6,0.019610570727127265,0.6130391316766638,0.01988632003637894,0.6130753835890593,1.0003099160177094
letter,tanh,103,7,0.018508174682679863,0.6329620108540417,0.01882562515607829,0.632755170113409,1.000007580711765
letter,tanh,103,8,0.017563655463399868,0.6595972579263067,0.017991060621662464,0.652101400933956,1.0004185992482177
letter,tanh,103,9,0.016819389898939,0.6709511568123393,0.017258855299776478,0.6657771847898599,1.0000015262656399
letter,tanh,103,10,0.015849022351704867,0.7082262210796915,0.016366241666676187,0.7031354236157439,1.004787952702753
letter,tanh,103,11,0.014631785508072261,0.7221508140531276,0.01524210691531202,0.71447631754503,1.0002386726435666
letter,tanh,103,12,0.012772199050105893,0.7701371036846615,0.013523357942289245,0.7645096731154103,1.0007397008813843
letter,tanh,103,13,0.011863444963735936,0.791702370751214,0.012597013649140239,0.7808539026017345,1.0023304435339213
letter,tanh,103,14,0.011305743433045842,0.7987003713224793,0.012086455890316724,0.7885256837891927,1.000332758576073
letter,tanh,103,15,0.011146601106193837,0.8008426163953156,0.011923613750750727,0.7911941294196131,1.000149872464574
letter,tanh,103,16,0.01073263301370466,0.8065552699228792,0.011463860906256408,0.7985323549032688,1.0000056779015736
letter,tanh,103,17,0.010474170548093709,0.8071979434447301,0.011206777395312725,0.7981987991994663,1.0000613173686965
letter,tanh,103,18,0.010299465248277266,0.8106969437303627,0.011042214374700498,0.8002001334222815,1.0004637834366177
letter,tanh,103,19,0.010165278405119564,0.8112682090831191,0.010878559797242643,0.8052034689793195,1.0006815258743647
letter,tanh,103,20,0.009989143145757697,0.8149814338760354,0.0107425732188626,0.804869913275517,1.0000602651378412
letter,tanh,103,21,0.009863480461244132,0.8171950871179663,0.010683572101041932,0.804869913275517,1.0025718021417265
letter,tanh,103,22,0.00976291101207325,0.8171950871179663,0.010600278783865096,0.8065376917945297,1.0000438259831215
letter,tanh,103,23,0.009585557627938925,0.8213367609254498,0.010444824619588018,0.8108739159439626,1.0000038233646078
letter,tanh,103,24,0.009516462742940247,0.8226935161382463,0.010326936610882706,0.8095396931287525,1.0009087272043682
letter,tanh,103,25,0.009426954700501049,0.824764353041988,0.010224070533361995,0.8112074716477652,1.000036160429328
letter,tanh,103,26,0.009329650213920723,0.8259068837475008,0.010099545148423861,0.8128752501667779,1.0006146521737351
letter,tanh,103,27,0.009158393514072107,0.8278349043130534,0.009981247003889374,0.8168779186124083,1.0001739485777237
letter,tanh,103,28,0.009122036396486208,0.8301199657240789,0.009946268183088301,0.8148765843895931,0.9999888852965652
letter,tanh,103,29,0.00896560914986034,0.8322622107969152,0.009837981666244876,0.8168779186124083,1.000003063898571
letter,tanh,103,30,0.008983002300004449,0.8322622107969152,0.009777539622259171,0.8212141427618412,1.0095310380890519
letter,tanh,103,31,0.008830134123741113,0.8331905169951442,0.009706530347633711,0.8228819212808539,1.0000013493785378
letter,tanh,103,32,0.00875139754546738,0.8355469865752642,0.009619350417367653,0.824216144096064,1.0000105859695612
letter,tanh,103,33,0.00873162188162855,0.835261353898886,0.009629695188135496,0.8238825883922615,0.9999952781162037
letter,tanh,103,34,0.00898013126385443,0.8342616395315624,0.009827397338427362,0.8238825883922615,1.0006868031089384
letter,tanh,103,35,0.008932303460784989,0.8334761496715224,0.009837468008278465,0.8205470313542361,0.9999922082312896
letter,tanh,103,36,0.008371107647897657,0.8661810911168237,0.009281228407528173,0.8519012675116745,1.0005133964407988
letter,tanh,103,37,0.008213215348567095,0.8523993144815767,0.00920636111902813,0.8362241494329553,1.0000618422632397
letter,tanh,103,38,0.007920369795219614,0.860039988574693,0.008867725731491926,0.8452301534356238,1.0000329738655682
letter,tanh,103,39,0.007746613251431991,0.863324764353042,0.008709262006066296,0.8485657104736491,1.000016888873556
letter,tanh,103,40,0.00758048825546608,0.8688231933733219,0.008503244153262184,0.8512341561040694,1.0048890600009657
letter,tanh,103,41,0.007345513283930573,0.8724650099971437,0.008306987120600668,0.85657104736491,1.0010331345593961
letter,tanh,103,42,0.007217088582239291,0.8733933161953727,0.008175594656701347,0.8575717144763175,1.0104883392776811
letter,tanh,103,43,0.007187166146934022,0.8750357040845472,0.008162361304060504,0.8632421614409607,1.0000047824409102
letter,tanh,103,44,0.007072365072793824,0.8763924592973437,0.008057229628851787,0.8609072715143429,1.001100695605732
letter,tanh,103,45,0.00705344348130151,0.8760354184518709,0.008050503286193708,0.8585723815877252,1.0006056766244247
letter,tanh,103,46,0.007044328797653925,0.8771065409882891,0.007939956828401177,0.8619079386257505,1.000043378555337
letter,tanh,103,47,0.006969298952741189,0.878677520708369,0.007941946990573379,0.8609072715143429,1.0000593749548314
letter,tanh,103,48,0.0069363938614761984,0.8783918880319909,0.007907061266741832,0.861574382921948,0.9999935699174439
letter,tanh,103,49,0.006826870349934523,0.8786061125392745,0.0078264658021256,0.8625750500333556,0.9999997520817433
letter,tanh,103,50,0.006768576481635938,0.8806055412739218,0.007783551052603887,0.8642428285523682,1.0000008393451503
letter,tanh,103,51,0.006787068361697473,0.8798914595829763,0.007857698467356518,0.8662441627751835,1.0006924922179028
letter,tanh,103,52,0.006728637467752806,0.8819622964867181,0.007741479580716027,0.8662441627751835,0.9999186229259694
letter,tanh,103,53,0.006722676437089716,0.8815338474721508,0.007728327936618482,0.8642428285523682,0.9999989072690442
letter,tanh,103,54,0.006645035912937475,0.8827477863467581,0.007642216699307237,0.8675783855903936,1.000025449639209
letter,tanh,103,55,0.006618047151025026,0.8828191945158527,0.007663483986428651,0.8635757171447632,1.0008901161714074
letter,tanh,103,56,0.0066345708739023665,0.8822479291630962,0.007660868126632691,0.8669112741827886,0.9987134101487122
letter,tanh,103,57,0.0065107464381269015,0.8833190516995144,0.007531380306293296,0.8695797198132088,1.0007026720307421
letter,tanh,103,58,0.006660338318803377,0.8825335618394744,0.007713321702199678,0.8675783855903936,0.9984887010251033
letter,tanh,103,59,0.0064654409021812805,0.884175949728649,0.007516984641640768,0.872248165443629,1.0001321231830076
letter,tanh,103,60,0.006485649873458068,0.8856041131105399,0.007535836423860206,0.8682454969979987,1.0004094379104944
letter,tanh,104,1,0.03607932706645122,0.13189088831762352,0.03611286133891022,0.13008672448298866,1.0046653732282074
letter,tanh,104,2,0.032798846010016064,0.29420165666952297,0.03277626863947622,0.2938625750500334,1.002262656331437
letter,tanh,104,3,0.02876556427551292,0.40488431876606684,0.02866543973114032,0.4066044029352902,1.0056348750347908
letter,tanh,104,4,0.026165400283376928,0.44608683233361895,0.02624936549082388,0.447631754503002,1.0006534381534875
letter,tanh,104,5,0.024376563554181538,0.49892887746358183,0.024493603480042977,0.4983322214809873,1.0001109681931073
letter,tanh,104,6,0.023568927125821083,0.5090688374750071,0.02378070399640553,0.5056704469646431,1.0001228998566223
letter,tanh,104,7,0.020417005910754363,0.6005427020851185,0.020631732006018987,0.5993995997331555,1.0002721746155327
letter,tanh,104,8,0.018879565100732246,0.6358183376178235,0.019134955575272592,0.6374249499666444,1.0021417058603175
letter,tanh,104,9,0.016793756694745945,0.682447872036561,0.017047442661022035,0.6831220813875917,1.0057568584303769
letter,tanh,104,10,0.013892046557571794,0.7531419594401599,0.01445022294446444,0.7494996664442962,1.0002256785192931
letter,tanh,104,11,0.01208005957419586,0.7999143101970866,0.012693468807052648,0.7918612408272181,1.0003491300656053
letter,tanh,104,12,0.011002235505010711,0.8180519851471009,0.011527807293971572,0.8145430286857905,1.0000886817944354
letter,tanh,104,13,0.010514493601326403,0.8229791488146244,0.011077999704584455,0.8208805870580387,1.0036640198659648
letter,tanh,104,14,0.01018090926222538,0.8281205369894316,0.010762681299899742,0.819212808539026,1.0000104720154404
letter,tanh,104,15,0.00981024172720171,0.831191088260497,0.01036386496725095,0.8258839226150767,1.0007360350257632
letter,tanh,104,16,0.009423655628382113,0.8383319051699515,0.010012773928543373,0.8298865910607072,1.0020221897474686
letter,tanh,104,17,0.00924614928659795,0.8411168237646387,0.009800593430282797,0.8338892595063375,1.0009079679807014
letter,tanh,104,18,0.00897647647374644,0.8461868037703514,0.00955483073094123,0.8422281521014009,1.0022675605067919
letter,tanh,104,19,0.008749857250278355,0.8513281919451585,0.009387678872507098,0.8425617078052035,1.0000000205079602
letter,tanh,104,20,0.008675150272215378,0.8494715795487003,0.009289948253489243,0.8408939292861908,1.0000019162609015
letter,tanh,104,21,0.008457972959035514,0.8548271922307912,0.00909193507250508,0.8458972648432288,1.0001367658560891
letter,tanh,104,22,0.008362174756609357,0.8558269065981148,0.009007276077488455,0.8515677118078719,1.0008405762596833
letter,tanh,104,23,0.008148521566331805,0.8596115395601257,0.008831592171004989,0.8519012675116745,1.000374302186057
letter,tanh,104,24,0.00836489833929291,0.8575407026563839,0.008993960090522071,0.8492328218812542,1.000773282226744
letter,tanh,104,25,0.008107847698181828,0.8613253356183947,0.008816047649120895,0.8529019346230821,1.0001296953741805
letter,tanh,104,26,0.007939070395395537,0.8631819480148529,0.00863935596038644,0.8562374916611074,1.0006826883417075
letter,tanh,104,27,0.007834644507942976,0.8656098257640674,0.008559436391295798,0.8589059372915276,1.0000022892190392
letter,tanh,104,28,0.0077227151129858375,0.8669665809768637,0.008446499625518173,0.8589059372915276,0.9999471596185697
letter,tanh,104,29,0.007776337643639634,0.8678948871750928,0.008471268665623482,0.8602401601067379,1.000008806883876
letter,tanh,104,30,0.007612004357288794,0.870536989431591,0.008349218070209522,0.8599066044029353,1.0000510643369716
letter,tanh,104,31,0.007500057127691246,0.8729648671808055,0.008203633562646563,0.8605737158105403,1.0001778900303808
letter,tanh,104,32,0.007343074708555715,0.8745358469008855,0.008105049199243607,0.8629086057371581,1.0013201731322632
letter,tanh,104,33,0.007286531243117527,0.8770351328191945,0.008071254241952885,0.866577718478986,1.0000582402852454
letter,tanh,104,34,0.007209238375426619,0.8781062553556127,0.008035971347155819,0.8675783855903936,1.0000326498982914
letter,tanh,104,35,0.007229384349265738,0.8768209083119108,0.008106082570736577,0.8639092728485657,0.9993638789584693
letter,tanh,104,36,0.006993487118733138,0.8816766638103399,0.007864372392048954,0.8675783855903936,0.9999999963715136
letter,tanh,104,37,0.006932369765586253,0.8826763781776635,0.007797841949148247,0.8699132755170114,1.0000303501998384
letter,tanh,104,38,0.006889456361345919,0.88246215367038,0.0077872903368335425,0.8689126084056037,1.0012880917254676
letter,tanh,104,39,0.0068181734107900255,0.8839617252213653,0.007804441323356177,0.8732488325550367,0.9999970925310727
letter,tanh,104,40,0.006717447755689548,0.8850328477577835,0.007652133180267825,0.872248165443629,0.9999962336534184
letter,tanh,104,41,0.006717207881825294,0.8849614395886889,0.007648629253709287,0.872248165443629,1.0014600208452893
letter,tanh,104,42,0.006639203426435071,0.8888888888888888,0.0076401784789403415,0.872248165443629,0.9997673410436998
letter,tanh,104,43,0.006580033016726904,0.8884604398743217,0.0075968898888811595,0.8732488325550367,0.9994494005572641
letter,tanh,104,44,0.006520040222062174,0.8876035418451871,0.0074835712728499,0.8749166110740494,1.0000741743242902
letter,tanh,104,45,0.006479734777015095,0.8886032562125107,0.007562186339009994,0.8755837224816544,1.000490363595597
letter,tanh,104,46,0.006415714197831395,0.8911025421308197,0.007455954891607319,0.8765843895930621,1.0000019241955673
letter,tanh,104,47,0.0064166141388775425,0.8905312767780634,0.007475338525870806,0.8745830553702468,1.0000681088977708
letter,tanh,104,48,0.00632499920669475,0.8904598686089689,0.007417065170639029,0.8709139426284189,1.0001398370905652
letter,tanh,104,49,0.006297259387103857,0.8916023993144816,0.007371623581449789,0.8729152768512342,0.9999999408510405
letter,tanh,104,50,0.006269016462045457,0.8924592973436161,0.007387383130852144,0.8735823882588393,1.0004069211420161
letter,tanh,104,51,0.006286858066406192,0.8927449300199943,0.007313067280020538,0.8805870580386924,0.9999791718688615
letter,tanh,104,52,0.006194310645244031,0.8922450728363325,0.007296659828002471,0.8762508338892595,1.000240326949372
letter,tanh,104,53,0.006178734119958166,0.8918880319908598,0.007312095776145299,0.8742494996664443,0.9995902985209871
letter,tanh,104,54,0.006189552063295695,0.8931733790345615,0.0073046375774795825,0.8765843895930621,1.000621339679848
letter,tanh,104,55,0.006134793693882762,0.8936732362182234,0.007287088598088374,0.875917278185457,1.0001884718223941
letter,tanh,104,56,0.006122106016069762,0.8931733790345615,0.007270869140038832,0.8775850567044696,1.0000056136151565
letter,tanh,104,57,0.00610631276257013,0.8934590117109398,0.007270805783696725,0.8742494996664443,1.0003959262718798
letter,tanh,104,58,0.006066089013999553,0.8945301342473579,0.007203608327554489,0.8765843895930621,0.999998765431918
letter,tanh,104,59,0.005987769179402306,0.8955298486146815,0.007189367316845654,0.8782521681120747,0.9999751642049644
letter,tanh,104,60,0.0059619287861305435,0.8965295629820051,0.007171933364455095,0.8792528352234823,0.9999641287666203
letter,tanh,105,1,0.0349014727638896,0.18223364752927734,0.034965237041367406,0.1781187458305537,1.0043967366222433
letter,tanh,105,2,0.0310769752987795,0.3082690659811482,0.031099124977280044,0.3072048032021348,1.0026038053733446
letter,tanh,105,3,0.02788995711479734,0.40538417594972864,0.02792487118823587,0.4122748498999333,1.0029606880674071
letter,tanh,105,4,0.024772599875499436,0.5061411025421308,0.024777052042038453,0.5040026684456305,1.0025117828983208
letter,tanh,105,5,0.02274603011016463,0.5389888603256212,0.02282357345221083,0.533689126084056,1.002601806601314
letter,tanh,105,6,0.02054907629764634,0.6192516423878892,0.020802069160802055,0.6130753835890593,1.0014732944121603
letter,tanh,105,7,0.017520161682316408,0.6652385032847757,0.017937679510361272,0.6551034022681788,1.0001227284679224
letter,tanh,105,8,0.016281968846173448,0.7045129962867752,0.016888208803883413,0.6967978652434956,1.0000206958866555
letter,tanh,105,9,0.01521633892472984,0.7146529562982005,0.015940555939600774,0.7071380920613742,1.0005632669126396
letter,tanh,105,10,0.014507567240160637,0.7271493858897458,0.01520175390635395,0.718812541694463,1.0000851683155223
letter,tanh,105,11,0.013207314853844639,0.7592830619822908,0.014000814328996594,0.7471647765176784,1.0002001357687478
letter,tanh,105,12,0.012734073027235625,0.762067980576978,0.01359987887705971,0.7484989993328885,1.0002459805789388
letter,tanh,105,13,0.011463295202931963,0.7953441873750356,0.0123178899408685,0.7828552368245497,1.0026578559490575
letter,tanh,105,14,0.010973952286968309,0.8028420451299628,0.011770577487042223,0.7901934623082054,1.000971429137655
letter,tanh,105,15,0.009780270798165723,0.8320479862896315,0.010581596538963204,0.8195463642428286,1.0000006872403804
letter,tanh,105,16,0.00947266786207408,0.8364038846043987,0.010326604340003744,0.8272181454302868,1.0000523998843347
letter,tanh,105,17,0.009155538464370963,0.8433304770065696,0.010047956866760225,0.83288859239493,1.0001405985247551
letter,tanh,105,18,0.008937377607556344,0.8454727220794059,0.009759644903066461,0.8338892595063375,0.9999419595520045
letter,tanh,105,19,0.00883137230885504,0.8474721508140531,0.009764334128369119,0.8322214809873248,1.0004070234665525
letter,tanh,105,20,0.008583398915843346,0.8503998857469295,0.009448157393331711,0.8385590393595731,1.0001919602639273
letter,tanh,105,21,0.008467051201796489,0.8516852327906312,0.00934406289686487,0.8375583722481654,1.00007030321219
letter,tanh,105,22,0.0082951815106663,0.8538988860325621,0.009122641778071936,0.8458972648432288,1.0002443379622745
letter,tanh,105,23,0.008138075675002021,0.8572550699800057,0.00897536500790411,0.8502334889926618,1.0001185746679528
letter,tanh,105,24,0.008017512432472859,0.8591830905455584,0.00889276467244243,0.8485657104736491,1.0002152787503977
letter,tanh,105,25,0.007859091764857846,0.8615395601256783,0.008753875146674011,0.8529019346230821,1.000733485294575
letter,tanh,105,26,0.00794790191577893,0.8597543558983147,0.008888586918962911,0.8502334889926618,1.0001477153255118
letter,tanh,105,27,0.0077223368417275815,0.8636103970294202,0.008558976138998729,0.8562374916611074,1.0006945741459405
letter,tanh,105,28,0.007611029552613718,0.8644672950585547,0.008445706811401443,0.85657104736491,1.000113885726064
letter,tanh,105,29,0.007574634658859952,0.8666809483004856,0.008491513013991186,0.8555703802535023,1.0000022517476106
letter,tanh,105,30,0.007416086915491953,0.8681091116823765,0.008363083037063677,0.8559039359573049,0.9999745463762589
letter,tanh,105,31,0.007379612860995062,0.8699657240788347,0.008359994232137976,0.857238158772515,1.0000910702151669
letter,tanh,105,32,0.007307091695520119,0.8708226221079691,0.0082583254551083,0.8575717144763175,0.9999227021248179
letter,tanh,105,33,0.007239369124177827,0.8720365609825764,0.008195440642908013,0.8582388258839226,0.9998783784018808
letter,tanh,105,34,0.007145974119374457,0.8728934590117109,0.008090159310656053,0.8555703802535023,1.0000524138934799
letter,tanh,105,35,0.007145629196144658,0.8745358469008855,0.008130217490493946,0.857238158772515,1.0002405126703806
letter,tanh,105,36,0.007035041114428849,0.8768209083119108,0.008030726838600928,0.8619079386257505,0.999997447624006
letter,tanh,105,37,0.006989855061948628,0.87539274493002,0.007929267691291509,0.8629086057371581,1.0002280894650692
letter,tanh,105,38,0.007145088623458777,0.8756069694373037,0.008093475365345585,0.8645763842561708,1.0000202300653718
letter,tanh,105,39,0.006996280162862156,0.8772493573264781,0.008003523016192237,0.8655770513675783,1.000528517622906
letter,tanh,105,40,0.006958916834764525,0.877892030848329,0.007971005072615523,0.862241494329553,1.0001983245834105
letter,tanh,105,41,0.006862238978976831,0.8781776635247073,0.007851995720546588,0.8652434956637759,0.9999999532709054
letter,tanh,105,42,0.006798062959272842,0.8803913167666381,0.007855238241701,0.8662441627751835,1.000005922206299
letter,tanh,105,43,0.006759547992108666,0.8805341331048272,0.0078050019953416275,0.8655770513675783,1.0004328719244857
letter,tanh,105,44,0.006787230627396899,0.8804627249357326,0.007820272964454467,0.8632421614409607,1.0007433074919738
letter,tanh,105,45,0.006677146320924886,0.8831762353613254,0.007687050790799486,0.866577718478986,1.0000363823536214
letter,tanh,105,46,0.0066393756161796935,0.8844615824050271,0.0076305500032549396,0.8685790527018012,1.0003274742909394
letter,tanh,105,47,0.00661985121919984,0.8839617252213653,0.0076198512874764745,0.8692461641094062,1.0016764475233937
letter,tanh,105,48,0.006515175844655842,0.8856755212796343,0.0075676872360438685,0.8689126084056037,0.9999958430849774
letter,tanh,105,49,0.006528848423352033,0.8838903170522708,0.007602491241130927,0.8652434956637759,1.0000000937132807
letter,tanh,105,50,0.006450634341582568,0.8856041131105399,0.007482166135194293,0.8692461641094062,1.000001939299599
letter,tanh,105,51,0.006426816896512603,0.8861039702942016,0.0074668941225586455,0.8692461641094062,0.9999980112714022
letter,tanh,105,52,0.006365285229666176,0.8875321336760925,0.007442995082667332,0.8705803869246164,1.001139867691038
letter,tanh,105,53,0.006406125569049329,0.8876035418451871,0.007538171744082554,0.8669112741827886,1.025546340490937
letter,tanh,105,54,0.006322824414939855,0.8880319908597544,0.007444902172641728,0.8705803869246164,0.999998824721272
letter,tanh,105,55,0.006286231467150649,0.8881033990288489,0.007422053641499452,0.8699132755170114,0.9999455186221273
letter,tanh,105,56,0.006265201500938917,0.8881748071979434,0.007369801559342634,0.8739159439626417,1.007540227140882
letter,tanh,105,57,0.006188004117148166,0.889960011425307,0.007338894384286356,0.872248165443629,1.0219126906402698
letter,tanh,105,58,0.006196109195123779,0.8888174807197944,0.007367875379246386,0.8712474983322215,1.000130361908645
letter,tanh,105,59,0.0061892883986659,0.8896029705798343,0.007326614483301947,0.8729152768512342,1.0051834512504911
letter,tanh,105,60,0.006150889532941986,0.8901742359325907,0.007359021132590445,0.8695797198132088,0.9995128881232853
letter,tanh,106,1,0.035898980367170354,0.18716081119680092,0.035852340026174066,0.19079386257505004,1.0057559567947894
letter,tanh,106,2,0.031542831321565275,0.28227649243073405,0.03158888667312314,0.28385590393595733,1.0002314253972349
letter,tanh,106,3,0.028739618389722298,0.37475007140816907,0.028824966620362127,0.37591727818545695,1.0032887003659154
letter,tanh,106,4,0.024460133463926538,0.49671522422165093,0.02465927716163995,0.4903268845897265,1.0004088414559487
letter,tanh,106,5,0.021924986204297635,0.5636960868323336,0.02214598504728404,0.5560373582388258,1.0697081987610781
letter,tanh,106,6,0.020143868527437908,0.5963296201085404,0.02046949193028018,0.5907271514342896,1.0000962501439907
letter,tanh,106,7,0.01901576036221481,0.6461725221365324,0.01933137197081317,0.6370913942628419,1.0092560973419058
letter,tanh,106,8,0.016321349470007882,0.7089403027706369,0.016740193209189114,0.700133422281521,1.0000405412233602
letter,tanh,106,9,0.014889281055398296,0.7332904884318766,0.015269382811045276,0.7304869913275517,1.0005341878398242
letter,tanh,106,10,0.013896681854109956,0.7458583261925165,0.01435283251906809,0.7418278852568378,1.0006682341059272
letter,tanh,106,11,0.01327260517789777,0.7582119394458726,0.013769303612226037,0.7458305537024683,1.0008137396252026
letter,tanh,106,12,0.012949051147459971,0.7634961439588689,0.013481117581564003,0.7515010006671115,1.000027392602752
letter,tanh,106,13,0.012564023399077204,0.7729220222793488,0.013094953513650214,0.7615076717811875,1.0032237606938066
letter,tanh,106,14,0.012093378616750741,0.7770636960868323,0.012660893938952115,0.766844563042028,1.0008148927707277
letter,tanh,106,15,0.01176430136668498,0.7859183090545558,0.012383611549160173,0.7755170113408939,1.0001728982829445
letter,tanh,106,16,0.010748861424366757,0.8090545558411882,0.011266862426753165,0.8038692461641094,1.0043540543998815
letter,tanh,106,17,0.010281886700065204,0.8179805769780063,0.0108024113442345,0.8078719146097398,1.0002072825835429
letter,tanh,106,18,0.009992446517736462,0.8239074550128535,0.010581577033087661,0.8172114743162108,1.0034066325195008
letter,tanh,106,19,0.009735949603366649,0.8290488431876607,0.010250598385517012,0.8262174783188793,1.0000006942028046
letter,tanh,106,20,0.009232707279479118,0.8417594972864896,0.009888598599858106,0.8368912608405604,1.0004605434758282
letter,tanh,106,21,0.008869223619694652,0.8489717223650386,0.009490527240688596,0.842895263509006,1.0000765188446223
letter,tanh,106,22,0.008739951070465627,0.8517566409597258,0.009393412933522693,0.8438959306204136,1.000144098722048
letter,tanh,106,23,0.00843112131074337,0.8565409882890602,0.009086689251707204,0.847898599066044,1.0000097590477603
letter,tanh,106,24,0.008319796658352705,0.8581119680091402,0.008983035823380893,0.8525683789192795,1.0000055084430106
letter,tanh,106,25,0.008200803849518318,0.8613967437874893,0.008943845764323517,0.8502334889926618,1.0000224286685881
letter,tanh,106,26,0.008091012184180063,0.8610397029420166,0.008835235741684211,0.8509006004002668,1.0009615441670692
letter,tanh,106,27,0.007959613990582377,0.8640388460439874,0.008690472609869961,0.8545697131420947,1.0000000412625416
letter,tanh,106,28,0.00785271595422848,0.8671093973150529,0.008654384766373858,0.8532354903268846,1.0005625934916014
letter,tanh,106,29,0.007644236076345556,0.8701085404170237,0.008460636660473414,0.8605737158105403,1.000356335671391
letter,tanh,106,30,0.007691942706938359,0.8704655812624964,0.008566092418463948,0.857238158772515,1.001577420522377
letter,tanh,106,31,0.007493065511067969,0.8723936018280491,0.00833063214310094,0.861574382921948,1.0000256382927741
letter,tanh,106,32,0.007442803887978742,0.8748928877463582,0.008273641529849225,0.8642428285523682,1.0012573148639372
letter,tanh,106,33,0.0072703344457193475,0.8774635818337618,0.008156473016168961,0.8645763842561708,1.0350661228971567
letter,tanh,106,34,0.007238491879629486,0.8774635818337618,0.008156296303557665,0.8632421614409607,1.0000372930477683
letter,tanh,106,35,0.007109695609036006,0.8801056840902599,0.00800939536594345,0.8685790527018012,1.0003581020719436
letter,tanh,106,36,0.007027502585470448,0.8818908883176235,0.00801837993288873,0.8639092728485657,1.0000131512366608
letter,tanh,106,37,0.006933092374569667,0.883390459868609,0.007885636518851206,0.8692461641094062,0.9999960965774577
letter,tanh,106,38,0.006933022990390211,0.8840331333904599,0.007852962470568674,0.8712474983322215,0.999870478990213
letter,tanh,106,39,0.0067956142467078704,0.8863181948014853,0.007763857264886223,0.8739159439626417,1.0002001148672373
letter,tanh,106,40,0.006798647500398781,0.8858183376178235,0.007690518074311563,0.8742494996664443,0.9999985141421465
letter,tanh,106,41,0.006764572489920692,0.8881033990288489,0.007735475737674121,0.8732488325550367,1.0101451515159037
letter,tanh,106,42,0.006679811757021549,0.8871036846615252,0.0076051478909423265,0.875917278185457,1.0000373244091025
letter,tanh,106,43,0.0065789685776310725,0.8900314195944016,0.007573975138481904,0.872248165443629,1.0211475481848453
letter,tanh,106,44,0.006597678818001562,0.8892459297343616,0.007605324859112984,0.8735823882588393,0.9999994820895831
letter,tanh,106,45,0.0065412972619988095,0.8896743787489289,0.007599791582411298,0.8729152768512342,1.0008721799886926
letter,tanh,106,46,0.006490520942018532,0.8901028277634961,0.007438127077930218,0.875250166777852,0.9999995835132235
letter,tanh,106,47,0.00640278216889597,0.8917452156526706,0.007367734891472812,0.8769179452968646,0.999887309370025
letter,tanh,106,48,0.006338046204425651,0.8929591545272779,0.007333989869928454,0.8762508338892595,1.000038572445053
letter,tanh,106,49,0.006322122961191594,0.8941016852327907,0.007276261422519164,0.8789192795196797,0.9836196221558543
letter,tanh,106,50,0.006247242697700949,0.8950299914310197,0.007275002639757049,0.8799199466310874,0.9793252947881248
letter,tanh,106,51,0.006261757131208057,0.8948871750928307,0.007216688343679095,0.8789192795196797,0.9996475319699364
letter,tanh,106,52,0.00623162404272356,0.8948157669237361,0.007234369875529059,0.8799199466310874,0.9999991725050428
letter,tanh,106,53,0.006145046076729103,0.8966009711510997,0.007162651635786585,0.8825883922615076,0.9998766897880238
letter,tanh,106,54,0.006193142096471875,0.8960297057983433,0.007209240948698315,0.8812541694462975,1.0000313320976397
letter,tanh,106,55,0.006100536418671824,0.8967437874892887,0.007132144994837193,0.8822548365577051,1.0000071370777974
letter,tanh,106,56,0.0060211396530027664,0.8968151956583833,0.007047339779888776,0.8799199466310874,1.0000043183075424
letter,tanh,106,57,0.006049211265751817,0.897957726363896,0.00704883832539225,0.8855903935957304,1.000024749951966
letter,tanh,106,58,0.006035034230655334,0.897029420165667,0.007022358116655186,0.88025350233489,0.9997549031823219
letter,tanh,106,59,0.006399231462984331,0.8886746643816053,0.007482218133697126,0.8719146097398266,0.9999231620037394
letter,tanh,106,60,0.006156952760131702,0.8952442159383034,0.0072200573102493846,0.8785857238158773,1.0000358981995738
letter,tanh,107,1,0.034076414572239574,0.2551413881748072,0.034255312736315706,0.24416277518345564,1.00858793455456
letter,tanh,107,2,0.030975264393176653,0.3254070265638389,0.031431191117857755,0.3205470313542362,1.0005740692854477
letter,tanh,107,3,0.029262760925425527,0.35254213081976576,0.029707274317275285,0.3445630420280187,1.0042008039954218
letter,tanh,107,4,0.02687076755130372,0.4351613824621537,0.02730449541967911,0.4209472981987992,1.0095384754438113
letter,tanh,107,5,0.023166143228596645,0.5182804912882034,0.023675086234395775,0.513675783855904,1.0000769447576894
letter,tanh,107,6,0.019549510223472982,0.6251071122536418,0.020143178333369326,0.6154102735156771,1.0002760800125308
letter,tanh,107,7,0.018139113910259647,0.6365324193087689,0.018795852098170016,0.6267511674449633,1.0021170332030336
letter,tanh,107,8,0.016782618647789713,0.6787346472436446,0.017451198600853077,0.6667778519012675,1.00051851306748
letter,tanh,107,9,0.014971192396423822,0.7307912025135676,0.015617415515993133,0.7221480987324883,1.0013598249319402
letter,tanh,107,10,0.014002883256415357,0.7485718366181091,0.014697943488340633,0.7351567711807871,1.0001968357800453
letter,tanh,107,11,0.013360640487536588,0.760354184518709,0.014108735479648665,0.7535023348899266,1.000356169760674
letter,tanh,107,12,0.011959219781439871,0.7924164524421594,0.012634372432869476,0.7851901267511674,1.0000003823398946
letter,tanh,107,13,0.011496718560482405,0.7959154527277921,0.012162348718256938,0.7875250166777852,1.0000817813006493
letter,tanh,107,14,0.011480205985439204,0.793416166809483,0.01216707243850394,0.7841894596397598,1.0019519312560587
letter,tanh,107,15,0.010858446148224172,0.8096258211939446,0.011567047602492752,0.799866577718479,1.0225381969581453
letter,tanh,107,16,0.010120371297866158,0.830405598400457,0.01078149824033877,0.8188792528352234,1.0037713562467152
letter,tanh,107,17,0.009866347194814185,0.8334761496715224,0.01059657479635726,0.8225483655770514,1.000013580317141
letter,tanh,107,18,0.009442867974228178,0.8396886603827478,0.01023634795744154,0.8232154769846565,1.0007140993976722
letter,tanh,107,19,0.009198960809086222,0.8419737217937732,0.0099789755454313,0.8298865910607072,1.000034080117859
letter,tanh,107,20,0.009021405217461033,0.8446158240502714,0.009812541237254993,0.8335557038025351,1.0003572167083286
letter,tanh,107,21,0.00880718988077091,0.8469008854612968,0.009555825804757225,0.8362241494329553,1.0000386316861378
letter,tanh,107,22,0.00865284443679339,0.848114824335904,0.009446607537353022,0.8362241494329553,1.000026912258597
letter,tanh,107,23,0.008474800316166401,0.8511853756069694,0.009270857868518103,0.8412274849899933,1.0000493800292019
letter,tanh,107,24,0.008375223362844688,0.8530419880034276,0.009180006614823344,0.8405603735823882,1.000018917632294
letter,tanh,107,25,0.0082267443669035,0.8555412739217366,0.009028772299681732,0.8438959306204136,1.0002515132258427
letter,tanh,107,26,0.008092344526076019,0.8590402742073693,0.008910881337831146,0.8465643762508339,0.9999866323190733
letter,tanh,107,27,0.0079660092685675,0.8618966009711511,0.008727161231046202,0.8495663775850567,1.0000015924967436
letter,tanh,107,28,0.007869589289826501,0.862539274493002,0.008651833830055427,0.8509006004002668,1.0001749786713188
letter,tanh,107,29,0.007780723743784172,0.8633961725221365,0.008609641131720063,0.8509006004002668,1.0000003756190314
letter,tanh,107,30,0.007756338571520795,0.8643958868894601,0.00860896048762595,0.8539026017344896,0.9998501050635302
letter,tanh,107,31,0.007543958807336532,0.8680377035132819,0.008356963249311376,0.8552368245496998,0.9998874185638397
letter,tanh,107,32,0.007526658811545259,0.8678948871750928,0.008328962022230168,0.8585723815877252,1.0004472278910113
letter,tanh,107,33,0.0074430430054500596,0.8691088260497001,0.008219371186446616,0.8599066044029353,0.9996994826931968
letter,tanh,107,34,0.007341689431560438,0.8720365609825764,0.008111202168314905,0.8595730486991328,1.008511775484106
letter,tanh,107,35,0.007272033919386766,0.8726792345044273,0.008067690402967344,0.8582388258839226,0.9998810276789795
letter,tanh,107,36,0.007106325354744482,0.8748214795772636,0.007884833859512969,0.8632421614409607,0.9999964054927893
letter,tanh,107,37,0.007075232858077281,0.8731790916880892,0.007821443264400206,0.8652434956637759,0.9998634173267457
letter,tanh,107,38,0.006975943772927222,0.8773921736646673,0.007751535781743029,0.8655770513675783,0.999999705723981
letter,tanh,107,39,0.006950356394335377,0.8764638674664381,0.007716036937043002,0.867244829886591,1.0000051862657349
letter,tanh,107,40,0.006884622329306483,0.8781776635247073,0.007665979292000383,0.8699132755170114,1.0044909915902789
letter,tanh,107,41,0.006822215414513292,0.8787489288774636,0.007636151900813738,0.8695797198132088,1.0000171090403616
letter,tanh,107,42,0.0068231392483637035,0.8797486432447872,0.007592160982582524,0.8689126084056037,0.999967645583411
letter,tanh,107,43,0.0066864180899264035,0.8818908883176235,0.0074561190721177195,0.8725817211474316,1.0004220967930706
letter,tanh,107,44,0.006632137260898142,0.8823193373321908,0.007463096579484913,0.8719146097398266,1.0001256618168468
letter,tanh,107,45,0.006567108178877476,0.8836760925449871,0.007406817000068439,0.8742494996664443,0.9984776368833773
letter,tanh,107,46,0.006551788031856237,0.8828906026849471,0.007369266750614632,0.8739159439626417,1.0002466820722935
letter,tanh,107,47,0.006506149023325455,0.8848186232504999,0.007296542776362558,0.8749166110740494,1.0000101956044491
letter,tanh,107,48,0.007107604099920129,0.8793201942302199,0.00783920623458662,0.8705803869246164,1.0107503272800404
letter,tanh,107,49,0.006770452537083474,0.8822479291630962,0.00762735685494712,0.8692461641094062,0.9999826696909734
letter,tanh,107,50,0.006911911232926005,0.8804627249357326,0.007889196678908751,0.866577718478986,0.9999986096365236
letter,tanh,107,51,0.006840627837133824,0.8798200514138818,0.007752133860607023,0.8682454969979987,1.0000019263248223
letter,tanh,107,52,0.006734100342935897,0.8826763781776635,0.007627129149984877,0.8689126084056037,1.0004726461760378
letter,tanh,107,53,0.00659592231413641,0.8835332762067981,0.00756147199496964,0.8679119412941961,1.0008012906167554
letter,tanh,107,54,0.006681493447158781,0.8831048271922308,0.00759639174246257,0.8705803869246164,1.0015090116637484
letter,tanh,107,55,0.0065808308591142495,0.8839617252213653,0.007500061331196689,0.8705803869246164,0.9999910676541708
letter,tanh,107,56,0.006437292368796392,0.8856041131105399,0.007389898609061527,0.8732488325550367,1.0027287682371773
letter,tanh,107,57,0.006419970930838565,0.8855327049414453,0.007379233963313621,0.8705803869246164,1.0002582945249952
letter,tanh,107,58,0.006393875114559505,0.8857469294487289,0.007336938888300167,0.8719146097398266,0.9998933110204673
letter,tanh,107,59,0.006282591705541532,0.8876749500142816,0.0072723368350414664,0.8739159439626417,1.0000821762742786
letter,tanh,107,60,0.00623636305402241,0.888246215367038,0.007175268153197663,0.875917278185457,1.0000444844133656
letter,tanh,108,1,0.03539524761304135,0.1768780348471865,0.035405821523102586,0.180787191460974,1.108548039037581
letter,tanh,108,2,0.030745030769121908,0.3138389031705227,0.03077114755541493,0.31487658438959304,1.000966772178977
letter,tanh,108,3,0.02763252312448783,0.3933876035418452,0.027727973293591616,0.3882588392261508,1.0097567513971206
letter,tanh,108,4,0.02388433113945998,0.528991716652385,0.024069322707076114,0.5256837891927952,1.0004335415462235
letter,tanh,108,5,0.01928858634174198,0.6373893173379035,0.01952537217940855,0.632755170113409,1.0007189043114106
letter,tanh,108,6,0.01777890989222389,0.656740931162525,0.018087696715988668,0.6501000667111407,1.0000939664959085
letter,tanh,108,7,0.016413773300741133,0.6800914024564411,0.01672230479991778,0.6771180787191461,1.000128188328003
letter,tanh,108,8,0.015764599223088652,0.6902313624678663,0.016126554330469466,0.685790527018012,1.0015189374542046
letter,tanh,108,9,0.015079266053808094,0.6930876892316481,0.015405694068594879,0.6917945296864576,1.0000528382267064
letter,tanh,108,10,0.014674051250191736,0.7167952013710368,0.015083234528274887,0.7154769846564376,1.1257681216890552
letter,tanh,108,11,0.013610452223835237,0.7365038560411311,0.014044889118420877,0.733822548365577,1.0275853530372778
letter,tanh,108,12,0.013173476875138753,0.7432876321051128,0.013590431792730437,0.7401601067378252,1.0003941911514032
letter,tanh,108,13,0.012425820916573276,0.7668523279063125,0.01283875837383814,0.7601734489659773,1.0000582361008004
letter,tanh,108,14,0.011443793313139057,0.7927020851185376,0.011846062120949668,0.7935290193462308,1.0000199752071859
letter,tanh,108,15,0.01123189402943696,0.7946301056840903,0.011734276657441487,0.7941961307538359,1.000001590677663
letter,tanh,108,16,0.010207604095187568,0.828834618680377,0.01067283359635998,0.8225483655770514,1.0007643350656399
letter,tanh,108,17,0.009823415743824254,0.8294058840331334,0.010278458439670327,0.8238825883922615,1.0000187791540673
letter,tanh,108,18,0.009956066228897444,0.8262639245929735,0.0105226224219025,0.8202134756504337,0.9999990888027595
letter,tanh,108,19,0.009579774774839326,0.8321193944587261,0.010140694482352832,0.8275517011340894,1.0013218958477212
letter,tanh,108,20,0.009371634275550168,0.8362610682662096,0.009973215628547213,0.83288859239493,1.000013773859808
letter,tanh,108,21,0.009010451012223607,0.8414738646101114,0.009592567429460644,0.8368912608405604,1.0026723588421014
letter,tanh,108,22,0.008872950449973197,0.8455441302485004,0.009551263614330374,0.8375583722481654,1.0000007012343506
letter,tanh,108,23,0.008681403164057492,0.8474721508140531,0.009342322463784304,0.837891927951968,1.0000450192590147
letter,tanh,108,24,0.008578584407155143,0.8484004570122822,0.009253547278444291,0.8365577051367579,1.000031596011068
letter,tanh,108,25,0.008624169068389463,0.8513281919451585,0.009369095505464733,0.8365577051367579,0.9999989819220628
letter,tanh,108,26,0.008407961874162286,0.852970579834333,0.009183667661379173,0.842895263509006,1.000639587085919
letter,tanh,108,27,0.008290846797438972,0.8556126820908312,0.009020607351423014,0.8405603735823882,1.0011995340318387
letter,tanh,108,28,0.00809756891464531,0.859254498714653,0.008881421773056942,0.8485657104736491,1.0004975577597508
letter,tanh,108,29,0.007995345486193937,0.8594687232219366,0.008837328950707124,0.8465643762508339,1.0013408266232604
letter,tanh,108,30,0.007914807830468053,0.8607540702656384,0.008679125851710151,0.8502334889926618,1.0000177773840786
letter,tanh,108,31,0.007775931085183786,0.8636818051985147,0.008570893102908766,0.8505670446964643,1.0003597834958826
letter,tanh,108,32,0.007704473105948559,0.8642530705512711,0.008574403887739297,0.8512341561040694,1.0002475999099725
letter,tanh,108,33,0.007603567259926591,0.8647529277349328,0.008464223965895535,0.8549032688458973,1.0000096899679607
letter,tanh,108,34,0.00754376632341269,0.8668237646386746,0.008444218677106999,0.8555703802535023,0.9976884001471111
letter,tanh,108,35,0.0074434970923213115,0.8701799485861182,0.008368613971674946,0.8525683789192795,0.9999865354729761
letter,tanh,108,36,0.007595816247370665,0.8708940302770637,0.008449824092143286,0.8595730486991328,1.0000128761512355
letter,tanh,108,37,0.007787436007199606,0.8682519280205655,0.008553717653771655,0.8552368245496998,1.0002831217024932
letter,tanh,108,38,0.007561282385549805,0.8678948871750928,0.008416421886328625,0.8539026017344896,1.0001406751788482
letter,tanh,108,39,0.0074828332284956785,0.870536989431591,0.008319901009154397,0.8589059372915276,1.0000063473871659
letter,tanh,108,40,0.0072863928961156,0.8751785204227364,0.008175565981951566,0.8599066044029353,1.0003344055499523
letter,tanh,108,41,0.007697795005554936,0.8608968866038275,0.008625837325748995,0.8495663775850567,1.000085347847333
letter,tanh,108,42,0.007647248037972787,0.8616823764638675,0.008567968415794758,0.8468979319546365,1.0012737345588845
letter,tanh,108,43,0.007476601120528352,0.8637532133676092,0.008440854625793106,0.8522348232154769,1.0074062722813053
letter,tanh,108,44,0.007517178175745953,0.8628249071693802,0.008507813491550295,0.8512341561040694,1.0001319440562657
letter,tanh,108,45,0.007435610475880677,0.8631819480148529,0.008445920769864602,0.8495663775850567,1.0079284897114074
letter,tanh,108,46,0.007400893865420376,0.8649671522422165,0.008389392450627286,0.8519012675116745,1.005017823005809
letter,tanh,108,47,0.007275720795207026,0.8650385604113111,0.008300668507946517,0.8519012675116745,0.9999957597323547
letter,tanh,108,48,0.007257314566704019,0.8667523564695802,0.008293761533974391,0.8525683789192795,0.9999048201247049
letter,tanh,108,49,0.007209989824828117,0.8679662953441873,0.008258860528071687,0.8555703802535023,1.0000181131728059
letter,tanh,108,50,0.0071807372222999,0.8685375606969438,0.008220399521917603,0.8539026017344896,1.0000038313200608
letter,tanh,108,51,0.007094123242724215,0.8693944587260782,0.0081291316939003,0.8559039359573049,1.0000008860230647
letter,tanh,108,52,0.0071092153539542395,0.8688231933733219,0.008112328961552619,0.8552368245496998,0.9997854695398317
letter,tanh,108,53,0.00707298200626884,0.8693944587260782,0.008102454873227477,0.8582388258839226,1.0000865421113807
letter,tanh,108,54,0.007039868727963944,0.8699657240788347,0.008067568223287993,0.8562374916611074,1.0006043235695252
letter,tanh,108,55,0.007013552307649467,0.8706083976006855,0.008177437986566805,0.8522348232154769,1.0018187414545547
letter,tanh,108,56,0.007002480502372501,0.8703941730934018,0.008100920189361326,0.8539026017344896,1.000000269881549
letter,tanh,108,57,0.006871482291912425,0.8726792345044273,0.007967343782247858,0.8599066044029353,0.999983044446375
letter,tanh,108,58,0.006842878730499597,0.8719651528134819,0.007937955183106565,0.8569046030687125,0.9999902264627698
letter,tanh,108,59,0.006854836563336844,0.8723221936589546,0.007980668909748335,0.8579052701801201,1.0019265251304512
letter,tanh,108,60,0.0068298250838246775,0.8728934590117109,0.007943220310763192,0.8559039359573049,1.0000000112010652
letter,tanh,109,1,0.03559648700871839,0.1673807483576121,0.03563449963600779,0.16344229486324216,1.001025596982252
letter,tanh,109,2,0.03167674058754927,0.31676663810339906,0.03179401886711545,0.31954636424282856,1.0035300505770102
letter,tanh,109,3,0.027174573084462705,0.45586975149957154,0.027305724380778298,0.4536357571714476,1.0001667067422562
letter,tanh,109,4,0.02485395812658592,0.4759354470151385,0.025123827272118184,0.47565043362241494,1.0014609659930243
letter,tanh,109,5,0.023107663429412888,0.5351328191945158,0.023479211963048134,0.5316877918612408,1.0014471333606574
letter,tanh,109,6,0.020260716246694514,0.6013281919451585,0.020631963415971604,0.595396931287525,1.0004369152037274
letter,tanh,109,7,0.01823499941393033,0.652813481862325,0.0185937332439313,0.6457638425617078,1.0002202758367962
letter,tanh,109,8,0.017077317315702074,0.6677377892030848,0.017569038729118767,0.6554369579719813,1.001450663545272
letter,tanh,109,9,0.015449849366299393,0.7319337332190803,0.015897089605846113,0.7198132088058706,1.0014252735303413
letter,tanh,109,10,0.01404493741573326,0.7390745501285347,0.01465707346501529,0.728819212808539,1.0003374447090303
letter,tanh,109,11,0.01341541504907025,0.750928306198229,0.014024787931444353,0.7391594396264176,1.000002922467592
letter,tanh,109,12,0.012966761073054273,0.7537846329620108,0.013629436785547018,0.7418278852568378,1.0107609596344436
letter,tanh,109,13,0.012613127285831808,0.7623536132533562,0.013290391190755065,0.7528352234823216,1.0000525259909145
letter,tanh,109,14,0.01236989563690744,0.7649957155098543,0.013083507976379062,0.7518345563709139,1.0013329833905456
letter,tanh,109,15,0.012669762039268156,0.7502856326763782,0.013437199066141802,0.7388258839226151,1.0010657529063982
letter,tanh,109,16,0.012089847361717318,0.7687089403027706,0.012832052831897294,0.7535023348899266,1.0000007616072317
letter,tanh,109,17,0.011794434029257825,0.7719937160811197,0.012466274665704637,0.7608405603735824,1.0000947161012859
letter,tanh,109,18,0.011658391934466508,0.7724935732647815,0.012397812174211965,0.7601734489659773,1.002018720366708
letter,tanh,109,19,0.011438070930974806,0.7756355327049415,0.012220808544449423,0.76184122748499,1.0000486732461658
letter,tanh,109,20,0.011256564622985814,0.7803484718651814,0.012064023430488131,0.7675116744496331,1.000807669282424
letter,tanh,109,21,0.011120991046081389,0.7827763496143959,0.011924954251906894,0.7698465643762509,1.0000097709545468
letter,tanh,109,22,0.011029495160999655,0.7839188803199086,0.011820358663146114,0.7698465643762509,1.0010327697110488
letter,tanh,109,23,0.010890700219317276,0.785275635532705,0.011734692723534825,0.7715143428952635,1.000138545471596
letter,tanh,109,24,0.010813763743594051,0.788560411311054,0.011635736621972651,0.7775183455637091,1.000002025075967
letter,tanh,109,25,0.010854384479748395,0.7882033704655813,0.011593616356755019,0.7781854569713142,1.0069646345311272
letter,tanh,109,26,0.010568365835144283,0.7903456155384176,0.011378901177217656,0.7778519012675117,1.0002936676435736
letter,tanh,109,27,0.010500097202771884,0.7922736361039703,0.011312274563560713,0.7798532354903269,1.000000619436226
letter,tanh,109,28,0.010499754860495614,0.7920594115966867,0.01125290286939884,0.7808539026017345,1.0001834418280737
letter,tanh,109,29,0.010364167461253768,0.7946301056840903,0.011206847476215955,0.7825216811207472,1.0000596039725986
letter,tanh,109,30,0.010273361933752822,0.7966295344187375,0.011100509017080606,0.7838559039359573,1.0000791033838452
letter,tanh,109,31,0.009493672529123538,0.8303341902313625,0.010343198634636975,0.8175450300200133,1.0001569311792464
letter,tanh,109,32,0.009256750590541507,0.830548414738646,0.010102655119435958,0.8212141427618412,1.0011251095481668
letter,tanh,109,33,0.009029325136558795,0.8332619251642388,0.009818792028241883,0.8248832555036691,1.0000010286063896
letter,tanh,109,34,0.008827260638124942,0.8320479862896315,0.009613352357767392,0.8225483655770514,1.0003332745290672
letter,tanh,109,35,0.0077834278369579655,0.8684661525278492,0.00846835448483292,0.8589059372915276,0.9999957999745476
letter,tanh,109,36,0.007594981967280865,0.8682519280205655,0.008374719093019657,0.8562374916611074,1.0006017478540417
letter,tanh,109,37,0.007566358970405659,0.8676092544987146,0.00834695141830769,0.8542361574382922,1.014723403626093
letter,tanh,109,38,0.0074468565906163214,0.8695372750642674,0.008193583031430871,0.8619079386257505,1.0001779138422378
letter,tanh,109,39,0.007354736667624271,0.8703227649243074,0.008116780126950383,0.8609072715143429,1.0000240528836732
letter,tanh,109,40,0.007649331453394424,0.8653956012567838,0.008267220533638656,0.8579052701801201,0.9999974764982023
letter,tanh,109,41,0.007407009001552949,0.8698943159097401,0.008181188118881121,0.8609072715143429,1.0000000164521872
letter,tanh,109,42,0.007387565781127327,0.8711082547843473,0.008134177417118625,0.861574382921948,1.000000615385483
letter,tanh,109,43,0.00723393147898335,0.8731076835189946,0.008052604983695238,0.8632421614409607,1.0000466230964218
letter,tanh,109,44,0.007152661112008135,0.8751785204227364,0.007971811509484356,0.8612408272181454,1.0000013508151573
letter,tanh,109,45,0.007119667525564021,0.8744644387317909,0.007919457106741315,0.862241494329553,1.0000356146916805
letter,tanh,109,46,0.008275917299016203,0.8430448443301913,0.009165944877738343,0.8315543695797198,1.0000546780577972
letter,tanh,109,47,0.00820427974253139,0.8434732933447586,0.009117194852909512,0.8302201467645097,0.999999901936526
letter,tanh,109,48,0.008169004551943984,0.8441159668666095,0.009119550828886186,0.8248832555036691,1.0000901505069286
letter,tanh,109,49,0.008124335859279498,0.8439017423593259,0.009053346093581233,0.83288859239493,1.0000236759893522
letter,tanh,109,50,0.008149928113539314,0.844044558697515,0.0090732085017772,0.83288859239493,1.0019464443090078
letter,tanh,109,51,0.008038733292502948,0.8458297629248787,0.008972543241656897,0.8365577051367579,1.0005667111911307
letter,tanh,109,52,0.007993361791823257,0.8462582119394458,0.008931954129332875,0.8352234823215477,1.0001027328496206
letter,tanh,109,53,0.008022634636112486,0.847186518137675,0.008950170223851205,0.8338892595063375,1.0000094878875867
letter,tanh,109,54,0.007975201204909093,0.8474007426449586,0.008905239429750711,0.8372248165443629,0.9999990234729348
letter,tanh,109,55,0.007877250181027943,0.8484718651813767,0.008888063380935991,0.8385590393595731,1.0000933281376145
letter,tanh,109,56,0.007851648763373234,0.8505427020851185,0.008871957821604515,0.8388925950633755,1.0000020182837366
letter,tanh,109,57,0.007918599657490045,0.8477577834904313,0.008856721252949172,0.8392261507671781,1.0000052599760654
letter,tanh,109,58,0.007916332463012316,0.8492573550414168,0.008950892311373883,0.8352234823215477,1.001408948123861
letter,tanh,109,59,0.007818263675784367,0.8511853756069694,0.008791739746803647,0.8418945963975984,1.0001033806011081
letter,tanh,109,60,0.007788209452913284,0.8505427020851185,0.008776684602503238,0.8392261507671781,1.000346108177562
letter,tanh,110,1,0.034239546712320997,0.20044273064838616,0.034274921287524324,0.19846564376250833,1.004003919915866
letter,tanh,110,2,0.0306720953379911,0.3292630676949443,0.030641304742735995,0.32921947965310205,1.0010383667274236
letter,tanh,110,3,0.027739508362984756,0.38774635818337616,0.027693669421259025,0.3925950633755837,1.000010978805048
letter,tanh,110,4,0.025868484177482408,0.44144530134247356,0.025807149711323082,0.4482988659106071,1.0253372440251203
letter,tanh,110,5,0.022161110106048657,0.5674093116252499,0.02217409969987909,0.571714476317545,1.0001189995069093
letter,tanh,110,6,0.01952550885467142,0.6348900314195944,0.019644539468792604,0.6364242828552368,1.0032205401073473
letter,tanh,110,7,0.015864543145735696,0.7350756926592402,0.016091448079811114,0.7374916611074049,1.0001164512501284
letter,tanh,110,8,0.014143732274427919,0.7592116538131962,0.014525712476459738,0.7515010006671115,1.0003341997816468
letter,tanh,110,9,0.013404218336841054,0.7694944301628106,0.013799554870172436,0.7665110073382255,1.0003681178176456
letter,tanh,110,10,0.012681452006249453,0.7757783490431306,0.01315981576935089,0.7675116744496331,1.0250757259736518
letter,tanh,110,11,0.01183813909577196,0.8031990859754355,0.012413243844549471,0.7975316877918612,1.0002114145359187
letter,tanh,110,12,0.01101683078252388,0.8149814338760354,0.011572533385543737,0.8095396931287525,1.0000506724845732
letter,tanh,110,13,0.010563046718047819,0.8201228220508426,0.011204032394460666,0.8132088058705804,1.0001962635440265
letter,tanh,110,14,0.010225225858713318,0.8240502713510426,0.010928699034831199,0.8175450300200133,1.0013634058712122
letter,tanh,110,15,0.009991608190207574,0.8236932305055699,0.010694468632739733,0.8165443629086058,1.0196147379928313
letter,tanh,110,16,0.009750975498435769,0.831191088260497,0.01052924081550215,0.8208805870580387,1.004967815173718
letter,tanh,110,17,0.009539915961419216,0.8333333333333334,0.010287033615350577,0.8245496997998666,1.0001901649282139
letter,tanh,110,18,0.009356273386992714,0.8374750071408169,0.010088916810200117,0.829219479653102,1.0001375225128046
letter,tanh,110,19,0.00942711575100308,0.8325478434732934,0.010271673427703196,0.8218812541694464,1.0000575988269025
letter,tanh,110,20,0.009009478025936336,0.8387603541845187,0.00989605607524485,0.8308872581721147,1.0002527773565904
letter,tanh,110,21,0.008757185770662186,0.8426163953156242,0.009674606669439709,0.829219479653102,1.000405651214073
letter,tanh,110,22,0.008713867760585445,0.8459011710939731,0.009616166081554958,0.8358905937291528,1.000038865666866
letter,tanh,110,23,0.008543866934146082,0.8461153956012568,0.00945434768595618,0.8372248165443629,1.0003595196100685
letter,tanh,110,24,0.008422988890211806,0.8508997429305912,0.009413625252177472,0.8392261507671781,1.0000041017365568
letter,tanh,110,25,0.008349495307826952,0.8521136818051985,0.00928439055314837,0.8418945963975984,1.0000001056081116
letter,tanh,110,26,0.008208228840806011,0.8533276206798057,0.009209431227598031,0.8408939292861908,1.000098775478034
letter,tanh,110,27,0.008225291990571166,0.852970579834333,0.009240665221122442,0.8395597064709807,1.0000371971891149
letter,tanh,110,28,0.008267876681571393,0.853613253356184,0.009340357258204915,0.8412274849899933,1.0002336232529643
letter,tanh,110,29,0.008037801044030499,0.856112539274493,0.009028976927311465,0.8435623749166111,1.0001372115693166
letter,tanh,110,30,0.007913731707069398,0.8593259068837475,0.009005437494714918,0.8485657104736491,1.0000364326669688
letter,tanh,110,31,0.007770777847307165,0.8595401313910311,0.0088292049818813,0.8472314876584389,1.0004014589390473
letter,tanh,110,32,0.007655339090336779,0.861753784632962,0.008769853351105958,0.8475650433622415,1.0015820888433422
letter,tanh,110,33,0.007605824814671871,0.8630391316766638,0.008631266523609158,0.8529019346230821,1.0004882132993025
letter,tanh,110,34,0.007526263696615092,0.8640388460439874,0.008646029177642124,0.8509006004002668,1.0000000033973038
letter,tanh,110,35,0.007522604012623204,0.8646101113967438,0.008576088545703166,0.8525683789192795,1.0036699423768143
letter,tanh,110,36,0.007423082645007369,0.865681233933162,0.008554027227443353,0.8545697131420947,0.9999531454628223
letter,tanh,110,37,0.007721360672703871,0.8636103970294202,0.008825048635251123,0.8462308205470314,1.0004944667398534
letter,tanh,110,38,0.007468088304220872,0.8659668666095401,0.00858434369309177,0.8482321547698466,0.9999985500177125
letter,tanh,110,39,0.0073842164486090465,0.865681233933162,0.008557508549066409,0.8502334889926618,1.0001177963795553
letter,tanh,110,40,0.007247082910231265,0.8678948871750928,0.008409745258025032,0.8545697131420947,1.0006439916319778
letter,tanh,110,41,0.007230506877937965,0.8683233361896601,0.008390844505552799,0.8542361574382922,1.0000001147349946
letter,tanh,110,42,0.007200281102758052,0.8688946015424165,0.008361685772702994,0.8549032688458973,1.0004053887521938
letter,tanh,110,43,0.007202007183567786,0.8693230505569837,0.008349621558376262,0.8569046030687125,1.0000714758917613
letter,tanh,110,44,0.007071745408285634,0.8706083976006855,0.008206395863956972,0.8569046030687125,1.0000590822160935
letter,tanh,110,45,0.007075408435154642,0.8702513567552128,0.008188189614824102,0.857238158772515,0.9999999989098401
letter,tanh,110,46,0.007014842961970542,0.871322479291631,0.008196852927167708,0.8575717144763175,1.000383243716748
letter,tanh,110,47,0.00702510183231719,0.8708226221079691,0.008112181651769702,0.861574382921948,1.000018953531822
letter,tanh,110,48,0.00691155067297527,0.8720365609825764,0.008039612680907474,0.8612408272181454,0.9999838094681301
letter,tanh,110,49,0.006872491136681506,0.8724650099971437,0.008022366437612675,0.8609072715143429,0.999964352527365
letter,tanh,110,50,0.0068141734835277515,0.8744644387317909,0.007957621630723513,0.8592394929953302,1.0000180413708675
letter,tanh,110,51,0.006842761000864631,0.87382176520994,0.007972902185328772,0.8605737158105403,0.9999349042674323
letter,tanh,110,52,0.006789445071254873,0.8757497857754927,0.007981479196563267,0.8619079386257505,1.0000294300906625
letter,tanh,110,53,0.006754551057686325,0.8760354184518709,0.007956360330128566,0.861574382921948,0.9999989217139508
letter,tanh,110,54,0.006849863451641696,0.8756069694373037,0.007932349888570481,0.8599066044029353,0.9999675128414746
letter,tanh,110,55,0.006750706726920355,0.8766780919737218,0.00788499755794184,0.8595730486991328,0.9999895151374334
letter,tanh,110,56,0.006663029046649623,0.8782490716938017,0.007851293751810207,0.8639092728485657,1.0024344509921497
letter,tanh,110,57,0.006664658525945411,0.878677520708369,0.007855467763258028,0.861574382921948,1.0004295699428425
letter,tanh,110,58,0.0066391965458098305,0.8776063981719509,0.007769774754812232,0.8652434956637759,1.0008724233451443
letter,tanh,110,59,0.006615644506453848,0.87853470437018,0.0077920017757893865,0.8659106070713809,0.9999999281465525
letter,tanh,110,60,0.0065736128079899835,0.8806769494430163,0.00778008500034872,0.8655770513675783,1.0000769033229955
letter,tanh,111,1,0.036767160904459445,0.12132247929163097,0.036728586660873336,0.12174783188792529,1.0007358760565908
letter,tanh,111,2,0.03266710273277653,0.287774921451014,0.032596321020647655,0.29452968645763844,1.001282754278919
letter,tanh,111,3,0.029315979183887887,0.38274778634675805,0.029151104254207354,0.3975983989326217,1.0081502747417408
letter,tanh,111,4,0.02658390822616489,0.4296629534418738,0.026503080259964947,0.43962641761174115,1.011031119079144
letter,tanh,111,5,0.024207634636025065,0.516923736075407,0.024107071270983167,0.5260173448965977,1.0008454784087386
letter,tanh,111,6,0.020456816381880003,0.6123964581548129,0.020575991006555553,0.6080720480320213,1.0055139949060938
letter,tanh,111,7,0.01748014658640932,0.6813767495001428,0.017748550174003605,0.6794529686457639,1.000024867164156
letter,tanh,111,8,0.015600627293559972,0.7182233647529277,0.01596601086514727,0.7108072048032021,1.0000721898630525
letter,tanh,111,9,0.014787520861317405,0.7285061411025421,0.015229461202590003,0.7264843228819213,1.0045521150863206
letter,tanh,111,10,0.014055080184403523,0.7403598971722365,0.014531212985908894,0.7358238825883923,1.0000935423740769
letter,tanh,111,11,0.014511377779477318,0.7242216509568694,0.014951097357907821,0.7204803202134756,1.017411298420594
letter,tanh,111,12,0.014116673379607142,0.7260782633533276,0.01457208414835542,0.723815877251501,1.0000770240743104
letter,tanh,111,13,0.013896421596747173,0.7331476720936875,0.014415814104318372,0.7251501000667111,1.0000008708903663
letter,tanh,111,14,0.01352522121194145,0.7360754070265638,0.014065524878936557,0.7294863242161441,1.0001078907829428
letter,tanh,111,15,0.013275350753749526,0.7395744073121965,0.013792813918400348,0.733155436957972,1.000134384623747
letter,tanh,111,16,0.013054764832413943,0.7447157954870037,0.01361364806921284,0.7354903268845897,1.0001558377080184
letter,tanh,111,17,0.012875839139376184,0.7462153670379892,0.013480936566937243,0.7378252168112075,1.0026870192133202
letter,tanh,111,18,0.012643388878960464,0.7520708369037418,0.013247963320551361,0.7428285523682455,1.0000000409717396
letter,tanh,111,19,0.012434449680465606,0.7523564695801199,0.013063766757808383,0.7418278852568378,1.0006081109082734
letter,tanh,111,20,0.012359487409853891,0.7542844901456727,0.013010079339619614,0.7461641094062709,1.0000020999855086
letter,tanh,111,21,0.01207352162813145,0.7582119394458726,0.012756815897413478,0.7464976651100734,1.0000383647242603
letter,tanh,111,22,0.011962701584425254,0.7584261639531562,0.012658175851853361,0.7501667778519012,1.0000362161736691
letter,tanh,111,23,0.011871052262237645,0.760497000856898,0.012587057187987305,0.7471647765176784,1.0012553983614545
letter,tanh,111,24,0.011815513319684912,0.7614253070551271,0.01256463530077402,0.7494996664442962,1.0000789141186694
letter,tanh,111,25,0.011643172249593645,0.7629248786061126,0.012371529997803693,0.7511674449633089,1.0034222040853369
letter,tanh,111,26,0.011488906951705236,0.7649957155098543,0.012241574064614688,0.7541694462975317,1.035597393140651
letter,tanh,111,27,0.011388326554145546,0.7668523279063125,0.012179775776959405,0.7565043362241495,1.0000174050012371
letter,tanh,111,28,0.011339925666347839,0.7678520422736361,0.012173685584835538,0.7548365577051368,1.0000557941168249
letter,tanh,111,29,0.011252558418792717,0.7697800628391888,0.012065195637009288,0.7581721147431622,1.0002971302853283
letter,tanh,111,30,0.01119732473321918,0.7704941445301342,0.012045584124989838,0.7561707805203469,1.0003339880232136
letter,tanh,111,31,0.011089530202217316,0.7708511853756069,0.011931781265293873,0.7625083388925951,1.000056901535109
letter,tanh,111,32,0.011063855049390673,0.7721365324193088,0.011902007994304053,0.7615076717811875,1.000054335185988
letter,tanh,111,33,0.010934408140959726,0.7744215938303342,0.011799479092474292,0.7658438959306204,1.0010328361327323
letter,tanh,111,34,0.010169568971330575,0.8036275349900028,0.011074438223036248,0.7901934623082054,1.0000084163777379
letter,tanh,111,35,0.009965952678777241,0.8072693516138246,0.010877427790382393,0.7935290193462308,1.000003023950678
letter,tanh,111,36,0.009745889351960099,0.8102684947157955,0.010673490508602076,0.794863242161441,1.0000012100230369
letter,tanh,111,37,0.009671409542707697,0.81112539274493,0.01065742926021779,0.7971981320880587,1.0000286734670905
letter,tanh,111,38,0.009618680453463717,0.8108397600685519,0.010637136053241902,0.7961974649766511,1.0000068475148556
letter,tanh,111,39,0.009490343052709325,0.8132676378177663,0.010568352169709272,0.7968645763842561,1.000031749195791
letter,tanh,111,40,0.009479891735016267,0.8131248214795772,0.010559455497614254,0.7991994663108739,1.0008188563898888
letter,tanh,111,41,0.009356496157994198,0.8145529848614681,0.010448462360906624,0.7975316877918612,0.9999999379011962
letter,tanh,111,42,0.009255140810614909,0.8157669237360754,0.010338868243816843,0.800533689126084,1.0004075141788942
letter,tanh,111,43,0.009210196073492842,0.8157669237360754,0.010327573591234533,0.7995330220146765,1.0000123070056885
letter,tanh,111,44,0.00914165486643447,0.8172664952870609,0.010313876978082963,0.8015343562374917,1.0000108006744668
letter,tanh,111,45,0.009217504351383613,0.8154812910596972,0.01040428931533468,0.7978652434956638,1.0000918665051697
letter,tanh,111,46,0.008520539008500852,0.8513996001142531,0.009692279082822814,0.8332221480987325,1.0000000231612587
letter,tanh,111,47,0.007931934824413435,0.8526135389888603,0.00909317223062473,0.8352234823215477,1.0000022288396653
letter,tanh,111,48,0.007790124675350901,0.8543987432162239,0.009001025614023118,0.8362241494329553,1.0000003163488294
letter,tanh,111,49,0.007781847386720506,0.8532562125107113,0.009015859744179327,0.8365577051367579,1.000522515411709
letter,tanh,111,50,0.0076330688245515345,0.8566838046272494,0.008850696973208796,0.8382254836557705,1.0005849287107969
letter,tanh,111,51,0.007699842761409786,0.8548986003998857,0.009008933922571738,0.8382254836557705,0.9999998008879101
letter,tanh,111,52,0.007565097678770928,0.8573978863181948,0.008801337398531173,0.8372248165443629,1.0002245110157655
letter,tanh,111,53,0.007511137710236177,0.8594687232219366,0.008788466339244044,0.8415610406937959,1.0001968310236373
letter,tanh,111,54,0.007478331403248342,0.858469008854613,0.00875519810329822,0.8392261507671781,1.0000078192158226
letter,tanh,111,55,0.007491436573549214,0.859397315052842,0.00879482792014415,0.8398932621747832,1.0004904908321723
letter,tanh,111,56,0.007405255194692979,0.8606112539274493,0.008731375856029792,0.8412274849899933,1.0027143085705486
letter,tanh,111,57,0.00740058406790782,0.8611111111111112,0.008735641346876523,0.8392261507671781,1.0000002725458934
letter,tanh,111,58,0.007422113096649994,0.860182804912882,0.008849935082165934,0.8375583722481654,1.0005914537935534
letter,tanh,111,59,0.007285198397779044,0.8633961725221365,0.00862761499382752,0.8425617078052035,1.0000181264694636
letter,tanh,111,60,0.007319645760044353,0.8621822336475293,0.008644773208222729,0.8432288192128086,1.000034334665493
letter,tanh,112,1,0.03465894986251795,0.17116538131962297,0.03461173290909371,0.171447631754503,1.0003456812008
letter,tanh,112,2,0.030404923259182735,0.3133390459868609,0.030445661066725384,0.3138759172781855,1.0134980433458116
letter,tanh,112,3,0.027708041404403437,0.37532133676092544,0.02783141909692071,0.3712474983322215,1.0039840255802717
letter,tanh,112,4,0.025888349532910283,0.43480434161668097,0.026028546959419852,0.4306204136090727,1.0021813725486393
letter,tanh,112,5,0.023718843136902475,0.49564410168523276,0.0238906569833997,0.49933288859239494,1.0008844096061278
letter,tanh,112,6,0.021343926688142105,0.5871179662953442,0.021587956739451165,0.5827218145430287,1.0008431906507695
letter,tanh,112,7,0.019011620179520784,0.6414595829762925,0.01940832369910991,0.6340893929286191,1.0003266792438028
letter,tanh,112,8,0.01569776748472181,0.7270779777206512,0.016265003508700155,0.7211474316210807,1.0132329687547121
letter,tanh,112,9,0.014231198034559727,0.7522850614110255,0.014794252821647702,0.7464976651100734,1.0000586160143246
letter,tanh,112,10,0.013419393277303944,0.7660668380462725,0.013978874538467181,0.7621747831887925,1.001032635444785
letter,tanh,112,11,0.012836366728126587,0.7707797772065125,0.01342000651442877,0.7645096731154103,1.0035251303721153
letter,tanh,112,12,0.01225460755660931,0.7824907169380177,0.012881447380950256,0.7715143428952635,1.0001223481092332
letter,tanh,112,13,0.011813413840454125,0.7888460439874322,0.012435957956648728,0.7771847898599066,1.000259714935408
letter,tanh,112,14,0.011286652776765636,0.7953441873750356,0.011897704534042108,0.7858572381587725,1.0003987947592066
letter,tanh,112,15,0.010386070821343194,0.8285489860039988,0.011091342171525444,0.8198799199466311,1.0002855796015298
letter,tanh,112,16,0.009837723491767189,0.8336189660097115,0.010482413517243003,0.8258839226150767,1.0000195651531945
letter,tanh,112,17,0.009548313597445112,0.8406169665809768,0.01022001549745261,0.8302201467645097,0.9999999233078912
letter,tanh,112,18,0.00932505557368251,0.8419023136246787,0.00997004236242983,0.83288859239493,1.0000954522730578
letter,tanh,112,19,0.009045195902472918,0.8470437017994858,0.009770030526851527,0.8358905937291528,1.0000478122406868
letter,tanh,112,20,0.00885398529356121,0.8478291916595259,0.009650438562197555,0.8355570380253502,1.0000003294438307
letter,tanh,112,21,0.008732890722719799,0.8511139674378749,0.00951735267878062,0.8385590393595731,1.002313832555339
letter,tanh,112,22,0.008474809328542035,0.8543273350471294,0.009253002090068163,0.8418945963975984,1.0000262212558257
letter,tanh,112,23,0.008361183816891346,0.8551128249071693,0.009133659330073943,0.8432288192128086,1.0001878959368353
letter,tanh,112,24,0.008378951961189322,0.8563267637817766,0.009166599777588783,0.8448965977318212,1.000043170572279
letter,tanh,112,25,0.008183080436102795,0.8595401313910311,0.008932973153699663,0.8502334889926618,1.0000006317415961
letter,tanh,112,26,0.008047477691866353,0.8621822336475293,0.00879546437261222,0.8512341561040694,0.9993049276746696
letter,tanh,112,27,0.007907546859655345,0.8652527849185947,0.0087330733483162,0.8545697131420947,1.0044089508349703
letter,tanh,112,28,0.007798910900010566,0.8656098257640674,0.008631611014906353,0.8545697131420947,1.0000421368161858
letter,tanh,112,29,0.007738842034566727,0.8661810911168237,0.008599499846015775,0.8555703802535023,1.000114564635617
letter,tanh,112,30,0.0075907322210983265,0.8700371322479291,0.00841752808382187,0.8619079386257505,1.0002851675200322
letter,tanh,112,31,0.007530586583451117,0.8715367037989146,0.008392833959418325,0.8582388258839226,1.0000097954432294
letter,tanh,112,32,0.007341768304590107,0.8737503570408455,0.008183673390463676,0.8635757171447632,1.000149493141326
letter,tanh,112,33,0.0073175966883292564,0.8759640102827764,0.00821924411562162,0.8609072715143429,1.0000661324904825
letter,tanh,112,34,0.007323656569423579,0.8747500714081691,0.008171157008634248,0.861574382921948,0.9999829625592954
letter,tanh,112,35,0.007184493025411317,0.8764638674664381,0.008105095562310526,0.867244829886591,0.9999497974024747
letter,tanh,112,36,0.0070784278272412494,0.8793916023993145,0.007994381590760467,0.8675783855903936,1.0000769773676725
letter,tanh,112,37,0.006930784905030693,0.8806055412739218,0.007891301684562224,0.8689126084056037,1.002481596457605
letter,tanh,112,38,0.006887684290928832,0.8813910311339618,0.007847382681052794,0.8689126084056037,1.000008298690874
letter,tanh,112,39,0.006841084698889421,0.8823193373321908,0.007847065819400496,0.866577718478986,1.0000441706220384
letter,tanh,112,40,0.006841090156631336,0.8828191945158527,0.007906116181900322,0.8645763842561708,0.999990770241637
letter,tanh,112,41,0.006735997177037256,0.8842473578977434,0.007747042947229002,0.8702468312208139,1.0000804591729473
letter,tanh,112,42,0.006671441256558105,0.8869608683233362,0.007675128948497709,0.8695797198132088,1.000026403258607
letter,tanh,112,43,0.006575278255513134,0.8867466438160525,0.0075748083968087705,0.8745830553702468,1.0007351581257535
letter,tanh,112,44,0.006524485935633176,0.8871036846615252,0.007601664361852447,0.8699132755170114,1.000011895469619
letter,tanh,112,45,0.006502442644803474,0.8877463581833762,0.007534077070677375,0.8739159439626417,1.0000309139473007
letter,tanh,112,46,0.006475751251055973,0.8885318480434161,0.007564064529907581,0.8729152768512342,1.00001318014551
letter,tanh,112,47,0.006449247057027846,0.8908169094544416,0.0074887563438971174,0.8742494996664443,1.000062366669935
letter,tanh,112,48,0.006398171389158176,0.8881748071979434,0.007511071125210676,0.8709139426284189,1.0005000082828541
letter,tanh,112,49,0.0064034201532235475,0.8892459297343616,0.007465998318179317,0.8739159439626417,1.0000027506637128
letter,tanh,112,50,0.006337322428135407,0.8901028277634961,0.007456691629120361,0.8725817211474316,1.0021354542624716
letter,tanh,112,51,0.006312910558455371,0.8904598686089689,0.007459190626492031,0.8712474983322215,0.9999777882719937
letter,tanh,112,52,0.006200277532270558,0.8928877463581834,0.007338243987053968,0.8739159439626417,1.00157618835491
letter,tanh,112,53,0.006176065080532879,0.8926021136818052,0.007331630317691796,0.875250166777852,1.0000309244568095
letter,tanh,112,54,0.006132784917247136,0.8936732362182234,0.007296353764396778,0.8765843895930621,0.9992310208210171
letter,tanh,112,55,0.006108566303117526,0.893887460725507,0.007260533393028343,0.875917278185457,1.0007365459707556
letter,tanh,112,56,0.006103370356577735,0.8941730934018852,0.007229701942752214,0.8775850567044696,1.0003933165024363
letter,tanh,112,57,0.006053362612123912,0.8945301342473579,0.0071479260906047145,0.8785857238158773,0.9975269769390773
letter,tanh,112,58,0.006049676936838416,0.8934590117109398,0.00717478841097561,0.8769179452968646,0.9998982332899606
letter,tanh,112,59,0.006227578829951551,0.8926735218508998,0.007258453184538118,0.8799199466310874,1.000120578528188
letter,tanh,112,60,0.0061168954520525644,0.8942445015709797,0.00718156709454375,0.8779186124082722,1.0001145875242934
letter,tanh,113,1,0.03713637458205001,0.10975435589831477,0.03720420214385235,0.11107404936624417,1.001139117235184
letter,tanh,113,2,0.034155121053540204,0.1942302199371608,0.03432533233721379,0.19179452968645763,1.0056076243442758
letter,tanh,113,3,0.03222613455273051,0.23828906026849472,0.032376619050328286,0.23549032688458973,1.000518232861978
letter,tanh,113,4,0.031611387794570026,0.2856326763781777,0.03168074042563287,0.2848565710473649,1.0025352936352527
letter,tanh,113,5,0.028957449928109287,0.3389031705227078,0.028958924101005146,0.3455637091394263,1.0004000129590245
letter,tanh,113,6,0.027618724500373816,0.40781205369894313,0.02760759326589225,0.4092728485657105,1.000136806224369
letter,tanh,113,7,0.02476029887655939,0.5044273064838618,0.024903815598727938,0.5023348899266178,1.0006040254462187
letter,tanh,113,8,0.024290088656046784,0.46836618109111683,0.02446171948566453,0.47264843228819214,1.0011163706900128
letter,tanh,113,9,0.023445711025754528,0.4964295915452728,0.023604627454960045,0.5010006671114076,1.000358757530558
letter,tanh,113,10,0.022629883204250016,0.5072836332476436,0.02276408070007434,0.5096731154102735,1.0000482253952452
letter,tanh,113,11,0.020816968552389885,0.5795487003713224,0.02105678672625878,0.5740493662441628,1.0000738988455746
letter,tanh,113,12,0.019117036315817685,0.5926163953156242,0.01939127538948526,0.5880587058038692,1.0001670325686933
letter,tanh,113,13,0.0183961930714005,0.6163953156241074,0.01872526242131253,0.6160773849232822,1.0000007154713866
letter,tanh,113,14,0.017768477939374,0.6296058269065982,0.018215518171120996,0.6270847231487658,1.0051481680024563
letter,tanh,113,15,0.017191975544236165,0.6501713796058269,0.017532486693151574,0.6497665110073382,1.011388334767261
letter,tanh,113,16,0.015062193935415148,0.6980862610682662,0.015410417376765007,0.7008005336891261,1.000027550443727
letter,tanh,113,17,0.01439537393078211,0.7135818337617823,0.014858674480672615,0.7114743162108073,1.0002231710616254
letter,tanh,113,18,0.014035706870198332,0.7165095686946586,0.014529819694549856,0.7164776517678453,1.0007695186635281
letter,tanh,113,19,0.013828600084270264,0.7213653241930877,0.014302715014950182,0.718145430286858,1.0000009970678183
letter,tanh,113,20,0.014537618186246427,0.7031562410739789,0.015238900490573404,0.6957971981320881,1.0002629793049511
letter,tanh,113,21,0.01344084931413589,0.7262924878606113,0.014088858847383793,0.7254836557705137,1.0001028157468257
letter,tanh,113,22,0.013331191719246273,0.7282919165952585,0.013974438933331067,0.7224816544362909,1.0000004808480312
letter,tanh,113,23,0.013159012939332443,0.7281491002570694,0.013778737584684491,0.7261507671781188,1.0002784128944888
letter,tanh,113,24,0.013019374807016171,0.7318623250499857,0.0136421258584536,0.7278185456971314,1.0000745903245492
letter,tanh,113,25,0.012878075923855358,0.7327192230791203,0.01348459741947478,0.7291527685123416,1.0005451033178443
letter,tanh,113,26,0.01284828200249147,0.7356469580119965,0.013549005197224262,0.7291527685123416,1.000058227087799
letter,tanh,113,27,0.01263982401811476,0.7377177949157384,0.01329344721449306,0.7351567711807871,1.0000160527751325
letter,tanh,113,28,0.012644376170957997,0.7383604684375893,0.013332660758275331,0.7344896597731821,1.000100474767054
letter,tanh,113,29,0.012896744833213411,0.7334333047700657,0.013564943871253253,0.7268178785857238,1.0006999198251116
letter,tanh,113,30,0.012703066994499327,0.7365038560411311,0.01338633037320519,0.7324883255503669,1.000025660829663
letter,tanh,113,31,0.012507892944957414,0.7397886318194802,0.013187186277441908,0.7371581054036024,1.0009668602591906
letter,tanh,113,32,0.012188106555437549,0.7534990002856327,0.012826957295320983,0.747498332221481,1.0000011339556136
letter,tanh,113,33,0.011696469322406249,0.7707797772065125,0.01236992765578921,0.7681787858572382,1.0012968022995126
letter,tanh,113,34,0.010355760901048342,0.804555841188232,0.011117280423664918,0.794863242161441,1.0000001053612058
letter,tanh,113,35,0.009305703286183799,0.8383319051699515,0.010145952241976211,0.824216144096064,1.0000009119921556
letter,tanh,113,36,0.008738033614001542,0.8424021708083405,0.009609741652321445,0.8282188125416945,0.9999902798908271
letter,tanh,113,37,0.008611888006845855,0.8463296201085404,0.009534281856592683,0.8325550366911274,1.000112537349193
letter,tanh,113,38,0.008565205575305636,0.8474007426449586,0.009430790286647889,0.8375583722481654,1.0000103469770005
letter,tanh,113,39,0.008419442960570116,0.8497572122250785,0.009351409409175367,0.8392261507671781,1.0008263535032105
letter,tanh,113,40,0.008251090663809772,0.8510425592687804,0.009146907080242574,0.8392261507671781,1.000027664952535
letter,tanh,113,41,0.00816277581345812,0.8525421308197658,0.008999271260219027,0.8398932621747832,1.0000037627901381
letter,tanh,113,42,0.00802393365965959,0.8534704370179949,0.008877845501627762,0.8422281521014009,1.0068131239156102
letter,tanh,113,43,0.007984442359881324,0.8558983147672093,0.008840092660853636,0.8488992661774516,1.0025505171256146
letter,tanh,113,44,0.00788535503698187,0.8559697229363039,0.00873786221214855,0.8498999332888593,1.0009515844901251
letter,tanh,113,45,0.007861982271553398,0.8546843758926022,0.00871971065817813,0.8462308205470314,1.0000069328955001
letter,tanh,113,46,0.007796518143266367,0.8579691516709511,0.00869498871922173,0.8465643762508339,1.000044367860168
letter,tanh,113,47,0.007705383812887551,0.858469008854613,0.008597064394969019,0.8448965977318212,0.9959914939318236
letter,tanh,113,48,0.007663355287772754,0.859397315052842,0.008591327841578381,0.8485657104736491,1.00007422731609
letter,tanh,113,49,0.007653160559601139,0.8588260497000857,0.008535020350634496,0.8488992661774516,1.0003437215115574
letter,tanh,113,50,0.007700726281052286,0.8586118251928021,0.008518353081783931,0.8519012675116745,1.0009338700162438
letter,tanh,113,51,0.007564982536020605,0.862539274493002,0.00848334389264574,0.8502334889926618,1.0000071695792832
letter,tanh,113,52,0.0074196415609458855,0.8640388460439874,0.008380697715531444,0.8555703802535023,1.0038093683255478
letter,tanh,113,53,0.007524875995152657,0.8630391316766638,0.00844031711575702,0.8519012675116745,1.0000367912430406
letter,tanh,113,54,0.007437865923264945,0.8641816623821765,0.008348270043614735,0.8539026017344896,1.0000340045527012
letter,tanh,113,55,0.007244758593931444,0.8673236218223365,0.008146285339714706,0.8592394929953302,1.0038907295370776
letter,tanh,113,56,0.007218535648399576,0.8683947443587546,0.008200016069148483,0.8559039359573049,0.9999225892882732
letter,tanh,113,57,0.007125613717285994,0.8695372750642674,0.008097089904578884,0.8575717144763175,1.0017386681177132
letter,tanh,113,58,0.007137641917259202,0.8695372750642674,0.008149279804548364,0.8595730486991328,1.0012160713783036
letter,tanh,113,59,0.007078751796502127,0.87225078548986,0.008093601573599838,0.8602401601067379,1.0000345504917951
letter,tanh,113,60,0.006985191057453921,0.87146529562982,0.0080349451525409,0.8639092728485657,1.0000168007238728
letter,tanh,114,1,0.03550929927197215,0.155955441302485,0.035453032256864456,0.1524349566377585,1.1140143376415337
letter,tanh,114,2,0.03197923882419988,0.32754927163667524,0.03197411856641352,0.328552368245497,1.0003289329172624
letter,tanh,114,3,0.02745981450659447,0.4355898314767209,0.027703839754929634,0.4362908605737158,1.0075153582194316
letter,tanh,114,4,0.02370832760100303,0.5327049414453013,0.024036807279779866,0.5350233488992662,1.0008801646676826
letter,tanh,114,5,0.021235998028917825,0.5834047415024278,0.021634636451541418,0.5800533689126084,1.0002062868909523
letter,tanh,114,6,0.01900367666836853,0.6436018280491288,0.019366298687894662,0.6420947298198799,1.0001385236029363
letter,tanh,114,7,0.018392706579977974,0.645458440445587,0.01872700912013851,0.6417611741160774,1.381684093590845
letter,tanh,114,8,0.016833630207363563,0.6885175664095973,0.01727763231266217,0.6817878585723816,1.002785450961613
letter,tanh,114,9,0.014841961608940463,0.7311482433590403,0.015283643339383127,0.7224816544362909,1.0001179652675434
letter,tanh,114,10,0.01418956532492462,0.7417166523850328,0.01463930057204767,0.7341561040693796,1.0048866513076946
letter,tanh,114,11,0.013755524024711056,0.7422879177377892,0.014205865593545518,0.73815877251501,1.0006711692249184
letter,tanh,114,12,0.013251021945650534,0.7490002856326764,0.013771899229379471,0.7444963308872582,1.0004227632739031
letter,tanh,114,13,0.012917551181793214,0.7551413881748072,0.013405123620902787,0.7494996664442962,1.0000116991126522
letter,tanh,114,14,0.012660976734583412,0.7570694087403599,0.013189957374267201,0.7521681120747165,1.0000275083297787
letter,tanh,114,15,0.012371262189025081,0.7639245929734362,0.012880707610424931,0.7595063375583723,1.00004199360275
letter,tanh,114,16,0.01126570686784601,0.7997000856898029,0.011925199649320614,0.790527018012008,1.0047721565702363
letter,tanh,114,17,0.010798693881167878,0.8017709225935447,0.011500377308971242,0.7921947965310207,1.0003838410670352
letter,tanh,114,18,0.010562455909039111,0.803770351328192,0.011272712621187262,0.7978652434956638,1.003391402397539
letter,tanh,114,19,0.010360177363134064,0.8052699228791774,0.011085080060965395,0.799866577718479,1.000036746878484
letter,tanh,114,20,0.01031302644744985,0.8066980862610683,0.011070511546256994,0.7958639092728486,1.00053510899324
letter,tanh,114,21,0.010077575864440518,0.8090545558411882,0.010834278961972064,0.7991994663108739,1.0008370634291661
letter,tanh,114,22,0.009939061024008896,0.8121251071122536,0.010676886426802389,0.800533689126084,1.0002635051962319
letter,tanh,114,23,0.010894124959594662,0.7862753499000286,0.01166112256912375,0.776851234156104,1.0000438367387638
letter,tanh,114,24,0.010751417641700144,0.7884175949728649,0.011526377720456234,0.7778519012675117,1.0000999066184497
letter,tanh,114,25,0.010692307818832972,0.7898457583547558,0.011546705498331582,0.7751834556370913,1.0000659402878362
letter,tanh,114,26,0.010593970993699178,0.7897743501856612,0.011476585863203844,0.7781854569713142,1.0001584811159816
letter,tanh,114,27,0.01048067667435586,0.7921308197657813,0.011415148955032567,0.7778519012675117,1.000136752457742
letter,tanh,114,28,0.010350752525927239,0.7954155955441302,0.011300498506036004,0.7821881254169446,1.0412325625534495
letter,tanh,114,29,0.010283786359815809,0.7968437589260211,0.011217138863388031,0.7835223482321547,1.0000046844316368
letter,tanh,114,30,0.010178836762258971,0.7963439017423594,0.01110852699819874,0.7851901267511674,1.0005582560303643
letter,tanh,114,31,0.010123471058978496,0.7995572693516139,0.011119941783345721,0.7821881254169446,1.000002300813
letter,tanh,114,32,0.010014399605362146,0.799842902027992,0.010975575982573205,0.7865243495663776,1.00003008067423
letter,tanh,114,33,0.011043006355653494,0.7737789203084833,0.012033305579262537,0.7561707805203469,1.0011407390564013
letter,tanh,114,34,0.01094985773251431,0.7754927163667523,0.011940540126804068,0.76184122748499,1.0000050619603067
letter,tanh,114,35,0.010848465250508236,0.7760639817195087,0.011842886325749239,0.7601734489659773,1.0004269656350933
letter,tanh,114,36,0.010774209630522953,0.7764210225649815,0.011751734810271638,0.76184122748499,0.999999842193855
letter,tanh,114,37,0.010707022642457648,0.7782062267923451,0.011712470358838465,0.7628418945963976,1.002036535023529
letter,tanh,114,38,0.010690899523369027,0.7787774921451014,0.011741793161325526,0.7608405603735824,1.000057911491163
letter,tanh,114,39,0.01067637712890124,0.7792773493287632,0.01175349329312008,0.7631754503002002,1.0007470606706494
letter,tanh,114,40,0.01059973920293541,0.779777206512425,0.011677239697197386,0.7625083388925951,1.0004989130916457
letter,tanh,114,41,0.010517171237745067,0.7798486146815196,0.011561372735652501,0.7651767845230153,1.0003042311379462
letter,tanh,114,42,0.010516901223214166,0.7818480434161668,0.011600776352082296,0.7665110073382255,1.0012352702834213
letter,tanh,114,43,0.010547548757062087,0.7804198800342759,0.011682344691995358,0.7628418945963976,1.0000126072927207
letter,tanh,114,44,0.010387403597221406,0.7831333904598686,0.011513675784263558,0.7615076717811875,1.0017167496678856
letter,tanh,114,45,0.010606978834524577,0.7812053698943159,0.01164358808380452,0.7601734489659773,1.0000000122200379
letter,tanh,114,46,0.010441661947034707,0.7833476149671522,0.01153477203955007,0.7651767845230153,1.000014323013291
letter,tanh,114,47,0.010367176542875788,0.7837760639817195,0.011457702831466889,0.7651767845230153,1.0000000300174283
letter,tanh,114,48,0.010337044829225263,0.7844187375035704,0.011472754754396701,0.7628418945963976,1.0007165827071847
letter,tanh,114,49,0.010357019080709079,0.7837046558126249,0.011468037964086797,0.7645096731154103,1.0000151425816044
letter,tanh,114,50,0.010258082199186693,0.7848471865181377,0.01142586240162135,0.7648432288192129,1.0002374223247013
letter,tanh,114,51,0.010229460198217771,0.785418451870894,0.011397356372309257,0.7695130086724483,1.0000689067939443
letter,tanh,114,52,0.01017911633883489,0.786061125392745,0.0113131707096227,0.7691794529686458,1.0000321774829408
letter,tanh,114,53,0.010135308625030499,0.7868466152527849,0.011257896090110464,0.7691794529686458,1.0000444456137376
letter,tanh,114,54,0.010089539187360594,0.787774921451014,0.011299381539991936,0.766177451634423,1.0002310156297747
letter,tanh,114,55,0.01004462843799341,0.7879891459582976,0.011207890374372876,0.7678452301534356,1.000000420482967
letter,tanh,114,56,0.010060706631861585,0.7883461868037703,0.011277152538594497,0.7705136757838559,1.0000024428154186
letter,tanh,114,57,0.009996509898139464,0.7883461868037703,0.011231918307615166,0.7708472314876584,1.000270666710337
letter,tanh,114,58,0.00991568605980238,0.7897743501856612,0.011130341609584255,0.771847898599066,1.0000089765760931
letter,tanh,114,59,0.009907307195425088,0.7896315338474722,0.011127092779931295,0.771847898599066,1.0000008070978934
letter,tanh,114,60,0.009885843428547333,0.7907026563838904,0.011148643554964595,0.7735156771180787,1.0000557260329241
letter,tanh,115,1,0.036386681268640336,0.16216795201371037,0.036379864240476185,0.1601067378252168,1.0008058767084906
letter,tanh,115,2,0.0332494653153602,0.27899171665238504,0.033226460283829105,0.27985323549032687,1.0037706445796428
letter,tanh,115,3,0.02990456874377434,0.3514710082833476,0.030024554688966865,0.3495663775850567,1.0005201389834693
letter,tanh,115,4,0.026504870158802794,0.46536703798914597,0.026700754478376283,0.45663775850567045,1.0005000082351128
letter,tanh,115,5,0.02310262995684157,0.5397029420165667,0.023245595345457358,0.5333555703802535,1.0015073741509453
letter,tanh,115,6,0.020450080808813418,0.6056126820908312,0.020703616967173214,0.6067378252168112,1.0056125158632867
letter,tanh,115,7,0.01870383600672555,0.6353184804341616,0.018952696045248903,0.6314209472981988,1.0024229942621166
letter,tanh,115,8,0.017773679172479556,0.6602399314481576,0.018094361726085688,0.6554369579719813,1.0009261934593825
letter,tanh,115,9,0.01672655126783855,0.6788060554127392,0.016981032807843233,0.676450967311541,1.000069692233279
letter,tanh,115,10,0.015249646093625679,0.7163667523564696,0.015563581893371911,0.7108072048032021,1.0008548164150701
letter,tanh,115,11,0.012973294083442433,0.7747072265067124,0.013295837452051967,0.7748498999332889,1.0000783132944715
letter,tanh,115,12,0.012348128406529695,0.778848900314196,0.012712648688040677,0.7778519012675117,1.0000001768136662
letter,tanh,115,13,0.011714401415751143,0.7894173093401885,0.012137773500194767,0.7938625750500333,1.0050833620479183
letter,tanh,115,14,0.012318928845933448,0.7672807769208797,0.012716786053229307,0.7671781187458305,1.000000230529254
letter,tanh,115,15,0.012065315266215789,0.772422165095687,0.012523099998905725,0.7688458972648432,1.0000016684755348
letter,tanh,115,16,0.011179602663842037,0.8004141673807483,0.01183690443531861,0.7901934623082054,1.0016492707527735
letter,tanh,115,17,0.010632761058780017,0.8074121679520138,0.011328916378608698,0.8012008005336891,1.000107734957951
letter,tanh,115,18,0.010445401994084329,0.8083404741502428,0.011187097421587508,0.8022014676450967,1.0003811725438458
letter,tanh,115,19,0.01020625585441131,0.8121965152813482,0.01096034388988503,0.8062041360907272,1.0002392342750963
letter,tanh,115,20,0.010095695010541467,0.8140531276778064,0.010893283060691877,0.8038692461641094,1.0011663048730963
letter,tanh,115,21,0.00992257692651655,0.816766638103399,0.010784209717133121,0.8035356904603068,1.000006257131352
letter,tanh,115,22,0.009671438560362615,0.8216223936018281,0.010552924473270064,0.8098732488325551,1.0000816026365316
letter,tanh,115,23,0.009616184831764579,0.8211939445872608,0.010462373583631042,0.8118745830553702,1.0000151392875154
letter,tanh,115,24,0.009391962670792635,0.825549842902028,0.010306875360661683,0.813542361574383,1.0000013804012384
letter,tanh,115,25,0.009417076549227093,0.8243359040274207,0.010295149726695329,0.80920613742495,1.0001058249991104
letter,tanh,115,26,0.009451888203742577,0.8254784347329335,0.010379618218489114,0.8098732488325551,0.999952839625455
letter,tanh,115,27,0.009239958584818988,0.8284775778349043,0.01019480352382941,0.8128752501667779,1.0000117690419819
letter,tanh,115,28,0.00910720079440615,0.8299771493858897,0.010130819233349042,0.814209472981988,1.0000004452941829
letter,tanh,115,29,0.008962208685678352,0.8329762924878606,0.00992064225264835,0.8218812541694464,1.0012921356168225
letter,tanh,115,30,0.008830995504735198,0.8346186803770351,0.009817406052267106,0.8232154769846565,1.0000040434959112
letter,tanh,115,31,0.008869470401981583,0.8348329048843187,0.009848611976223113,0.8238825883922615,1.0000787498433434
letter,tanh,115,32,0.008675008963222926,0.8378320479862896,0.009677407188436857,0.8222148098732488,1.000000503630649
letter,tanh,115,33,0.00864140592214779,0.8377606398171951,0.009677785217404549,0.8255503669112741,1.0005409905644989
letter,tanh,115,34,0.008472941869091654,0.8394744358754641,0.009579866648675611,0.8262174783188793,1.0000014782122226
letter,tanh,115,35,0.008437552640105147,0.8416166809483004,0.009534635873021046,0.8248832555036691,0.999997859723356
letter,tanh,115,36,0.008352521150693315,0.8421165381319623,0.009382430074117865,0.828552368245497,1.0000349850671184
letter,tanh,115,37,0.00826309120558866,0.8446158240502714,0.009335096494880358,0.829219479653102,0.9999955638160664
letter,tanh,115,38,0.008248134905095968,0.8435447015138532,0.009346015642322947,0.8322214809873248,1.0018330247474838
letter,tanh,115,39,0.008189773011907577,0.8456869465866895,0.009308224398466573,0.8308872581721147,1.0000139431490143
letter,tanh,115,40,0.008070176668135632,0.8474721508140531,0.009203458235432766,0.8332221480987325,0.9999991043209268
letter,tanh,115,41,0.008041058390764785,0.8488289060268495,0.009172598706059904,0.8365577051367579,1.0000037178470376
letter,tanh,115,42,0.007975042713201623,0.8496143958868895,0.00913716005775166,0.8345563709139426,1.0005654474522725
letter,tanh,115,43,0.007975086696060976,0.8495429877177949,0.009132700932433093,0.8338892595063375,0.9999136311799572
letter,tanh,115,44,0.007868982537636548,0.8509711510996858,0.008973546259601043,0.8362241494329553,1.0001220767983998
letter,tanh,115,45,0.007843542970818162,0.8524707226506713,0.008982394030306104,0.8382254836557705,1.0000068057393403
letter,tanh,115,46,0.007773563122067666,0.8536846615252784,0.008885478440605483,0.8388925950633755,0.9999578871745799
letter,tanh,115,47,0.007743643333865164,0.8536846615252784,0.008893730635150305,0.8382254836557705,1.0001465357996158
letter,tanh,115,48,0.007653662106889316,0.8551842330762639,0.008786935580217448,0.8405603735823882,1.0000985512157672
letter,tanh,115,49,0.007693907858271802,0.8548986003998857,0.008829390046005865,0.8408939292861908,1.0011134693162491
letter,tanh,115,50,0.007664129716322607,0.8563981719508712,0.008782298690238553,0.8392261507671781,1.0000932378335399
letter,tanh,115,51,0.007532227276448257,0.8566838046272494,0.00870445794314521,0.8388925950633755,0.9999862927424781
letter,tanh,115,52,0.0074728200915957655,0.8579691516709511,0.00865124398110641,0.842895263509006,0.9999844389391734
letter,tanh,115,53,0.007439838452514621,0.8578263353327621,0.008674923479945683,0.8412274849899933,1.000115633743528
letter,tanh,115,54,0.007453388942699199,0.8581119680091402,0.00862800056544611,0.8418945963975984,1.0000074479543648
letter,tanh,115,55,0.007346498274517037,0.8599685804055984,0.00860608871196068,0.8435623749166111,1.0010216921823631
letter,tanh,115,56,0.007381664151311199,0.8598257640674093,0.008544636137854517,0.8448965977318212,1.0000236857977614
letter,tanh,115,57,0.007297352761489558,0.8603256212510711,0.008526338835456783,0.8438959306204136,1.0000177462544722
letter,tanh,115,58,0.007253496923159806,0.8615395601256783,0.008480089891212987,0.8442294863242161,1.0000640976587705
letter,tanh,115,59,0.00726257889582857,0.8616109682947729,0.008458510093373811,0.8458972648432288,1.0000947853596684
letter,tanh,115,60,0.007226283623170159,0.860968294772922,0.008464366850289538,0.8452301534356238,1.0011163266809078
letter,log,100,1,0.033338435048884535,0.3009854327335047,0.033332812056546375,0.2961974649766511,0.8275608184219707
letter,log,100,2,0.0271588279443938,0.5105684090259925,0.027269982014521653,0.5036691127418279,0.7591181550434007
letter,log,100,3,0.023820992204311362,0.6001856612396458,0.023926357847294744,0.5930620413609072,0.7135183864135441
letter,log,100,4,0.021398826360864057,0.6606683804627249,0.02159408865866614,0.6604402935290193,0.7077276933336905
letter,log,100,5,0.01974500916514627,0.6959440159954299,0.01994790078520802,0.6891260840560374,0.6852837254010727
letter,log,100,6,0.018547090576264653,0.7143673236218223,0.018794351334283907,0.7128085390260174,0.653855178150255
letter,log,100,7,0.01759690399897967,0.7146529562982005,0.0178324396191234,0.715143428952635,0.6347256337119098
letter,log,100,8,0.016844418109017326,0.7350756926592402,0.01711324987262697,0.7348232154769847,0.6437422007708091
letter,log,100,9,0.016216817459982193,0.7437160811196801,0.016481690013563453,0.7438292194796531,0.6184370029603238
letter,log,100,10,0.015648499995134485,0.75,0.015933772387853803,0.7484989993328885,0.6536427541732946
letter,log,100,11,0.01516829241013704,0.7571408169094545,0.015499896423497821,0.7605070046697798,0.6019673700612224
letter,log,100,12,0.014736318586152533,0.7592830619822908,0.015057212509225357,0.7598398932621748,0.6045640196700076
letter,log,100,13,0.014355377546602233,0.7661382462153671,0.014683319689491476,0.7645096731154103,0.6368813280802418
letter,log,100,14,0.014004817236377745,0.7673521850899743,0.014345943664211007,0.766844563042028,0.6124623515210109
letter,log,100,15,0.013728996771847156,0.7708511853756069,0.014072945083419656,0.7735156771180787,0.580073635268026
letter,log,100,16,0.013413844962466098,0.7746358183376179,0.01378476761348411,0.7771847898599066,0.5829933298129822
letter,log,100,17,0.013218637025722934,0.7777063696086832,0.013572645456098658,0.7755170113408939,0.5992839192508447
letter,log,100,18,0.012974703591229826,0.7833476149671522,0.013340962994015082,0.7835223482321547,0.6304653570751224
letter,log,100,19,0.01275779684763297,0.7874892887746359,0.013156357438903078,0.7838559039359573,0.5782239562421543
letter,log,100,20,0.012507399052179248,0.7932733504712939,0.012918030664879789,0.7881921280853903,0.6177342612329462
letter,log,100,21,0.012282252942369095,0.798129105969723,0.01270641036346202,0.7885256837891927,0.5434512002778491
letter,log,100,22,0.0120662534888013,0.8016281062553556,0.012514508883707727,0.795530353569046,0.5519460849707307
letter,log,100,23,0.011848305962714398,0.803770351328192,0.012317756696199072,0.7961974649766511,0.6060459331657156
letter,log,100,24,0.011699284089438001,0.8108397600685519,0.012175266535292944,0.8018679119412941,0.5675777724805111
letter,log,100,25,0.013770739441445001,0.7691373893173379,0.014310042332650418,0.7615076717811875,0.6436983347205165
letter,log,100,26,0.011678558997535443,0.8049842902027992,0.012148604289320904,0.794863242161441,0.5445063404819743
letter,log,100,27,0.01126738508506296,0.8156241073978863,0.011794348930332,0.805537024683122,0.5572341553187569
letter,log,100,28,0.011112657985194051,0.8170522707797772,0.011653306255983533,0.8062041360907272,0.5867722161099658
letter,log,100,29,0.010976552535768973,0.8202656383890317,0.01152868289330861,0.8072048032021347,0.5310779640112298
letter,log,100,30,0.010862253150813787,0.8212653527563554,0.011422847713657988,0.8088725817211474,0.5785095891025303
letter,log,100,31,0.01073847693639837,0.823193373321908,0.011296035252491593,0.8125416944629753,0.5402364534223665
letter,log,100,32,0.010625400774368658,0.8233361896600971,0.01118800962606386,0.8122081387591727,0.579079530287936
letter,log,100,33,0.01050724792290671,0.8254784347329335,0.011082412698847143,0.8122081387591727,0.5167960194666336
letter,log,100,34,0.010410701339317971,0.8267637817766352,0.011001494428729401,0.8145430286857905,0.5734715711185381
letter,log,100,35,0.01031251761961894,0.8284775778349043,0.010890251800821727,0.8132088058705804,0.5252735061099694
letter,log,100,36,0.010232901291215455,0.8289060268494716,0.010809271643391313,0.8172114743162108,0.5456399043868129
letter,log,100,37,0.010121888181089826,0.8313339045986861,0.010704372936475519,0.8158772515010007,0.530046582129718
letter,log,100,38,0.010083985143530282,0.8303341902313625,0.01066545574503954,0.818545697131421,0.530573857640225
letter,log,100,39,0.009957435360795892,0.8328334761496715,0.010570384657222848,0.8175450300200133,0.5313769568714906
letter,log,100,40,0.009863060301640494,0.8326906598114824,0.010463980684444641,0.8222148098732488,0.5570453160332948
letter,log,100,41,0.009808121083008867,0.8349757212225078,0.010427880249316427,0.8195463642428286,0.5499190856544732
letter,log,100,42,0.009726399725068807,0.8348329048843187,0.010341326915050103,0.8245496997998666,0.512982706959599
letter,log,100,43,0.009655999147842296,0.8359040274207369,0.010288553869937343,0.8228819212808539,0.5546764407186845
letter,log,100,44,0.009595131593726772,0.837617823479006,0.010232573730461783,0.8238825883922615,0.561469437448222
letter,log,100,45,0.00950944434501521,0.8391173950299914,0.01015927830167718,0.8252168112074717,0.4989591045380494
letter,log,100,46,0.009462545592541768,0.8387603541845187,0.01011230966855926,0.8268845897264844,0.5154133568405991
letter,log,100,47,0.009390996939825287,0.8404741502427878,0.010043446513610525,0.8262174783188793,0.5352291124551983
letter,log,100,48,0.009360104261451712,0.8395458440445587,0.010017259877496552,0.8302201467645097,0.5450984061836512
letter,log,100,49,0.009277614787881121,0.8409740074264496,0.00994358817023216,0.8278852568378919,0.49691428522567793
letter,log,100,50,0.009223197095021157,0.8425449871465296,0.00988929917537202,0.8298865910607072,0.4698326722296111
letter,log,100,51,0.009179075148489972,0.8431162524992859,0.009852973123395241,0.8302201467645097,0.5260398588407871
letter,log,100,52,0.009118821578590123,0.8439017423593259,0.00980471624170673,0.8322214809873248,0.5092650691237552
letter,log,100,53,0.00906209875790765,0.8450442730648386,0.00974158657230397,0.8342228152101401,0.5191675533245725
letter,log,100,54,0.009013026061595037,0.8463296201085404,0.009709615365111732,0.8345563709139426,0.5122008496879684
letter,log,100,55,0.008963311458979707,0.8468294772922023,0.009651555154899951,0.8335557038025351,0.5004316942007039
letter,log,100,56,0.008899131456303652,0.848114824335904,0.009599694824262206,0.8352234823215477,0.5626765690249461
letter,log,100,57,0.008862390543038884,0.847972007997715,0.009576853201241445,0.8355570380253502,0.5129714539096386
letter,log,100,58,0.008810543631042299,0.8495429877177949,0.009524096462189444,0.8355570380253502,0.5510476535977479
letter,log,100,59,0.008750905592595427,0.8506141102542131,0.00947353993597791,0.8372248165443629,0.5371630379877419
letter,log,100,60,0.00872427610846995,0.852042273636104,0.009444364589041547,0.8395597064709807,0.4785208375122269
letter,log,101,1,0.03356853263592446,0.25721222507854896,0.03352568705329834,0.25750500333555704,0.8046162907202913
letter,log,101,2,0.026692618208413885,0.5386318194801485,0.026763364093988325,0.533689126084056,0.7552721157856414
letter,log,101,3,0.02326187815144764,0.6154670094258783,0.02346749437273362,0.6180787191460974,0.7249490289271772
letter,log,101,4,0.02104006717913052,0.6789488717509283,0.02123897565702062,0.6801200800533689,0.6936205707965812
letter,log,101,5,0.01950073365368501,0.7053698943159097,0.019728562306027715,0.7068045363575717,0.6625225989504665
letter,log,101,6,0.018339273952135582,0.7173664667237932,0.018578232074807462,0.7171447631754503,0.6790270877692692
letter,log,101,7,0.017342627216285083,0.7387889174521566,0.017623531357213125,0.7398265510340227,0.6222081366043227
letter,log,101,8,0.016576408392252596,0.7424307340759783,0.016860167422631567,0.7411607738492328,0.636003675897657
letter,log,101,9,0.015930676620861377,0.7478577549271637,0.016218565049874144,0.7508338892595063,0.6063984943455754
letter,log,101,10,0.015362027679154703,0.7532133676092545,0.015650386091608393,0.7511674449633089,0.6255497542807938
letter,log,101,11,0.014876942000064692,0.7597115109968581,0.01518474185213489,0.7548365577051368,0.6114328337746188
letter,log,101,12,0.014398848424401763,0.7664952870608398,0.014702331352948052,0.7655103402268179,0.6099605051443359
letter,log,101,13,0.014063053560273207,0.7712082262210797,0.014401251744602247,0.766177451634423,0.6228642234918089
letter,log,101,14,0.013761883476173213,0.776492430734076,0.014055436066186346,0.7758505670446965,0.6201230073690964
letter,log,101,15,0.013369657032926844,0.7832762067980577,0.013692307626316546,0.7801867911941294,0.615267132341232
letter,log,101,16,0.013124323665023568,0.7898457583547558,0.013430031522300254,0.7878585723815877,0.5576708564798479
letter,log,101,17,0.012828332005002744,0.7929877177949157,0.013147929585603386,0.7881921280853903,0.5930013855093006
letter,log,101,18,0.012492165908194075,0.798129105969723,0.012832654522513266,0.7931954636424283,0.5641826804224582
letter,log,101,19,0.012256667627332983,0.8000571265352756,0.012621129572553668,0.7938625750500333,0.5706930953703775
letter,log,101,20,0.012045925444120073,0.8051271065409883,0.012417169961244328,0.7978652434956638,0.5638965152594644
letter,log,101,21,0.011997878774172606,0.8076978006283919,0.01237721228499935,0.800533689126084,0.5411278611047122
letter,log,101,22,0.011641980701188666,0.810197086546701,0.012053960894234264,0.8025350233488993,0.5833693455572794
letter,log,101,23,0.01149267561469285,0.8134818623250499,0.01188327652457117,0.8095396931287525,0.5472802764382703
letter,log,101,24,0.011339206636756699,0.8143387603541845,0.01174921247018717,0.8072048032021347,0.5588019141545304
letter,log,101,25,0.01118852606943069,0.8159097400742645,0.011604731356471498,0.8098732488325551,0.55815820486366
letter,log,101,26,0.011034327701899797,0.8187660668380463,0.011477084604592245,0.80920613742495,0.5333059847237311
letter,log,101,27,0.010911934301813692,0.8207654955726935,0.011361337440386022,0.80920613742495,0.6187462647831593
letter,log,101,28,0.01078981782259444,0.8226935161382463,0.011243803734279502,0.8148765843895931,0.5675579307471963
letter,log,101,29,0.010677654227295887,0.8236218223364753,0.011140408687397078,0.8158772515010007,0.5679779804600957
letter,log,101,30,0.010575796982080067,0.823193373321908,0.01105390295575669,0.8168779186124083,0.5367988455271111
letter,log,101,31,0.01047842256365613,0.8241930876892316,0.010957560534229825,0.8172114743162108,0.5253158315003844
letter,log,101,32,0.010364831204777599,0.8264067409311625,0.010854047641137394,0.8195463642428286,0.5471563918999646
letter,log,101,33,0.010273115026212195,0.8269780062839189,0.01077478136493177,0.8228819212808539,0.5103698465549639
letter,log,101,34,0.01045501385025719,0.8244073121965153,0.010938779331606259,0.8165443629086058,0.5532303763420572
letter,log,101,35,0.010300514537746894,0.8274064552984861,0.010795066108106054,0.8188792528352234,0.5324827641556451
letter,log,101,36,0.010185433217849146,0.8282633533276207,0.010689771987513221,0.8198799199466311,0.5711400473105218
letter,log,101,37,0.010085737481831223,0.8304770065695516,0.010597387123472413,0.8222148098732488,0.5581995610475321
letter,log,101,38,0.01000316265481732,0.8312624964295915,0.010521851540594887,0.823549032688459,0.506811951185576
letter,log,101,39,0.00991862939944246,0.832762067980577,0.010449237231912833,0.824216144096064,0.5530459767317077
letter,log,101,40,0.00987877052359212,0.8329048843187661,0.010444121712016332,0.8252168112074717,0.5180771271069993
letter,log,101,41,0.009795091434559047,0.8346186803770351,0.010339245777148459,0.8265510340226818,0.5565139828167674
letter,log,101,42,0.009763413893863655,0.8324764353041988,0.010314227910306053,0.8248832555036691,0.5362343794866583
letter,log,101,43,0.009663906084398856,0.8356183947443587,0.010222936610898826,0.828552368245497,0.5100646853158963
letter,log,101,44,0.00960342687628533,0.8361182519280206,0.010180013926576338,0.8275517011340894,0.5040165340776697
letter,log,101,45,0.009522281520334009,0.8372607826335333,0.010093535934422745,0.8308872581721147,0.5520268600644977
letter,log,101,46,0.009472474405613326,0.8389031705227078,0.010043189526132658,0.829219479653102,0.5661155976216476
letter,log,101,47,0.009414612193686901,0.8396172522136532,0.009988310371393154,0.8315543695797198,0.5339692812089378
letter,log,101,48,0.009359631934468845,0.8394744358754641,0.009946913377764056,0.8308872581721147,0.5047455387132457
letter,log,101,49,0.009300805137060303,0.8401171093973151,0.009913446696798821,0.83288859239493,0.5157616434789072
letter,log,101,50,0.009248289008109848,0.8419737217937732,0.009870859055712092,0.8342228152101401,0.5116625300200228
letter,log,101,51,0.009194680069667492,0.842473578977435,0.009808702586388671,0.8345563709139426,0.5142672991692349
letter,log,101,52,0.009157915407446994,0.8419023136246787,0.009783737748523676,0.8332221480987325,0.5203395176993258
letter,log,101,53,0.00911584563187278,0.8437589260211368,0.009743657405902672,0.8348899266177452,0.5060316724936996
letter,log,101,54,0.009041875894568334,0.8444730077120822,0.009676281908798408,0.8355570380253502,0.5091624398258571
letter,log,101,55,0.009009449177436808,0.8455441302485004,0.009655556521145121,0.8362241494329553,0.5329858549072461
letter,log,101,56,0.00896301643055826,0.8456869465866895,0.00961702329485926,0.8392261507671781,0.5198644382495543
letter,log,101,57,0.00894106438165199,0.8459725792630677,0.009579461297608704,0.8368912608405604,0.4940253183039034
letter,log,101,58,0.00889095397160074,0.8469008854612968,0.009536851141970495,0.8388925950633755,0.5336614092833416
letter,log,101,59,0.008849368427708025,0.847186518137675,0.009512127136466562,0.8392261507671781,0.5322196373187426
letter,log,101,60,0.008836470134811984,0.8469008854612968,0.009499458555456936,0.8372248165443629,0.496631526620256
letter,log,102,1,0.033941165080173814,0.2430734075978292,0.03396457620399759,0.24349566377585058,0.8326327848921342
letter,log,102,2,0.0281069339886638,0.4444444444444444,0.028196040679758602,0.43662441627751836,0.7712943313444997
letter,log,102,3,0.024428093158014082,0.5839045986860897,0.024592415451346314,0.5807204803202135,0.7381917272030778
letter,log,102,4,0.021875178230418253,0.643887460725507,0.022057691905102067,0.637758505670447,0.6963404854944871
letter,log,102,5,0.020190873955942528,0.6723079120251356,0.020431475709856914,0.6687791861240827,0.6736613375981149
letter,log,102,6,0.01891235772106848,0.7012282205084261,0.01915336823974205,0.6981320880587059,0.675935713806111
letter,log,102,7,0.017845516115656473,0.7246500999714367,0.01812209376066044,0.7124749833222148,0.6396155830557766
letter,log,102,8,0.01701027760462658,0.7389317337903456,0.01730731327648499,0.7374916611074049,0.6475616886532894
letter,log,102,9,0.01631863049770545,0.7509997143673236,0.01661396043099021,0.7464976651100734,0.6598082538391368
letter,log,102,10,0.015758675199488963,0.7559268780348471,0.01608739666264876,0.7565043362241495,0.6061845883390385
letter,log,102,11,0.015266508830907147,0.7565695515566981,0.015622471552386536,0.7511674449633089,0.6231942808365067
letter,log,102,12,0.014777167726321351,0.767709225935447,0.015145958835094833,0.766177451634423,0.6126658190070258
letter,log,102,13,0.0143192492987433,0.7729220222793488,0.014708646138952054,0.7688458972648432,0.5858305817045769
letter,log,102,14,0.013970421418763392,0.7754927163667523,0.014362963541155486,0.7701801200800533,0.5980484898307861
letter,log,102,15,0.01363577147421139,0.7784918594687232,0.014070375078200555,0.7738492328218812,0.5968806834925865
letter,log,102,16,0.013269625638445842,0.7853470437017995,0.013703541187347136,0.7801867911941294,0.5730293971895377
letter,log,102,17,0.013020852409811684,0.7904170237075121,0.013472467229714001,0.7838559039359573,0.5902818747685654
letter,log,102,18,0.012737421625086318,0.7954870037132248,0.013217664885244403,0.7841894596397598,0.6118519027501961
letter,log,102,19,0.012447838042122685,0.799057412167952,0.012896244186255583,0.7925283522348232,0.5696475141064674
letter,log,102,20,0.012217607928003875,0.803770351328192,0.01271055478491776,0.795530353569046,0.5928474141137138
letter,log,102,21,0.01201364289912323,0.8078406169665809,0.012496141696498469,0.7958639092728486,0.5469093065606151
letter,log,102,22,0.01179175841445813,0.8108397600685519,0.012292156261250381,0.7995330220146765,0.5869306313160274
letter,log,102,23,0.011615242067548342,0.8126249642959155,0.012154842013867136,0.8022014676450967,0.5561565427306934
letter,log,102,24,0.01145445067591574,0.816766638103399,0.011997772580411098,0.8045363575717145,0.5685632972803525
letter,log,102,25,0.011226037587213139,0.8171950871179663,0.011776751035326726,0.805537024683122,0.5375435170253069
letter,log,102,26,0.011101124460119014,0.8202656383890317,0.011654606202441957,0.8118745830553702,0.5646828427757867
letter,log,102,27,0.010918648518103069,0.8226221079691517,0.011472877782847482,0.8112074716477652,0.559687830832179
letter,log,102,28,0.010775337869737072,0.8233361896600971,0.011352150363743733,0.8148765843895931,0.5730262692048479
letter,log,102,29,0.010668699861788214,0.8256212510711225,0.011273556601654258,0.8118745830553702,0.5521355071310031
letter,log,102,30,0.010531330727290088,0.8280491288203371,0.011129770480989525,0.8168779186124083,0.557511739570429
letter,log,102,31,0.01041423097432516,0.8291916595258497,0.011024096878700042,0.8162108072048032,0.5667098677273193
letter,log,102,32,0.010307221697105353,0.8295487003713224,0.010923560487202355,0.818545697131421,0.5630221780208298
letter,log,102,33,0.01019132730721687,0.8326192516423879,0.010819736570022784,0.8182121414276184,0.5570793803322287
letter,log,102,34,0.010092050910707542,0.8333333333333334,0.010716179076831742,0.8212141427618412,0.5606977143775268
letter,log,102,35,0.010004329044529168,0.8336189660097115,0.010634221258880626,0.8225483655770514,0.5481235481725717
letter,log,102,36,0.009887684238925781,0.836832333618966,0.010545116133615246,0.824216144096064,0.5125733909542052
letter,log,102,37,0.009804370044879492,0.8374035989717223,0.010480798796982688,0.824216144096064,0.461869584775683
letter,log,102,38,0.009713266471897198,0.8395458440445587,0.010384259888540453,0.8258839226150767,0.5399226729868968
letter,log,102,39,0.009640631814702202,0.8400457012282205,0.01031537869108492,0.8265510340226818,0.5044346022377757
letter,log,102,40,0.009565880996142976,0.8405455584118823,0.010238472926772539,0.8278852568378919,0.49320887561425564
letter,log,102,41,0.009481955509197998,0.8410454155955441,0.010170943117074399,0.8282188125416945,0.5219336542079954
letter,log,102,42,0.00939916608185268,0.8434732933447586,0.010096204207454919,0.8295530353569046,0.49109025925896904
letter,log,102,43,0.009341920075668125,0.844044558697515,0.01006430015036903,0.83288859239493,0.5420118872856221
letter,log,102,44,0.00928876245518268,0.8446158240502714,0.010017294629240905,0.8295530353569046,0.5192040511589568
letter,log,102,45,0.009197298504067211,0.8457583547557841,0.009913074027355577,0.8315543695797198,0.5433132243846868
letter,log,102,46,0.009136667723019796,0.8474007426449586,0.009857133694064138,0.8325550366911274,0.5398035751894722
letter,log,102,47,0.009078911414005849,0.8485432733504713,0.009828474437442296,0.8325550366911274,0.5643517838505921
letter,log,102,48,0.009039490178422262,0.848900314195944,0.009794407071058952,0.8332221480987325,0.5296941704226139
letter,log,102,49,0.008978360026176324,0.8484718651813767,0.009723801082410805,0.8362241494329553,0.5312292716555786
letter,log,102,50,0.008924002132474466,0.8506855184233076,0.009680782767702224,0.8362241494329553,0.5386028222109754
letter,log,102,51,0.008872947500391403,0.851256783776064,0.00963219737322313,0.8348899266177452,0.5061737918043344
letter,log,102,52,0.008818062724279213,0.8526135389888603,0.009578134210542849,0.8355570380253502,0.5301299230214827
letter,log,102,53,0.008762340221962647,0.8518280491288204,0.009514969194307431,0.837891927951968,0.5063320637438923
letter,log,102,54,0.008734138892841432,0.8521136818051985,0.009512927782168055,0.837891927951968,0.4965464824263871
letter,log,102,55,0.00866715804143877,0.853756069694373,0.009421179348699382,0.8395597064709807,0.5221316219202117
letter,log,102,56,0.008613485026381386,0.8559697229363039,0.009376390740756258,0.8415610406937959,0.4956001872760287
letter,log,102,57,0.008574865686547568,0.8556840902599258,0.009364347499925381,0.8395597064709807,0.5114582310118572
letter,log,102,58,0.00852940893726548,0.8560411311053985,0.009292610441245715,0.8415610406937959,0.5119208720403366
letter,log,102,59,0.008477919354799248,0.8578263353327621,0.009261526387421979,0.8438959306204136,0.49303293629423306
letter,log,102,60,0.008427223616750685,0.8575407026563839,0.00921543429487542,0.8432288192128086,0.5048224442928784
letter,log,103,1,0.033307954242454474,0.2834190231362468,0.0333085403449281,0.2808539026017345,0.8166657187403665
letter,log,103,2,0.027082807273921386,0.532276492430734,0.027204773138888878,0.5320213475650434,0.7599192092148623
letter,log,103,3,0.023502886559148412,0.6134675806912311,0.023675540690379485,0.6080720480320213,0.7187313667827369
letter,log,103,4,0.021266188414973877,0.658311910882605,0.02150010843986014,0.6537691794529686,0.6997748650110799
letter,log,103,5,0.019776312938819696,0.6842330762639246,0.020017193016958354,0.6851234156104069,0.6868222234994541
letter,log,103,6,0.018632340664098534,0.6975149957155099,0.018903845409290514,0.6977985323549033,0.6656142172500987
letter,log,103,7,0.01761071873654318,0.7313624678663239,0.017896622691751417,0.7328218812541695,0.6248909756411508
letter,log,103,8,0.016801876131757636,0.7390031419594402,0.017092872184446106,0.7351567711807871,0.6446481904338852
letter,log,103,9,0.016120237788090935,0.7445729791488146,0.01643843226261749,0.7431621080720481,0.6521866337097326
letter,log,103,10,0.015512625352003161,0.7546415309911454,0.015841856801180648,0.7515010006671115,0.6209451400884949
letter,log,103,11,0.015043345755495862,0.7598543273350471,0.015404025821062444,0.7571714476317545,0.6141190223983736
letter,log,103,12,0.014533714100342227,0.7713510425592688,0.014907762742126953,0.7655103402268179,0.6251298008531284
letter,log,103,13,0.014138109606399147,0.7766352470722651,0.01449771456486554,0.7738492328218812,0.6094736166113521
letter,log,103,14,0.013742117937934175,0.7827763496143959,0.014135192664041181,0.7755170113408939,0.5980432923629558
letter,log,103,15,0.01353102928439563,0.7863467580691231,0.013933622685809225,0.7815210140093396,0.5620360487759
letter,log,103,16,0.013134384678543776,0.7916309625821194,0.013544791377977986,0.7875250166777852,0.5963833863830331
letter,log,103,17,0.01281365346082416,0.797486432447872,0.013210060644457108,0.795530353569046,0.5676208752591849
letter,log,103,18,0.012544732171072319,0.8014852899171665,0.012951634754385618,0.7968645763842561,0.6041193503761784
letter,log,103,19,0.012315571646134508,0.8038417594972865,0.012729594283947402,0.7988659106070714,0.587662180424068
letter,log,103,20,0.012091067973978072,0.8089117395029991,0.012526622395802862,0.8058705803869246,0.5723095791259719
letter,log,103,21,0.011862336553818485,0.8114110254213082,0.01232839062880903,0.8085390260173448,0.5794292624186608
letter,log,103,22,0.011681213698648645,0.8120536989431592,0.012140852031616469,0.80920613742495,0.5506447181273142
letter,log,103,23,0.011501122545278743,0.8151242502142245,0.011996580466836146,0.8102068045363575,0.5574897904748957
letter,log,103,24,0.011352888496599845,0.8161953727506427,0.011843373985201095,0.8118745830553702,0.5929188190337784
letter,log,103,25,0.011205908933634628,0.8198371893744645,0.011726692723864287,0.8108739159439626,0.5526209320717682
letter,log,103,26,0.011063888715523504,0.8208369037417881,0.011598808819884367,0.8122081387591727,0.550212314964944
letter,log,103,27,0.010921975295761234,0.823050556983719,0.011449470956949913,0.813542361574383,0.5553430620915899
letter,log,103,28,0.010791550638607983,0.8241216795201372,0.011329935915956591,0.8178785857238159,0.5392797240527105
letter,log,103,29,0.01070330140441328,0.8235504141673807,0.011251172517073504,0.8178785857238159,0.5577083519638988
letter,log,103,30,0.010616333938071845,0.8264067409311625,0.01117076642451382,0.8195463642428286,0.5349822885793319
letter,log,103,31,0.010473234612789668,0.8269780062839189,0.011051067466858489,0.8195463642428286,0.5760362168312643
letter,log,103,32,0.010362748291595199,0.8283347614967153,0.010932181762049943,0.8205470313542361,0.5470928731475039
letter,log,103,33,0.010272313111556682,0.829477292202228,0.010857438212190058,0.8208805870580387,0.5226091522887574
letter,log,103,34,0.010189190149555213,0.8300485575549843,0.010784792953199339,0.8232154769846565,0.5858342153141175
letter,log,103,35,0.01010420167551192,0.8321908026278206,0.010705623748447074,0.824216144096064,0.5343931572770962
letter,log,103,36,0.01004516768447062,0.8333333333333334,0.010662907118105087,0.824216144096064,0.5170947110733275
letter,log,103,37,0.009940125563654235,0.8330477006569551,0.010570324481660233,0.8232154769846565,0.5570765554345648
letter,log,103,38,0.009870315403063861,0.835118537560697,0.010508006562396272,0.8268845897264844,0.5801299903435193
letter,log,103,39,0.009791896793635839,0.8359754355898315,0.010423038339395153,0.8288859239492995,0.5744300060788534
letter,log,103,40,0.009745598098243614,0.8384033133390459,0.010392953615265012,0.8278852568378919,0.5428429494894564
letter,log,103,41,0.009649369876317393,0.8384033133390459,0.010297092257068655,0.8312208138759173,0.5218904975385704
letter,log,103,42,0.009580190264886034,0.8394744358754641,0.010247575314714324,0.8298865910607072,0.4709732415746366
letter,log,103,43,0.009527425931744889,0.8399028848900314,0.010196447557071758,0.8318879252835224,0.5413739758086669
letter,log,103,44,0.009478912435861112,0.8417594972864896,0.010157423351186032,0.8345563709139426,0.505930818824173
letter,log,103,45,0.00944134444908969,0.841688089117395,0.010091388839060998,0.8352234823215477,0.5520459389449678
letter,log,103,46,0.009352940610413031,0.842473578977435,0.010031830111796071,0.8342228152101401,0.545638473153544
letter,log,103,47,0.009292184501183859,0.8443301913738932,0.010010959069639228,0.8348899266177452,0.48629010961197117
letter,log,103,48,0.009238578354856556,0.8451156812339332,0.009951396833306102,0.8345563709139426,0.5247812935134024
letter,log,103,49,0.009182207657901476,0.8457583547557841,0.009890515373043363,0.8372248165443629,0.5317838289973366
letter,log,103,50,0.009119340079491065,0.8464724364467295,0.00981873635018687,0.837891927951968,0.563939763537743
letter,log,103,51,0.009101510802348119,0.8469722936303913,0.009839481660891767,0.8365577051367579,0.5515595175650756
letter,log,103,52,0.009040698330356155,0.8480434161668094,0.009778984786041802,0.8348899266177452,0.4949633392955542
letter,log,103,53,0.008980902445127215,0.8485432733504713,0.009703833155308535,0.8382254836557705,0.5592604735184964
letter,log,103,54,0.00893670511344504,0.8488289060268495,0.00965767623033341,0.8375583722481654,0.5243392276595876
letter,log,103,55,0.008900990821094983,0.8486860896886603,0.009637446037767904,0.8408939292861908,0.5505863718090837
letter,log,103,56,0.00884773334317267,0.8503998857469295,0.009563573521974135,0.8412274849899933,0.4769344122435676
letter,log,103,57,0.00879104066464843,0.8509711510996858,0.009527323182095275,0.8412274849899933,0.48451099237349227
letter,log,103,58,0.00879215000801694,0.8514710082833477,0.009560594562968119,0.8402268178785858,0.4977335631193847
letter,log,103,59,0.00872138060442876,0.852042273636104,0.009488498613448328,0.8405603735823882,0.517049246884364
letter,log,103,60,0.008675442410340009,0.8531848043416167,0.009443055899866746,0.8412274849899933,0.5053083215486983
letter,log,104,1,0.03331557146448565,0.2919880034275921,0.03333864241749309,0.29553035356904606,0.8207695075968828
letter,log,104,2,0.02694597010247842,0.535275635532705,0.027003455799381706,0.5356904603068713,0.7613346320955288
letter,log,104,3,0.023463695990065123,0.6203227649243074,0.023611887974349245,0.614076050700467,0.7359002650958553
letter,log,104,4,0.021259325547556253,0.6673807483576121,0.021477450200888468,0.6601067378252168,0.701385541583896
letter,log,104,5,0.019766092642020932,0.6977292202227935,0.019928853318082564,0.6911274182788526,0.6790285001036134
letter,log,104,6,0.01857975345397167,0.7087260782633533,0.018820747157620436,0.7078052034689793,0.6762864736635925
letter,log,104,7,0.017573536200347146,0.7246500999714367,0.017846469202307657,0.7261507671781188,0.6777633239654248
letter,log,104,8,0.016812943807820162,0.7322193658954584,0.01707122633803831,0.7321547698465644,0.6108471007819797
letter,log,104,9,0.01642267018996565,0.7399314481576692,0.016674435689440686,0.742494996664443,0.6062383619201225
letter,log,104,10,0.01573678385119766,0.7499285918309054,0.016030746970141205,0.7528352234823216,0.6066559927220269
letter,log,104,11,0.01520170677644551,0.7527849185946872,0.015533061191425812,0.7551701134089392,0.599992011341455
letter,log,104,12,0.014738371306552997,0.7574264495858326,0.015040488301696959,0.7631754503002002,0.6251090046822293
letter,log,104,13,0.014393342181084939,0.7601399600114253,0.014722852174982608,0.7648432288192129,0.6247713380264358
letter,log,104,14,0.014021857790540972,0.767566409597258,0.014330941567472494,0.7691794529686458,0.5920262456633902
letter,log,104,15,0.013724694417931496,0.7689231648100543,0.014051960911998918,0.7721814543028686,0.6180773533982588
letter,log,104,16,0.013408358012357378,0.7752784918594687,0.013733222338782231,0.7778519012675117,0.6073498023423229
letter,log,104,17,0.01353178072529381,0.773350471293916,0.013881279830602607,0.7758505670446965,0.5713425911668628
letter,log,104,18,0.013136737794662625,0.7767066552413596,0.013486340921301332,0.7825216811207472,0.5966778217223893
letter,log,104,19,0.012870308676044929,0.7806341045415596,0.01323376868511552,0.78552368245497,0.5889904082241193
letter,log,104,20,0.012708553848743176,0.7819194515852613,0.013066006832516065,0.7851901267511674,0.567545128982185
letter,log,104,21,0.01247117991740688,0.7840616966580977,0.012842405282901677,0.7881921280853903,0.5744727240302009
letter,log,104,22,0.012294056887827703,0.788703227649243,0.012679239523672324,0.790527018012008,0.5828771481591514
letter,log,104,23,0.01214836619262645,0.7899885746929449,0.01256130886625207,0.789859906604403,0.5861811633760992
letter,log,104,24,0.011983208516208769,0.792630676949443,0.012383468853018406,0.7935290193462308,0.576611347804058
letter,log,104,25,0.011853341509157867,0.7963439017423594,0.012245467862206618,0.7945296864576384,0.5817829649421499
letter,log,104,26,0.011689575933136877,0.7997714938588975,0.01213014747904415,0.7971981320880587,0.5402576592791056
letter,log,104,27,0.011539488003080758,0.804555841188232,0.011972633225667923,0.8038692461641094,0.54405713394286
letter,log,104,28,0.011380382288324201,0.8084118823193374,0.011821507672680327,0.804869913275517,0.5490275382171906
letter,log,104,29,0.011237585522001683,0.8119822907740646,0.011698566990314093,0.8075383589059373,0.566389058068938
letter,log,104,30,0.011136385871604357,0.8131248214795772,0.011616547666417915,0.8128752501667779,0.571976851383812
letter,log,104,31,0.01102833732744669,0.8149814338760354,0.01150831853710664,0.8118745830553702,0.583012550918041
letter,log,104,32,0.010929050529507331,0.8172664952870609,0.011419896779552562,0.8148765843895931,0.5730241539050469
letter,log,104,33,0.010782543408548746,0.8217652099400171,0.011252869102961673,0.8165443629086058,0.552754715179538
letter,log,104,34,0.010632789403363858,0.8246215367037989,0.01115565090862278,0.8172114743162108,0.5423512676994235
letter,log,104,35,0.010534409230859892,0.8249785775492716,0.011059440584833043,0.818545697131421,0.5092367164876049
letter,log,104,36,0.010398770594883228,0.8262639245929735,0.010927297538052924,0.8188792528352234,0.5694028108687825
letter,log,104,37,0.01030062310125155,0.8260497000856898,0.010848374622258222,0.8205470313542361,0.5396722672316031
letter,log,104,38,0.010212638465379212,0.828691802342188,0.010737044052979195,0.8198799199466311,0.5493940166068749
letter,log,104,39,0.010129701801418436,0.8309054555841188,0.010682017086516662,0.8232154769846565,0.5046232750483348
letter,log,104,40,0.010048695295641211,0.8316195372750642,0.01060188972880471,0.8258839226150767,0.5337690510475551
letter,log,104,41,0.009968653251156138,0.8326192516423879,0.01052597113811489,0.8268845897264844,0.5060400663190268
letter,log,104,42,0.009919282260479728,0.834475864038846,0.010475096855210518,0.8268845897264844,0.5268914052225224
letter,log,104,43,0.009831843334680157,0.8351899457297914,0.010407440781830335,0.8282188125416945,0.5055313650366351
letter,log,104,44,0.009758325891675561,0.8369037417880606,0.01033401181521583,0.8308872581721147,0.556027398257883
letter,log,104,45,0.00969429955022783,0.8372607826335333,0.010276428926796838,0.8298865910607072,0.5249328541473587
letter,log,104,46,0.009617133397977685,0.8386889460154242,0.01019172366610916,0.8325550366911274,0.5318236797094499
letter,log,104,47,0.009563468971883947,0.839188803199086,0.010130554141891724,0.8338892595063375,0.5741030948321153
letter,log,104,48,0.00949415083529298,0.841688089117395,0.01009330922157744,0.8348899266177452,0.5313178378027245
letter,log,104,49,0.009459465727561353,0.8426163953156242,0.010060335823580803,0.8342228152101401,0.546935068041111
letter,log,104,50,0.009373671033178715,0.8443301913738932,0.009976720220462157,0.8388925950633755,0.4522147765428657
letter,log,104,51,0.009355878256891942,0.8444730077120822,0.009965290469044893,0.837891927951968,0.5065715846394792
letter,log,104,52,0.009266738431642338,0.8455441302485004,0.00987814923088769,0.8388925950633755,0.5367032763484876
letter,log,104,53,0.009216218754865405,0.8462582119394458,0.00981149028138374,0.8392261507671781,0.4716863818788857
letter,log,104,54,0.009184654372692046,0.8471151099685804,0.009804181558366442,0.842895263509006,0.5219035885473454
letter,log,104,55,0.009107356970072141,0.8479005998286204,0.009711102124731417,0.8445630420280187,0.5029602742217396
letter,log,104,56,0.009045697438671507,0.8501142530705512,0.009645138180111318,0.8465643762508339,0.5315686035343087
letter,log,104,57,0.008988662498162586,0.8509711510996858,0.009610043955629139,0.8438959306204136,0.4627814586157338
letter,log,104,58,0.008949347336365602,0.8517566409597258,0.009544872344855878,0.8468979319546365,0.5413904427724617
letter,log,104,59,0.008895953136717817,0.8515424164524421,0.009525232742883792,0.8458972648432288,0.5073568399078987
letter,log,104,60,0.008843684252250805,0.853613253356184,0.009456259835753909,0.847898599066044,0.48964882145245964
letter,log,105,1,0.03347846162607168,0.2940588403313339,0.03353051040737637,0.2898599066044029,0.8201722987874799
letter,log,105,2,0.027462014040410446,0.49657240788346185,0.027595388056068156,0.4896597731821214,0.774518747900539
letter,log,105,3,0.02380319806932934,0.5898314767209368,0.023937102969024526,0.5997331554369579,0.7316676836333621
letter,log,105,4,0.021595170806716406,0.6588831762353613,0.021787938927744215,0.6584389593062041,0.7029426343553228
letter,log,105,5,0.02002011338445203,0.6861610968294773,0.020193093488119988,0.6904603068712475,0.6847881111521836
letter,log,105,6,0.018763068564020203,0.7132962010854041,0.01898822134521958,0.7168112074716477,0.6541786944377934
letter,log,105,7,0.017772512953165967,0.7317195087117966,0.01798612181097885,0.7308205470313542,0.6389229001425014
letter,log,105,8,0.017043139697298353,0.7344330191373893,0.017303523395018394,0.7344896597731821,0.6586925133474628
letter,log,105,9,0.01631776280786421,0.7491431019708654,0.016594154572345827,0.7488325550366911,0.6380672258186963
letter,log,105,10,0.015664310546980576,0.7536418166238218,0.015918875710189084,0.7531687791861241,0.6525706023846947
letter,log,105,11,0.01515859030469359,0.7601399600114253,0.015449546279580296,0.7641761174116077,0.6233546178153243
letter,log,105,12,0.014711758036523838,0.7682804912882034,0.014997866195003562,0.7731821214142762,0.6177348148049179
letter,log,105,13,0.014305850813390773,0.770208511853756,0.014618303758302175,0.7691794529686458,0.6093256913015432
letter,log,105,14,0.01392185557842187,0.7778491859468724,0.014244415072068198,0.7801867911941294,0.6086480261402119
letter,log,105,15,0.013602672630981917,0.7789203084832905,0.013946893837545448,0.7785190126751167,0.5933392825603173
letter,log,105,16,0.01330940837628864,0.7892744930019995,0.013697580479520905,0.7911941294196131,0.5781846572194276
letter,log,105,17,0.012976697832788025,0.792487860611254,0.013358906265099727,0.7941961307538359,0.6132315099919268
letter,log,105,18,0.012734183807333087,0.7950585546986575,0.0131371392100691,0.7941961307538359,0.5454525550358083
letter,log,105,19,0.01243494788304928,0.8005569837189375,0.01284831650463963,0.7928619079386258,0.5980949357252368
letter,log,105,20,0.01219721572391472,0.8043416166809483,0.012615412122376258,0.8002001334222815,0.5748249552774355
letter,log,105,21,0.012001764050943886,0.805484147386461,0.0124628553873759,0.8032021347565044,0.5414684372189813
letter,log,105,22,0.011789998949620578,0.8069123107683519,0.012239510771366199,0.8045363575717145,0.5655592754440183
letter,log,105,23,0.011617846053641034,0.8109111682376464,0.012069778173459006,0.804869913275517,0.558157327884084
letter,log,105,24,0.011467351937804505,0.8116966580976864,0.011954359698620593,0.8078719146097398,0.5807782217892093
letter,log,105,25,0.011300295059075299,0.8155526992287918,0.0117745999047712,0.8095396931287525,0.5451559781070042
letter,log,105,26,0.011156974578763643,0.8169094544415881,0.01166540877878844,0.8125416944629753,0.5755255268246207
letter,log,105,27,0.011034047877913079,0.8189088831762353,0.011531466782621154,0.8112074716477652,0.5529249798709254
letter,log,105,28,0.01092212542292256,0.8209083119108826,0.011408161014117464,0.814209472981988,0.5724083195812542
letter,log,105,29,0.010840800666596144,0.8218366181091117,0.011374943116275292,0.8148765843895931,0.5889399832336691
letter,log,105,30,0.010692443738770265,0.8229077406455299,0.011224378238105293,0.8125416944629753,0.5253193966508104
letter,log,105,31,0.01059273376153288,0.8245501285347043,0.011143257080789963,0.8162108072048032,0.5780560375866148
letter,log,105,32,0.010491154450615072,0.8260497000856898,0.011045831971766293,0.8168779186124083,0.5317120068945846
letter,log,105,33,0.010406967755555514,0.8260497000856898,0.010977887652938697,0.8162108072048032,0.5260356017705508
letter,log,105,34,0.010307346419223417,0.8281205369894316,0.010882408736601562,0.8202134756504337,0.5502909789888613
letter,log,105,35,0.010211735070820219,0.8286203941730934,0.010817759346101505,0.8202134756504337,0.5600333910176565
letter,log,105,36,0.010122746937664805,0.8319051699514425,0.01072034972641966,0.8208805870580387,0.5483810480432734
letter,log,105,37,0.010068764880017862,0.8314053127677806,0.010678195493291718,0.8222148098732488,0.5159164699725565
letter,log,105,38,0.009998869049201541,0.8324050271351042,0.010601351118662963,0.823549032688459,0.5334424877138026
letter,log,105,39,0.009912640065799979,0.8345472722079406,0.010523619553270172,0.8252168112074717,0.5112608118093289
letter,log,105,40,0.009855315996103816,0.8348329048843187,0.010496087680572428,0.8222148098732488,0.557068673661915
letter,log,105,41,0.00980027517761963,0.8351899457297914,0.01042011153948854,0.8252168112074717,0.5320435081218691
letter,log,105,42,0.00972506709577838,0.8371179662953442,0.010381220086087422,0.8255503669112741,0.5692712948656689
letter,log,105,43,0.009643791445492825,0.8385461296772351,0.010307720447216664,0.8282188125416945,0.5466414946280794
letter,log,105,44,0.009590010068909407,0.8394030277063697,0.01028668112866318,0.8278852568378919,0.549295300349621
letter,log,105,45,0.009546475956678657,0.8401885175664096,0.010236682751200387,0.8275517011340894,0.5111156565222267
letter,log,105,46,0.009459486321296253,0.8414738646101114,0.010139187622694027,0.8312208138759173,0.5700012205478652
letter,log,105,47,0.009414939641204365,0.8416166809483004,0.01009084764866836,0.8338892595063375,0.5702455139358915
letter,log,105,48,0.009331175184124126,0.8436161096829478,0.010019670318350469,0.8322214809873248,0.5304208858251637
letter,log,105,49,0.009280980254966067,0.8439017423593259,0.009961726051275467,0.8345563709139426,0.5444123671451905
letter,log,105,50,0.009261852566398434,0.8436875178520423,0.00996639501461304,0.8335557038025351,0.5374720896144788
letter,log,105,51,0.009197996053028816,0.8441873750357041,0.00987268698784017,0.8352234823215477,0.5246906764563323
letter,log,105,52,0.009128184562383151,0.8452584975721222,0.00984224073747668,0.8345563709139426,0.5445792696714896
letter,log,105,53,0.009096676491680727,0.8464724364467295,0.009813640754899577,0.83288859239493,0.5029236920288012
letter,log,105,54,0.00903340496456891,0.8469722936303913,0.00974432105398481,0.8375583722481654,0.5198563918770989
letter,log,105,55,0.008982878657266003,0.8475435589831477,0.0097008988417348,0.837891927951968,0.5279524509480041
letter,log,105,56,0.008969314740945469,0.8482576406740931,0.009660475706064972,0.8388925950633755,0.523777133754959
letter,log,105,57,0.008901104168126702,0.8484004570122822,0.009627415990393781,0.8385590393595731,0.5227070530977398
letter,log,105,58,0.008846267169609326,0.8500428449014568,0.009584845586772573,0.8358905937291528,0.5110663071462925
letter,log,105,59,0.008801081002780098,0.8510425592687804,0.009558767202831575,0.8375583722481654,0.5275851530137993
letter,log,105,60,0.008765146914158296,0.8516852327906312,0.009532126899004711,0.8382254836557705,0.47428471255970084
letter,log,106,1,0.033434468153045856,0.2787774921451014,0.03351402922540466,0.26917945296864576,0.8154423700152273
letter,log,106,2,0.027425865326740708,0.46600971151099685,0.02753293930235893,0.45830553702468313,0.7708125167536181
letter,log,106,3,0.02409211522685776,0.5785489860039988,0.024231391120594983,0.5783855903935957,0.7281001195538184
letter,log,106,4,0.021665750208426118,0.6346043987432162,0.0218774763855428,0.6310873915943963,0.6978406600682987
letter,log,106,5,0.020051408727921376,0.6835189945729792,0.02026811601686707,0.6791194129419613,0.7323611446170266
letter,log,106,6,0.018807171323228757,0.7070122822050843,0.01903138762596982,0.700133422281521,0.671058346987322
letter,log,106,7,0.01785291530070274,0.7227934875749786,0.01807639305035368,0.7148098732488326,0.6553047477674605
letter,log,106,8,0.01700828050907575,0.734004570122822,0.017257468307828993,0.7254836557705137,0.6662702311099084
letter,log,106,9,0.01633730755143338,0.7437874892887746,0.016603586246509698,0.7438292194796531,0.6102251044735347
letter,log,106,10,0.01580818129373466,0.7485004284490145,0.016083164770366205,0.7431621080720481,0.6134785452801633
letter,log,106,11,0.015349267181204818,0.7494287346472437,0.015657578856178345,0.7451634422948632,0.6203247147110242
letter,log,106,12,0.014903610699361245,0.7602113681805198,0.0152236575267414,0.7538358905937291,0.6118556946840927
letter,log,106,13,0.014544932485780855,0.7619251642387889,0.014879549508367543,0.7598398932621748,0.6273354412050532
letter,log,106,14,0.014207622983188431,0.7703513281919452,0.014537583794054888,0.7695130086724483,0.6235044935664943
letter,log,106,15,0.013873491443740307,0.7714938588974579,0.014230156209828766,0.7685123415610406,0.620307715311035
letter,log,106,16,0.013603406603469977,0.7769208797486432,0.013979607872419518,0.7738492328218812,0.6217827013828883
letter,log,106,17,0.013293335702086647,0.7829905741216795,0.013669926779662082,0.7741827885256838,0.5643419441646894
letter,log,106,18,0.012990574148850721,0.7906312482147958,0.013409852676510039,0.7801867911941294,0.6144234704269534
letter,log,106,19,0.012720226248730307,0.7967009425878321,0.01317081344782235,0.7891927951967979,0.5801419273789503
letter,log,106,20,0.012489599374111548,0.8004141673807483,0.01295537431523296,0.7938625750500333,0.5536266064808626
letter,log,106,21,0.012250924773400734,0.8022707797772065,0.012756004292023624,0.7901934623082054,0.5754481341151342
letter,log,106,22,0.012022296834776814,0.8076263924592973,0.012524578497160726,0.7981987991994663,0.5848577124073963
letter,log,106,23,0.011820777913609276,0.8095544130248501,0.012333813934471258,0.8002001334222815,0.573632973924732
letter,log,106,24,0.0116360269668479,0.8104827192230791,0.012175087399645894,0.8052034689793195,0.6007317886534194
letter,log,106,25,0.01145371110764584,0.8144101685232791,0.012019436678112241,0.8042028018679119,0.5780920903404515
letter,log,106,26,0.011309660223514532,0.8149100257069408,0.01187027407871028,0.8065376917945297,0.5224119716197262
letter,log,106,27,0.01114383296789087,0.8169094544415881,0.011719749303021821,0.8108739159439626,0.5682302479115492
letter,log,106,28,0.01100465316878987,0.8192659240217081,0.011597250080117524,0.8105403602401601,0.5643380680790813
letter,log,106,29,0.010866091677812415,0.8208369037417881,0.011446339348454737,0.814209472981988,0.5607628872863788
letter,log,106,30,0.010788565724751623,0.8220508426163953,0.011383667754552023,0.8145430286857905,0.5757235184487486
letter,log,106,31,0.010665742128605377,0.8232647814910026,0.011275399530301856,0.8158772515010007,0.5501901827792598
letter,log,106,32,0.010557049332545589,0.8258354755784062,0.01117488097854398,0.8148765843895931,0.5774679036457939
letter,log,106,33,0.010423270027322955,0.8259782919165952,0.01103625677561249,0.8158772515010007,0.5477345754433341
letter,log,106,34,0.010341193582048306,0.8272636389602971,0.010977992192439763,0.819212808539026,0.5212630165609196
letter,log,106,35,0.010250162145771515,0.8283347614967153,0.010894603184144782,0.8195463642428286,0.5709359543739467
letter,log,106,36,0.010157806378313244,0.830548414738646,0.010824209064722552,0.8195463642428286,0.564425532509725
letter,log,106,37,0.010077138329867182,0.831191088260497,0.010726435888961446,0.8228819212808539,0.545534495775898
letter,log,106,38,0.009985078697884621,0.8336189660097115,0.01064584032122313,0.8225483655770514,0.5063251510434421
letter,log,106,39,0.00989234222267871,0.8330477006569551,0.01056211318023467,0.8218812541694464,0.5598321142358611
letter,log,106,40,0.009824550778159477,0.8345472722079406,0.010503756688261317,0.8272181454302868,0.548169066486713
letter,log,106,41,0.009767576210104469,0.8354755784061697,0.010457874434279845,0.8255503669112741,0.5311088971335679
letter,log,106,42,0.009673825210544362,0.8349757212225078,0.010350341498883576,0.8268845897264844,0.4906788192467773
letter,log,106,43,0.009616404503189409,0.8378320479862896,0.010338022602139648,0.8282188125416945,0.5307894190605235
letter,log,106,44,0.009554873520927057,0.8385461296772351,0.010262112086747373,0.8275517011340894,0.5377208525071202
letter,log,106,45,0.00949922327940704,0.8384033133390459,0.010207411120516267,0.8298865910607072,0.5262384334154783
letter,log,106,46,0.009430462076448029,0.8401885175664096,0.010151519499536401,0.8318879252835224,0.5288232246718849
letter,log,106,47,0.009402711616120392,0.8395458440445587,0.010110527571504192,0.8295530353569046,0.5143123087715412
letter,log,106,48,0.009314629362721852,0.8409740074264496,0.01003400856287709,0.8312208138759173,0.5658038075064156
letter,log,106,49,0.009260215905020902,0.8414738646101114,0.00998195640770742,0.8325550366911274,0.461592993650045
letter,log,106,50,0.009198198731726361,0.8429020279920023,0.009935854717165337,0.8335557038025351,0.4846259104727128
letter,log,106,51,0.009169109357419993,0.8433304770065696,0.009894454501886954,0.8338892595063375,0.4975793101086282
letter,log,106,52,0.009109038041679379,0.8441873750357041,0.009833249923403094,0.8342228152101401,0.5165170499111771
letter,log,106,53,0.00903897558983672,0.8453299057412168,0.009785398858115383,0.8365577051367579,0.4997188404677484
letter,log,106,54,0.00899832999597139,0.8463296201085404,0.00975487017649731,0.8368912608405604,0.5400488459788747
letter,log,106,55,0.008955470531255953,0.8474721508140531,0.009722194186729772,0.8388925950633755,0.5498703164922487
letter,log,106,56,0.00890225216464482,0.847972007997715,0.009670931710706007,0.8355570380253502,0.556160976371167
letter,log,106,57,0.008852593720649093,0.848900314195944,0.009608459909654907,0.8372248165443629,0.5664604260406684
letter,log,106,58,0.008808663669639432,0.8499714367323622,0.009568572558959501,0.8375583722481654,0.47760150542249086
letter,log,106,59,0.008753665919292327,0.8501856612396458,0.009537117976945488,0.8382254836557705,0.49992347527594894
letter,log,106,60,0.00870844541346136,0.8518280491288204,0.009495444919260737,0.8372248165443629,0.5135414501004715
letter,log,107,1,0.03391433101118077,0.25121393887460725,0.0339751890640757,0.24816544362908605,0.8130377272638982
letter,log,107,2,0.02748109413627126,0.5069980005712653,0.027630307120404023,0.4973315543695797,0.7608048679137733
letter,log,107,3,0.02388401907351404,0.6145387032276493,0.024056830135351367,0.6067378252168112,0.7258044978105808
letter,log,107,4,0.021567580905347196,0.663953156241074,0.02175380202772925,0.6577718478985991,0.7060676637336956
letter,log,107,5,0.019961480239304386,0.6811625249928592,0.020177999626988154,0.6744496330887259,0.686142250264477
letter,log,107,6,0.018682845818328745,0.6980148528991716,0.018901865341260003,0.6947965310206805,0.6581179653723239
letter,log,107,7,0.017647885444857358,0.7297200799771494,0.017921993170627266,0.7204803202134756,0.6351703909887038
letter,log,107,8,0.01680341815883636,0.7417166523850328,0.01707680785345697,0.73815877251501,0.6509105370156103
letter,log,107,9,0.0161410915997172,0.7447872036560983,0.01647578504561139,0.7411607738492328,0.5800152220449647
letter,log,107,10,0.015572657747912052,0.7545701228220508,0.01590803378843538,0.7501667778519012,0.6146750351859589
letter,log,107,11,0.015067084175741296,0.7574264495858326,0.015440833520763128,0.7531687791861241,0.6191202513095776
letter,log,107,12,0.014669592462927216,0.7607826335332762,0.015050931606516504,0.7528352234823216,0.5962158921906889
letter,log,107,13,0.014226740605893259,0.767566409597258,0.014611040706092343,0.7588392261507672,0.5654529952431054
letter,log,107,14,0.013922304233187693,0.770208511853756,0.014335290846813769,0.7641761174116077,0.5792649467539385
letter,log,107,15,0.013573947816308293,0.7778491859468724,0.01398766726733225,0.771180787191461,0.6158060164830256
letter,log,107,16,0.01329256326181275,0.7819194515852613,0.013715679031246843,0.7731821214142762,0.5913314047325937
letter,log,107,17,0.013037001889259554,0.7884890031419595,0.013506999017621034,0.7801867911941294,0.5939169539194641
letter,log,107,18,0.012780798995879748,0.7929163096258212,0.013252290198724734,0.7785190126751167,0.5900972133172527
letter,log,107,19,0.012535629079204112,0.7962724935732648,0.01301897091471199,0.784856571047365,0.6013652778020218
letter,log,107,20,0.012333397317634224,0.8010568409025992,0.012809080162812885,0.7891927951967979,0.5679545618941565
letter,log,107,21,0.012087784800220045,0.8040559840045701,0.012585036507682433,0.7908605737158105,0.5602317752537809
letter,log,107,22,0.01189696702618966,0.8041273921736647,0.012399686253544094,0.7921947965310207,0.5826262109315639
letter,log,107,23,0.011704447298421398,0.8071265352756355,0.01223821222569265,0.795530353569046,0.5555976404473517
letter,log,107,24,0.011556560427883654,0.8079120251356755,0.012098449494732488,0.7965310206804537,0.5612131554640885
letter,log,107,25,0.011420936550926956,0.810982576406741,0.011958749746135512,0.7995330220146765,0.5548480731001002
letter,log,107,26,0.011285185321066179,0.8108397600685519,0.011882757017769722,0.7991994663108739,0.5242582236544606
letter,log,107,27,0.011144915380128672,0.8145529848614681,0.011716927330089019,0.8012008005336891,0.5437492424890685
letter,log,107,28,0.011041584374314906,0.8156955155669808,0.01161528460455247,0.804869913275517,0.5318459952413319
letter,log,107,29,0.010931089044358307,0.81662382176521,0.0115246805798485,0.8032021347565044,0.5956264751029704
letter,log,107,30,0.010805582837889929,0.818337617823479,0.011428721721258243,0.8038692461641094,0.5236456316520968
letter,log,107,31,0.01068834179178171,0.8189088831762353,0.01132241689412458,0.804869913275517,0.5250079430779312
letter,log,107,32,0.010623203513310493,0.8201942302199372,0.011247148541647682,0.8065376917945297,0.5727664590116609
letter,log,107,33,0.01054347714502154,0.8215509854327335,0.01115709293241828,0.8075383589059373,0.5121829206002783
letter,log,107,34,0.010445514634630452,0.820694087403599,0.011089141175648728,0.8085390260173448,0.5402889583540241
letter,log,107,35,0.010361947898725294,0.8242644958583262,0.01101631453603502,0.8125416944629753,0.5198272883676771
letter,log,107,36,0.01026926808964667,0.8248357612110826,0.01093872486397619,0.8118745830553702,0.5400516855879802
letter,log,107,37,0.010184298062973511,0.8251213938874608,0.01082427106193206,0.8132088058705804,0.5108929545914491
letter,log,107,38,0.010104702157618106,0.8261211082547844,0.01076433046542188,0.814209472981988,0.5736570124702413
letter,log,107,39,0.010044715477359866,0.8281919451585261,0.010699281682158196,0.8155436957971981,0.514021773629055
letter,log,107,40,0.009961312396229433,0.8290488431876607,0.010644918995122106,0.8198799199466311,0.5463210350079597
letter,log,107,41,0.009895979672825263,0.8299771493858897,0.01059338612567639,0.8175450300200133,0.5517980488005555
letter,log,107,42,0.00984763842199042,0.830548414738646,0.010533371654199986,0.8168779186124083,0.5267649442149126
letter,log,107,43,0.009782562803590416,0.8307626392459297,0.010472441593963955,0.8205470313542361,0.5239193408469041
letter,log,107,44,0.00970095316874285,0.8330477006569551,0.010389641491358875,0.8195463642428286,0.5617372500553611
letter,log,107,45,0.009632776078797412,0.8338331905169951,0.010358373694178313,0.8198799199466311,0.46655465956535697
letter,log,107,46,0.009589129198527288,0.8340474150242788,0.010314204117919237,0.8198799199466311,0.513548957052423
letter,log,107,47,0.009527300855862009,0.8341188231933733,0.010253422093203684,0.8218812541694464,0.5622332963425799
letter,log,107,48,0.00949292373502854,0.8355469865752642,0.010229789155786309,0.8228819212808539,0.5553800892575045
letter,log,107,49,0.009426358587139362,0.8363324764353042,0.01018655915934563,0.8232154769846565,0.5421570508965772
letter,log,107,50,0.00937989346881778,0.8387603541845187,0.010135822669826428,0.8232154769846565,0.5172768390803594
letter,log,107,51,0.009337607622719917,0.8365467009425879,0.010085431945478552,0.8232154769846565,0.5717213208398451
letter,log,107,52,0.009275222623866394,0.8381176806626678,0.010030797200986923,0.8288859239492995,0.5201052209922057
letter,log,107,53,0.009233666529448311,0.8391173950299914,0.009983194043770871,0.8278852568378919,0.5661322537210159
letter,log,107,54,0.009171188575440102,0.8411168237646387,0.009932430130150995,0.8275517011340894,0.5324088653574381
letter,log,107,55,0.009135352578623057,0.8416166809483004,0.009902998883411554,0.8268845897264844,0.4930320704353784
letter,log,107,56,0.009074944210379222,0.8431162524992859,0.00985202746021895,0.8278852568378919,0.5141066703689489
letter,log,107,57,0.009058946643882411,0.8434018851756641,0.009845682943783449,0.8302201467645097,0.560439361067758
letter,log,107,58,0.008984428361644514,0.8450442730648386,0.009754578364944378,0.8308872581721147,0.5293749119654625
letter,log,107,59,0.008936169743658786,0.8451870894030277,0.009716047101996134,0.8322214809873248,0.47547667088899886
letter,log,107,60,0.008888880694101682,0.846401028277635,0.009672629488004077,0.8325550366911274,0.52879381056656
letter,log,108,1,0.03281893006433368,0.30862610682662095,0.03283381790130196,0.3072048032021348,0.8023718381618726
letter,log,108,2,0.02680574296293242,0.5243501856612397,0.026901781317908366,0.5170113408939293,0.7581764893319136
letter,log,108,3,0.02349139849965523,0.5966152527849186,0.023642942439543475,0.5983989326217478,0.7115844362318743
letter,log,108,4,0.021106527445611447,0.6628106255355612,0.021323018144936867,0.6641094062708472,0.6972214652519172
letter,log,108,5,0.019481069495307857,0.6874464438731791,0.019713831180159718,0.6837891927951968,0.6466517504016627
letter,log,108,6,0.018385408534671008,0.7164381605255641,0.01865481846018507,0.7194796531020681,0.6617121415932408
letter,log,108,7,0.017379237440604923,0.7296486718080548,0.017659296548171166,0.7261507671781188,0.6554839119306343
letter,log,108,8,0.016588573591316637,0.7392173664667238,0.016856923711429567,0.7374916611074049,0.646046501855074
letter,log,108,9,0.015947000458523087,0.7430019994287347,0.016227191269293027,0.7414943295530354,0.6434173849008252
letter,log,108,10,0.015362882971148274,0.7583547557840618,0.015677669055125226,0.7571714476317545,0.6255965153846081
letter,log,108,11,0.014816179625617681,0.7654241645244216,0.015157784962825136,0.7631754503002002,0.6268561803336605
letter,log,108,12,0.014404949577504652,0.7706369608683233,0.01475203291715014,0.766844563042028,0.6143742946174011
letter,log,108,13,0.01403816428357469,0.7719223079120251,0.014404607334650299,0.7728485657104737,0.590379929327302
letter,log,108,14,0.013643164476785237,0.7822050842616395,0.01402833170233784,0.7821881254169446,0.5730380893616152
letter,log,108,15,0.013336243683877756,0.7867037989145959,0.013757420821279598,0.7868579052701801,0.5862744979179881
letter,log,108,16,0.012976361657105126,0.7917737789203085,0.013389053820959455,0.7881921280853903,0.5927525932919449
letter,log,108,17,0.012692743195242674,0.7941302485004285,0.013089268879074703,0.7908605737158105,0.5744763220492273
letter,log,108,18,0.012436600657634495,0.7977006569551557,0.012871338183605422,0.7931954636424283,0.5574091018776233
letter,log,108,19,0.012192793946630651,0.8026992287917738,0.012634617321568634,0.7991994663108739,0.5628450977761631
letter,log,108,20,0.012040036611299997,0.8026992287917738,0.012513202457175519,0.8012008005336891,0.571454776813637
letter,log,108,21,0.01179451633200028,0.8075549842902028,0.012271261617721158,0.8045363575717145,0.5739468583620339
letter,log,108,22,0.011607407027070412,0.8104827192230791,0.012091885495095649,0.8038692461641094,0.6073496789372015
letter,log,108,23,0.011677133954588715,0.8095544130248501,0.01217545032220967,0.8038692461641094,0.5354506382182947
letter,log,108,24,0.011399980483277053,0.810982576406741,0.011858759127648966,0.8085390260173448,0.5567558518590369
letter,log,108,25,0.01119553417524686,0.8134818623250499,0.011683641491475816,0.813542361574383,0.5611219709164635
letter,log,108,26,0.011042524143766951,0.81583833190517,0.01153996236765976,0.8158772515010007,0.5850637216008997
letter,log,108,27,0.010920989457593176,0.8155526992287918,0.011420053527376343,0.813542361574383,0.572170618785958
letter,log,108,28,0.010765138186436794,0.8208369037417881,0.011291873382329164,0.818545697131421,0.5482618964271213
letter,log,108,29,0.010663946887181572,0.8211225364181662,0.011222642680870027,0.8165443629086058,0.5650826435173635
letter,log,108,30,0.010523215516962543,0.8226221079691517,0.011068542402568238,0.8175450300200133,0.5763715699692435
letter,log,108,31,0.01042789103927192,0.8245501285347043,0.010969404382459946,0.8202134756504337,0.5265939116558082
letter,log,108,32,0.01034674631772076,0.8253356183947443,0.010905237565505446,0.8215476984656438,0.5066149389221759
letter,log,108,33,0.01073379380183516,0.8093401885175664,0.011354225516146663,0.8045363575717145,0.5704598225743114
letter,log,108,34,0.010516927049683386,0.8154812910596972,0.011131679625037649,0.8115410273515677,0.4854147502513456
letter,log,108,35,0.010127238612201135,0.8259068837475008,0.010680749371108437,0.8228819212808539,0.4967856190357703
letter,log,108,36,0.010030567226398269,0.8287632105112825,0.010604464989903854,0.8225483655770514,0.5441792445427813
letter,log,108,37,0.009896139100898352,0.830405598400457,0.010466517510979984,0.8262174783188793,0.512464267344297
letter,log,108,38,0.009828376418858175,0.8321193944587261,0.010403316508823073,0.8238825883922615,0.5634258844202701
letter,log,108,39,0.00974609789837345,0.8324050271351042,0.010337432455580404,0.8255503669112741,0.5360460993507996
letter,log,108,40,0.009654552515873802,0.8346900885461297,0.010262331241546921,0.8268845897264844,0.5205774107340984
letter,log,108,41,0.009589855167281449,0.8346186803770351,0.010200754741924313,0.8278852568378919,0.5027201593637611
letter,log,108,42,0.009547570092172523,0.836046843758926,0.010158309984158254,0.8302201467645097,0.49553692795467275
letter,log,108,43,0.009446282116239933,0.8364752927734933,0.010062800023966758,0.828552368245497,0.5359982215323865
letter,log,108,44,0.009398725137029712,0.8380462724935732,0.01003346975489489,0.8302201467645097,0.4658870018005797
letter,log,108,45,0.009330998799916706,0.8389745786918024,0.009974957907469285,0.8302201467645097,0.5446766864506477
letter,log,108,46,0.009282803493429682,0.8397600685518424,0.00993331908280329,0.8325550366911274,0.5417441975634242
letter,log,108,47,0.009221540189526693,0.8392602113681805,0.009865474631652629,0.83288859239493,0.4981299219101957
letter,log,108,48,0.0091739830845143,0.8405455584118823,0.009833505752161372,0.8308872581721147,0.4829727808408845
letter,log,108,49,0.00913609222700017,0.8426163953156242,0.009810129759366964,0.83288859239493,0.5233911399746154
letter,log,108,50,0.009063654734376078,0.8430448443301913,0.009718189054413977,0.8348899266177452,0.5096297824316155
letter,log,108,51,0.009013727101012229,0.8434732933447586,0.009696649464378272,0.8345563709139426,0.5391263993665406
letter,log,108,52,0.008973904558443243,0.8449014567266495,0.009645244923384921,0.8345563709139426,0.4720847295529527
letter,log,108,53,0.008933832721267045,0.8441159668666095,0.009586352108305284,0.8348899266177452,0.5207468454829862
letter,log,108,54,0.008882036336070976,0.8452584975721222,0.009549590619680684,0.8358905937291528,0.48551086546382244
letter,log,108,55,0.008843345779945545,0.8451870894030277,0.009529306524862743,0.8365577051367579,0.5216925675032767
letter,log,108,56,0.008794747411732954,0.8451870894030277,0.009460910556675365,0.8388925950633755,0.5287345799342451
letter,log,108,57,0.008759832109806688,0.8468294772922023,0.009465989457468195,0.8348899266177452,0.4768930164778631
letter,log,108,58,0.008711896139911034,0.8470437017994858,0.009392951551979133,0.8365577051367579,0.47868224195631326
letter,log,108,59,0.008668394017126472,0.8475435589831477,0.009366048537997997,0.8372248165443629,0.5291225683375628
letter,log,108,60,0.00863656549214926,0.8481862325049986,0.009343632122492795,0.8375583722481654,0.5734554609810281
letter,log,109,1,0.033935462835590846,0.27192230791202515,0.033969655107701426,0.27218145430286855,0.8290185569232636
letter,log,109,2,0.027246406271567936,0.5583404741502428,0.027413257680536027,0.5547031354236157,0.7667754266345144
letter,log,109,3,0.023654282044606907,0.6227506426735219,0.023833960971825392,0.6250833889259506,0.7369819328814892
letter,log,109,4,0.021321887145212878,0.6751642387889174,0.021525826668704996,0.6684456304202802,0.7066685257830725
letter,log,109,5,0.019680186470771934,0.6858754641530991,0.019936257906098452,0.6881254169446298,0.6862507681082038
letter,log,109,6,0.018510547330431712,0.7060839760068551,0.018735198012552107,0.7071380920613742,0.659288532779599
letter,log,109,7,0.01757390185020761,0.7232933447586404,0.017820950238758612,0.7214809873248833,0.6452179253610452
letter,log,109,8,0.016747035867062048,0.7377892030848329,0.017023906330874347,0.7361574382921948,0.642115484844588
letter,log,109,9,0.016498358707083,0.7275064267352185,0.01685072656043465,0.7241494329553035,0.6242899264208224
letter,log,109,10,0.01602734848491388,0.7320765495572693,0.016415342023323374,0.7308205470313542,0.6330156257584003
letter,log,109,11,0.015507475611730812,0.7397886318194802,0.01588566599907545,0.7394929953302202,0.627497210817941
letter,log,109,12,0.015068134374601113,0.7499285918309054,0.015491340020006957,0.7458305537024683,0.6272508352594225
letter,log,109,13,0.014706910695245172,0.7561411025421308,0.015165879355512888,0.7478318879252835,0.5920171847208494
letter,log,109,14,0.014339010791336456,0.7632105112824907,0.014817648203294075,0.7561707805203469,0.5852830697529317
letter,log,109,15,0.01400714246431562,0.7649243073407598,0.014497683383819673,0.7615076717811875,0.593130104486666
letter,log,109,16,0.013722828011543878,0.7664952870608398,0.014232777775070243,0.7628418945963976,0.6155590354040621
letter,log,109,17,0.013442072785098734,0.7717080834047415,0.013964873808406188,0.7685123415610406,0.5789531876868497
letter,log,109,18,0.013237625343102142,0.7735646958011997,0.013784474937437001,0.7675116744496331,0.5650916474973068
letter,log,109,19,0.012968837529103303,0.7787774921451014,0.013532905159155756,0.7721814543028686,0.6121976070562987
letter,log,109,20,0.012764483606073452,0.7819194515852613,0.013358737905187712,0.7771847898599066,0.5951530126246863
letter,log,109,21,0.012568188190554158,0.784490145672665,0.01318259310935195,0.7791861240827218,0.5871070898785613
letter,log,109,22,0.012384844324244866,0.7865609825764067,0.013002915512927184,0.7798532354903269,0.5920342353871396
letter,log,109,23,0.012245919982128853,0.7884890031419595,0.012887966724437204,0.7788525683789193,0.603003313517306
letter,log,109,24,0.012094072825841165,0.7922022279348757,0.012740974841772038,0.7835223482321547,0.5453190142453009
letter,log,109,25,0.012008838233775984,0.7902027992002285,0.012666905706005555,0.7828552368245497,0.5532099512372897
letter,log,109,26,0.011830530462445154,0.7964153099114538,0.012507011415963222,0.7865243495663776,0.5580024197093838
letter,log,109,27,0.011732405200615678,0.7952013710368466,0.0124118792982564,0.7861907938625751,0.5673265691083976
letter,log,109,28,0.011636143248634375,0.7960582690659811,0.012301108996337825,0.7868579052701801,0.5533288907011078
letter,log,109,29,0.011497744673625705,0.7991288203370466,0.012186471227335346,0.7888592394929953,0.5829917523149047
letter,log,109,30,0.011398821869834097,0.7994144530134247,0.012113205782626228,0.7881921280853903,0.5532080034636873
letter,log,109,31,0.01129513995254163,0.8012710654098829,0.012003683856203078,0.7881921280853903,0.5517373929436871
letter,log,109,32,0.011206396882081785,0.8024850042844901,0.011917717532235946,0.7885256837891927,0.5830087740902209
letter,log,109,33,0.011131584375900819,0.803770351328192,0.011846333373434409,0.7901934623082054,0.5523869794838434
letter,log,109,34,0.01103326289361134,0.8054127392173664,0.011750944714839229,0.7931954636424283,0.5538332525425205
letter,log,109,35,0.010961993354795673,0.807055127106541,0.011671729690735691,0.7938625750500333,0.5412905900854228
letter,log,109,36,0.010881991928495377,0.8085546986575264,0.011620860765165778,0.7935290193462308,0.5543195888160978
letter,log,109,37,0.010812516082655097,0.8091973721793774,0.01155987198345851,0.7935290193462308,0.5666435525078937
letter,log,109,38,0.010738343722138116,0.8098400457012283,0.011439871898256654,0.7975316877918612,0.5587581878546455
letter,log,109,39,0.010608660874202563,0.8125535561268209,0.01133240896649857,0.799866577718479,0.5570625205133491
letter,log,109,40,0.010430858961667013,0.8201228220508426,0.01114416109273027,0.8078719146097398,0.5329237377112194
letter,log,109,41,0.010162827441677088,0.8303341902313625,0.010910502920046968,0.819212808539026,0.5706470490536809
letter,log,109,42,0.01004634727648305,0.8321193944587261,0.010792076111635868,0.8205470313542361,0.5499441209512076
letter,log,109,43,0.009937651216044317,0.8329048843187661,0.010649106861932007,0.8228819212808539,0.5599561639940887
letter,log,109,44,0.009851998642472774,0.8355469865752642,0.010581709814883756,0.8248832555036691,0.5598263924421962
letter,log,109,45,0.009754401668844453,0.8365467009425879,0.010474965833735764,0.8248832555036691,0.5447816019996055
letter,log,109,46,0.00967212212237099,0.8371179662953442,0.010386301422863078,0.8298865910607072,0.5220387713303524
letter,log,109,47,0.009586073694299377,0.8396886603827478,0.010331003212500689,0.8295530353569046,0.5100927031105026
letter,log,109,48,0.00951566434961945,0.8401885175664096,0.01027057968354087,0.8268845897264844,0.5294752732619751
letter,log,109,49,0.009462284905465482,0.8400457012282205,0.01018645318818758,0.8325550366911274,0.507023085946028
letter,log,109,50,0.0093781106094213,0.8425449871465296,0.010125271377137899,0.8315543695797198,0.5081309233183917
letter,log,109,51,0.009324012174903994,0.8428306198229077,0.010089345233835367,0.8315543695797198,0.5297793928535433
letter,log,109,52,0.009268930263364398,0.8420451299628677,0.010009876266637845,0.8318879252835224,0.5141898634159245
letter,log,109,53,0.009237772653832969,0.8444015995429878,0.010008873825051421,0.83288859239493,0.5601108680894287
letter,log,109,54,0.009166834999181306,0.8452584975721222,0.00991543987052478,0.8345563709139426,0.5278337649482698
letter,log,109,55,0.009117060606321227,0.846401028277635,0.009865417428363903,0.8358905937291528,0.5184143366802194
letter,log,109,56,0.009054903517224282,0.8459725792630677,0.009808448049001321,0.837891927951968,0.5188917105093362
letter,log,109,57,0.009003332929804347,0.8459011710939731,0.009763081564034314,0.8372248165443629,0.541170050452189
letter,log,109,58,0.008968215601310827,0.8483290488431876,0.00975174717713374,0.8355570380253502,0.52554178101205
letter,log,109,59,0.008931231639022789,0.847186518137675,0.009685877694971977,0.8375583722481654,0.5505221757641957
letter,log,109,60,0.008883908547887613,0.8486146815195659,0.009646662859679465,0.8368912608405604,0.4900068768038198
letter,log,110,1,0.03248765146365993,0.2948443301913739,0.032445245006418565,0.2921947965310207,0.8062388759688304
letter,log,110,2,0.0267158542149207,0.5150671236789489,0.026769592722934728,0.514342895263509,0.7659057965054861
letter,log,110,3,0.023527948482323775,0.584475864038846,0.023642720161346168,0.5827218145430287,0.7095542590202993
letter,log,110,4,0.021543640547511424,0.6397457869180234,0.02164644724195682,0.6400933955970647,0.6979504203423101
letter,log,110,5,0.02013281271537915,0.6739502999143102,0.02026753466326555,0.6771180787191461,0.6858719356595604
letter,log,110,6,0.01908538713511734,0.6899457297914882,0.019208265617981456,0.6954636424282855,0.6705371878283876
letter,log,110,7,0.01838218922415799,0.7037275064267352,0.018517353432966392,0.7081387591727819,4.590527494694497
letter,log,110,8,0.01750397620040658,0.711296772350757,0.017692448699100267,0.7168112074716477,0.6224713929268735
letter,log,110,9,0.016803371853515575,0.7204370179948586,0.01698279854468028,0.723148765843896,0.6357982008780386
letter,log,110,10,0.016224920211232383,0.7269351613824622,0.01643428518744927,0.733155436957972,0.6131099054300883
letter,log,110,11,0.015768981584472628,0.7315766923736076,0.01597615984758078,0.7388258839226151,0.660524122183489
letter,log,110,12,0.015334827637818684,0.7393601828049129,0.015570040265040063,0.7414943295530354,0.6051271767766315
letter,log,110,13,0.014983726009952689,0.743573264781491,0.015266552281337092,0.7441627751834556,0.591554422451259
letter,log,110,14,0.014601474364024964,0.7500714081690946,0.014879927196506807,0.7515010006671115,0.6249250806908626
letter,log,110,15,0.014268123001035861,0.7577120822622108,0.014544101722235333,0.7541694462975317,0.5902330650850067
letter,log,110,16,0.013814518165670324,0.7693516138246216,0.014082608057580822,0.7691794529686458,0.6301564515820233
letter,log,110,17,0.013241099000248786,0.785418451870894,0.013602137033232445,0.7798532354903269,0.5724960807209205
letter,log,110,18,0.012906636108362667,0.7898457583547558,0.013327111858205292,0.7845230153435624,0.5797227638164544
letter,log,110,19,0.012608694247119606,0.7929163096258212,0.013057927963779055,0.7881921280853903,0.5857387943449609
letter,log,110,20,0.012374597332485927,0.7976292487860611,0.01285047451841631,0.7908605737158105,0.5662923103661015
letter,log,110,21,0.01215225181343406,0.7997000856898029,0.012637617853274144,0.7915276851234156,0.5696478966799441
letter,log,110,22,0.012003803765835477,0.8023421879463011,0.012506537052529876,0.7975316877918612,0.5670605379361418
letter,log,110,23,0.0117742046802722,0.8046272493573264,0.012281009188727376,0.7961974649766511,0.5603520703619402
letter,log,110,24,0.011606081773823634,0.8083404741502428,0.012128000003872466,0.7985323549032688,0.6018588695464216
letter,log,110,25,0.011443938881010153,0.8113396172522137,0.011993799469801086,0.799866577718479,0.5736923267572603
letter,log,110,26,0.011303104713409035,0.8138389031705227,0.011881879274791752,0.8015343562374917,0.5808215013051738
letter,log,110,27,0.011166040301963318,0.8164095972579263,0.011749265627010216,0.8032021347565044,0.5722078395697678
letter,log,110,28,0.011040195927623528,0.8171950871179663,0.011611507574613754,0.8082054703135424,0.5565976609167846
letter,log,110,29,0.010928856142585144,0.8198371893744645,0.011508884500522515,0.8085390260173448,0.5625869980262252
letter,log,110,30,0.01079363081982804,0.8209797200799771,0.011380413122421246,0.8072048032021347,0.5494571286940205
letter,log,110,31,0.010691497746016049,0.8229077406455299,0.011262283843819255,0.8108739159439626,0.5873347267469431
letter,log,110,32,0.010553032529259675,0.8261925164238789,0.0111623714921112,0.8112074716477652,0.5802390024037464
letter,log,110,33,0.01046443806216009,0.8262639245929735,0.011065311353085699,0.813542361574383,0.5452073356778069
letter,log,110,34,0.010371004234692005,0.8266923736075407,0.011003128320088965,0.8175450300200133,0.569962219263356
letter,log,110,35,0.010276650501322517,0.8274778634675807,0.010901248740885994,0.8165443629086058,0.5860325769784401
letter,log,110,36,0.010191016137655816,0.8291202513567553,0.010809848201942904,0.8155436957971981,0.5037632857994243
letter,log,110,37,0.010103064102294545,0.8304770065695516,0.010741742029561716,0.8195463642428286,0.5654569884986979
letter,log,110,38,0.010024979166676747,0.8324764353041988,0.010672965308693369,0.8205470313542361,0.5194105450843818
letter,log,110,39,0.009923223859359896,0.8334047415024278,0.010566186797046115,0.8222148098732488,0.5171305465678794
letter,log,110,40,0.009876883327636591,0.8341902313624678,0.010513588074202895,0.8202134756504337,0.5350175588761702
letter,log,110,41,0.009779078123080587,0.8341902313624678,0.010426629443817625,0.8212141427618412,0.5632976107072589
letter,log,110,42,0.009711011241633438,0.8361182519280206,0.010364049218111146,0.8232154769846565,0.5470023433231188
letter,log,110,43,0.009646381903655073,0.8373321908026278,0.01030800395432321,0.8222148098732488,0.5317120668938453
letter,log,110,44,0.009570595727615226,0.8383319051699515,0.010235309923581529,0.8268845897264844,0.5095623677517098
letter,log,110,45,0.009533867204501967,0.8381176806626678,0.010211301705428128,0.8248832555036691,0.5636121700358022
letter,log,110,46,0.009454051269134574,0.839188803199086,0.010116589605647649,0.8278852568378919,0.5527722777749221
letter,log,110,47,0.00940786618257139,0.8401171093973151,0.01006269994284929,0.8278852568378919,0.5587025512577213
letter,log,110,48,0.009344232916376467,0.8412596401028277,0.0100021458146627,0.8265510340226818,0.5064096541861386
letter,log,110,49,0.00927832870223858,0.842473578977435,0.009948040809959363,0.8272181454302868,0.5080772400457414
letter,log,110,50,0.009230984168726055,0.843259068837475,0.009907806988591939,0.8305537024683122,0.5179929508773025
letter,log,110,51,0.009186736521470224,0.8423307626392459,0.009862360513419245,0.8282188125416945,0.5232924070797798
letter,log,110,52,0.00914810981099037,0.8441873750357041,0.0098365244711024,0.8298865910607072,0.5595464532042697
letter,log,110,53,0.009085549899171949,0.8438303341902313,0.00977203749947029,0.8305537024683122,0.530861672634857
letter,log,110,54,0.009169400993082938,0.8426163953156242,0.00982349835125422,0.8318879252835224,0.4874605130254559
letter,log,110,55,0.0090865361848671,0.8444730077120822,0.009739573989996864,0.8355570380253502,0.4681568564162898
letter,log,110,56,0.009027935533279218,0.8450442730648386,0.009704843990192532,0.8332221480987325,0.5025479696669128
letter,log,110,57,0.008971099738618244,0.8458297629248787,0.009655054143987431,0.8342228152101401,0.5497030871082691
letter,log,110,58,0.008936610980592351,0.8454727220794059,0.009616583747112835,0.8332221480987325,0.4965589270196908
letter,log,110,59,0.008882277982095836,0.8475435589831477,0.009556385644329115,0.8348899266177452,0.5244072171711951
letter,log,110,60,0.008854646186260296,0.8470437017994858,0.009523098656696486,0.8352234823215477,0.5141400561793074
letter,log,111,1,0.034382571712544455,0.24378748928877464,0.03432377920887297,0.24649766511007337,0.8248699312042096
letter,log,111,2,0.02822930376799918,0.4699371608111968,0.028296244823315844,0.4666444296197465,0.7608348824107996
letter,log,111,3,0.024601505316846985,0.5885461296772351,0.02467381532194666,0.5950633755837225,0.7270946292454185
letter,log,111,4,0.02235761051033499,0.6226792345044273,0.02243820897475692,0.627751834556371,0.6943789971332593
letter,log,111,5,0.020531709000394693,0.6618109111682376,0.020674565159703735,0.6604402935290193,0.6866334369197576
letter,log,111,6,0.019041270738527464,0.6886603827477863,0.019242894549629963,0.6891260840560374,0.6861565455691576
letter,log,111,7,0.018121449090957822,0.7003713224792917,0.018340919490522068,0.6941294196130754,0.6758892223703005
letter,log,111,8,0.017189548187406357,0.7230077120822622,0.01738368470501422,0.7194796531020681,0.654908433035308
letter,log,111,9,0.01647479066220039,0.7340759782919166,0.016708015616307602,0.7328218812541695,0.640938512029419
letter,log,111,10,0.01582831340379975,0.7472864895744074,0.016084357668233382,0.7464976651100734,0.6110967425440171
letter,log,111,11,0.01526527062695741,0.7575692659240217,0.015504374936487854,0.7588392261507672,0.6165724837803261
letter,log,111,12,0.014936875957198219,0.7609968580405598,0.015228012989015317,0.7628418945963976,0.5811082823145337
letter,log,111,13,0.01443587164773599,0.7664238788917452,0.014705929328744032,0.7655103402268179,0.6115005891261158
letter,log,111,14,0.014044891429280129,0.7699228791773779,0.014319353020061334,0.7738492328218812,0.5953556171557354
letter,log,111,15,0.013670004196856638,0.7772779205941159,0.013931326394478508,0.7801867911941294,0.6044617063069672
letter,log,111,16,0.013856105563024676,0.7657097972007998,0.014165059427159283,0.7621747831887925,0.5812053401126227
letter,log,111,17,0.013404873318809707,0.7739217366466724,0.013681885799599131,0.7731821214142762,0.5888047557520611
letter,log,111,18,0.012963275736442624,0.7858469008854613,0.013192418836943654,0.7851901267511674,0.612350963616565
letter,log,111,19,0.012655931578307768,0.790916880891174,0.012910552343114588,0.7878585723815877,0.5768043005905463
letter,log,111,20,0.012425854936265225,0.7933447586403884,0.012704410264246417,0.790527018012008,0.5790602643556138
letter,log,111,21,0.01216824593494077,0.799057412167952,0.012470597809907221,0.7915276851234156,0.6044897029167586
letter,log,111,22,0.011989772338109035,0.8012710654098829,0.012294987143763394,0.800533689126084,0.5656581541047875
letter,log,111,23,0.01183331717422906,0.8021993716081119,0.012133760770202832,0.7988659106070714,0.5875299825755965
letter,log,111,24,0.01165497552927791,0.8067694944301628,0.012006530039610823,0.799866577718479,0.5262023652590697
letter,log,111,25,0.011515106372856162,0.809411596686661,0.011880023511667177,0.8045363575717145,0.5403181550255488
letter,log,111,26,0.011304299556526282,0.8126249642959155,0.011665395205525328,0.8062041360907272,0.5512118324536042
letter,log,111,27,0.011191826785891316,0.8146243930305627,0.011542524075028756,0.8115410273515677,0.570524707089135
letter,log,111,28,0.01105475568614486,0.8155526992287918,0.011430020361305842,0.8112074716477652,0.5514900779102488
letter,log,111,29,0.010922326325618485,0.8176235361325336,0.01131579625776172,0.8132088058705804,0.5562055447157602
letter,log,111,30,0.010981424800567937,0.8180519851471009,0.011330250332973552,0.8108739159439626,0.5416283986031108
letter,log,111,31,0.010722887609642021,0.8219080262782062,0.011115687761756815,0.8175450300200133,0.5340901121661782
letter,log,111,32,0.010624620367015832,0.8231219651528134,0.011027703388703767,0.8172114743162108,0.5400189538040496
letter,log,111,33,0.010505287891593962,0.8246929448728935,0.010872609854395067,0.818545697131421,0.5516801774050583
letter,log,111,34,0.010395222607323989,0.8260497000856898,0.010810957499095022,0.8178785857238159,0.5428068590515601
letter,log,111,35,0.010315264412762233,0.8294058840331334,0.010728845564564706,0.8208805870580387,0.5303705281237868
letter,log,111,36,0.010209949110001467,0.8303341902313625,0.010621663304974717,0.8225483655770514,0.5165366993781779
letter,log,111,37,0.010134226978793692,0.8314767209368752,0.01055944895901267,0.823549032688459,0.5528718296924299
letter,log,111,38,0.01004805363441733,0.8329048843187661,0.01047645849215308,0.823549032688459,0.5310797294920039
letter,log,111,39,0.009975858951005787,0.8346186803770351,0.010425401108870488,0.8262174783188793,0.5240808847387687
letter,log,111,40,0.00988612899442145,0.8347614967152243,0.010323731972866047,0.8265510340226818,0.5461515706036626
letter,log,111,41,0.00981979797550951,0.8366181091116823,0.010259981617771174,0.8265510340226818,0.5383163865580939
letter,log,111,42,0.009735253361460524,0.8376892316481005,0.010173579025915206,0.828552368245497,0.5353125420786047
letter,log,111,43,0.009683002049664807,0.8377606398171951,0.010095455042572678,0.8298865910607072,0.5460872732320157
letter,log,111,44,0.009597353983265373,0.8406169665809768,0.010052268078720018,0.8308872581721147,0.5575766228741255
letter,log,111,45,0.009551662060317788,0.8413310482719223,0.010007049968268254,0.8345563709139426,0.5580243403174009
letter,log,111,46,0.009506325182037161,0.8417594972864896,0.009964671399232596,0.8318879252835224,0.5586355818248243
letter,log,111,47,0.009420884120849224,0.8419023136246787,0.009887286826537237,0.8345563709139426,0.540537021310764
letter,log,111,48,0.009367679865025045,0.8434018851756641,0.009838882703349369,0.8355570380253502,0.5055578628593351
letter,log,111,49,0.009304381507486874,0.8441159668666095,0.009768050414997394,0.8372248165443629,0.5588633984453865
letter,log,111,50,0.009221471810570356,0.8451870894030277,0.009713613048163202,0.8362241494329553,0.5086463063624699
letter,log,111,51,0.009181022141002197,0.8464724364467295,0.009675637398345347,0.8352234823215477,0.5440568258006843
letter,log,111,52,0.009128369743250103,0.8472579263067695,0.009614131266553192,0.8385590393595731,0.5323225519933372
letter,log,111,53,0.009069103924546757,0.8484718651813767,0.009558806949375137,0.8375583722481654,0.5384186436838786
letter,log,111,54,0.009016166099222477,0.849043130534133,0.009526282893409978,0.8395597064709807,0.5219785484675741
letter,log,111,55,0.00898230152517991,0.8484718651813767,0.009499433198017094,0.8372248165443629,0.5312525064761103
letter,log,111,56,0.008944519278801185,0.8503998857469295,0.009462260531390765,0.8415610406937959,0.5447529068325826
letter,log,111,57,0.008896309154895256,0.849685804055984,0.009421429930341322,0.8392261507671781,0.5391941820148055
letter,log,111,58,0.008843861596491361,0.8503998857469295,0.00935350465113932,0.8415610406937959,0.5319965174840772
letter,log,111,59,0.008781943706819813,0.8509711510996858,0.009295295559090389,0.8448965977318212,0.5517841087114663
letter,log,111,60,0.00874245509366028,0.8521136818051985,0.009260208200446415,0.8422281521014009,0.4658366779031939
letter,log,112,1,0.033296009036848845,0.2597829191659526,0.03332530003452326,0.26551034022681785,0.8113819144421119
letter,log,112,2,0.027211606629424744,0.4642959154527278,0.027326875084513966,0.4573048699132755,0.7638473468718159
letter,log,112,3,0.023880056625994395,0.5889745786918024,0.024033448747785104,0.5890593729152769,0.7227538634053485
letter,log,112,4,0.021567051260297516,0.6488860325621251,0.02174660956114565,0.6470980653769179,0.7143787870640785
letter,log,112,5,0.019927667915932114,0.68808911739503,0.020139526099357857,0.6901267511674449,0.6707979396646322
letter,log,112,6,0.018709713734315278,0.7192230791202514,0.018964868676060335,0.7118078719146097,0.6600906542790381
letter,log,112,7,0.01775310601874101,0.7180805484147387,0.018015274594613148,0.7154769846564376,0.6475105797304641
letter,log,112,8,0.016912165633083613,0.7310768351899457,0.01719453910573722,0.7298198799199467,0.6491708262135942
letter,log,112,9,0.01622051442044955,0.7422879177377892,0.016531263882911096,0.7414943295530354,0.65656602657856
letter,log,112,10,0.015590245303230815,0.7545701228220508,0.015915370500631812,0.7578385590393596,0.6468405024013804
letter,log,112,11,0.015142662415349095,0.7557840616966581,0.015490495812094869,0.7565043362241495,0.5887038437230742
letter,log,112,12,0.014671078687606606,0.7639960011425307,0.015043249781901066,0.7651767845230153,0.5702417385876436
letter,log,112,13,0.014331327819208338,0.7666381033990288,0.014702821409693922,0.766844563042028,0.5893028054577303
letter,log,112,14,0.013968700205248773,0.7761353898886033,0.0143268975147172,0.7788525683789193,0.6071870020893178
letter,log,112,15,0.01368607896232848,0.7795629820051414,0.014042326931327998,0.7795196797865244,0.5935967354256383
letter,log,112,16,0.013383746954971182,0.7804912882033704,0.013756097741576248,0.7771847898599066,0.580845855930526
letter,log,112,17,0.013114012422017783,0.7871322479291631,0.013494186428338596,0.7835223482321547,0.5718889133442987
letter,log,112,18,0.01288980014753455,0.7858469008854613,0.013276363845110897,0.7825216811207472,0.5849847097136881
letter,log,112,19,0.0126316870156293,0.7909882890602685,0.01302689107540523,0.7868579052701801,0.592515123014826
letter,log,112,20,0.012454743368579413,0.7950585546986575,0.012843356961881703,0.7935290193462308,0.5697504212856384
letter,log,112,21,0.012272312217678211,0.7942730648386176,0.012681111668968879,0.7925283522348232,0.5614068625387885
letter,log,112,22,0.012078108028507785,0.7983433304770066,0.012472151949217079,0.7935290193462308,0.5538426674535861
letter,log,112,23,0.0119237314126494,0.799842902027992,0.012314038600527913,0.7968645763842561,0.5754285960313533
letter,log,112,24,0.011779317906384389,0.8022707797772065,0.012188277142947524,0.7958639092728486,0.5600837901994966
letter,log,112,25,0.011635982156803736,0.8043416166809483,0.012031252876657336,0.7968645763842561,0.5706393291395613
letter,log,112,26,0.01153696201813015,0.8038417594972865,0.011944366684526255,0.8012008005336891,0.5103253634998337
letter,log,112,27,0.01140487577249477,0.806269637246501,0.011827414467041027,0.8022014676450967,0.5713054749721852
letter,log,112,28,0.011300552800536578,0.8069837189374465,0.011732923075004847,0.8012008005336891,0.5881292946605359
letter,log,112,29,0.011151417588234564,0.8107683518994573,0.011580132674147283,0.8052034689793195,0.5625777663598405
letter,log,112,30,0.011097791625852404,0.8096972293630391,0.011530553657340608,0.8035356904603068,0.5784051102259649
letter,log,112,31,0.010982067453066574,0.8113396172522137,0.011405602651432268,0.8085390260173448,0.5637267163173479
letter,log,112,32,0.010879942237355519,0.8122679234504427,0.011320237197163775,0.8065376917945297,0.5731022821876275
letter,log,112,33,0.01078085193748448,0.8144101685232791,0.011219754700357775,0.8095396931287525,0.5650284667262805
letter,log,112,34,0.010717865208997304,0.8151956583833191,0.011164187823126002,0.8128752501667779,0.5393962295419958
letter,log,112,35,0.010623205689057764,0.8179091688089117,0.011077443902854693,0.8125416944629753,0.528730952716071
letter,log,112,36,0.010556750288860113,0.8189088831762353,0.011007094809755688,0.8132088058705804,0.5365570068435954
letter,log,112,37,0.010432519095913344,0.8200514138817481,0.010893375707584927,0.8155436957971981,0.5211822176902657
letter,log,112,38,0.010362120371438,0.8192659240217081,0.010805278930954579,0.8168779186124083,0.5549318721677071
letter,log,112,39,0.010315769825570689,0.8206226792345044,0.01083093331853848,0.8165443629086058,0.5425634256191387
letter,log,112,40,0.010236262500263878,0.822407883461868,0.010765525265913754,0.8198799199466311,0.5589172918565278
letter,log,112,41,0.010148685949848687,0.823193373321908,0.010658893298851007,0.8205470313542361,0.5491872863951162
letter,log,112,42,0.010073943615625506,0.8243359040274207,0.01059806735985403,0.8215476984656438,0.5225025475017616
letter,log,112,43,0.009996229816070545,0.8261925164238789,0.010519287790020008,0.8222148098732488,0.5540456272836923
letter,log,112,44,0.009936282458539496,0.8260497000856898,0.010477402620452962,0.8225483655770514,0.5586456319715873
letter,log,112,45,0.009870910928679087,0.8272636389602971,0.010409325146189625,0.8232154769846565,0.5395347054441427
letter,log,112,46,0.009830588590145826,0.8268351899457298,0.01037845352381653,0.8222148098732488,0.5525554656704078
letter,log,112,47,0.009761435702358387,0.8274064552984861,0.010297488613520651,0.824216144096064,0.5525000435342896
letter,log,112,48,0.009701112778934106,0.8294058840331334,0.010262444229056882,0.8255503669112741,0.5440225516430697
letter,log,112,49,0.009653279663172065,0.8298343330477007,0.010211277792497187,0.8262174783188793,0.5489772440670598
letter,log,112,50,0.009597185446562588,0.8321908026278206,0.010171327151659594,0.8275517011340894,0.6056196710484681
letter,log,112,51,0.009532428517979957,0.831191088260497,0.01011538916070401,0.828552368245497,0.49931500066635337
letter,log,112,52,0.009475200584201681,0.8325478434732934,0.010060792757875517,0.828552368245497,0.5475566966702498
letter,log,112,53,0.009448021208673791,0.8338331905169951,0.010049232469732461,0.8305537024683122,0.5674089565358057
letter,log,112,54,0.009388378076448396,0.8344044558697515,0.00998168507717209,0.8302201467645097,0.5201722830111931
letter,log,112,55,0.009355310039133464,0.834475864038846,0.009958075479229164,0.8315543695797198,0.5019573579668177
letter,log,112,56,0.009302321314997235,0.8354755784061697,0.009895715145134144,0.829219479653102,0.505120483363161
letter,log,112,57,0.009252016729278695,0.8374035989717223,0.009864189576309633,0.83288859239493,0.5158836614398696
letter,log,112,58,0.009226512835091003,0.8364752927734933,0.009833862093120376,0.83288859239493,0.5181590268727635
letter,log,112,59,0.009193659426959624,0.8386175378463296,0.009827641487747741,0.8305537024683122,0.5288226943789961
letter,log,112,60,0.009123141903970207,0.8387603541845187,0.009771342799880465,0.8312208138759173,0.533184936235034
letter,log,113,1,0.03475061347299555,0.23786061125392746,0.03474067459827405,0.24049366244162776,0.8214009180027101
letter,log,113,2,0.028978950511112704,0.4829334475864039,0.028972100006077375,0.48032021347565046,0.7728326937539438
letter,log,113,3,0.025039024603165122,0.5586975149957155,0.02511445920512911,0.5670446964643095,0.7463263246614662
letter,log,113,4,0.022733373942172966,0.5936161096829478,0.022822588039253265,0.5963975983989326,0.6994168644012947
letter,log,113,5,0.021065187266623996,0.6418880319908598,0.021171440389620447,0.6404269513008672,0.6750182945436609
letter,log,113,6,0.020021822227982714,0.6658811768066267,0.020183719795875722,0.6667778519012675,0.674348374776812
letter,log,113,7,0.01899940966794414,0.6930876892316481,0.019194828194363536,0.6971314209472982,0.6684750437684799
letter,log,113,8,0.01815354715659135,0.7030134247357898,0.01835806421075344,0.7034689793195463,0.6622034086768271
letter,log,113,9,0.01748377523827825,0.7060125678377607,0.01771608862665435,0.7098065376917946,0.634291644767786
letter,log,113,10,0.016919128616803336,0.7169380177092259,0.017157247644941052,0.7111407605070047,0.6406024922831676
letter,log,113,11,0.0163400332930608,0.7233647529277349,0.016600934650652606,0.7211474316210807,0.6117753197344702
letter,log,113,12,0.015845988877104648,0.7309340188517567,0.016105114614316324,0.7328218812541695,0.6100100410934444
letter,log,113,13,0.015476046576172792,0.7377177949157384,0.015784522751744592,0.7318212141427618,0.5974676061016546
letter,log,113,14,0.015053978603162013,0.7433590402742074,0.015395992721045216,0.7371581054036024,0.6147333294227346
letter,log,113,15,0.014698705385892822,0.7519280205655527,0.015030324163762885,0.7458305537024683,0.6001672432659869
letter,log,113,16,0.01438480746008587,0.7526421022564982,0.014743005243970434,0.7481654436290861,0.6046874056872742
letter,log,113,17,0.014110859101230644,0.7589974293059126,0.014479789200273966,0.7545030020013342,0.5711111980975234
letter,log,113,18,0.013859415886673011,0.7597115109968581,0.014298546032025863,0.7538358905937291,0.5881749506012816
letter,log,113,19,0.013614466006477786,0.7647814910025706,0.014050907019217159,0.7595063375583723,0.5831774770652025
letter,log,113,20,0.013396788470116218,0.7660668380462725,0.013872504444149555,0.7591727818545697,0.5857751952756671
letter,log,113,21,0.013192898954992658,0.7719937160811197,0.013669156110517642,0.766177451634423,0.608621639763292
letter,log,113,22,0.013036620285926786,0.7736361039702943,0.013520336824349794,0.7688458972648432,0.5585853281009702
letter,log,113,23,0.012833906833609304,0.7742787774921451,0.013349655780125555,0.7655103402268179,0.558608965246113
letter,log,113,24,0.012745508397737124,0.7745644101685233,0.013280250969204077,0.7695130086724483,0.5767327205046344
letter,log,113,25,0.012563565703006865,0.7774207369323051,0.013103766434118442,0.7695130086724483,0.5533009661964581
letter,log,113,26,0.012443739679714242,0.780562696372465,0.013024242129341015,0.771180787191461,0.5660095949923406
letter,log,113,27,0.012248918262527678,0.781491002570694,0.012821666444890089,0.7751834556370913,0.5857094584775505
letter,log,113,28,0.012151454810385605,0.7834904313053414,0.012739365451454647,0.776184122748499,0.5538325433590263
letter,log,113,29,0.012018610227444474,0.7847043701799485,0.012610948440976426,0.7808539026017345,0.545418519498001
letter,log,113,30,0.011925661083518209,0.7840616966580977,0.012553460419965735,0.7791861240827218,0.6157273803044563
letter,log,113,31,0.011813672656833592,0.7889174521565268,0.012438273506179112,0.7831887925283523,0.5395690640645798
letter,log,113,32,0.011708557849330382,0.790131391031134,0.012330808561589933,0.781187458305537,0.5583381329164351
letter,log,113,33,0.011648187117493432,0.7900599828620394,0.012260859796645276,0.781854569713142,0.5881899559150857
letter,log,113,34,0.011528007480177023,0.7922022279348757,0.01216138960373626,0.7861907938625751,0.6006420193956784
letter,log,113,35,0.011456274505959011,0.7927020851185376,0.012135258180726135,0.7828552368245497,0.5648547479033188
letter,log,113,36,0.011358051942908873,0.794344473007712,0.012040989462042535,0.7845230153435624,0.5100338259844385
letter,log,113,37,0.011292619310008321,0.7952727792059412,0.01197807632660477,0.7878585723815877,0.5622615797473863
letter,log,113,38,0.01122888486050135,0.7958440445586975,0.011923509176073304,0.7881921280853903,0.5459397188579918
letter,log,113,39,0.011147368897576757,0.7976292487860611,0.011857360186726522,0.7888592394929953,0.5869568775270149
letter,log,113,40,0.011073629972110926,0.797343616109683,0.011764622487864066,0.7901934623082054,0.5394905263284071
letter,log,113,41,0.010991567698964111,0.7992716366752356,0.011699246812420936,0.7901934623082054,0.5812657336671754
letter,log,113,42,0.010929642582344235,0.7999143101970866,0.01164077654755599,0.7915276851234156,0.5538128138629974
letter,log,113,43,0.010872296567417521,0.8010568409025992,0.011619472859067741,0.7908605737158105,0.5568349373480634
letter,log,113,44,0.010806196316699428,0.8016995144244502,0.011526983919110148,0.7921947965310207,0.5397388804596971
letter,log,113,45,0.010769143392920585,0.8021993716081119,0.011490178688781603,0.7938625750500333,0.5400896257544944
letter,log,113,46,0.010704598418245628,0.8031276778063411,0.011445427616664767,0.7951967978652434,0.5481896229476146
letter,log,113,47,0.010644700718056553,0.8043416166809483,0.011390482389385734,0.7925283522348232,0.45613817654084493
letter,log,113,48,0.010594908407005863,0.803770351328192,0.011343995481356582,0.7928619079386258,0.5254265668056209
letter,log,113,49,0.010565637064423285,0.8049842902027992,0.011312313573956392,0.794863242161441,0.559483234688741
letter,log,113,50,0.01049724464815191,0.8061268209083119,0.011241729568754896,0.7951967978652434,0.5688376623645248
letter,log,113,51,0.010445721724928357,0.8072693516138246,0.011208267914937927,0.7945296864576384,0.5649087295267333
letter,log,113,52,0.010392288514495352,0.8084118823193374,0.01117701440663958,0.7971981320880587,0.5390440681356721
letter,log,113,53,0.010363061349251145,0.808626106826621,0.011156900348195492,0.7978652434956638,0.5500632485003957
letter,log,113,54,0.010309965552285676,0.8085546986575264,0.011093519724691223,0.800533689126084,0.5277531142714396
letter,log,113,55,0.010259142721701763,0.8091259640102828,0.01103288652127332,0.7995330220146765,0.5683463954396736
letter,log,113,56,0.0102180587238334,0.8095544130248501,0.010996789084389101,0.7991994663108739,0.5204394711039885
letter,log,113,57,0.010171069047746503,0.8106255355612683,0.010972230735313325,0.8018679119412941,0.5381803533824897
letter,log,113,58,0.010155177680855006,0.8104827192230791,0.010954755682353892,0.8018679119412941,0.5294386752328292
letter,log,113,59,0.010103828257506255,0.8114824335904027,0.010884314206428533,0.8008672448298866,0.5122640232776765
letter,log,113,60,0.010066634083999769,0.8123393316195373,0.010878434914975203,0.7995330220146765,0.5447328078337765
letter,log,114,1,0.033498995067474904,0.24542987717794915,0.03348097443883008,0.2408272181454303,0.8221325958722335
letter,log,114,2,0.027383983405681694,0.5033561839474436,0.02742506154121617,0.5033355570380253,0.7690099792462644
letter,log,114,3,0.02364247160232686,0.6173236218223365,0.023814655701517345,0.6207471647765177,0.7243489878292313
letter,log,114,4,0.02123612027114278,0.6780919737217938,0.021437827097663217,0.6754503002001334,0.7037358735459247
letter,log,114,5,0.019668957375277185,0.6917309340188518,0.019895066226929124,0.6924616410940627,0.6702520335382451
letter,log,114,6,0.01855232108809013,0.7086546700942588,0.018788245857680005,0.709472981987992,0.6586974263067095
letter,log,114,7,0.01756302497173434,0.7257212225078549,0.01778834668057993,0.7261507671781188,0.6607158615989835
letter,log,114,8,0.016834762507687683,0.7325764067409312,0.017102067311541146,0.7321547698465644,0.6394412268979663
letter,log,114,9,0.016188272833314896,0.7444301628106256,0.01644612046325667,0.7434956637758505,0.6464214867612169
letter,log,114,10,0.0156379994190624,0.7501428163381891,0.01590642594040771,0.7451634422948632,0.6481549780578215
letter,log,114,11,0.015251556610356301,0.7537132247929164,0.015544453774132286,0.7484989993328885,0.601911396434966
letter,log,114,12,0.014837232423005242,0.7584261639531562,0.015144847763203477,0.7558372248165444,0.6160552903544181
letter,log,114,13,0.014440199972031362,0.7610682662096544,0.014752410291960383,0.7598398932621748,0.6382510982473014
letter,log,114,14,0.014096257479899841,0.768494715795487,0.014429404828874335,0.7621747831887925,0.6003580494501723
letter,log,114,15,0.01378509115416878,0.7710654098828906,0.01414577780875213,0.7688458972648432,0.6071543089353573
letter,log,114,16,0.013506709959455888,0.7772065124250214,0.013870556450492283,0.7758505670446965,0.609565253733289
letter,log,114,17,0.013231560731257292,0.7799914310197087,0.013628157951624136,0.7755170113408939,0.6081716048187435
letter,log,114,18,0.0129859764925837,0.7842045129962868,0.013400236480773644,0.7805203468979319,0.5757198843904429
letter,log,114,19,0.012761031282787284,0.7883461868037703,0.013161528172746222,0.7868579052701801,0.5684606329033611
letter,log,114,20,0.012535447742589653,0.7920594115966867,0.012949854471268316,0.7915276851234156,0.5515550102376259
letter,log,114,21,0.012399186798717392,0.7920594115966867,0.01285212362830284,0.7878585723815877,0.5885330060629791
letter,log,114,22,0.012196147792626873,0.799057412167952,0.012653093193545654,0.7961974649766511,0.6022545615857957
letter,log,114,23,0.012018965744534723,0.8026278206226792,0.01248053987981988,0.7951967978652434,0.5655835627416701
letter,log,114,24,0.01185390438667051,0.8036275349900028,0.012310180635476967,0.8038692461641094,0.5864556759534078
letter,log,114,25,0.01166986215579235,0.8081262496429592,0.012124861982603227,0.8068712474983322,0.5379253074365714
letter,log,114,26,0.011528440841260895,0.8080548414738646,0.011952731589305805,0.8078719146097398,0.5828216471086369
letter,log,114,27,0.011312413782447654,0.8143387603541845,0.011783695264960124,0.8078719146097398,0.5921714504936704
letter,log,114,28,0.01117723002679809,0.8143387603541845,0.011626935575096553,0.8118745830553702,0.5426356240506015
letter,log,114,29,0.011047367385157146,0.8169808626106827,0.0115177149542731,0.8115410273515677,0.5636254844237992
letter,log,114,30,0.010907776590437797,0.8187660668380463,0.01139937434583957,0.8152101400933957,0.5273731636827568
letter,log,114,31,0.010812347713777886,0.8201228220508426,0.011288545765880037,0.818545697131421,0.5849186720913125
letter,log,114,32,0.010689782860717447,0.822265067123679,0.011183702971795504,0.8202134756504337,0.5753711658410827
letter,log,114,33,0.01061814072462202,0.8239074550128535,0.01115074578661575,0.819212808539026,0.5297461202484127
letter,log,114,34,0.010512949065454398,0.8256212510711225,0.011021407057486948,0.8218812541694464,0.5966420119373607
letter,log,114,35,0.010405057884297492,0.8272636389602971,0.010920819674775041,0.823549032688459,0.5377034189877422
letter,log,114,36,0.010307362758076411,0.8293344758640389,0.010818721680256042,0.8238825883922615,0.5257685866636336
letter,log,114,37,0.010243345007344149,0.8299771493858897,0.010769309375877336,0.8258839226150767,0.5429029650282428
letter,log,114,38,0.010149024479402528,0.8309054555841188,0.010691979385037445,0.8248832555036691,0.5536633956158878
letter,log,114,39,0.01008440775524901,0.8324764353041988,0.01065278993903376,0.8268845897264844,0.5392389921856413
letter,log,114,40,0.010010318668502015,0.8324050271351042,0.010565231893819162,0.8275517011340894,0.5509210972123633
letter,log,114,41,0.009924942894620693,0.8322622107969152,0.010481333539987247,0.828552368245497,0.5385059378665656
letter,log,114,42,0.00985380022282363,0.8344044558697515,0.010415388425357948,0.8308872581721147,0.49800097663744436
letter,log,114,43,0.00979952501088499,0.835118537560697,0.010369119122403373,0.8308872581721147,0.5420402008559437
letter,log,114,44,0.009717814092026227,0.836975149957155,0.01029611985741742,0.8322214809873248,0.5668155903021074
letter,log,114,45,0.009642873386966531,0.8378320479862896,0.010231099359682349,0.8335557038025351,0.4997606597321685
letter,log,114,46,0.009588713195689436,0.8394030277063697,0.010193066458256609,0.8318879252835224,0.5615083332895734
letter,log,114,47,0.009522370141976908,0.8408311910882605,0.010148014996833574,0.8338892595063375,0.5387918505574973
letter,log,114,48,0.009466851717783272,0.8420451299628677,0.010084199263994686,0.8338892595063375,0.5183771241307643
letter,log,114,49,0.009419183775986118,0.8423307626392459,0.01002972154727983,0.8358905937291528,0.49355809490876806
letter,log,114,50,0.009346907005248525,0.8441873750357041,0.009978027877094422,0.8358905937291528,0.5342819315241213
letter,log,114,51,0.009299476023928614,0.8444730077120822,0.009953711453227446,0.8348899266177452,0.5123558437123749
letter,log,114,52,0.009242678834204456,0.8459725792630677,0.00989592228720528,0.8375583722481654,0.5178930609681864
letter,log,114,53,0.00918946241371211,0.8466866609540131,0.009828161003053584,0.8392261507671781,0.5342322823621796
letter,log,114,54,0.00914659001598102,0.8482576406740931,0.009807185250993104,0.8372248165443629,0.44867677596737493
letter,log,114,55,0.00910782144223477,0.849043130534133,0.00974856905435271,0.8415610406937959,0.49642861870102345
letter,log,114,56,0.009032351813438744,0.8488289060268495,0.009698269539952498,0.8402268178785858,0.5029254244008602
letter,log,114,57,0.008975294108958823,0.8501142530705512,0.009668489416866034,0.8398932621747832,0.5351482584503408
letter,log,114,58,0.008925781000538015,0.8505427020851185,0.00960047259083207,0.8405603735823882,0.4964613108451284
letter,log,114,59,0.008884322007084309,0.8506141102542131,0.009566882222992701,0.842895263509006,0.5496269272171957
letter,log,114,60,0.008828676148365168,0.852970579834333,0.009526569238790271,0.8412274849899933,0.5221144635097709
letter,log,115,1,0.033155886942864844,0.293416166809483,0.03315029698089776,0.29719813208805873,0.8201156409288659
letter,log,115,2,0.02725266502216156,0.5124250214224507,0.027282315864369078,0.5053368912608406,0.7559474204645941
letter,log,115,3,0.023750012042344986,0.5876892316481005,0.023852229820688693,0.5957304869913276,0.7265705874583769
letter,log,115,4,0.021645801568524612,0.6371750928306198,0.021808439310441383,0.6360907271514343,0.7050561023459794
letter,log,115,5,0.020020104917677774,0.676806626678092,0.02023230988922511,0.6751167444963309,0.6845445824335158
letter,log,115,6,0.018866155260248783,0.7077263638960297,0.019081469999008366,0.7074716477651768,0.6846109279877152
letter,log,115,7,0.017835110155569094,0.7276492430734076,0.01803862265653872,0.7244829886591061,0.638976271356737
letter,log,115,8,0.017001519648318704,0.7368608968866038,0.01726006774050951,0.733822548365577,0.6564682941792936
letter,log,115,9,0.016303415416323012,0.7497857754927164,0.016550043478751462,0.7444963308872582,0.6126830453872051
letter,log,115,10,0.015715099816904082,0.7561411025421308,0.015956574337907873,0.7535023348899266,0.6251393255643821
letter,log,115,11,0.01512457222978622,0.7589260211368181,0.015404774748799269,0.7571714476317545,0.6205173784751054
letter,log,115,12,0.014651650138014505,0.766923736075407,0.014952426069129313,0.7648432288192129,0.5969117029269428
letter,log,115,13,0.014260859757119522,0.7695658383319052,0.014571136957899055,0.766844563042028,0.6210482575716941
letter,log,115,14,0.013931730681436874,0.7727077977720651,0.014260481342583599,0.771180787191461,0.5900240812413018
letter,log,115,15,0.013565279073946675,0.7804912882033704,0.0138941316049983,0.7751834556370913,0.6031207635949786
letter,log,115,16,0.013314262609125407,0.7811339617252213,0.013684408854265546,0.7801867911941294,0.5912507556894345
letter,log,115,17,0.013005122635141638,0.7912025135675521,0.013364241051247908,0.790527018012008,0.5848368549885643
letter,log,115,18,0.012815472384876863,0.7923450442730648,0.013209243957741106,0.7871914609739826,0.6267969704601122
letter,log,115,19,0.012564359308989416,0.7960582690659811,0.012958995994415077,0.7918612408272181,0.6012454058304509
letter,log,115,20,0.012361528844857732,0.799842902027992,0.012781246790817252,0.7951967978652434,0.6022667212172147
letter,log,115,21,0.012148313844975986,0.8012710654098829,0.012578344736630416,0.7988659106070714,0.5608967885162929
letter,log,115,22,0.011978084391544394,0.8044844330191374,0.012432220024460807,0.8032021347565044,0.5724559524487858
letter,log,115,23,0.011802031142402244,0.8090545558411882,0.01224007560591234,0.8038692461641094,0.5705567658844846
letter,log,115,24,0.011611956264291495,0.8125535561268209,0.012044134570726965,0.8078719146097398,0.5448163830074223
letter,log,115,25,0.011480155537914295,0.8154098828906027,0.011903280377292156,0.8075383589059373,0.589091327436624
letter,log,115,26,0.011316316011681163,0.8178377606398172,0.01175841773037332,0.814209472981988,0.522560350574973
letter,log,115,27,0.011134313904283238,0.8189802913453299,0.011602403961300026,0.8128752501667779,0.5624762513937268
letter,log,115,28,0.010998132037520194,0.8212653527563554,0.011479199151187443,0.8172114743162108,0.5812564842062988
letter,log,115,29,0.010868926435840772,0.8240502713510426,0.01134651473633264,0.8228819212808539,0.515617399238521
letter,log,115,30,0.010740873502587168,0.8244787203656099,0.011220608626568025,0.8202134756504337,0.5421284852606569
letter,log,115,31,0.010625123179544555,0.8263353327620679,0.011100547852384136,0.8218812541694464,0.5524178182882151
letter,log,115,32,0.010520569696696723,0.8275492716366752,0.0110256638303939,0.8228819212808539,0.5768595097129923
letter,log,115,33,0.010407973353737084,0.8278349043130534,0.010917480368967006,0.8225483655770514,0.5825757481618933
letter,log,115,34,0.010291623006943914,0.8304770065695516,0.010828679267751088,0.8248832555036691,0.5284414757923546
letter,log,115,35,0.010193081445996134,0.8319051699514425,0.010723698663437456,0.823549032688459,0.544379443514042
letter,log,115,36,0.010120946690937636,0.8324050271351042,0.010630112471241557,0.8272181454302868,0.5199186343550483
letter,log,115,37,0.010028009871232074,0.8341902313624678,0.010549158988207437,0.8282188125416945,0.5207746227724043
letter,log,115,38,0.00994664178771203,0.8361182519280206,0.010500256261306832,0.8288859239492995,0.5514180080362369
letter,log,115,39,0.009871040303449884,0.8371893744644388,0.010421321059087897,0.8302201467645097,0.5198357144932724
letter,log,115,40,0.009766629321120412,0.8383319051699515,0.010318010314756973,0.8312208138759173,0.5205880244192193
letter,log,115,41,0.009704076255604094,0.8396172522136532,0.010256044070378051,0.8302201467645097,0.5471946066344832
letter,log,115,42,0.009637652119245116,0.8399028848900314,0.010217333432672289,0.8315543695797198,0.566771669481499
letter,log,115,43,0.00955369717892271,0.8424021708083405,0.010125396103795767,0.8308872581721147,0.48841968386388157
letter,log,115,44,0.009492993574789634,0.8431876606683805,0.010074654823075515,0.8345563709139426,0.5738579081501
letter,log,115,45,0.00943883686773049,0.8437589260211368,0.01001337520318514,0.8338892595063375,0.5579179850733519
letter,log,115,46,0.009356761947234145,0.8449014567266495,0.009945308855743467,0.8348899266177452,0.5143790069413678
letter,log,115,47,0.009547424721502815,0.8455441302485004,0.010141233838957474,0.8332221480987325,0.5255932088296967
letter,log,115,48,0.009369924843223243,0.845615538417595,0.009945411323710112,0.8368912608405604,0.50215392054404
letter,log,115,49,0.009272034459855022,0.8474721508140531,0.00985485810816558,0.8392261507671781,0.5255086344159826
letter,log,115,50,0.009216919519694057,0.8484004570122822,0.009809627593705985,0.8425617078052035,0.5233675401914424
letter,log,115,51,0.00911933401495885,0.849043130534133,0.0097098462952026,0.8395597064709807,0.4934035998148996
letter,log,115,52,0.009059508363044587,0.8499714367323622,0.009668996921373981,0.842895263509006,0.5192186524131612
letter,log,115,53,0.008983808184147646,0.8515424164524421,0.009613913565762846,0.8408939292861908,0.5198732903654428
letter,log,115,54,0.008946026662268462,0.8511139674378749,0.009557181213012363,0.8448965977318212,0.5030242500007346
letter,log,115,55,0.00887525565838091,0.852827763496144,0.009518067569457805,0.8445630420280187,0.5287124401492873
letter,log,115,56,0.008827894350426047,0.8531133961725221,0.009458044076725253,0.8438959306204136,0.5007812128252703
letter,log,115,57,0.008781179576094363,0.8548986003998857,0.009425588754778438,0.8435623749166111,0.5251135521814679
letter,log,115,58,0.008720475170072389,0.8543987432162239,0.009357627245431889,0.8445630420280187,0.5348074601669093
letter,log,115,59,0.008674203616877204,0.8554698657526421,0.00931274242727962,0.847898599066044,0.49651605544369976
letter,log,115,60,0.008630576106140365,0.8548271922307912,0.009272841280383026,0.8462308205470314,0.4798131147633113
