dataset,method,seed,epoch,train_mse,train_acc,val_mse,val_acc,factor_mean
pendigits,gradient descent,100,1,0.0415860410042615,0.8278773707456483,0.04168524374472503,0.8257437765634487,
pendigits,gradient descent,100,2,0.027451136806759455,0.8742530527409716,0.02783705605474795,0.8633879781420765,
pendigits,gradient descent,100,3,0.02215769121299557,0.8824369966224993,0.022522417239515206,0.8694596235579842,
pendigits,gradient descent,100,4,0.01912630504675144,0.8919199792153806,0.01988219950498656,0.8852459016393442,
pendigits,gradient descent,100,5,0.01721201316686134,0.8984151727721487,0.017851360268193207,0.8961748633879781,
pendigits,gradient descent,100,6,0.015992213961376414,0.9088074824629774,0.01663679590195072,0.9034608378870674,
pendigits,gradient descent,100,7,0.0147102971022589,0.9140036373083917,0.01536172312747384,0.9113539769277474,
pendigits,gradient descent,100,8,0.013929136572201588,0.916601714731099,0.014608253530459496,0.9119611414693382,
pendigits,gradient descent,100,9,0.013103326055477257,0.9217978695765133,0.013704749963576537,0.9198542805100182,
pendigits,gradient descent,100,10,0.012463527963997906,0.9262146011951156,0.013064261718783513,0.9234972677595629,
pendigits,gradient descent,100,11,0.011829957800401168,0.9294621979734996,0.012477761679057574,0.9259259259259259,
pendigits,gradient descent,100,12,0.01148354900977559,0.9320602753962068,0.012173351547548531,0.9301760777170613,
pendigits,gradient descent,100,13,0.010973035809619593,0.9320602753962068,0.011551817450108153,0.9301760777170613,
pendigits,gradient descent,100,14,0.010456572361900169,0.9362171992725383,0.01108554911948458,0.9295689131754705,
pendigits,gradient descent,100,15,0.010123880215639668,0.9366069108859444,0.010801775411940101,0.9332119004250152,
pendigits,gradient descent,100,16,0.0097877421303851,0.9388152766952456,0.010454696764005783,0.9338190649666059,
pendigits,gradient descent,100,17,0.009445251424505963,0.9388152766952456,0.010079305845081498,0.9350333940497875,
pendigits,gradient descent,100,18,0.009206267453630106,0.9395946999220577,0.00979638643987963,0.936247723132969,
pendigits,gradient descent,100,19,0.00899436073282025,0.9403741231488698,0.009627328003376661,0.936247723132969,
pendigits,gradient descent,100,20,0.008798057488708903,0.9403741231488698,0.009433235836523841,0.936247723132969,
pendigits,gradient descent,100,21,0.008716693501031792,0.9420628734736295,0.009250570512762337,0.9386763812993322,
pendigits,gradient descent,100,22,0.00854186566566302,0.9423226812159002,0.009193566935356862,0.9380692167577414,
pendigits,gradient descent,100,23,0.008350477980235874,0.9432320083138478,0.008974171802318595,0.9392835458409229,
pendigits,gradient descent,100,24,0.008217434386110872,0.942972200571577,0.008787534987489303,0.9392835458409229,
pendigits,gradient descent,100,25,0.008097074486956013,0.9438815276695246,0.008646195061654984,0.9398907103825137,
pendigits,gradient descent,100,26,0.007980595120565405,0.9438815276695246,0.00853828877524256,0.9429265330904675,
pendigits,gradient descent,100,27,0.00792055679482478,0.944790854767472,0.008442126541802755,0.9429265330904675,
pendigits,gradient descent,100,28,0.007782384107812861,0.9445310470252013,0.008364794355437691,0.9423193685488768,
pendigits,gradient descent,100,29,0.007704358346854482,0.9449207586386075,0.008324201958911173,0.9435336976320583,
pendigits,gradient descent,100,30,0.007592744301020585,0.9446609508963367,0.008128503999890362,0.9447480267152398,
pendigits,gradient descent,100,31,0.0075157695655476715,0.9455702779942843,0.00805055245908091,0.9435336976320583,
pendigits,gradient descent,100,32,0.007446154302246949,0.9457001818654196,0.008011209108785628,0.944140862173649,
pendigits,gradient descent,100,33,0.007373503586480144,0.9463497012210964,0.007893425356768275,0.944140862173649,
pendigits,gradient descent,100,34,0.007312684971755701,0.9457001818654196,0.00781497863740526,0.9459623557984214,
pendigits,gradient descent,100,35,0.007250905364361119,0.946219797349961,0.007754417668493334,0.9459623557984214,
pendigits,gradient descent,100,36,0.007171378982704933,0.9473889321901793,0.007673082250088351,0.9465695203400122,
pendigits,gradient descent,100,37,0.007108845763877189,0.9479085476747207,0.007604352349744852,0.9465695203400122,
pendigits,gradient descent,100,38,0.007059871561440065,0.9471291244479085,0.0075443991426737194,0.9465695203400122,
pendigits,gradient descent,100,39,0.007018530229047525,0.9481683554169914,0.00754055690543042,0.9465695203400122,
pendigits,gradient descent,100,40,0.006949930952165418,0.9480384515458561,0.007433225154994815,0.9465695203400122,
pendigits,gradient descent,100,41,0.006906861848742766,0.9481683554169914,0.007374813129173173,0.9465695203400122,
pendigits,gradient descent,100,42,0.006847013791881117,0.9485580670303975,0.007328470327485838,0.9465695203400122,
pendigits,gradient descent,100,43,0.00679836904136044,0.9484281631592621,0.007260159697419225,0.9465695203400122,
pendigits,gradient descent,100,44,0.0067615595763836685,0.9482982592881268,0.00722427109106998,0.9471766848816029,
pendigits,gradient descent,100,45,0.006802653379701804,0.9479085476747207,0.0072328477231274725,0.9477838494231937,
pendigits,gradient descent,100,46,0.006669560772472091,0.9488178747726682,0.007155649522702528,0.9483910139647844,
pendigits,gradient descent,100,47,0.006625632378179559,0.9493374902572097,0.007107785626682541,0.9483910139647844,
pendigits,gradient descent,100,48,0.006590870592770976,0.9492075863860743,0.007049454236535633,0.9483910139647844,
pendigits,gradient descent,100,49,0.006552418296979648,0.9493374902572097,0.007002264602731778,0.9483910139647844,
pendigits,gradient descent,100,50,0.006501277621005548,0.949467394128345,0.006965378395416989,0.9483910139647844,
pendigits,gradient descent,100,51,0.006472439553031156,0.9502468173551571,0.0069416960468747565,0.9483910139647844,
pendigits,gradient descent,100,52,0.00645046035039522,0.9499870096128865,0.00694855393152618,0.9489981785063752,
pendigits,gradient descent,100,53,0.006395002841222635,0.9499870096128865,0.006874103020977342,0.949605343047966,
pendigits,gradient descent,100,54,0.006371621524155964,0.9499870096128865,0.006830717507669278,0.9489981785063752,
pendigits,gradient descent,100,55,0.0063351339941683845,0.9505066250974279,0.006808308755661956,0.9489981785063752,
pendigits,gradient descent,100,56,0.006329610037191443,0.9507664328396986,0.006804198613928698,0.9489981785063752,
pendigits,gradient descent,100,57,0.006279543676175365,0.9503767212262926,0.006751855424224235,0.949605343047966,
pendigits,gradient descent,100,58,0.0062566070125618075,0.9502468173551571,0.006747718402964047,0.9502125075895568,
pendigits,gradient descent,100,59,0.0062238168925890704,0.9506365289685632,0.0067105548760813824,0.9502125075895568,
pendigits,gradient descent,100,60,0.006198874099348081,0.9514159521953754,0.0066963432086353265,0.9502125075895568,
pendigits,gradient descent,100,61,0.006183774659350134,0.95128604832424,0.00667779719945656,0.949605343047966,
pendigits,gradient descent,100,62,0.006147764282587436,0.9510262405819694,0.006636887967119464,0.9502125075895568,
pendigits,gradient descent,100,63,0.006140973140345381,0.9510262405819694,0.006627760373577654,0.949605343047966,
pendigits,gradient descent,100,64,0.006092752095636297,0.9514159521953754,0.006593699322682636,0.9502125075895568,
pendigits,gradient descent,100,65,0.006070872767237942,0.9518056638087815,0.006586119740783969,0.9508196721311475,
pendigits,gradient descent,100,66,0.006053973959470291,0.9514159521953754,0.0065427218294174016,0.9502125075895568,
pendigits,gradient descent,100,67,0.006032422198617696,0.9520654715510523,0.006567916924304184,0.9489981785063752,
pendigits,gradient descent,100,68,0.006022032074233644,0.9518056638087815,0.00656667270102289,0.949605343047966,
pendigits,gradient descent,100,69,0.006035651742391371,0.9514159521953754,0.006591995387319131,0.949605343047966,
pendigits,gradient descent,100,70,0.005963178988586816,0.9523252792933229,0.006491545414407673,0.9502125075895568,
pendigits,gradient descent,100,71,0.005945587517230019,0.9524551831644583,0.006478232214102872,0.9502125075895568,
pendigits,gradient descent,100,72,0.005924617271675969,0.9525850870355936,0.006486197444340577,0.9502125075895568,
pendigits,gradient descent,100,73,0.005903030438664939,0.9529747986489997,0.006473319334676585,0.9502125075895568,
pendigits,gradient descent,100,74,0.005883113473922944,0.9527149909067291,0.006479080614254071,0.949605343047966,
pendigits,gradient descent,100,75,0.005855855300314811,0.9525850870355936,0.00644055142282271,0.9502125075895568,
pendigits,gradient descent,101,1,0.04171533460309684,0.8083917900753442,0.04156417658642692,0.7996357012750456,
pendigits,gradient descent,101,2,0.02754407201616981,0.8619121849831125,0.027858363715534344,0.8500303582270795,
pendigits,gradient descent,101,3,0.0217474451717942,0.88269680436477,0.02213172703709487,0.8809957498482088,
pendigits,gradient descent,101,4,0.01910836270184693,0.895687191478306,0.019435684556218084,0.8937462052216151,
pendigits,gradient descent,101,5,0.017637717726166284,0.9012730579371265,0.018175417253607728,0.8979963570127505,
pendigits,gradient descent,101,6,0.016057163934244115,0.9055598856845934,0.01664889844637245,0.9028536733454766,
pendigits,gradient descent,101,7,0.014946137166330423,0.9106261366588725,0.015436479023505416,0.9077109896782027,
pendigits,gradient descent,101,8,0.014100105369115205,0.919459599896077,0.014727607334409447,0.9137826350941105,
pendigits,gradient descent,101,9,0.013197017620773521,0.9210184463497012,0.01386832829426412,0.9174256223436551,
pendigits,gradient descent,101,10,0.01256929617841807,0.923486619901273,0.013196584980208124,0.9174256223436551,
pendigits,gradient descent,101,11,0.01200553424604011,0.9279033515198752,0.01269018662159299,0.9253187613843351,
pendigits,gradient descent,101,12,0.011477734017028618,0.9315406599116653,0.012084855429185819,0.928354584092289,
pendigits,gradient descent,101,13,0.011036328492992284,0.9327097947518836,0.011631615913875286,0.928354584092289,
pendigits,gradient descent,101,14,0.010547116612309754,0.9353078721745908,0.01110520652986242,0.930783242258652,
pendigits,gradient descent,101,15,0.010266745623815873,0.9364770070148091,0.010826758437186782,0.9332119004250152,
pendigits,gradient descent,101,16,0.009846987322365898,0.9388152766952456,0.010416115473993705,0.9338190649666059,
pendigits,gradient descent,101,17,0.00961891491096522,0.9381657573395688,0.010159912898018092,0.9350333940497875,
pendigits,gradient descent,101,18,0.00937723793905008,0.9392049883086516,0.009902459591096887,0.9368548876745598,
pendigits,gradient descent,101,19,0.009149705768396021,0.9393348921797869,0.009692418800799373,0.9368548876745598,
pendigits,gradient descent,101,20,0.008938253706332064,0.9408937386334113,0.009516340477538137,0.9386763812993322,
pendigits,gradient descent,101,21,0.008771416125350127,0.9412834502468174,0.009371917662473767,0.9392835458409229,
pendigits,gradient descent,101,22,0.008611679688664197,0.9419329696024942,0.009170048366886839,0.9392835458409229,
pendigits,gradient descent,101,23,0.008442555822280613,0.942972200571577,0.008986101103828258,0.9411050394656952,
pendigits,gradient descent,101,24,0.00836142232852294,0.9424525850870356,0.008888974701264363,0.9398907103825137,
pendigits,gradient descent,101,25,0.008160860108111984,0.9433619121849831,0.008688438957698191,0.9411050394656952,
pendigits,gradient descent,101,26,0.008054452776984704,0.9437516237983892,0.008634160451287428,0.9404978749241044,
pendigits,gradient descent,101,27,0.008051073997849698,0.9438815276695246,0.008493321221927573,0.9423193685488768,
pendigits,gradient descent,101,28,0.007857076511556245,0.9445310470252013,0.008385049752865184,0.941712204007286,
pendigits,gradient descent,101,29,0.00786524828905743,0.944401143154066,0.008515921911201174,0.9398907103825137,
pendigits,gradient descent,101,30,0.0076545009244689466,0.9445310470252013,0.008224614936877043,0.941712204007286,
pendigits,gradient descent,101,31,0.007598389429434835,0.9459599896076903,0.008162005442502533,0.9429265330904675,
pendigits,gradient descent,101,32,0.007510125779032107,0.9453104702520135,0.008072325310380206,0.9423193685488768,
pendigits,gradient descent,101,33,0.007424658512528672,0.9453104702520135,0.008003036606992184,0.9435336976320583,
pendigits,gradient descent,101,34,0.007352790313012181,0.9459599896076903,0.007934056827633046,0.9435336976320583,
pendigits,gradient descent,101,35,0.007295969862946989,0.9458300857365549,0.007882015344993375,0.944140862173649,
pendigits,gradient descent,101,36,0.007228336939949027,0.9460898934788257,0.007812793290629852,0.9435336976320583,
pendigits,gradient descent,101,37,0.007175293905910821,0.9467394128345025,0.007755989239065474,0.9435336976320583,
pendigits,gradient descent,101,38,0.007131196626870853,0.9466095089633672,0.007725345642464095,0.944140862173649,
pendigits,gradient descent,101,39,0.007050768861223684,0.9469992205767732,0.007602878100722063,0.9453551912568307,
pendigits,gradient descent,101,40,0.0070110139955388145,0.9473889321901793,0.007590973789370256,0.9447480267152398,
pendigits,gradient descent,101,41,0.006945456622329917,0.9473889321901793,0.007507060874916183,0.9447480267152398,
pendigits,gradient descent,101,42,0.006895001883293242,0.9484281631592621,0.007517086209018284,0.9453551912568307,
pendigits,gradient descent,101,43,0.006833108580146331,0.9493374902572097,0.007454014919089831,0.9453551912568307,
pendigits,gradient descent,101,44,0.006800307202224722,0.9486879709015329,0.007381853145660707,0.9453551912568307,
pendigits,gradient descent,101,45,0.0067622552256976975,0.949077682514939,0.007369480172636798,0.9465695203400122,
pendigits,gradient descent,101,46,0.0066934848220192465,0.9498571057417511,0.00735998236916205,0.9459623557984214,
pendigits,gradient descent,101,47,0.006682436835611478,0.9493374902572097,0.007282119299355248,0.9459623557984214,
pendigits,gradient descent,101,48,0.006577032805692398,0.9505066250974279,0.007239240965915057,0.9471766848816029,
pendigits,gradient descent,101,49,0.006539050835794507,0.9511561444531047,0.0072059297481582695,0.9459623557984214,
pendigits,gradient descent,101,50,0.006497787500885422,0.950896336710834,0.007200836203702072,0.9477838494231937,
pendigits,gradient descent,101,51,0.006444917079577495,0.9510262405819694,0.007135406901225174,0.9471766848816029,
pendigits,gradient descent,101,52,0.0064083109884841985,0.9515458560665108,0.007138301971061582,0.9477838494231937,
pendigits,gradient descent,101,53,0.00637406305671718,0.9514159521953754,0.00709831202876819,0.9471766848816029,
pendigits,gradient descent,101,54,0.006319147638353799,0.9518056638087815,0.0070432370647280605,0.9483910139647844,
pendigits,gradient descent,101,55,0.006299946047895561,0.9515458560665108,0.006989781790236392,0.9477838494231937,
pendigits,gradient descent,101,56,0.006271110470834707,0.9518056638087815,0.007005226969381056,0.9477838494231937,
pendigits,gradient descent,101,57,0.006239979223074842,0.9521953754221876,0.006961437239521682,0.9477838494231937,
pendigits,gradient descent,101,58,0.006176501093133048,0.9527149909067291,0.006926172683768396,0.9477838494231937,
pendigits,gradient descent,101,59,0.006155421028845552,0.9524551831644583,0.006878966954908574,0.9477838494231937,
pendigits,gradient descent,101,60,0.006129855812807475,0.9523252792933229,0.006847914065275314,0.9483910139647844,
pendigits,gradient descent,101,61,0.00610239768265848,0.9524551831644583,0.006869123010031949,0.9471766848816029,
pendigits,gradient descent,101,62,0.006087864769896369,0.9531047025201351,0.006842675825299027,0.9471766848816029,
pendigits,gradient descent,101,63,0.0061263246200715,0.9515458560665108,0.006829141984748546,0.9477838494231937,
pendigits,gradient descent,101,64,0.006023316255695464,0.9532346063912704,0.006793769089654183,0.9477838494231937,
pendigits,gradient descent,101,65,0.005983313701796535,0.9532346063912704,0.006743023068980666,0.9483910139647844,
pendigits,gradient descent,101,66,0.005949821467874273,0.9534944141335412,0.006713652355360529,0.9483910139647844,
pendigits,gradient descent,101,67,0.005933823295333052,0.9531047025201351,0.006676459561233385,0.9483910139647844,
pendigits,gradient descent,101,68,0.00590568307051826,0.9534944141335412,0.0066795942192552325,0.9477838494231937,
pendigits,gradient descent,101,69,0.005887126508349467,0.9532346063912704,0.006630612000685066,0.9477838494231937,
pendigits,gradient descent,101,70,0.00585346866411842,0.9533645102624059,0.006625593311126699,0.9477838494231937,
pendigits,gradient descent,101,71,0.005851642590286032,0.9536243180046765,0.006647745489261982,0.9489981785063752,
pendigits,gradient descent,101,72,0.005816410974769321,0.9536243180046765,0.006569817014791531,0.9483910139647844,
pendigits,gradient descent,101,73,0.005796086731493014,0.9533645102624059,0.006541704427905677,0.9471766848816029,
pendigits,gradient descent,101,74,0.00576763791424725,0.9534944141335412,0.006532363596802846,0.9483910139647844,
pendigits,gradient descent,101,75,0.005743690544643364,0.9536243180046765,0.006503114436540428,0.9489981785063752,
pendigits,gradient descent,102,1,0.04162921986010607,0.8508703559366069,0.041593454235050745,0.8384942319368549,
pendigits,gradient descent,102,2,0.027194297019000103,0.8719147830605352,0.027717410593517507,0.8548876745598057,
pendigits,gradient descent,102,3,0.02167152928423107,0.8865939204988309,0.02213456298669962,0.8773527625986642,
pendigits,gradient descent,102,4,0.019023980799502727,0.8932190179267342,0.01953019940285114,0.8901032179720705,
pendigits,gradient descent,102,5,0.017255633397051006,0.9011431540659912,0.01776494380553513,0.899210686095932,
pendigits,gradient descent,102,6,0.016055599835103622,0.9086775785918421,0.01674879871376836,0.9040680024286581,
pendigits,gradient descent,102,7,0.014683918917544921,0.9150428682774747,0.015249278146196798,0.9113539769277474,
pendigits,gradient descent,102,8,0.013811333550054374,0.9171213302156405,0.014416242260265357,0.9137826350941105,
pendigits,gradient descent,102,9,0.013233302763071005,0.9220576773187841,0.013920699527530457,0.9198542805100182,
pendigits,gradient descent,102,10,0.012416956777553476,0.9247856586126266,0.013024159172810218,0.9210686095931998,
pendigits,gradient descent,102,11,0.011979383530702681,0.9280332553910107,0.012783226644840396,0.9253187613843351,
pendigits,gradient descent,102,12,0.011329145872953944,0.9324499870096129,0.012021242111679056,0.9289617486338798,
pendigits,gradient descent,102,13,0.010737858037356317,0.9345284489477786,0.011310293450365043,0.9313904068002429,
pendigits,gradient descent,102,14,0.010370993570553731,0.9362171992725383,0.010965432975874467,0.930783242258652,
pendigits,gradient descent,102,15,0.009969488038093671,0.9367368147570798,0.010614047524827412,0.9338190649666059,
pendigits,gradient descent,102,16,0.009716181553810635,0.9380358534684333,0.010333130100895606,0.9344262295081968,
pendigits,gradient descent,102,17,0.009464737364061056,0.9394647960509224,0.010077470994138955,0.9332119004250152,
pendigits,gradient descent,102,18,0.009172244908368167,0.9402442192777345,0.009886565006674192,0.9356405585913783,
pendigits,gradient descent,102,19,0.009083225596956441,0.9419329696024942,0.009749932743415079,0.9374620522161505,
pendigits,gradient descent,102,20,0.008784004499707579,0.941153546375682,0.009490536913246394,0.9368548876745598,
pendigits,gradient descent,102,21,0.008673292906496061,0.9410236425045466,0.009326642947358936,0.9368548876745598,
pendigits,gradient descent,102,22,0.008471200482770754,0.9427123928293063,0.009242251827671018,0.9380692167577414,
pendigits,gradient descent,102,23,0.008333498791979168,0.9424525850870356,0.009079570558129177,0.9404978749241044,
pendigits,gradient descent,102,24,0.008196314448416599,0.9428422967004416,0.00896600953369672,0.9398907103825137,
pendigits,gradient descent,102,25,0.008073990745513493,0.9433619121849831,0.008826770320810697,0.9398907103825137,
pendigits,gradient descent,102,26,0.007958618597037838,0.9433619121849831,0.008694275864480301,0.9404978749241044,
pendigits,gradient descent,102,27,0.007868778157924214,0.9438815276695246,0.008632746412278347,0.9398907103825137,
pendigits,gradient descent,102,28,0.007813932923027407,0.9432320083138478,0.008532915143409503,0.9398907103825137,
pendigits,gradient descent,102,29,0.007712940924768573,0.9438815276695246,0.00851129348816423,0.9398907103825137,
pendigits,gradient descent,102,30,0.007607144357199332,0.9442712392829307,0.008383670317114457,0.9404978749241044,
pendigits,gradient descent,102,31,0.007558430867378861,0.9446609508963367,0.008350782078737849,0.9398907103825137,
pendigits,gradient descent,102,32,0.007466463942627644,0.9446609508963367,0.00820904357808126,0.9404978749241044,
pendigits,gradient descent,102,33,0.007544905862437119,0.9449207586386075,0.008243451343127988,0.941712204007286,
pendigits,gradient descent,102,34,0.007318298964097146,0.9453104702520135,0.008079050809001785,0.9404978749241044,
pendigits,gradient descent,102,35,0.007275981186613797,0.946219797349961,0.008038749533382534,0.9404978749241044,
pendigits,gradient descent,102,36,0.007220967630972089,0.9459599896076903,0.007972583706684258,0.9404978749241044,
pendigits,gradient descent,102,37,0.007169029713535215,0.9460898934788257,0.007897133741840517,0.9429265330904675,
pendigits,gradient descent,102,38,0.007105492852230043,0.9466095089633672,0.007891400483967555,0.9423193685488768,
pendigits,gradient descent,102,39,0.007070145839319095,0.9460898934788257,0.007820429227449952,0.9435336976320583,
pendigits,gradient descent,102,40,0.007009060707763388,0.9464796050922317,0.007749107254925116,0.9435336976320583,
pendigits,gradient descent,102,41,0.007006938632693186,0.9466095089633672,0.007797783266246402,0.9423193685488768,
pendigits,gradient descent,102,42,0.006931085501246593,0.9469992205767732,0.007651695333479555,0.9429265330904675,
pendigits,gradient descent,102,43,0.006883594093293315,0.9471291244479085,0.0076394889789843535,0.9435336976320583,
pendigits,gradient descent,102,44,0.006830847238163588,0.9471291244479085,0.007598932738730509,0.9435336976320583,
pendigits,gradient descent,102,45,0.006791982645180713,0.9473889321901793,0.007559545841545103,0.9447480267152398,
pendigits,gradient descent,102,46,0.006767027134866555,0.9473889321901793,0.007511771875074212,0.9435336976320583,
pendigits,gradient descent,102,47,0.00671796055401777,0.9479085476747207,0.0074562158917473665,0.944140862173649,
pendigits,gradient descent,102,48,0.0067006285742805234,0.9477786438035853,0.007441607666437756,0.9435336976320583,
pendigits,gradient descent,102,49,0.006669739005910849,0.9484281631592621,0.007447355593064151,0.944140862173649,
pendigits,gradient descent,102,50,0.00661798408752325,0.9484281631592621,0.007373434354255776,0.944140862173649,
pendigits,gradient descent,102,51,0.0066105962884382705,0.9477786438035853,0.007351193681173765,0.944140862173649,
pendigits,gradient descent,102,52,0.006560679726653002,0.9485580670303975,0.0073282643250494476,0.9447480267152398,
pendigits,gradient descent,102,53,0.00652639844091169,0.9488178747726682,0.007295627075118844,0.9447480267152398,
pendigits,gradient descent,102,54,0.006496645110731082,0.9488178747726682,0.007224658934074972,0.944140862173649,
pendigits,gradient descent,102,55,0.006492649782613901,0.9489477786438035,0.007258260668895578,0.944140862173649,
pendigits,gradient descent,102,56,0.006460836825777449,0.9503767212262926,0.0072115772607767034,0.9465695203400122,
pendigits,gradient descent,102,57,0.006425501431722512,0.9502468173551571,0.007162469220825097,0.9471766848816029,
pendigits,gradient descent,102,58,0.006395462701426526,0.9498571057417511,0.007113527541240825,0.9471766848816029,
pendigits,gradient descent,102,59,0.006369698101086017,0.9506365289685632,0.007116288721000496,0.9471766848816029,
pendigits,gradient descent,102,60,0.006327505209194735,0.9501169134840218,0.007063102924262026,0.9471766848816029,
pendigits,gradient descent,102,61,0.006303793228923381,0.9501169134840218,0.007034907642600502,0.9471766848816029,
pendigits,gradient descent,102,62,0.006294358557911129,0.9502468173551571,0.007002080768044184,0.9471766848816029,
pendigits,gradient descent,102,63,0.006276825069975808,0.9499870096128865,0.007002558373504459,0.9477838494231937,
pendigits,gradient descent,102,64,0.006263448847402206,0.9499870096128865,0.006993352714494431,0.9471766848816029,
pendigits,gradient descent,102,65,0.00620366372545187,0.950896336710834,0.006956038577478165,0.9477838494231937,
pendigits,gradient descent,102,66,0.0061850468743991,0.9507664328396986,0.006906244374559796,0.9477838494231937,
pendigits,gradient descent,102,67,0.006175122814501437,0.9505066250974279,0.00687771429338375,0.9483910139647844,
pendigits,gradient descent,102,68,0.006141043740868146,0.9507664328396986,0.006882604435787097,0.9477838494231937,
pendigits,gradient descent,102,69,0.006136509351844272,0.9507664328396986,0.006857113297593574,0.9477838494231937,
pendigits,gradient descent,102,70,0.006089850346412529,0.95128604832424,0.006839987128420918,0.9477838494231937,
pendigits,gradient descent,102,71,0.006069205472406983,0.9510262405819694,0.006818080272665062,0.9477838494231937,
pendigits,gradient descent,102,72,0.0060532813103272385,0.9510262405819694,0.006813521207624986,0.9477838494231937,
pendigits,gradient descent,102,73,0.006022724726581642,0.95128604832424,0.006774587195139248,0.9477838494231937,
pendigits,gradient descent,102,74,0.006025105926864563,0.95128604832424,0.006750211642094657,0.9483910139647844,
pendigits,gradient descent,102,75,0.005994280820616695,0.9515458560665108,0.006719711758310889,0.9477838494231937,
pendigits,gradient descent,103,1,0.03996491415048413,0.8363211223694466,0.040023632337659036,0.827565270188221,
pendigits,gradient descent,103,2,0.026614968130477337,0.8708755520914523,0.026966071948876614,0.8627808136004858,
pendigits,gradient descent,103,3,0.021872477329050947,0.8919199792153806,0.022374532297482312,0.8846387370977535,
pendigits,gradient descent,103,4,0.018720840201013035,0.8954273837360354,0.019274598732724878,0.8919247115968427,
pendigits,gradient descent,103,5,0.017035205751053578,0.9040010392309691,0.017494943618673642,0.9064966605950212,
pendigits,gradient descent,103,6,0.015747595314772055,0.906858924395947,0.016303629041436094,0.907103825136612,
pendigits,gradient descent,103,7,0.014652845736819659,0.9149129644063393,0.015227472962645075,0.912568306010929,
pendigits,gradient descent,103,8,0.013797638670934488,0.9172512340867758,0.01435250934386486,0.9119611414693382,
pendigits,gradient descent,103,9,0.012946580249386318,0.9227071966744609,0.013532082260779177,0.9192471159684275,
pendigits,gradient descent,103,10,0.012476109785867743,0.926344505066251,0.013118265367079886,0.9222829386763813,
pendigits,gradient descent,103,11,0.011904397933981648,0.926344505066251,0.012533899175004347,0.9222829386763813,
pendigits,gradient descent,103,12,0.01155368508759639,0.9292023902312289,0.012199125147662975,0.9271402550091075,
pendigits,gradient descent,103,13,0.011033588129157038,0.9306313328137179,0.011673434968367527,0.9271402550091075,
pendigits,gradient descent,103,14,0.010658446951325434,0.9336191218498311,0.011290123502839377,0.9319975713418336,
pendigits,gradient descent,103,15,0.010393081883639318,0.9350480644323201,0.010992416149996175,0.9332119004250152,
pendigits,gradient descent,103,16,0.00997291256497747,0.9371265263704859,0.010552459268458842,0.9356405585913783,
pendigits,gradient descent,103,17,0.009661883705680269,0.937905949597298,0.010165832414547602,0.9350333940497875,
pendigits,gradient descent,103,18,0.00938781306359579,0.9385554689529748,0.009896587233096645,0.9368548876745598,
pendigits,gradient descent,103,19,0.009208784050831037,0.9384255650818394,0.009675447287699526,0.9380692167577414,
pendigits,gradient descent,103,20,0.008964149617808026,0.9402442192777345,0.009461505797594414,0.9386763812993322,
pendigits,gradient descent,103,21,0.008865167985962564,0.9412834502468174,0.009390471560652461,0.9398907103825137,
pendigits,gradient descent,103,22,0.00860601638792438,0.9414133541179527,0.009155479643002182,0.9398907103825137,
pendigits,gradient descent,103,23,0.008477556289302336,0.9427123928293063,0.009008928638344755,0.9411050394656952,
pendigits,gradient descent,103,24,0.00832327927818976,0.9418030657313587,0.008850802702123992,0.9392835458409229,
pendigits,gradient descent,103,25,0.008191122624270526,0.9428422967004416,0.008697449927845154,0.9404978749241044,
pendigits,gradient descent,103,26,0.008073348330488235,0.942582488958171,0.00857508906173219,0.9423193685488768,
pendigits,gradient descent,103,27,0.007952463312391309,0.9431021044427124,0.008468901055209619,0.941712204007286,
pendigits,gradient descent,103,28,0.007842892305561297,0.9434918160561184,0.008355388873466412,0.941712204007286,
pendigits,gradient descent,103,29,0.0077620564632355825,0.9432320083138478,0.008278277296682325,0.9423193685488768,
pendigits,gradient descent,103,30,0.007703191891539874,0.9442712392829307,0.008214087214396343,0.9423193685488768,
pendigits,gradient descent,103,31,0.00760687896874187,0.9442712392829307,0.008136036112721857,0.9429265330904675,
pendigits,gradient descent,103,32,0.007503197403652344,0.9446609508963367,0.008046535729240198,0.9423193685488768,
pendigits,gradient descent,103,33,0.007431825802315119,0.9450506625097428,0.00797579104375955,0.9429265330904675,
pendigits,gradient descent,103,34,0.0073699155821566505,0.9453104702520135,0.007919160002123206,0.9435336976320583,
pendigits,gradient descent,103,35,0.007299664827822835,0.9458300857365549,0.007876900474394653,0.9435336976320583,
pendigits,gradient descent,103,36,0.007239261056867233,0.9463497012210964,0.007780379350083889,0.9435336976320583,
pendigits,gradient descent,103,37,0.007173324728567617,0.9466095089633672,0.0077214147386303975,0.9429265330904675,
pendigits,gradient descent,103,38,0.007142086624868017,0.946219797349961,0.00767349758982003,0.9435336976320583,
pendigits,gradient descent,103,39,0.007057555228683653,0.9473889321901793,0.007612790574076973,0.9453551912568307,
pendigits,gradient descent,103,40,0.0070099478817581265,0.9475188360613146,0.007557845280954502,0.9453551912568307,
pendigits,gradient descent,103,41,0.006963344648251199,0.9473889321901793,0.007515866668103031,0.9453551912568307,
pendigits,gradient descent,103,42,0.0069239534625542025,0.9477786438035853,0.007477464881746557,0.9453551912568307,
pendigits,gradient descent,103,43,0.006877453708357315,0.9479085476747207,0.007412670747493033,0.9459623557984214,
pendigits,gradient descent,103,44,0.006863114884503661,0.9475188360613146,0.007399816537067588,0.9447480267152398,
pendigits,gradient descent,103,45,0.006794527916992057,0.9479085476747207,0.007332370937512265,0.9453551912568307,
pendigits,gradient descent,103,46,0.006889544232135489,0.9477786438035853,0.007473515188958544,0.944140862173649,
pendigits,gradient descent,103,47,0.006725094249187066,0.9484281631592621,0.007293695208416395,0.9453551912568307,
pendigits,gradient descent,103,48,0.00668596857197869,0.9484281631592621,0.007224392831087241,0.9459623557984214,
pendigits,gradient descent,103,49,0.006665300029887896,0.9479085476747207,0.007216809268028728,0.9459623557984214,
pendigits,gradient descent,103,50,0.006614847744378249,0.9492075863860743,0.007152084525106927,0.9459623557984214,
pendigits,gradient descent,103,51,0.006592974590341509,0.949077682514939,0.007136395779296757,0.9465695203400122,
pendigits,gradient descent,103,52,0.006540275232853259,0.9493374902572097,0.007094215732103951,0.9465695203400122,
pendigits,gradient descent,103,53,0.0065183333029017595,0.9495972979994803,0.007071866962504208,0.9465695203400122,
pendigits,gradient descent,103,54,0.006506878393190059,0.949077682514939,0.007068375783695956,0.9459623557984214,
pendigits,gradient descent,103,55,0.006457834988627763,0.9498571057417511,0.007010987149402916,0.9465695203400122,
pendigits,gradient descent,103,56,0.006442557063592422,0.9492075863860743,0.006994949951200423,0.9465695203400122,
pendigits,gradient descent,103,57,0.006390815869340242,0.9498571057417511,0.006951144542738118,0.9465695203400122,
pendigits,gradient descent,103,58,0.006395624231453924,0.949467394128345,0.0069764213438035525,0.9465695203400122,
pendigits,gradient descent,103,59,0.006368957162512621,0.9505066250974279,0.006945293843168468,0.9477838494231937,
pendigits,gradient descent,103,60,0.0063173816170232,0.9502468173551571,0.0068699337872921125,0.9465695203400122,
pendigits,gradient descent,103,61,0.00631281861828507,0.949467394128345,0.006878266331490568,0.9465695203400122,
pendigits,gradient descent,103,62,0.006270995441289667,0.9505066250974279,0.006867257434217693,0.9471766848816029,
pendigits,gradient descent,103,63,0.006229597150880238,0.9511561444531047,0.006806770498411927,0.9465695203400122,
pendigits,gradient descent,103,64,0.006188401851602804,0.9514159521953754,0.006790223887465021,0.9471766848816029,
pendigits,gradient descent,103,65,0.006171553884555439,0.9514159521953754,0.00677391168267639,0.9477838494231937,
pendigits,gradient descent,103,66,0.006135188773177558,0.9515458560665108,0.006758955715420592,0.9471766848816029,
pendigits,gradient descent,103,67,0.006152663628339595,0.95128604832424,0.006808876279618072,0.9465695203400122,
pendigits,gradient descent,103,68,0.006076197721897855,0.9519355676799168,0.0067361999640329585,0.9471766848816029,
pendigits,gradient descent,103,69,0.006059054027182944,0.9516757599376462,0.0067158794120527245,0.9471766848816029,
pendigits,gradient descent,103,70,0.006016868171868068,0.9519355676799168,0.006701750369173115,0.9471766848816029,
pendigits,gradient descent,103,71,0.0059847360401144075,0.9525850870355936,0.0066702498546333516,0.9471766848816029,
pendigits,gradient descent,103,72,0.005961770663729263,0.9525850870355936,0.006650404880997102,0.9471766848816029,
pendigits,gradient descent,103,73,0.0059257851883313,0.9531047025201351,0.0066382328337475476,0.9471766848816029,
pendigits,gradient descent,103,74,0.0058975331386851996,0.9532346063912704,0.006618837338528455,0.9471766848816029,
pendigits,gradient descent,103,75,0.005877570227263718,0.9532346063912704,0.006627270566752407,0.9471766848816029,
pendigits,gradient descent,104,1,0.04147642836524098,0.8261886204208886,0.041463436356512354,0.8208864602307225,
pendigits,gradient descent,104,2,0.027240907438661813,0.8659392049883087,0.027735558441717094,0.8494231936854888,
pendigits,gradient descent,104,3,0.021733584898379395,0.88269680436477,0.02234609031404051,0.8743169398907104,
pendigits,gradient descent,104,4,0.01886616537946725,0.8969862301896596,0.019408147798912798,0.8943533697632058,
pendigits,gradient descent,104,5,0.016933078152335405,0.9059495972979995,0.0175201581992108,0.9058894960534305,
pendigits,gradient descent,104,6,0.01581477744699108,0.9098467134320603,0.016523213798785824,0.9083181542197936,
pendigits,gradient descent,104,7,0.014476310866323575,0.9171213302156405,0.015195320444858636,0.9131754705525197,
pendigits,gradient descent,104,8,0.01371110896256176,0.9203689269940244,0.014396030139605592,0.9180327868852459,
pendigits,gradient descent,104,9,0.012788683759377455,0.9237464276435438,0.013535172314971956,0.920461445051609,
pendigits,gradient descent,104,10,0.012131793713986067,0.9271239282930631,0.012863718825452593,0.9241044323011536,
pendigits,gradient descent,104,11,0.011592547068093276,0.9294621979734996,0.012292697297214878,0.9271402550091075,
pendigits,gradient descent,104,12,0.011127804241885314,0.9329696024941543,0.011839385775925082,0.9295689131754705,
pendigits,gradient descent,104,13,0.010742578797029825,0.9350480644323201,0.011536038560751655,0.9295689131754705,
pendigits,gradient descent,104,14,0.010163680117099136,0.9388152766952456,0.010846577035372054,0.9344262295081968,
pendigits,gradient descent,104,15,0.009839021290566635,0.9401143154065991,0.010543361773065153,0.9350333940497875,
pendigits,gradient descent,104,16,0.009509053398783295,0.9401143154065991,0.010121830256743403,0.9344262295081968,
pendigits,gradient descent,104,17,0.00921969249970047,0.9416731618602234,0.009928257542526995,0.9380692167577414,
pendigits,gradient descent,104,18,0.009075809996333364,0.942582488958171,0.009814938448767059,0.9380692167577414,
pendigits,gradient descent,104,19,0.008844557159583967,0.9431021044427124,0.009493721867566023,0.9386763812993322,
pendigits,gradient descent,104,20,0.008617236940396922,0.9436217199272539,0.009311365056100194,0.9398907103825137,
pendigits,gradient descent,104,21,0.008445215411421333,0.944401143154066,0.009108987693445748,0.941712204007286,
pendigits,gradient descent,104,22,0.008319044877061714,0.9451805663808781,0.009029839007256216,0.9429265330904675,
pendigits,gradient descent,104,23,0.008162145616005251,0.9451805663808781,0.00885745603128063,0.9404978749241044,
pendigits,gradient descent,104,24,0.00802425983088032,0.9455702779942843,0.008737191154670447,0.941712204007286,
pendigits,gradient descent,104,25,0.0079281926451144,0.946219797349961,0.008653118751923851,0.9429265330904675,
pendigits,gradient descent,104,26,0.00783895956568457,0.9455702779942843,0.008543644691651708,0.9423193685488768,
pendigits,gradient descent,104,27,0.00770758179418766,0.9457001818654196,0.008413102979752177,0.9423193685488768,
pendigits,gradient descent,104,28,0.007636241917852262,0.9457001818654196,0.00831609217012956,0.9429265330904675,
pendigits,gradient descent,104,29,0.007569550133432891,0.9466095089633672,0.008233898545234543,0.9429265330904675,
pendigits,gradient descent,104,30,0.007484390019678227,0.9464796050922317,0.008167617657471274,0.9423193685488768,
pendigits,gradient descent,104,31,0.007372228560309924,0.9473889321901793,0.008050690729704497,0.9429265330904675,
pendigits,gradient descent,104,32,0.007410158148622672,0.9473889321901793,0.008143125529949143,0.9429265330904675,
pendigits,gradient descent,104,33,0.007247823885962312,0.9479085476747207,0.007933391448918387,0.9429265330904675,
pendigits,gradient descent,104,34,0.007182439636460975,0.9479085476747207,0.007844537364932352,0.9429265330904675,
pendigits,gradient descent,104,35,0.007140123621423757,0.9484281631592621,0.007791926959000456,0.9447480267152398,
pendigits,gradient descent,104,36,0.007054496254005381,0.949077682514939,0.007692588881654103,0.9447480267152398,
pendigits,gradient descent,104,37,0.007001001024322876,0.9497272018706158,0.00764344346807185,0.9459623557984214,
pendigits,gradient descent,104,38,0.006953471823504908,0.9495972979994803,0.007592843178421528,0.9465695203400122,
pendigits,gradient descent,104,39,0.006946791718110508,0.9489477786438035,0.007618579508230826,0.9453551912568307,
pendigits,gradient descent,104,40,0.006842858045185482,0.9488178747726682,0.007496190237636558,0.9447480267152398,
pendigits,gradient descent,104,41,0.006817833715899549,0.9488178747726682,0.007464031686437455,0.9465695203400122,
pendigits,gradient descent,104,42,0.0067569835673789115,0.9497272018706158,0.0073988916141218865,0.9465695203400122,
pendigits,gradient descent,104,43,0.006726746549321984,0.9501169134840218,0.007326529352805854,0.9483910139647844,
pendigits,gradient descent,104,44,0.006671026266400217,0.9502468173551571,0.007279697362407747,0.9471766848816029,
pendigits,gradient descent,104,45,0.0066288790761021826,0.9499870096128865,0.007244426850744219,0.9471766848816029,
pendigits,gradient descent,104,46,0.006593979050852468,0.9507664328396986,0.007201529313450689,0.9471766848816029,
pendigits,gradient descent,104,47,0.006554778065275384,0.9505066250974279,0.007171521667330014,0.9483910139647844,
pendigits,gradient descent,104,48,0.006527955751731305,0.9503767212262926,0.007134698208088641,0.9477838494231937,
pendigits,gradient descent,104,49,0.006478392946079208,0.9506365289685632,0.007039839951254532,0.9477838494231937,
pendigits,gradient descent,104,50,0.006470638001496698,0.9511561444531047,0.007069538301996026,0.9483910139647844,
pendigits,gradient descent,104,51,0.006408702568180204,0.9514159521953754,0.006991677267224149,0.9483910139647844,
pendigits,gradient descent,104,52,0.0063716642168879,0.9516757599376462,0.006960772738342888,0.9489981785063752,
pendigits,gradient descent,104,53,0.0063371699703995326,0.9514159521953754,0.006902538117853795,0.9489981785063752,
pendigits,gradient descent,104,54,0.006292656954875487,0.9516757599376462,0.006876466496393406,0.949605343047966,
pendigits,gradient descent,104,55,0.006268371834834751,0.9516757599376462,0.006854233692279423,0.9502125075895568,
pendigits,gradient descent,104,56,0.00623453727977292,0.9520654715510523,0.006821597439613365,0.949605343047966,
pendigits,gradient descent,104,57,0.006223710004914492,0.95128604832424,0.006806983074586057,0.9489981785063752,
pendigits,gradient descent,104,58,0.006180846185338574,0.9520654715510523,0.00678419248953108,0.949605343047966,
pendigits,gradient descent,104,59,0.006150422413988228,0.9521953754221876,0.006726701778420713,0.9508196721311475,
pendigits,gradient descent,104,60,0.006119395415488916,0.9524551831644583,0.006721713048616,0.949605343047966,
pendigits,gradient descent,104,61,0.006105910021422381,0.9527149909067291,0.006739411180377741,0.9489981785063752,
pendigits,gradient descent,104,62,0.0060792699172858775,0.9527149909067291,0.0067021297283375945,0.949605343047966,
pendigits,gradient descent,104,63,0.006063544166829719,0.9527149909067291,0.006676333013579082,0.949605343047966,
pendigits,gradient descent,104,64,0.006026520556153638,0.9529747986489997,0.006646889063249607,0.9502125075895568,
pendigits,gradient descent,104,65,0.0059985614424271465,0.9529747986489997,0.0066203480568646006,0.949605343047966,
pendigits,gradient descent,104,66,0.005971979386124045,0.9531047025201351,0.006596634397095176,0.9502125075895568,
pendigits,gradient descent,104,67,0.005941464783075568,0.9531047025201351,0.006560676390096428,0.9502125075895568,
pendigits,gradient descent,104,68,0.005940708117003827,0.9538841257469473,0.0066004463921197,0.9489981785063752,
pendigits,gradient descent,104,69,0.005901275729538319,0.9537542218758119,0.006535887719355616,0.9502125075895568,
pendigits,gradient descent,104,70,0.005883214522462105,0.9536243180046765,0.00652981929924987,0.949605343047966,
pendigits,gradient descent,104,71,0.005857535392096428,0.9540140296180826,0.006502533003703107,0.9502125075895568,
pendigits,gradient descent,104,72,0.005835279333796768,0.9542738373603533,0.006501638635721939,0.9502125075895568,
pendigits,gradient descent,104,73,0.0058077853618856475,0.954143933489218,0.006474590772484363,0.949605343047966,
pendigits,gradient descent,104,74,0.005801663602106063,0.9544037412314887,0.006467173197870286,0.9489981785063752,
pendigits,gradient descent,104,75,0.005764293161860399,0.954143933489218,0.006440051999216912,0.9508196721311475,
pendigits,gradient descent,105,1,0.04106919156057659,0.8394388152766953,0.04156123054196489,0.8227079538554949,
pendigits,gradient descent,105,2,0.02706169357997974,0.868926994024422,0.02762526791329009,0.8542805100182149,
pendigits,gradient descent,105,3,0.022273320022824967,0.8829566121070408,0.022836448532097233,0.8737097753491196,
pendigits,gradient descent,105,4,0.019189589203865043,0.8933489217978696,0.019852478766961543,0.8840315725561627,
pendigits,gradient descent,105,5,0.017203706314860425,0.9053000779423227,0.017716594318632817,0.9022465088038859,
pendigits,gradient descent,105,6,0.016501207417342553,0.9078981553650298,0.01708656901413928,0.9034608378870674,
pendigits,gradient descent,105,7,0.014790806711473047,0.9149129644063393,0.01545114088813581,0.9101396478445659,
pendigits,gradient descent,105,8,0.014054330769265537,0.9236165237724084,0.014664665090490641,0.9216757741347905,
pendigits,gradient descent,105,9,0.013051765517883365,0.926344505066251,0.013677836290657575,0.9253187613843351,
pendigits,gradient descent,105,10,0.01236286967681952,0.9290724863600935,0.012981245826596807,0.928354584092289,
pendigits,gradient descent,105,11,0.011684683595547368,0.9318004676539361,0.01229033240074506,0.9301760777170613,
pendigits,gradient descent,105,12,0.01125804693733115,0.9327097947518836,0.011668937509898237,0.9301760777170613,
pendigits,gradient descent,105,13,0.010741030128661462,0.9354377760457262,0.01123681972267195,0.9326047358834244,
pendigits,gradient descent,105,14,0.010396366047923945,0.9362171992725383,0.010849740376823529,0.9319975713418336,
pendigits,gradient descent,105,15,0.010031649135715989,0.9368667186282151,0.010585438803027166,0.9338190649666059,
pendigits,gradient descent,105,16,0.009812786524622443,0.9371265263704859,0.010299427351021873,0.9356405585913783,
pendigits,gradient descent,105,17,0.009543956637148897,0.937905949597298,0.01010397709233423,0.936247723132969,
pendigits,gradient descent,105,18,0.009258594259609417,0.9389451805663809,0.00976947566755147,0.9374620522161505,
pendigits,gradient descent,105,19,0.00905989547026822,0.9395946999220577,0.009598502643566304,0.9374620522161505,
pendigits,gradient descent,105,20,0.008858215310327554,0.9406339308911406,0.009329336602927975,0.9374620522161505,
pendigits,gradient descent,105,21,0.008686296961416408,0.9415432579890881,0.009206921929171502,0.9380692167577414,
pendigits,gradient descent,105,22,0.00857030273814503,0.9427123928293063,0.00910965212989861,0.9404978749241044,
pendigits,gradient descent,105,23,0.008394259940229618,0.9419329696024942,0.00892085068975997,0.9392835458409229,
pendigits,gradient descent,105,24,0.008261852667320727,0.9421927773447649,0.00877365453311714,0.9411050394656952,
pendigits,gradient descent,105,25,0.008195666160367798,0.9431021044427124,0.00873208046473747,0.9411050394656952,
pendigits,gradient descent,105,26,0.008062481675503287,0.9436217199272539,0.008533407940815559,0.941712204007286,
pendigits,gradient descent,105,27,0.00798915008959464,0.9438815276695246,0.00852844346713656,0.944140862173649,
pendigits,gradient descent,105,28,0.007860420164863375,0.9442712392829307,0.008404972535764856,0.9435336976320583,
pendigits,gradient descent,105,29,0.007770007729350707,0.944401143154066,0.00825040570233373,0.944140862173649,
pendigits,gradient descent,105,30,0.007659312582781049,0.944790854767472,0.008172707790722962,0.944140862173649,
pendigits,gradient descent,105,31,0.007577301125998634,0.9450506625097428,0.008116740046984521,0.9459623557984214,
pendigits,gradient descent,105,32,0.0075463518872461504,0.9455702779942843,0.008027726161778754,0.9447480267152398,
pendigits,gradient descent,105,33,0.007423533747913514,0.9463497012210964,0.00797338563657087,0.9459623557984214,
pendigits,gradient descent,105,34,0.00735964018485856,0.947259028319044,0.007875600636658724,0.9465695203400122,
pendigits,gradient descent,105,35,0.00729011195195103,0.9463497012210964,0.00780989339151906,0.9465695203400122,
pendigits,gradient descent,105,36,0.007223088220842313,0.9467394128345025,0.0077460920907502975,0.9465695203400122,
pendigits,gradient descent,105,37,0.00718672400344084,0.947259028319044,0.007760801745692606,0.9465695203400122,
pendigits,gradient descent,105,38,0.0071165374493050645,0.94764873993245,0.007648837256418131,0.9465695203400122,
pendigits,gradient descent,105,39,0.007065866962315316,0.9473889321901793,0.007599392130107565,0.9459623557984214,
pendigits,gradient descent,105,40,0.007012500169060507,0.9477786438035853,0.007556839586106111,0.9459623557984214,
pendigits,gradient descent,105,41,0.006943933961088491,0.9482982592881268,0.007503660998173167,0.9477838494231937,
pendigits,gradient descent,105,42,0.006947576435156839,0.9480384515458561,0.007567602606848644,0.9459623557984214,
pendigits,gradient descent,105,43,0.006850228831184209,0.9489477786438035,0.007416901563399564,0.9471766848816029,
pendigits,gradient descent,105,44,0.006811958771072018,0.949077682514939,0.007389772541996588,0.9477838494231937,
pendigits,gradient descent,105,45,0.006788363552175166,0.9497272018706158,0.0073698189076915,0.9471766848816029,
pendigits,gradient descent,105,46,0.006747331784834796,0.949467394128345,0.007279480184567478,0.9477838494231937,
pendigits,gradient descent,105,47,0.006680759093151327,0.9497272018706158,0.007252746877629798,0.9471766848816029,
pendigits,gradient descent,105,48,0.006647517285417034,0.9502468173551571,0.007233635700750325,0.9477838494231937,
pendigits,gradient descent,105,49,0.0065890428065818645,0.9506365289685632,0.007203528135969969,0.9477838494231937,
pendigits,gradient descent,105,50,0.00656808164001533,0.9502468173551571,0.0071785828748656385,0.9471766848816029,
pendigits,gradient descent,105,51,0.006519636025921908,0.9506365289685632,0.007115120251363329,0.9483910139647844,
pendigits,gradient descent,105,52,0.00648155886264217,0.9503767212262926,0.007114362182375353,0.9477838494231937,
pendigits,gradient descent,105,53,0.006471021833247479,0.9510262405819694,0.0071542203150968715,0.9477838494231937,
pendigits,gradient descent,105,54,0.006398801395332132,0.9514159521953754,0.007018484435097011,0.9483910139647844,
pendigits,gradient descent,105,55,0.006335123430847763,0.9516757599376462,0.007021063708194385,0.9483910139647844,
pendigits,gradient descent,105,56,0.006298182794214753,0.9515458560665108,0.007002461718286022,0.9483910139647844,
pendigits,gradient descent,105,57,0.0062546274022170015,0.9520654715510523,0.006967929607020903,0.9477838494231937,
pendigits,gradient descent,105,58,0.006230937965013501,0.9520654715510523,0.006965395260508608,0.9489981785063752,
pendigits,gradient descent,105,59,0.006195824520183477,0.9523252792933229,0.006892229091532484,0.9483910139647844,
pendigits,gradient descent,105,60,0.0061611668671298385,0.9523252792933229,0.006898614351280686,0.9483910139647844,
pendigits,gradient descent,105,61,0.006125330985957307,0.9528448947778644,0.006824896518336389,0.9483910139647844,
pendigits,gradient descent,105,62,0.006101534029043991,0.9524551831644583,0.00683337456898875,0.9489981785063752,
pendigits,gradient descent,105,63,0.006074511382668516,0.9527149909067291,0.006834624943195377,0.9483910139647844,
pendigits,gradient descent,105,64,0.006050347659320832,0.9529747986489997,0.006820374893036248,0.9489981785063752,
pendigits,gradient descent,105,65,0.006059776699863859,0.9529747986489997,0.006867624836255359,0.9483910139647844,
pendigits,gradient descent,105,66,0.005982058101166629,0.9528448947778644,0.006750803213262911,0.9489981785063752,
pendigits,gradient descent,105,67,0.005954690434820917,0.9525850870355936,0.006716884521554785,0.9502125075895568,
pendigits,gradient descent,105,68,0.005936873727989382,0.9532346063912704,0.00670719297436587,0.9483910139647844,
pendigits,gradient descent,105,69,0.005901800030352065,0.9532346063912704,0.006651491077026144,0.9489981785063752,
pendigits,gradient descent,105,70,0.005886465504312738,0.9536243180046765,0.006653827398285014,0.949605343047966,
pendigits,gradient descent,105,71,0.005865250466759703,0.9534944141335412,0.006652760904227257,0.949605343047966,
pendigits,gradient descent,105,72,0.005830983795684944,0.9532346063912704,0.006592607416460752,0.949605343047966,
pendigits,gradient descent,105,73,0.005822856025693482,0.9533645102624059,0.006607995307730297,0.949605343047966,
pendigits,gradient descent,105,74,0.005828698654821689,0.9536243180046765,0.006632465990482043,0.9489981785063752,
pendigits,gradient descent,105,75,0.005780560966376725,0.9540140296180826,0.006546039384405966,0.949605343047966,
pendigits,gradient descent,106,1,0.04006143594429896,0.8316445830085737,0.04010709050055271,0.8129933211900425,
pendigits,gradient descent,106,2,0.02625053900491659,0.8791893998441154,0.02641224556420818,0.8658166363084396,
pendigits,gradient descent,106,3,0.02146342053651716,0.885554689529748,0.021680459936689267,0.8797814207650273,
pendigits,gradient descent,106,4,0.01898927561801883,0.8950376721226293,0.019133902502412394,0.8949605343047966,
pendigits,gradient descent,106,5,0.016999917726370373,0.9004936347103144,0.01739487075610888,0.9034608378870674,
pendigits,gradient descent,106,6,0.015825505236611654,0.905429981813458,0.01619812259978659,0.9040680024286581,
pendigits,gradient descent,106,7,0.014815055182565446,0.908287866978436,0.015176518897838049,0.9101396478445659,
pendigits,gradient descent,106,8,0.013798616636590015,0.9182904650558587,0.014124079865958433,0.9162112932604736,
pendigits,gradient descent,106,9,0.013012454759243822,0.9217978695765133,0.013361319017606706,0.9216757741347905,
pendigits,gradient descent,106,10,0.0123446733711431,0.924525850870356,0.012740138542756645,0.9259259259259259,
pendigits,gradient descent,106,11,0.011868394952778475,0.9271239282930631,0.012285790518956305,0.9241044323011536,
pendigits,gradient descent,106,12,0.011411363314786788,0.9311509482982593,0.011793038968998285,0.9313904068002429,
pendigits,gradient descent,106,13,0.010958728189933055,0.9345284489477786,0.011326011767392287,0.936247723132969,
pendigits,gradient descent,106,14,0.01052737010044636,0.9356975837879968,0.010776179527189511,0.9368548876745598,
pendigits,gradient descent,106,15,0.010027427152659127,0.9372564302416212,0.010369196397401829,0.9356405585913783,
pendigits,gradient descent,106,16,0.009983092499503509,0.9386853728241101,0.010331954552570933,0.9392835458409229,
pendigits,gradient descent,106,17,0.00963815637498469,0.9389451805663809,0.010026771676346505,0.9374620522161505,
pendigits,gradient descent,106,18,0.00926899000156675,0.9403741231488698,0.009691696175969653,0.9386763812993322,
pendigits,gradient descent,106,19,0.009021935336825515,0.9402442192777345,0.009381114210246807,0.9411050394656952,
pendigits,gradient descent,106,20,0.008859735082324995,0.9424525850870356,0.009224672220125518,0.9423193685488768,
pendigits,gradient descent,106,21,0.008676698579774449,0.9418030657313587,0.009055815711835934,0.9423193685488768,
pendigits,gradient descent,106,22,0.0085072344542247,0.9418030657313587,0.008924329095686969,0.9429265330904675,
pendigits,gradient descent,106,23,0.008380534374655723,0.9421927773447649,0.008834302333324174,0.9423193685488768,
pendigits,gradient descent,106,24,0.008217941637289339,0.9437516237983892,0.008580114666374416,0.9447480267152398,
pendigits,gradient descent,106,25,0.008116102276071615,0.9434918160561184,0.008497802511635556,0.9435336976320583,
pendigits,gradient descent,106,26,0.008014035422876493,0.942972200571577,0.008407174825474581,0.944140862173649,
pendigits,gradient descent,106,27,0.00793049488826834,0.9432320083138478,0.00834251582205144,0.9447480267152398,
pendigits,gradient descent,106,28,0.007802469229680532,0.9441413354117952,0.008192250383773003,0.9447480267152398,
pendigits,gradient descent,106,29,0.007710644167097167,0.9449207586386075,0.008089199841543547,0.9453551912568307,
pendigits,gradient descent,106,30,0.007717664908581607,0.9450506625097428,0.00812696296710207,0.9453551912568307,
pendigits,gradient descent,106,31,0.007577598347464606,0.946219797349961,0.007996664925297417,0.9453551912568307,
pendigits,gradient descent,106,32,0.007484536659042638,0.9453104702520135,0.007872186894224288,0.9453551912568307,
pendigits,gradient descent,106,33,0.007415194266832571,0.9454403741231489,0.007802739118706098,0.9453551912568307,
pendigits,gradient descent,106,34,0.007355293525164549,0.9457001818654196,0.007740817345473662,0.9453551912568307,
pendigits,gradient descent,106,35,0.007318018871183471,0.9468693167056378,0.007725678893479342,0.9459623557984214,
pendigits,gradient descent,106,36,0.0072215894317007034,0.9469992205767732,0.007620477817380467,0.9453551912568307,
pendigits,gradient descent,106,37,0.007147065337149472,0.9463497012210964,0.007547114897641505,0.9465695203400122,
pendigits,gradient descent,106,38,0.007103025516013972,0.9471291244479085,0.007503581276280355,0.9459623557984214,
pendigits,gradient descent,106,39,0.007069168775506501,0.9475188360613146,0.007439472671015749,0.9465695203400122,
pendigits,gradient descent,106,40,0.007014385157034982,0.94764873993245,0.007446046423062266,0.9465695203400122,
pendigits,gradient descent,106,41,0.006955124389370836,0.9480384515458561,0.007349873021067577,0.9465695203400122,
pendigits,gradient descent,106,42,0.006887901589679673,0.9479085476747207,0.007271823844520764,0.9477838494231937,
pendigits,gradient descent,106,43,0.006830532913497356,0.9492075863860743,0.007247211532629366,0.9471766848816029,
pendigits,gradient descent,106,44,0.006784235448187796,0.9493374902572097,0.007194474844341744,0.9477838494231937,
pendigits,gradient descent,106,45,0.0067355095275054575,0.9497272018706158,0.007150739412638223,0.9489981785063752,
pendigits,gradient descent,106,46,0.006709985642679423,0.949077682514939,0.007148244742297692,0.9489981785063752,
pendigits,gradient descent,106,47,0.006640680310346484,0.9499870096128865,0.007073723814358391,0.9483910139647844,
pendigits,gradient descent,106,48,0.006600639772800791,0.9503767212262926,0.007036643797660902,0.9489981785063752,
pendigits,gradient descent,106,49,0.006568872886278135,0.9499870096128865,0.0070078165147292966,0.949605343047966,
pendigits,gradient descent,106,50,0.006516993673825317,0.9505066250974279,0.006964934239408721,0.949605343047966,
pendigits,gradient descent,106,51,0.006495990539042016,0.9514159521953754,0.006979436823260659,0.9489981785063752,
pendigits,gradient descent,106,52,0.006421001919085818,0.95128604832424,0.006924789662405628,0.9502125075895568,
pendigits,gradient descent,106,53,0.006401388565788491,0.950896336710834,0.006891953031870541,0.9502125075895568,
pendigits,gradient descent,106,54,0.006348051350953019,0.9519355676799168,0.00687408804475393,0.949605343047966,
pendigits,gradient descent,106,55,0.006326390838092241,0.9518056638087815,0.006869106115225875,0.9502125075895568,
pendigits,gradient descent,106,56,0.006271501689132493,0.9520654715510523,0.006839594477159615,0.9502125075895568,
pendigits,gradient descent,106,57,0.006234110025091012,0.9528448947778644,0.006837082738845883,0.949605343047966,
pendigits,gradient descent,106,58,0.0061919005347724244,0.9528448947778644,0.006762300359925987,0.9502125075895568,
pendigits,gradient descent,106,59,0.0061595186722106674,0.9531047025201351,0.006781305710852621,0.9502125075895568,
pendigits,gradient descent,106,60,0.006122862627559587,0.9525850870355936,0.006718765428735465,0.9502125075895568,
pendigits,gradient descent,106,61,0.006098809318228312,0.9532346063912704,0.0067061372785302996,0.9502125075895568,
pendigits,gradient descent,106,62,0.006086714814127516,0.9533645102624059,0.006702258135505071,0.949605343047966,
pendigits,gradient descent,106,63,0.00602567711251496,0.9532346063912704,0.006676945657093785,0.9502125075895568,
pendigits,gradient descent,106,64,0.006009132530802239,0.9537542218758119,0.006690063964656434,0.9502125075895568,
pendigits,gradient descent,106,65,0.005962287659585654,0.9538841257469473,0.006631027007310733,0.9502125075895568,
pendigits,gradient descent,106,66,0.005934597398502152,0.9536243180046765,0.006594964306458839,0.9502125075895568,
pendigits,gradient descent,106,67,0.005921048977542389,0.9538841257469473,0.006607249780945726,0.9502125075895568,
pendigits,gradient descent,106,68,0.005881178953242322,0.9537542218758119,0.006560454432079072,0.9502125075895568,
pendigits,gradient descent,106,69,0.005855139598445727,0.9542738373603533,0.006543878935988545,0.9502125075895568,
pendigits,gradient descent,106,70,0.005852128489573506,0.954143933489218,0.006529646301222084,0.9502125075895568,
pendigits,gradient descent,106,71,0.005815533533088763,0.9540140296180826,0.0064974881856594115,0.9508196721311475,
pendigits,gradient descent,106,72,0.005793190835429713,0.9542738373603533,0.006506635740505956,0.9508196721311475,
pendigits,gradient descent,106,73,0.005788265568422073,0.9542738373603533,0.006526253374591403,0.9502125075895568,
pendigits,gradient descent,106,74,0.005748938323813488,0.9544037412314887,0.0064655569439646355,0.9502125075895568,
pendigits,gradient descent,106,75,0.005732624795457578,0.9545336451026241,0.0064603587221481506,0.9502125075895568,
pendigits,gradient descent,107,1,0.04062361048261832,0.8484021823850351,0.04069730161617646,0.8372799028536734,
pendigits,gradient descent,107,2,0.026428777487930415,0.8742530527409716,0.026639199119396315,0.8652094717668488,
pendigits,gradient descent,107,3,0.021865409335880617,0.880878150168875,0.022260957147092374,0.8718882817243473,
pendigits,gradient descent,107,4,0.01927446620477842,0.8889321901792674,0.01975391957929223,0.8870673952641166,
pendigits,gradient descent,107,5,0.017624852403008654,0.8962068069628475,0.017983752111243992,0.8937462052216151,
pendigits,gradient descent,107,6,0.01639717677656145,0.9002338269680437,0.01694373794251916,0.8979963570127505,
pendigits,gradient descent,107,7,0.015268132302671999,0.9062094050402703,0.01574878464046694,0.9052823315118397,
pendigits,gradient descent,107,8,0.01429837648988338,0.914783060535204,0.014876439959062824,0.9083181542197936,
pendigits,gradient descent,107,9,0.013460580658823955,0.9188100805404001,0.013917467754920023,0.9131754705525197,
pendigits,gradient descent,107,10,0.012799798817275965,0.9232268121590024,0.013407141037671391,0.9156041287188829,
pendigits,gradient descent,107,11,0.01227100331059414,0.9240062353858145,0.012934706580104153,0.9186399514268366,
pendigits,gradient descent,107,12,0.011730837064428398,0.9271239282930631,0.012332367517819352,0.922890103217972,
pendigits,gradient descent,107,13,0.011402140842323093,0.9301117173291764,0.012080656284775112,0.922890103217972,
pendigits,gradient descent,107,14,0.010963642851982366,0.9318004676539361,0.01166288233982329,0.9265330904675168,
pendigits,gradient descent,107,15,0.010594054758118202,0.9311509482982593,0.011186762447569394,0.928354584092289,
pendigits,gradient descent,107,16,0.010221061128059976,0.9363471031436736,0.010932183852121738,0.9338190649666059,
pendigits,gradient descent,107,17,0.009922491323587352,0.9368667186282151,0.010568175188875638,0.9356405585913783,
pendigits,gradient descent,107,18,0.009679912950310763,0.9402442192777345,0.010295445992013654,0.9374620522161505,
pendigits,gradient descent,107,19,0.009286666854209124,0.9410236425045466,0.009868352279629332,0.9374620522161505,
pendigits,gradient descent,107,20,0.009018813812509841,0.9419329696024942,0.009626603288180362,0.9386763812993322,
pendigits,gradient descent,107,21,0.008899796962178016,0.9418030657313587,0.009494978461770442,0.9398907103825137,
pendigits,gradient descent,107,22,0.00860537039104111,0.9427123928293063,0.009178190435293734,0.9398907103825137,
pendigits,gradient descent,107,23,0.008465274935077188,0.9431021044427124,0.0090474549782399,0.9398907103825137,
pendigits,gradient descent,107,24,0.008322985718045859,0.9427123928293063,0.008933169184177994,0.9398907103825137,
pendigits,gradient descent,107,25,0.008170290825340806,0.9441413354117952,0.008773923989061507,0.9398907103825137,
pendigits,gradient descent,107,26,0.008123918425532707,0.9438815276695246,0.008751230427755838,0.941712204007286,
pendigits,gradient descent,107,27,0.007982788199713127,0.9446609508963367,0.00856221041799412,0.9386763812993322,
pendigits,gradient descent,107,28,0.007861346809203643,0.9441413354117952,0.008474419236749218,0.9404978749241044,
pendigits,gradient descent,107,29,0.007780631515101596,0.9450506625097428,0.00835279030835325,0.941712204007286,
pendigits,gradient descent,107,30,0.007737450629569045,0.9457001818654196,0.00831018700014085,0.9411050394656952,
pendigits,gradient descent,107,31,0.007593339394031321,0.9454403741231489,0.008201907705465616,0.9404978749241044,
pendigits,gradient descent,107,32,0.007518997572284678,0.9455702779942843,0.008145806278183608,0.941712204007286,
pendigits,gradient descent,107,33,0.007472817462199592,0.9454403741231489,0.008111003227370881,0.9411050394656952,
pendigits,gradient descent,107,34,0.007382533612972952,0.9451805663808781,0.008014206453512168,0.9411050394656952,
pendigits,gradient descent,107,35,0.00730968002476136,0.9463497012210964,0.007915366710539431,0.9429265330904675,
pendigits,gradient descent,107,36,0.007226887179223246,0.9468693167056378,0.007849343989302735,0.9435336976320583,
pendigits,gradient descent,107,37,0.007203270740480932,0.9464796050922317,0.007786827823971373,0.941712204007286,
pendigits,gradient descent,107,38,0.007113428059510763,0.9473889321901793,0.007708283769606906,0.9435336976320583,
pendigits,gradient descent,107,39,0.007053967102215796,0.9475188360613146,0.007644942915044002,0.944140862173649,
pendigits,gradient descent,107,40,0.007011241921333573,0.9468693167056378,0.007630473178037866,0.9447480267152398,
pendigits,gradient descent,107,41,0.00695610336781559,0.9481683554169914,0.007541732421623497,0.9447480267152398,
pendigits,gradient descent,107,42,0.006919706444900856,0.9477786438035853,0.007520896640843569,0.9435336976320583,
pendigits,gradient descent,107,43,0.006898640531309258,0.9480384515458561,0.007526898927173551,0.944140862173649,
pendigits,gradient descent,107,44,0.006820603847864848,0.9485580670303975,0.007406134760636972,0.9447480267152398,
pendigits,gradient descent,107,45,0.006789864890895991,0.9488178747726682,0.00741913715079719,0.9447480267152398,
pendigits,gradient descent,107,46,0.006744914797388827,0.9488178747726682,0.00733829233070343,0.9459623557984214,
pendigits,gradient descent,107,47,0.006778942680012527,0.9482982592881268,0.0074201445146601566,0.944140862173649,
pendigits,gradient descent,107,48,0.00666069452405458,0.949077682514939,0.0072753307622138615,0.9465695203400122,
pendigits,gradient descent,107,49,0.006631326655848135,0.9486879709015329,0.007252062389766986,0.9459623557984214,
pendigits,gradient descent,107,50,0.006608240312843631,0.9499870096128865,0.007234941770359476,0.9459623557984214,
pendigits,gradient descent,107,51,0.006582557379673438,0.9499870096128865,0.00719424726322105,0.9459623557984214,
pendigits,gradient descent,107,52,0.006536259293815324,0.9499870096128865,0.007162917557583707,0.9465695203400122,
pendigits,gradient descent,107,53,0.006532092018159325,0.949077682514939,0.007135988420572557,0.9465695203400122,
pendigits,gradient descent,107,54,0.006465399744656861,0.9501169134840218,0.00706832976394283,0.9465695203400122,
pendigits,gradient descent,107,55,0.006442052158574061,0.9503767212262926,0.007077540259078068,0.9471766848816029,
pendigits,gradient descent,107,56,0.006445907478000185,0.9502468173551571,0.007109930061491647,0.9447480267152398,
pendigits,gradient descent,107,57,0.00638257525690866,0.9505066250974279,0.007021699881726164,0.9471766848816029,
pendigits,gradient descent,107,58,0.006371747446110563,0.9497272018706158,0.006973004928496497,0.9453551912568307,
pendigits,gradient descent,107,59,0.00634655889088063,0.950896336710834,0.006950910051129365,0.9465695203400122,
pendigits,gradient descent,107,60,0.006315981558819464,0.9498571057417511,0.006930258841781023,0.9465695203400122,
pendigits,gradient descent,107,61,0.0062890069246627186,0.9505066250974279,0.006885697809730382,0.9471766848816029,
pendigits,gradient descent,107,62,0.0062544350390867426,0.9510262405819694,0.006884394005629129,0.9459623557984214,
pendigits,gradient descent,107,63,0.00623522722274528,0.95128604832424,0.006842552492871853,0.9465695203400122,
pendigits,gradient descent,107,64,0.006219182720705423,0.950896336710834,0.006855778303236037,0.9477838494231937,
pendigits,gradient descent,107,65,0.006196678237333615,0.9511561444531047,0.0068341823148925646,0.9465695203400122,
pendigits,gradient descent,107,66,0.006177322522482705,0.9514159521953754,0.0068425447936014405,0.9477838494231937,
pendigits,gradient descent,107,67,0.006147990516381679,0.95128604832424,0.0068062400700766605,0.9489981785063752,
pendigits,gradient descent,107,68,0.006122472270319667,0.95128604832424,0.006757881568876803,0.9471766848816029,
pendigits,gradient descent,107,69,0.006106704835542324,0.9516757599376462,0.006718762710945397,0.9471766848816029,
pendigits,gradient descent,107,70,0.006083672883461122,0.9518056638087815,0.006719348556731545,0.9477838494231937,
pendigits,gradient descent,107,71,0.006062953125503414,0.9515458560665108,0.006691436127192525,0.9483910139647844,
pendigits,gradient descent,107,72,0.006082636401006565,0.9515458560665108,0.006744123213426599,0.9477838494231937,
pendigits,gradient descent,107,73,0.006026743716438531,0.9519355676799168,0.006661898166134231,0.9471766848816029,
pendigits,gradient descent,107,74,0.006010073532634047,0.9519355676799168,0.006670472104449811,0.9477838494231937,
pendigits,gradient descent,107,75,0.006003691000203605,0.9515458560665108,0.006637495298170857,0.9477838494231937,
pendigits,gradient descent,108,1,0.04138492443407143,0.8165757339568719,0.0419463170107386,0.8051001821493625,
pendigits,gradient descent,108,2,0.026693062666712567,0.8732138217718888,0.027247274897270617,0.8536733454766242,
pendigits,gradient descent,108,3,0.02136545170879182,0.8849051701740712,0.02199104331695035,0.8706739526411658,
pendigits,gradient descent,108,4,0.01904242424301754,0.8919199792153806,0.01975857367124566,0.8840315725561627,
pendigits,gradient descent,108,5,0.01711904625996471,0.898545076643284,0.01786025003978365,0.8943533697632058,
pendigits,gradient descent,108,6,0.015955604511146897,0.9063393089114056,0.016551781022961384,0.9077109896782027,
pendigits,gradient descent,108,7,0.015638780762943064,0.9027020005196155,0.016469284294007583,0.8998178506375227,
pendigits,gradient descent,108,8,0.013872400967455083,0.9189399844115355,0.014537751486502822,0.912568306010929,
pendigits,gradient descent,108,9,0.013494793028977685,0.9186801766692647,0.014250176010719607,0.9119611414693382,
pendigits,gradient descent,108,10,0.012457000555669943,0.923096908287867,0.013289017935771492,0.9198542805100182,
pendigits,gradient descent,108,11,0.011928101712543712,0.9262146011951156,0.012785642251851368,0.9216757741347905,
pendigits,gradient descent,108,12,0.011529974845330207,0.9273837360353339,0.012415227115643851,0.9241044323011536,
pendigits,gradient descent,108,13,0.011069094262236207,0.9318004676539361,0.011958651350598483,0.9241044323011536,
pendigits,gradient descent,108,14,0.010722946687452476,0.9329696024941543,0.011599734045833561,0.928354584092289,
pendigits,gradient descent,108,15,0.010376819765297484,0.9354377760457262,0.011274970835505002,0.9289617486338798,
pendigits,gradient descent,108,16,0.010155021722389886,0.9351779683034555,0.011049663259238084,0.9295689131754705,
pendigits,gradient descent,108,17,0.009951082996585689,0.9363471031436736,0.01083099191436501,0.9313904068002429,
pendigits,gradient descent,108,18,0.009830050199135718,0.9362171992725383,0.010750355516227354,0.9313904068002429,
pendigits,gradient descent,108,19,0.009455604697633305,0.9377760457261627,0.010373760244021323,0.930783242258652,
pendigits,gradient descent,108,20,0.009276197482686844,0.9384255650818394,0.010162942002048649,0.9326047358834244,
pendigits,gradient descent,108,21,0.009188655528835143,0.9392049883086516,0.01008794227583085,0.9344262295081968,
pendigits,gradient descent,108,22,0.00898188931391967,0.9402442192777345,0.009835228162059532,0.9344262295081968,
pendigits,gradient descent,108,23,0.008808264948891706,0.9407638347622759,0.009708611010116273,0.936247723132969,
pendigits,gradient descent,108,24,0.00865714818008443,0.9421927773447649,0.009505383410238549,0.9398907103825137,
pendigits,gradient descent,108,25,0.00851777905716499,0.9436217199272539,0.009329329495847404,0.9423193685488768,
pendigits,gradient descent,108,26,0.008375583067845228,0.944790854767472,0.009176102087989397,0.9435336976320583,
pendigits,gradient descent,108,27,0.008179702561430375,0.9450506625097428,0.008880661959062711,0.9435336976320583,
pendigits,gradient descent,108,28,0.008039561203553758,0.9455702779942843,0.008715645905086198,0.9435336976320583,
pendigits,gradient descent,108,29,0.007877170000626514,0.9459599896076903,0.008514700476429115,0.9429265330904675,
pendigits,gradient descent,108,30,0.007760565704183618,0.946219797349961,0.008369050461387405,0.944140862173649,
pendigits,gradient descent,108,31,0.007649985369296166,0.9466095089633672,0.008256023858717447,0.9435336976320583,
pendigits,gradient descent,108,32,0.0075661475530644515,0.9468693167056378,0.008136652012640954,0.9429265330904675,
pendigits,gradient descent,108,33,0.007491174483300315,0.9473889321901793,0.00806959755015336,0.9447480267152398,
pendigits,gradient descent,108,34,0.007398801362950333,0.9479085476747207,0.007985500086554305,0.9453551912568307,
pendigits,gradient descent,108,35,0.00730633723790535,0.9477786438035853,0.007867320670965553,0.944140862173649,
pendigits,gradient descent,108,36,0.007251677053566186,0.9479085476747207,0.007795934877658398,0.9447480267152398,
pendigits,gradient descent,108,37,0.007176487736807155,0.9484281631592621,0.007744389186451494,0.9447480267152398,
pendigits,gradient descent,108,38,0.007316925931772511,0.947259028319044,0.00788653373957459,0.9459623557984214,
pendigits,gradient descent,108,39,0.007032305898844058,0.9492075863860743,0.007575693763223861,0.9459623557984214,
pendigits,gradient descent,108,40,0.006974442639129289,0.9493374902572097,0.007500910815109627,0.9453551912568307,
pendigits,gradient descent,108,41,0.006919171732501422,0.9492075863860743,0.007446650980450575,0.9453551912568307,
pendigits,gradient descent,108,42,0.006875098407175593,0.9486879709015329,0.007382487218142471,0.9465695203400122,
pendigits,gradient descent,108,43,0.0067980231297859175,0.9498571057417511,0.007324518796318781,0.9471766848816029,
pendigits,gradient descent,108,44,0.006765196751295843,0.9503767212262926,0.007301615298260665,0.9471766848816029,
pendigits,gradient descent,108,45,0.006731086729317525,0.9505066250974279,0.007240230255851592,0.9471766848816029,
pendigits,gradient descent,108,46,0.006667647550488166,0.9498571057417511,0.007183164884305003,0.9471766848816029,
pendigits,gradient descent,108,47,0.006638754012408037,0.9505066250974279,0.007151195559502518,0.9477838494231937,
pendigits,gradient descent,108,48,0.006595661821640823,0.950896336710834,0.007129492808210158,0.9471766848816029,
pendigits,gradient descent,108,49,0.0065442302218701575,0.9507664328396986,0.0070572061313260714,0.9477838494231937,
pendigits,gradient descent,108,50,0.00649597933021469,0.95128604832424,0.007012196047710644,0.9471766848816029,
pendigits,gradient descent,108,51,0.006494664624209849,0.9514159521953754,0.007035720014669405,0.9465695203400122,
pendigits,gradient descent,108,52,0.006449477929135924,0.9519355676799168,0.006978196618919141,0.9471766848816029,
pendigits,gradient descent,108,53,0.006409782896026526,0.9516757599376462,0.006941124460285752,0.9477838494231937,
pendigits,gradient descent,108,54,0.006358918212050115,0.9516757599376462,0.0068459196035967,0.949605343047966,
pendigits,gradient descent,108,55,0.006344516232876916,0.9519355676799168,0.006843236461193805,0.9489981785063752,
pendigits,gradient descent,108,56,0.006296967094909384,0.9519355676799168,0.006781558228067757,0.949605343047966,
pendigits,gradient descent,108,57,0.00626987107070395,0.9521953754221876,0.006753277095029715,0.9489981785063752,
pendigits,gradient descent,108,58,0.0062493163200424365,0.9518056638087815,0.006734272201496534,0.949605343047966,
pendigits,gradient descent,108,59,0.0061887546458448146,0.9524551831644583,0.00669697048867503,0.9489981785063752,
pendigits,gradient descent,108,60,0.006169080848402929,0.9520654715510523,0.006665094913049232,0.9489981785063752,
pendigits,gradient descent,108,61,0.006135796255293443,0.9531047025201351,0.00665952620990793,0.949605343047966,
pendigits,gradient descent,108,62,0.006106251603906599,0.9529747986489997,0.006619616903282409,0.9489981785063752,
pendigits,gradient descent,108,63,0.006080190091149042,0.9528448947778644,0.0065872727674023066,0.9508196721311475,
pendigits,gradient descent,108,64,0.006036710794090457,0.9533645102624059,0.006546442319720497,0.9502125075895568,
pendigits,gradient descent,108,65,0.006010889525578591,0.9537542218758119,0.006527989104564785,0.9502125075895568,
pendigits,gradient descent,108,66,0.005983451767370662,0.9536243180046765,0.00650876783148998,0.9502125075895568,
pendigits,gradient descent,108,67,0.005958059098263442,0.9538841257469473,0.006472241667530399,0.9508196721311475,
pendigits,gradient descent,108,68,0.005937479968819658,0.9545336451026241,0.006504699009109178,0.949605343047966,
pendigits,gradient descent,108,69,0.005907588988650965,0.9542738373603533,0.006467837522440742,0.9508196721311475,
pendigits,gradient descent,108,70,0.005886327531497235,0.9545336451026241,0.006478470125987241,0.949605343047966,
pendigits,gradient descent,108,71,0.005868878120027997,0.9547934528448948,0.006456778133948591,0.9502125075895568,
pendigits,gradient descent,108,72,0.0058386499858054716,0.9545336451026241,0.0064231762346422284,0.949605343047966,
pendigits,gradient descent,108,73,0.005801849178399937,0.9546635489737594,0.006364437329241036,0.9508196721311475,
pendigits,gradient descent,108,74,0.005782206272892522,0.9547934528448948,0.006388545266726998,0.949605343047966,
pendigits,gradient descent,108,75,0.005755661368637848,0.9550532605871654,0.006408171914305191,0.949605343047966,
pendigits,gradient descent,109,1,0.04120450105482264,0.8334632372044687,0.041383813908212184,0.8208864602307225,
pendigits,gradient descent,109,2,0.02762393055564282,0.869316705637828,0.02782037188702847,0.856709168184578,
pendigits,gradient descent,109,3,0.02222361391744518,0.8839958430761237,0.022659683295746125,0.8731026108075288,
pendigits,gradient descent,109,4,0.019684697647367955,0.8919199792153806,0.02003789339744976,0.8888888888888888,
pendigits,gradient descent,109,5,0.01749864807688909,0.8993244998700961,0.017814902030203576,0.8998178506375227,
pendigits,gradient descent,109,6,0.016255817928799616,0.9034814237464276,0.01677486885078258,0.9016393442622951,
pendigits,gradient descent,109,7,0.015014052211179336,0.9117952714990907,0.015532940917441744,0.9095324833029751,
pendigits,gradient descent,109,8,0.014291783709909175,0.9145232527929332,0.014748950724114442,0.9119611414693382,
pendigits,gradient descent,109,9,0.013431527954565196,0.9181605611847233,0.014003412447145761,0.9168184578020644,
pendigits,gradient descent,109,10,0.012718023445040687,0.923486619901273,0.013305326318266402,0.9174256223436551,
pendigits,gradient descent,109,11,0.012154520078888436,0.9260846973239802,0.012789995174672854,0.9210686095931998,
pendigits,gradient descent,109,12,0.011733984606918262,0.9289425824889582,0.012283447138498693,0.9259259259259259,
pendigits,gradient descent,109,13,0.011217837507036464,0.9308911405559885,0.011800289790927197,0.9265330904675168,
pendigits,gradient descent,109,14,0.010895805774028622,0.9324499870096129,0.011453955999752179,0.928354584092289,
pendigits,gradient descent,109,15,0.010398306182061277,0.9354377760457262,0.010927825745191237,0.9338190649666059,
pendigits,gradient descent,109,16,0.01001818830816487,0.9368667186282151,0.01048485708919362,0.9350333940497875,
pendigits,gradient descent,109,17,0.009716485682037094,0.9381657573395688,0.010244736066197621,0.9356405585913783,
pendigits,gradient descent,109,18,0.009421241381611212,0.9390750844375162,0.009928666059453362,0.936247723132969,
pendigits,gradient descent,109,19,0.009157429244467087,0.9405040270200052,0.009680467215147046,0.9380692167577414,
pendigits,gradient descent,109,20,0.008937785645803335,0.941153546375682,0.009420732430432429,0.9374620522161505,
pendigits,gradient descent,109,21,0.008787071512359643,0.9419329696024942,0.009273649296255732,0.9386763812993322,
pendigits,gradient descent,109,22,0.00865817789456266,0.9420628734736295,0.009183883356893704,0.9392835458409229,
pendigits,gradient descent,109,23,0.00845973102923192,0.9428422967004416,0.00898855030575777,0.9392835458409229,
pendigits,gradient descent,109,24,0.008302307282002598,0.9428422967004416,0.008802540472835088,0.9404978749241044,
pendigits,gradient descent,109,25,0.00818530628789666,0.9438815276695246,0.008694258837698447,0.9423193685488768,
pendigits,gradient descent,109,26,0.008083753223137943,0.944790854767472,0.008585842995472541,0.941712204007286,
pendigits,gradient descent,109,27,0.008030295559334408,0.9436217199272539,0.00852581172346445,0.9423193685488768,
pendigits,gradient descent,109,28,0.007894284360085232,0.942972200571577,0.00835833789174559,0.9398907103825137,
pendigits,gradient descent,109,29,0.007747085623615406,0.9446609508963367,0.008236251123222436,0.9423193685488768,
pendigits,gradient descent,109,30,0.007675344323728966,0.944790854767472,0.008163021343987038,0.941712204007286,
pendigits,gradient descent,109,31,0.007680363923795498,0.9454403741231489,0.008174224225720051,0.9423193685488768,
pendigits,gradient descent,109,32,0.00752369601352708,0.9451805663808781,0.00801333483019327,0.9429265330904675,
pendigits,gradient descent,109,33,0.007459657205493634,0.9469992205767732,0.007945477888603796,0.944140862173649,
pendigits,gradient descent,109,34,0.007364733237182717,0.9463497012210964,0.007853649824804907,0.944140862173649,
pendigits,gradient descent,109,35,0.007296249493253139,0.9463497012210964,0.007745041972032701,0.9447480267152398,
pendigits,gradient descent,109,36,0.007222239360958385,0.947259028319044,0.007705958503957906,0.9447480267152398,
pendigits,gradient descent,109,37,0.007183860971554389,0.9468693167056378,0.007626002914517797,0.9453551912568307,
pendigits,gradient descent,109,38,0.007179501468771968,0.9469992205767732,0.007626191203893452,0.944140862173649,
pendigits,gradient descent,109,39,0.007035988456149832,0.9477786438035853,0.0075153110568849735,0.9453551912568307,
pendigits,gradient descent,109,40,0.007004556785023856,0.9475188360613146,0.007474099979633461,0.9459623557984214,
pendigits,gradient descent,109,41,0.006977236386580343,0.94764873993245,0.00743792574972092,0.9459623557984214,
pendigits,gradient descent,109,42,0.006885114216249424,0.9486879709015329,0.00737064291434037,0.9465695203400122,
pendigits,gradient descent,109,43,0.006851547371169551,0.9480384515458561,0.007309941903715188,0.9459623557984214,
pendigits,gradient descent,109,44,0.006789735013164396,0.9488178747726682,0.007261442737542989,0.9465695203400122,
pendigits,gradient descent,109,45,0.006753024439851941,0.9488178747726682,0.00723140533231128,0.9459623557984214,
pendigits,gradient descent,109,46,0.00669736446477518,0.9493374902572097,0.007193898374127844,0.9471766848816029,
pendigits,gradient descent,109,47,0.006662779730913882,0.949077682514939,0.007120321941324945,0.9477838494231937,
pendigits,gradient descent,109,48,0.006620518614616913,0.949467394128345,0.007093725692323304,0.9477838494231937,
pendigits,gradient descent,109,49,0.006569825896647652,0.9497272018706158,0.00706970408604648,0.9471766848816029,
pendigits,gradient descent,109,50,0.006536320686295742,0.9499870096128865,0.007008783678109609,0.9471766848816029,
pendigits,gradient descent,109,51,0.00651486190284085,0.9497272018706158,0.007002961331786231,0.9477838494231937,
pendigits,gradient descent,109,52,0.006515263256236056,0.9499870096128865,0.007043423028446327,0.9471766848816029,
pendigits,gradient descent,109,53,0.006424756616998992,0.9503767212262926,0.006929565217000548,0.9471766848816029,
pendigits,gradient descent,109,54,0.006505488562073251,0.9497272018706158,0.007011374598478008,0.9477838494231937,
pendigits,gradient descent,109,55,0.006376779019708731,0.9507664328396986,0.006866678791790577,0.9483910139647844,
pendigits,gradient descent,109,56,0.006325958840028237,0.9503767212262926,0.006817236275564648,0.9502125075895568,
pendigits,gradient descent,109,57,0.0063727654683854666,0.9501169134840218,0.006861045435019059,0.9489981785063752,
pendigits,gradient descent,109,58,0.006269024040371903,0.9507664328396986,0.006758132213663,0.949605343047966,
pendigits,gradient descent,109,59,0.006242459439124664,0.9506365289685632,0.006746571778673863,0.949605343047966,
pendigits,gradient descent,109,60,0.006205335752264118,0.9510262405819694,0.006699211439684906,0.9508196721311475,
pendigits,gradient descent,109,61,0.006174081312716532,0.95128604832424,0.0066653411607064455,0.9508196721311475,
pendigits,gradient descent,109,62,0.006142667872580865,0.9515458560665108,0.006649426449103401,0.9502125075895568,
pendigits,gradient descent,109,63,0.006118721690183359,0.9520654715510523,0.006612444161225477,0.9514268366727383,
pendigits,gradient descent,109,64,0.0060941882884394715,0.9527149909067291,0.006611441226877252,0.9514268366727383,
pendigits,gradient descent,109,65,0.0060239703272995365,0.9534944141335412,0.0065368712052685535,0.9532483302975107,
pendigits,gradient descent,109,66,0.005982944556859884,0.9534944141335412,0.0065238808119728545,0.9514268366727383,
pendigits,gradient descent,109,67,0.005947891391954434,0.9534944141335412,0.006506657708601167,0.9514268366727383,
pendigits,gradient descent,109,68,0.0059300379087676705,0.9533645102624059,0.0064665634225346495,0.9514268366727383,
pendigits,gradient descent,109,69,0.005875784773386685,0.9536243180046765,0.00642262185521348,0.9520340012143291,
pendigits,gradient descent,109,70,0.005855793822167515,0.9538841257469473,0.006393678142880859,0.9520340012143291,
pendigits,gradient descent,109,71,0.005823949865717987,0.954143933489218,0.006389093318307497,0.9526411657559198,
pendigits,gradient descent,109,72,0.0058015106120298,0.9544037412314887,0.006353659317610748,0.9532483302975107,
pendigits,gradient descent,109,73,0.005773286507466619,0.9544037412314887,0.006355008836234555,0.9520340012143291,
pendigits,gradient descent,109,74,0.005755086547806131,0.9544037412314887,0.0063366315841089284,0.9520340012143291,
pendigits,gradient descent,109,75,0.005722352285495491,0.9549233567160301,0.006319812328067534,0.9532483302975107,
pendigits,gradient descent,110,1,0.0397564051378713,0.8199532346063912,0.03981368874221808,0.8105646630236795,
pendigits,gradient descent,110,2,0.026220508279454668,0.8704858404780462,0.026646266466523117,0.8579234972677595,
pendigits,gradient descent,110,3,0.02181693209279043,0.8819173811379579,0.02230878504434562,0.8749241044323012,
pendigits,gradient descent,110,4,0.019040025423103315,0.8933489217978696,0.019697623130316155,0.8870673952641166,
pendigits,gradient descent,110,5,0.017135583029232886,0.9020524811639387,0.017740222709144948,0.9004250151791136,
pendigits,gradient descent,110,6,0.01578457876296074,0.9088074824629774,0.01645128804388426,0.9058894960534305,
pendigits,gradient descent,110,7,0.014781046894071028,0.9093270979475189,0.01537989216592862,0.9089253187613844,
pendigits,gradient descent,110,8,0.013816413332378307,0.9158222915042868,0.014506455133604875,0.912568306010929,
pendigits,gradient descent,110,9,0.0130781549076032,0.9191997921538062,0.013741185840739866,0.9174256223436551,
pendigits,gradient descent,110,10,0.012666682694160778,0.9227071966744609,0.013310422488397356,0.9186399514268366,
pendigits,gradient descent,110,11,0.011912502928328132,0.9259547934528449,0.012654650872634515,0.9265330904675168,
pendigits,gradient descent,110,12,0.011340465993327453,0.9306313328137179,0.012011117507279272,0.9289617486338798,
pendigits,gradient descent,110,13,0.010916636669095738,0.9330995063652897,0.011568572520931648,0.9295689131754705,
pendigits,gradient descent,110,14,0.010506222744216785,0.9333593141075605,0.011093693620287375,0.9301760777170613,
pendigits,gradient descent,110,15,0.010187130537045595,0.9351779683034555,0.01081197787780855,0.9313904068002429,
pendigits,gradient descent,110,16,0.009834141580225638,0.936087295401403,0.010455901919553187,0.9338190649666059,
pendigits,gradient descent,110,17,0.009582391305609303,0.937905949597298,0.010174981978647404,0.936247723132969,
pendigits,gradient descent,110,18,0.0094006373141418,0.9372564302416212,0.009962773005996683,0.9344262295081968,
pendigits,gradient descent,110,19,0.009124915283219407,0.9389451805663809,0.009733147256083714,0.9350333940497875,
pendigits,gradient descent,110,20,0.009003950475043364,0.9392049883086516,0.009573896261878927,0.9368548876745598,
pendigits,gradient descent,110,21,0.008897390256023773,0.939724603793193,0.009447309763992424,0.936247723132969,
pendigits,gradient descent,110,22,0.008704576530888866,0.941153546375682,0.009318818380415712,0.9380692167577414,
pendigits,gradient descent,110,23,0.008519158497358783,0.941153546375682,0.009150244033464653,0.9398907103825137,
pendigits,gradient descent,110,24,0.008367835394144233,0.9416731618602234,0.008937056762027357,0.9404978749241044,
pendigits,gradient descent,110,25,0.00823976757632529,0.9416731618602234,0.008817018167302109,0.9404978749241044,
pendigits,gradient descent,110,26,0.00822012161846939,0.9424525850870356,0.008742366065541398,0.941712204007286,
pendigits,gradient descent,110,27,0.00804304374491821,0.9428422967004416,0.008589689706264008,0.9404978749241044,
pendigits,gradient descent,110,28,0.007948248833081175,0.9428422967004416,0.008501564574479023,0.9411050394656952,
pendigits,gradient descent,110,29,0.007899372734487485,0.9431021044427124,0.008467187805388783,0.941712204007286,
pendigits,gradient descent,110,30,0.007800289586352528,0.9437516237983892,0.008354646979840962,0.9423193685488768,
pendigits,gradient descent,110,31,0.007678549516537097,0.9441413354117952,0.008234750116787969,0.9423193685488768,
pendigits,gradient descent,110,32,0.007630148760986162,0.944401143154066,0.00820003318473251,0.9423193685488768,
pendigits,gradient descent,110,33,0.007531652438537443,0.944790854767472,0.00808391746369812,0.9429265330904675,
pendigits,gradient descent,110,34,0.007445291347801585,0.9454403741231489,0.0079824557775185,0.9429265330904675,
pendigits,gradient descent,110,35,0.007389277980905756,0.9455702779942843,0.0079388376971759,0.9435336976320583,
pendigits,gradient descent,110,36,0.00731416407732531,0.9464796050922317,0.007899684791546513,0.9435336976320583,
pendigits,gradient descent,110,37,0.007285666885437059,0.9464796050922317,0.007907340555116079,0.9423193685488768,
pendigits,gradient descent,110,38,0.007179984568571895,0.9467394128345025,0.0077453255396483815,0.944140862173649,
pendigits,gradient descent,110,39,0.00716483878132276,0.9467394128345025,0.007775220563782299,0.9429265330904675,
pendigits,gradient descent,110,40,0.007111506858972297,0.9464796050922317,0.007678629401749435,0.9429265330904675,
pendigits,gradient descent,110,41,0.007024580094214821,0.9471291244479085,0.007597960960742961,0.944140862173649,
pendigits,gradient descent,110,42,0.0069681685891521674,0.94764873993245,0.007545441581500914,0.944140862173649,
pendigits,gradient descent,110,43,0.006919025882772856,0.9482982592881268,0.007486518944276476,0.944140862173649,
pendigits,gradient descent,110,44,0.006881259125791095,0.9477786438035853,0.00747205314223457,0.9447480267152398,
pendigits,gradient descent,110,45,0.006837895551391163,0.9485580670303975,0.007402890704449571,0.9453551912568307,
pendigits,gradient descent,110,46,0.006795036603046514,0.9480384515458561,0.007361802894549994,0.944140862173649,
pendigits,gradient descent,110,47,0.006742620880871549,0.9484281631592621,0.007315471184818573,0.9459623557984214,
pendigits,gradient descent,110,48,0.006760723938074752,0.9480384515458561,0.007333182848978695,0.9447480267152398,
pendigits,gradient descent,110,49,0.006675706264102536,0.9485580670303975,0.007254626400722365,0.9453551912568307,
pendigits,gradient descent,110,50,0.006635091796140717,0.9485580670303975,0.007187659332750529,0.9459623557984214,
pendigits,gradient descent,110,51,0.006582647098621777,0.9489477786438035,0.0071594712139185,0.9465695203400122,
pendigits,gradient descent,110,52,0.006544114183489951,0.9495972979994803,0.0071318064277422644,0.9459623557984214,
pendigits,gradient descent,110,53,0.0065360264109732774,0.949467394128345,0.00713219965925417,0.9459623557984214,
pendigits,gradient descent,110,54,0.00651256656122222,0.949077682514939,0.007074963392525903,0.9459623557984214,
pendigits,gradient descent,110,55,0.006464971135957855,0.9497272018706158,0.007074491289723855,0.9459623557984214,
pendigits,gradient descent,110,56,0.00640463048986941,0.9499870096128865,0.0069882929276812115,0.9471766848816029,
pendigits,gradient descent,110,57,0.006386940343190394,0.9498571057417511,0.006972977062751312,0.9465695203400122,
pendigits,gradient descent,110,58,0.006343557989572475,0.9507664328396986,0.006944517205956207,0.9465695203400122,
pendigits,gradient descent,110,59,0.0063250534240817564,0.9506365289685632,0.006916929650791993,0.9465695203400122,
pendigits,gradient descent,110,60,0.006288047794647708,0.9514159521953754,0.006879040645443761,0.9477838494231937,
pendigits,gradient descent,110,61,0.006244424915481342,0.9514159521953754,0.006861205139425535,0.9465695203400122,
pendigits,gradient descent,110,62,0.006204797051227032,0.9519355676799168,0.006837619359417496,0.9471766848816029,
pendigits,gradient descent,110,63,0.006167506162387777,0.9520654715510523,0.006824202194253073,0.9471766848816029,
pendigits,gradient descent,110,64,0.006133881678128348,0.9521953754221876,0.00679448983563144,0.9477838494231937,
pendigits,gradient descent,110,65,0.00610539066427928,0.9524551831644583,0.00682263086572855,0.9471766848816029,
pendigits,gradient descent,110,66,0.006074043826245162,0.9523252792933229,0.006742505062957543,0.9483910139647844,
pendigits,gradient descent,110,67,0.006027170434261759,0.9528448947778644,0.006745738225148208,0.9477838494231937,
pendigits,gradient descent,110,68,0.005991366854421606,0.9533645102624059,0.006726748609445889,0.9477838494231937,
pendigits,gradient descent,110,69,0.005963834067774738,0.9533645102624059,0.006709612163662566,0.9477838494231937,
pendigits,gradient descent,110,70,0.005938549750580735,0.9533645102624059,0.006698195716952212,0.9483910139647844,
pendigits,gradient descent,110,71,0.005904992046988997,0.9533645102624059,0.006678413024329884,0.9483910139647844,
pendigits,gradient descent,110,72,0.00589640533367024,0.9533645102624059,0.00667629553091325,0.9483910139647844,
pendigits,gradient descent,110,73,0.005860551671863715,0.9533645102624059,0.006648053466697028,0.9483910139647844,
pendigits,gradient descent,110,74,0.005832454261898982,0.9536243180046765,0.006618859318119967,0.9489981785063752,
pendigits,gradient descent,110,75,0.00583389210867248,0.9533645102624059,0.006626700719735613,0.9483910139647844,
pendigits,gradient descent,111,1,0.041847807381730925,0.8361912184983112,0.041931407441786354,0.8263509411050395,
pendigits,gradient descent,111,2,0.027244742665811342,0.8656793972460379,0.027679496868550625,0.8506375227686703,
pendigits,gradient descent,111,3,0.02257413978699151,0.882307092751364,0.02298062142827313,0.8664238008500303,
pendigits,gradient descent,111,4,0.01957155630285762,0.8899714211483503,0.020124214164987362,0.8858530661809351,
pendigits,gradient descent,111,5,0.01770071536898629,0.9002338269680437,0.018216409284945164,0.896782027929569,
pendigits,gradient descent,111,6,0.016318641429808378,0.9060795011691348,0.017010922882759717,0.9016393442622951,
pendigits,gradient descent,111,7,0.015500342842484954,0.9051701740711873,0.01623620253940835,0.9040680024286581,
pendigits,gradient descent,111,8,0.014309339210111183,0.9140036373083917,0.01501429259670623,0.9113539769277474,
pendigits,gradient descent,111,9,0.013548457459633064,0.9199792153806183,0.01432416307815059,0.9119611414693382,
pendigits,gradient descent,111,10,0.012854998051016612,0.9232268121590024,0.01364620394752666,0.9192471159684275,
pendigits,gradient descent,111,11,0.012190014851506906,0.9280332553910107,0.012911331044680653,0.922890103217972,
pendigits,gradient descent,111,12,0.011623292815699843,0.9319303715250714,0.012445643459455239,0.9277474195506983,
pendigits,gradient descent,111,13,0.011231031763875054,0.9351779683034555,0.011885980837898512,0.9295689131754705,
pendigits,gradient descent,111,14,0.010728732651515954,0.9342686412055079,0.011424362618312263,0.928354584092289,
pendigits,gradient descent,111,15,0.01023185889045995,0.9371265263704859,0.010981627070028428,0.9332119004250152,
pendigits,gradient descent,111,16,0.010016682147395164,0.9366069108859444,0.01073240382031189,0.9344262295081968,
pendigits,gradient descent,111,17,0.009650265939593611,0.9385554689529748,0.010417333314143995,0.9350333940497875,
pendigits,gradient descent,111,18,0.009436681556630529,0.9389451805663809,0.010149814178974792,0.936247723132969,
pendigits,gradient descent,111,19,0.009220997999790146,0.9401143154065991,0.009951523801521431,0.9386763812993322,
pendigits,gradient descent,111,20,0.00898901706659692,0.9406339308911406,0.009726438154949321,0.9392835458409229,
pendigits,gradient descent,111,21,0.008808409643994855,0.9407638347622759,0.009488140311220333,0.9380692167577414,
pendigits,gradient descent,111,22,0.008666866410531129,0.9414133541179527,0.009402691172850107,0.9386763812993322,
pendigits,gradient descent,111,23,0.008503126499790395,0.942582488958171,0.009223660375312892,0.9398907103825137,
pendigits,gradient descent,111,24,0.008348917262123806,0.942972200571577,0.009058489015733764,0.9411050394656952,
pendigits,gradient descent,111,25,0.008203796445615358,0.942972200571577,0.008925538033981087,0.941712204007286,
pendigits,gradient descent,111,26,0.00810864725686332,0.9437516237983892,0.008841778934056842,0.941712204007286,
pendigits,gradient descent,111,27,0.00799260114812955,0.9438815276695246,0.008680863621368192,0.9423193685488768,
pendigits,gradient descent,111,28,0.007898463913113727,0.9438815276695246,0.008576437398852124,0.9404978749241044,
pendigits,gradient descent,111,29,0.007792829116542803,0.944790854767472,0.008487527194616618,0.9423193685488768,
pendigits,gradient descent,111,30,0.0077133275930908385,0.9457001818654196,0.008408393530653665,0.9423193685488768,
pendigits,gradient descent,111,31,0.007628428168939793,0.9457001818654196,0.008289769720807286,0.9423193685488768,
pendigits,gradient descent,111,32,0.007549912333680962,0.944790854767472,0.008224712725511958,0.944140862173649,
pendigits,gradient descent,111,33,0.007478965640775328,0.9453104702520135,0.008137955756532127,0.944140862173649,
pendigits,gradient descent,111,34,0.007459287105941295,0.9463497012210964,0.008146856018599647,0.9429265330904675,
pendigits,gradient descent,111,35,0.007354033012664056,0.9463497012210964,0.007976405658755627,0.944140862173649,
pendigits,gradient descent,111,36,0.007267967620676526,0.9477786438035853,0.007928864868250604,0.944140862173649,
pendigits,gradient descent,111,37,0.007207227160657331,0.9479085476747207,0.007866367076834246,0.9435336976320583,
pendigits,gradient descent,111,38,0.007154117084951064,0.9473889321901793,0.007787167070487861,0.944140862173649,
pendigits,gradient descent,111,39,0.007089353362925915,0.94764873993245,0.0077208388133620225,0.9453551912568307,
pendigits,gradient descent,111,40,0.007040756026264931,0.9480384515458561,0.007673169391064564,0.9453551912568307,
pendigits,gradient descent,111,41,0.006997350403174105,0.9481683554169914,0.00762984129677367,0.9453551912568307,
pendigits,gradient descent,111,42,0.006947609957856034,0.9482982592881268,0.007575762247180505,0.9447480267152398,
pendigits,gradient descent,111,43,0.006883765689974674,0.9485580670303975,0.0075059285219291165,0.9453551912568307,
pendigits,gradient descent,111,44,0.006854137596975776,0.9486879709015329,0.0074770774568560655,0.9453551912568307,
pendigits,gradient descent,111,45,0.006816804823077763,0.9489477786438035,0.0074365803873719565,0.9453551912568307,
pendigits,gradient descent,111,46,0.006747020609788031,0.949077682514939,0.007377899045000309,0.9447480267152398,
pendigits,gradient descent,111,47,0.00670053110751399,0.9492075863860743,0.00731750298670303,0.9459623557984214,
pendigits,gradient descent,111,48,0.00665712073281592,0.9498571057417511,0.007267071976010756,0.9453551912568307,
pendigits,gradient descent,111,49,0.006625081497061922,0.9505066250974279,0.00725623516706155,0.9453551912568307,
pendigits,gradient descent,111,50,0.006562613885401424,0.9507664328396986,0.007203865908440611,0.9465695203400122,
pendigits,gradient descent,111,51,0.006516070950916362,0.9505066250974279,0.007144442906267429,0.9459623557984214,
pendigits,gradient descent,111,52,0.006490105499844977,0.9510262405819694,0.0071053756613857705,0.9459623557984214,
pendigits,gradient descent,111,53,0.006498070206257943,0.9510262405819694,0.007122956827686907,0.9465695203400122,
pendigits,gradient descent,111,54,0.006384405496393124,0.9516757599376462,0.007033134225872877,0.9465695203400122,
pendigits,gradient descent,111,55,0.0063446967878418945,0.9516757599376462,0.007007862189616858,0.9465695203400122,
pendigits,gradient descent,111,56,0.006317551656164312,0.9511561444531047,0.007008605309010431,0.9471766848816029,
pendigits,gradient descent,111,57,0.006272773492564194,0.9519355676799168,0.006945823278452869,0.9477838494231937,
pendigits,gradient descent,111,58,0.006262963146761452,0.9518056638087815,0.006976869132713503,0.9459623557984214,
pendigits,gradient descent,111,59,0.006192680908044384,0.9525850870355936,0.006928693110063489,0.9477838494231937,
pendigits,gradient descent,111,60,0.0061528394331316905,0.9524551831644583,0.00686376075352138,0.9483910139647844,
pendigits,gradient descent,111,61,0.0061162559504917115,0.9532346063912704,0.006833044880556631,0.9489981785063752,
pendigits,gradient descent,111,62,0.006088699140594705,0.9531047025201351,0.006855962546195425,0.9477838494231937,
pendigits,gradient descent,111,63,0.006045059128661765,0.9531047025201351,0.006774590287665752,0.9483910139647844,
pendigits,gradient descent,111,64,0.006013495800154169,0.9534944141335412,0.0067674109146835856,0.9489981785063752,
pendigits,gradient descent,111,65,0.005982366680927978,0.9533645102624059,0.006740368044864912,0.9483910139647844,
pendigits,gradient descent,111,66,0.005970068940691542,0.9531047025201351,0.006713921171324186,0.949605343047966,
pendigits,gradient descent,111,67,0.005938457216108485,0.9536243180046765,0.006694634667907852,0.949605343047966,
pendigits,gradient descent,111,68,0.005916944441950958,0.9537542218758119,0.006683192283309744,0.9483910139647844,
pendigits,gradient descent,111,69,0.006008858880124731,0.9534944141335412,0.006861925087552668,0.9453551912568307,
pendigits,gradient descent,111,70,0.005885611563011183,0.9531047025201351,0.006699674439055501,0.9483910139647844,
pendigits,gradient descent,111,71,0.0058355982660426384,0.9537542218758119,0.00663597890741433,0.9477838494231937,
pendigits,gradient descent,111,72,0.0058304137883581535,0.9534944141335412,0.00667365912679851,0.9471766848816029,
pendigits,gradient descent,111,73,0.005808228379570345,0.9538841257469473,0.006593191985391247,0.9489981785063752,
pendigits,gradient descent,111,74,0.005776259335672733,0.9540140296180826,0.006596476786388593,0.9465695203400122,
pendigits,gradient descent,111,75,0.0057533696390767095,0.9536243180046765,0.006580770651463204,0.9471766848816029,
pendigits,gradient descent,112,1,0.03990007947886436,0.8306053520394908,0.03997661113790455,0.8214936247723132,
pendigits,gradient descent,112,2,0.026409858348653118,0.8732138217718888,0.026629289123439787,0.8585306618093503,
pendigits,gradient descent,112,3,0.022045420928384324,0.8817874772668226,0.022305715463962168,0.8755312689738919,
pendigits,gradient descent,112,4,0.01984330139293812,0.892049883086516,0.019916523681773504,0.891317547055252,
pendigits,gradient descent,112,5,0.017451603744120723,0.8993244998700961,0.017945054681651244,0.8949605343047966,
pendigits,gradient descent,112,6,0.015896647927569653,0.9059495972979995,0.01634407427578093,0.9058894960534305,
pendigits,gradient descent,112,7,0.014899493329930909,0.9098467134320603,0.015280410617638716,0.9095324833029751,
pendigits,gradient descent,112,8,0.014015986136897042,0.9163419069888282,0.014447802697781353,0.912568306010929,
pendigits,gradient descent,112,9,0.013278120385797844,0.9189399844115355,0.013826105443844224,0.9174256223436551,
pendigits,gradient descent,112,10,0.012702391252146727,0.9224473889321901,0.01320660333116179,0.922890103217972,
pendigits,gradient descent,112,11,0.012216284450519503,0.9241361392569498,0.012698657124319985,0.9210686095931998,
pendigits,gradient descent,112,12,0.011597679766539524,0.9289425824889582,0.012195733225793783,0.9271402550091075,
pendigits,gradient descent,112,13,0.011312107648694251,0.9279033515198752,0.011890747758530827,0.9259259259259259,
pendigits,gradient descent,112,14,0.010793468768444572,0.9320602753962068,0.01135648873529524,0.9344262295081968,
pendigits,gradient descent,112,15,0.010413836524346359,0.9336191218498311,0.010943906675160108,0.936247723132969,
pendigits,gradient descent,112,16,0.010081596628423194,0.9363471031436736,0.010524011356327526,0.9380692167577414,
pendigits,gradient descent,112,17,0.00981750214976105,0.9382956612107041,0.010425797267727013,0.936247723132969,
pendigits,gradient descent,112,18,0.009443374267968473,0.9388152766952456,0.009918212140049476,0.9368548876745598,
pendigits,gradient descent,112,19,0.009194197479719066,0.939724603793193,0.00970792052100119,0.9386763812993322,
pendigits,gradient descent,112,20,0.008987238404876455,0.9410236425045466,0.00951318404566475,0.9386763812993322,
pendigits,gradient descent,112,21,0.008907966712543597,0.9403741231488698,0.009388363340900518,0.9386763812993322,
pendigits,gradient descent,112,22,0.008641470642237498,0.9418030657313587,0.00913172201779191,0.9392835458409229,
pendigits,gradient descent,112,23,0.00847996706983612,0.9419329696024942,0.00897408030074024,0.9386763812993322,
pendigits,gradient descent,112,24,0.0083158330318331,0.9427123928293063,0.008843988846331679,0.9404978749241044,
pendigits,gradient descent,112,25,0.008204814604943517,0.9436217199272539,0.00873700201811999,0.9404978749241044,
pendigits,gradient descent,112,26,0.008096275120874909,0.9437516237983892,0.00858907918800577,0.9411050394656952,
pendigits,gradient descent,112,27,0.007997416293319654,0.9446609508963367,0.008554038637754455,0.941712204007286,
pendigits,gradient descent,112,28,0.007873061018299888,0.9442712392829307,0.008368569045410248,0.9423193685488768,
pendigits,gradient descent,112,29,0.00775204964487095,0.944790854767472,0.008292342176715376,0.9423193685488768,
pendigits,gradient descent,112,30,0.007684617772729633,0.9453104702520135,0.008264571628552968,0.9429265330904675,
pendigits,gradient descent,112,31,0.007595458812404195,0.9454403741231489,0.008129103662697666,0.9423193685488768,
pendigits,gradient descent,112,32,0.007512829296204989,0.9457001818654196,0.00806082120051292,0.9435336976320583,
pendigits,gradient descent,112,33,0.007445526888440831,0.9453104702520135,0.00798091713836574,0.944140862173649,
pendigits,gradient descent,112,34,0.007382402940475497,0.9459599896076903,0.007927429625239155,0.9435336976320583,
pendigits,gradient descent,112,35,0.007342935183484986,0.946219797349961,0.007892041791222887,0.9435336976320583,
pendigits,gradient descent,112,36,0.007231229156352509,0.9469992205767732,0.007758152746163369,0.944140862173649,
pendigits,gradient descent,112,37,0.007183558212693603,0.946219797349961,0.0077096119802779455,0.9447480267152398,
pendigits,gradient descent,112,38,0.007116614732333948,0.9469992205767732,0.00765487525255407,0.9447480267152398,
pendigits,gradient descent,112,39,0.007062439612896654,0.9467394128345025,0.007612714758157597,0.9447480267152398,
pendigits,gradient descent,112,40,0.007006763624261869,0.94764873993245,0.007537543352117052,0.9447480267152398,
pendigits,gradient descent,112,41,0.006999925686369548,0.9469992205767732,0.007546914034292306,0.9453551912568307,
pendigits,gradient descent,112,42,0.006928045478600716,0.9481683554169914,0.007459802329229071,0.9459623557984214,
pendigits,gradient descent,112,43,0.006868659264640408,0.9482982592881268,0.00742358188116096,0.9447480267152398,
pendigits,gradient descent,112,44,0.006832256800709119,0.9481683554169914,0.007373278963908782,0.9453551912568307,
pendigits,gradient descent,112,45,0.006787752980668619,0.9485580670303975,0.007363407860608503,0.9459623557984214,
pendigits,gradient descent,112,46,0.006855906577624401,0.9480384515458561,0.007374483530366187,0.9447480267152398,
pendigits,gradient descent,112,47,0.006704133112970008,0.9493374902572097,0.0072565840064698845,0.9471766848816029,
pendigits,gradient descent,112,48,0.006666034953331653,0.9492075863860743,0.007219538598065641,0.9465695203400122,
pendigits,gradient descent,112,49,0.006636147547538951,0.9493374902572097,0.007187339854436981,0.9465695203400122,
pendigits,gradient descent,112,50,0.006593499603339457,0.9492075863860743,0.007139218065390208,0.9471766848816029,
pendigits,gradient descent,112,51,0.006562938352759299,0.9493374902572097,0.007109246791475035,0.9471766848816029,
pendigits,gradient descent,112,52,0.006524681496797604,0.949467394128345,0.007087001567177952,0.9465695203400122,
pendigits,gradient descent,112,53,0.00650493105228226,0.9492075863860743,0.007079655738429248,0.9465695203400122,
pendigits,gradient descent,112,54,0.006470303395230993,0.9493374902572097,0.007020871960320002,0.9471766848816029,
pendigits,gradient descent,112,55,0.0064607014276028,0.9493374902572097,0.007023854763809115,0.9471766848816029,
pendigits,gradient descent,112,56,0.006409437678235355,0.9495972979994803,0.006966155284202237,0.9465695203400122,
pendigits,gradient descent,112,57,0.006377185711396353,0.9497272018706158,0.006941295550269842,0.9471766848816029,
pendigits,gradient descent,112,58,0.0063755864512586545,0.9498571057417511,0.006950416738923362,0.9477838494231937,
pendigits,gradient descent,112,59,0.0063445514262665155,0.9505066250974279,0.006905007294637024,0.9471766848816029,
pendigits,gradient descent,112,60,0.006302826932309283,0.9505066250974279,0.006850956637627434,0.9471766848816029,
pendigits,gradient descent,112,61,0.006277559207454634,0.9506365289685632,0.006840859553926623,0.9465695203400122,
pendigits,gradient descent,112,62,0.006261069884024505,0.9507664328396986,0.0068383828265965235,0.9471766848816029,
pendigits,gradient descent,112,63,0.006225414067636046,0.9511561444531047,0.006794902133902227,0.9471766848816029,
pendigits,gradient descent,112,64,0.006246819728409535,0.9505066250974279,0.006788761057824119,0.9477838494231937,
pendigits,gradient descent,112,65,0.006177836127536262,0.95128604832424,0.006732355097127754,0.9471766848816029,
pendigits,gradient descent,112,66,0.006172762498063175,0.9510262405819694,0.006762005976656163,0.9477838494231937,
pendigits,gradient descent,112,67,0.006137095692706041,0.95128604832424,0.0067080217210863675,0.9477838494231937,
pendigits,gradient descent,112,68,0.006114605965796157,0.9510262405819694,0.006697001748954004,0.9489981785063752,
pendigits,gradient descent,112,69,0.006108372971476752,0.950896336710834,0.006681651152918932,0.9483910139647844,
pendigits,gradient descent,112,70,0.006077167895713761,0.95128604832424,0.006669454634131967,0.9483910139647844,
pendigits,gradient descent,112,71,0.006069266294037521,0.9511561444531047,0.006643949249797673,0.9489981785063752,
pendigits,gradient descent,112,72,0.0060326894731875125,0.9516757599376462,0.006616809358908799,0.9483910139647844,
pendigits,gradient descent,112,73,0.006026050414430539,0.9514159521953754,0.006625003083078085,0.9477838494231937,
pendigits,gradient descent,112,74,0.00600170948026175,0.9514159521953754,0.006592649376930081,0.9483910139647844,
pendigits,gradient descent,112,75,0.005982229512449215,0.9518056638087815,0.0065822216744419295,0.9483910139647844,
pendigits,gradient descent,113,1,0.04056885422700298,0.8487918939984411,0.04059251326086739,0.8403157255616271,
pendigits,gradient descent,113,2,0.026986525876315455,0.8741231488698363,0.02743958840655118,0.8639951426836673,
pendigits,gradient descent,113,3,0.02165404320567972,0.888802286308132,0.022174746249139333,0.8785670916818458,
pendigits,gradient descent,113,4,0.018977458783701176,0.896726422447389,0.019473567119710863,0.891317547055252,
pendigits,gradient descent,113,5,0.017260084582815857,0.9046505585866459,0.017816809347734025,0.9004250151791136,
pendigits,gradient descent,113,6,0.015901786986204855,0.9059495972979995,0.01653310230026858,0.9034608378870674,
pendigits,gradient descent,113,7,0.014507255027153273,0.913354117952715,0.015083558637056207,0.9113539769277474,
pendigits,gradient descent,113,8,0.013614393295409059,0.9179007534424526,0.014232328936738233,0.914996964177292,
pendigits,gradient descent,113,9,0.013015330654309232,0.9197194076383476,0.013691822999521295,0.9180327868852459,
pendigits,gradient descent,113,10,0.012340368389394847,0.9240062353858145,0.013023333421303433,0.9210686095931998,
pendigits,gradient descent,113,11,0.01177242476555365,0.9277734476487399,0.012386110000888179,0.9253187613843351,
pendigits,gradient descent,113,12,0.011299544532929877,0.9308911405559885,0.011901649470842693,0.9301760777170613,
pendigits,gradient descent,113,13,0.010898317118671926,0.9323200831384775,0.011489838587317685,0.9301760777170613,
pendigits,gradient descent,113,14,0.010464410953145964,0.9356975837879968,0.011108258554060833,0.9350333940497875,
pendigits,gradient descent,113,15,0.01011601944148706,0.9367368147570798,0.010673023111221492,0.936247723132969,
pendigits,gradient descent,113,16,0.009674154474491211,0.9384255650818394,0.010174501273493045,0.9356405585913783,
pendigits,gradient descent,113,17,0.009415769895513102,0.9403741231488698,0.009947498040510918,0.9380692167577414,
pendigits,gradient descent,113,18,0.009152111593743817,0.9405040270200052,0.009650886718715121,0.9380692167577414,
pendigits,gradient descent,113,19,0.008977928166778459,0.9412834502468174,0.009498528294033729,0.9392835458409229,
pendigits,gradient descent,113,20,0.0088558369835295,0.9401143154065991,0.009440930368139526,0.936247723132969,
pendigits,gradient descent,113,21,0.008590469258218257,0.9414133541179527,0.009152735995832838,0.9392835458409229,
pendigits,gradient descent,113,22,0.00842678233235786,0.942582488958171,0.008989307379547206,0.9404978749241044,
pendigits,gradient descent,113,23,0.008279048909724415,0.9423226812159002,0.008813193847057367,0.9398907103825137,
pendigits,gradient descent,113,24,0.008179034644548059,0.9424525850870356,0.008736996945626994,0.9398907103825137,
pendigits,gradient descent,113,25,0.008051348742687097,0.9437516237983892,0.00858029476387296,0.941712204007286,
pendigits,gradient descent,113,26,0.007961839645018159,0.9437516237983892,0.008526224203447926,0.9404978749241044,
pendigits,gradient descent,113,27,0.00784338800849844,0.9440114315406599,0.008387882928355215,0.941712204007286,
pendigits,gradient descent,113,28,0.007760996157879672,0.9438815276695246,0.008346547523623533,0.941712204007286,
pendigits,gradient descent,113,29,0.007740234184636362,0.9440114315406599,0.008267237996218552,0.9411050394656952,
pendigits,gradient descent,113,30,0.007624705257497868,0.9450506625097428,0.008203545314310343,0.9429265330904675,
pendigits,gradient descent,113,31,0.007527146209266418,0.9446609508963367,0.008043359594766882,0.9429265330904675,
pendigits,gradient descent,113,32,0.0074666869057282885,0.9455702779942843,0.00801646003529488,0.9429265330904675,
pendigits,gradient descent,113,33,0.007381914511756571,0.9451805663808781,0.007948857062653438,0.941712204007286,
pendigits,gradient descent,113,34,0.007303561697073847,0.9460898934788257,0.007848789986200068,0.9435336976320583,
pendigits,gradient descent,113,35,0.007267033316872629,0.946219797349961,0.007850968705912289,0.9423193685488768,
pendigits,gradient descent,113,36,0.007252610003987089,0.9463497012210964,0.00781806796534205,0.9435336976320583,
pendigits,gradient descent,113,37,0.007154602332173019,0.9467394128345025,0.0077227279600253496,0.9435336976320583,
pendigits,gradient descent,113,38,0.007083514518594087,0.9463497012210964,0.007663898121067647,0.944140862173649,
pendigits,gradient descent,113,39,0.007047230109692315,0.9471291244479085,0.007625497542759177,0.944140862173649,
pendigits,gradient descent,113,40,0.00704973926297381,0.9468693167056378,0.007585350140336183,0.9447480267152398,
pendigits,gradient descent,113,41,0.006954758587966635,0.9469992205767732,0.007535902020911083,0.9447480267152398,
pendigits,gradient descent,113,42,0.006924127912691725,0.9464796050922317,0.007477485201041403,0.9453551912568307,
pendigits,gradient descent,113,43,0.006867910972484271,0.947259028319044,0.007448547524003785,0.9465695203400122,
pendigits,gradient descent,113,44,0.006828911822119025,0.94764873993245,0.007402926052749759,0.9465695203400122,
pendigits,gradient descent,113,45,0.006785121029744667,0.94764873993245,0.007355211132271597,0.9465695203400122,
pendigits,gradient descent,113,46,0.006752939391680851,0.9477786438035853,0.007348658967854374,0.9459623557984214,
pendigits,gradient descent,113,47,0.006752948575338538,0.949077682514939,0.00733843715004602,0.9477838494231937,
pendigits,gradient descent,113,48,0.006717211439431038,0.9473889321901793,0.007334040041296966,0.9471766848816029,
pendigits,gradient descent,113,49,0.006646237076130711,0.9489477786438035,0.0072292104024962375,0.9477838494231937,
pendigits,gradient descent,113,50,0.0066159544216537825,0.9489477786438035,0.0072227710838010635,0.9471766848816029,
pendigits,gradient descent,113,51,0.006606732113625661,0.9482982592881268,0.007233122642185684,0.9477838494231937,
pendigits,gradient descent,113,52,0.006642131294251176,0.9482982592881268,0.007283260293674519,0.9465695203400122,
pendigits,gradient descent,113,53,0.0065174716410988055,0.9495972979994803,0.0071206776320268846,0.9471766848816029,
pendigits,gradient descent,113,54,0.006523640582825648,0.9486879709015329,0.0071127271847705635,0.9471766848816029,
pendigits,gradient descent,113,55,0.006458990856038758,0.949467394128345,0.007065617277065871,0.9477838494231937,
pendigits,gradient descent,113,56,0.006451996434721607,0.9497272018706158,0.007076907196602793,0.9465695203400122,
pendigits,gradient descent,113,57,0.006405869988037352,0.9497272018706158,0.0070165070345939605,0.9477838494231937,
pendigits,gradient descent,113,58,0.006482009317206129,0.9486879709015329,0.007081832144249122,0.9465695203400122,
pendigits,gradient descent,113,59,0.006368803181607854,0.9497272018706158,0.007004401567062829,0.9471766848816029,
pendigits,gradient descent,113,60,0.006317330211112725,0.9497272018706158,0.006947192685969653,0.9477838494231937,
pendigits,gradient descent,113,61,0.00632200862996637,0.9501169134840218,0.007000570158074074,0.9477838494231937,
pendigits,gradient descent,113,62,0.006295401876583676,0.9501169134840218,0.006929958748513629,0.9483910139647844,
pendigits,gradient descent,113,63,0.006252007484110612,0.9501169134840218,0.006898926646358034,0.9483910139647844,
pendigits,gradient descent,113,64,0.0062366937444281526,0.9503767212262926,0.006891422007466887,0.9483910139647844,
pendigits,gradient descent,113,65,0.006215821674302625,0.9505066250974279,0.006866908587637941,0.9483910139647844,
pendigits,gradient descent,113,66,0.006175688081757217,0.9505066250974279,0.006838767863155097,0.9489981785063752,
pendigits,gradient descent,113,67,0.006155441224394609,0.9506365289685632,0.006813904588592535,0.949605343047966,
pendigits,gradient descent,113,68,0.006143519765078796,0.9506365289685632,0.006802048277796624,0.949605343047966,
pendigits,gradient descent,113,69,0.006107603075174923,0.9507664328396986,0.006763548010064417,0.949605343047966,
pendigits,gradient descent,113,70,0.00608622551798668,0.9510262405819694,0.006761865303727737,0.949605343047966,
pendigits,gradient descent,113,71,0.006061218105962006,0.9511561444531047,0.006716214161547898,0.949605343047966,
pendigits,gradient descent,113,72,0.006041355002144086,0.95128604832424,0.006720955784019807,0.949605343047966,
pendigits,gradient descent,113,73,0.006020547714868327,0.9514159521953754,0.00671656048425114,0.9489981785063752,
pendigits,gradient descent,113,74,0.00599269121578316,0.9515458560665108,0.006683057081194486,0.949605343047966,
pendigits,gradient descent,113,75,0.00598064942924973,0.9514159521953754,0.006650334947709279,0.9489981785063752,
pendigits,gradient descent,114,1,0.04058662617914612,0.8372304494673941,0.0406913286415033,0.827565270188221,
pendigits,gradient descent,114,2,0.02651734879574319,0.8738633411275656,0.026811775257311054,0.8633879781420765,
pendigits,gradient descent,114,3,0.021795771440404038,0.8851649779163419,0.022151300928646072,0.8803885853066181,
pendigits,gradient descent,114,4,0.018714034524149888,0.8962068069628475,0.019219424739775223,0.8907103825136612,
pendigits,gradient descent,114,5,0.017304836931417242,0.900363730839179,0.017786243427869615,0.8925318761384335,
pendigits,gradient descent,114,6,0.015591502543536261,0.9093270979475189,0.01611445334524262,0.904675166970249,
pendigits,gradient descent,114,7,0.014404324469460288,0.9154325798908808,0.014961000384595817,0.9101396478445659,
pendigits,gradient descent,114,8,0.013858263216884471,0.9149129644063393,0.0144478166977743,0.9107468123861566,
pendigits,gradient descent,114,9,0.01325235373167734,0.9177708495713173,0.013871349968536966,0.9101396478445659,
pendigits,gradient descent,114,10,0.012250074288718282,0.9256949857105742,0.012906876721361272,0.9180327868852459,
pendigits,gradient descent,114,11,0.01168614283718763,0.928552870875552,0.012400834984734078,0.920461445051609,
pendigits,gradient descent,114,12,0.011256286581090423,0.9312808521693946,0.011925924546187426,0.922890103217972,
pendigits,gradient descent,114,13,0.01091898678635621,0.9338789295921018,0.01159311278238275,0.928354584092289,
pendigits,gradient descent,114,14,0.010588123199786439,0.9336191218498311,0.011245253411959566,0.9289617486338798,
pendigits,gradient descent,114,15,0.010089443069386826,0.9382956612107041,0.01060905606211157,0.9319975713418336,
pendigits,gradient descent,114,16,0.00972165312200944,0.939724603793193,0.010263296079415379,0.9344262295081968,
pendigits,gradient descent,114,17,0.009433982671426621,0.9405040270200052,0.00992000283008977,0.9338190649666059,
pendigits,gradient descent,114,18,0.00919153170873325,0.9415432579890881,0.00976994912876244,0.9368548876745598,
pendigits,gradient descent,114,19,0.008959761739007973,0.9414133541179527,0.009504825912405162,0.9368548876745598,
pendigits,gradient descent,114,20,0.008777286368428136,0.9419329696024942,0.009331156005131607,0.9368548876745598,
pendigits,gradient descent,114,21,0.008612643463862372,0.9418030657313587,0.009173269084781308,0.9374620522161505,
pendigits,gradient descent,114,22,0.008546852666907658,0.9418030657313587,0.009127054109764393,0.9392835458409229,
pendigits,gradient descent,114,23,0.008406376102835345,0.9414133541179527,0.008953214091276628,0.9368548876745598,
pendigits,gradient descent,114,24,0.008201523428594816,0.9424525850870356,0.008774766539413744,0.9392835458409229,
pendigits,gradient descent,114,25,0.008105266722703385,0.9428422967004416,0.008701177111291643,0.9398907103825137,
pendigits,gradient descent,114,26,0.008023615292425401,0.9440114315406599,0.008573327391318752,0.9404978749241044,
pendigits,gradient descent,114,27,0.007879817275923002,0.9433619121849831,0.008464814689517984,0.9392835458409229,
pendigits,gradient descent,114,28,0.007783167606757736,0.9442712392829307,0.008357394090481236,0.941712204007286,
pendigits,gradient descent,114,29,0.0077260023077133835,0.9437516237983892,0.008288184355718993,0.9423193685488768,
pendigits,gradient descent,114,30,0.007630416547843155,0.9440114315406599,0.008205663501664944,0.9398907103825137,
pendigits,gradient descent,114,31,0.0075766418127039895,0.944401143154066,0.008170489814365503,0.9411050394656952,
pendigits,gradient descent,114,32,0.007487130855635175,0.9442712392829307,0.00806791226709381,0.9423193685488768,
pendigits,gradient descent,114,33,0.007447046011917957,0.9449207586386075,0.008041879967698262,0.941712204007286,
pendigits,gradient descent,114,34,0.007348858928365814,0.9450506625097428,0.007939603802049944,0.9435336976320583,
pendigits,gradient descent,114,35,0.007298890657401913,0.9450506625097428,0.007894534844179159,0.944140862173649,
pendigits,gradient descent,114,36,0.007230293187952903,0.9458300857365549,0.007857022662751635,0.9423193685488768,
pendigits,gradient descent,114,37,0.007178992864208097,0.9458300857365549,0.007801157519125713,0.944140862173649,
pendigits,gradient descent,114,38,0.007154045538286387,0.9463497012210964,0.007773556957254138,0.944140862173649,
pendigits,gradient descent,114,39,0.0071074532551422,0.9459599896076903,0.007737907995446386,0.9447480267152398,
pendigits,gradient descent,114,40,0.007022099479208147,0.9463497012210964,0.007638363997244031,0.9435336976320583,
pendigits,gradient descent,114,41,0.006979051546126809,0.9471291244479085,0.0076064787245320245,0.9435336976320583,
pendigits,gradient descent,114,42,0.0069443613485611665,0.9468693167056378,0.007547729438731549,0.944140862173649,
pendigits,gradient descent,114,43,0.006891089920465582,0.9469992205767732,0.007519496024052975,0.944140862173649,
pendigits,gradient descent,114,44,0.006860807003714232,0.9477786438035853,0.007481453914464585,0.9447480267152398,
pendigits,gradient descent,114,45,0.0068289170824703494,0.9480384515458561,0.007463937234802862,0.944140862173649,
pendigits,gradient descent,114,46,0.006778226669242505,0.9481683554169914,0.007408263878537261,0.9447480267152398,
pendigits,gradient descent,114,47,0.0067461704654034815,0.9481683554169914,0.0073721015109922804,0.9447480267152398,
pendigits,gradient descent,114,48,0.006726995709098657,0.9480384515458561,0.00736700412604659,0.9447480267152398,
pendigits,gradient descent,114,49,0.006676964311018163,0.9485580670303975,0.007309652101600573,0.9447480267152398,
pendigits,gradient descent,114,50,0.006644816931719777,0.9486879709015329,0.0072732852839767406,0.9447480267152398,
pendigits,gradient descent,114,51,0.006621437950040143,0.9486879709015329,0.00727310853454015,0.9453551912568307,
pendigits,gradient descent,114,52,0.006601750987176,0.9484281631592621,0.007253119635945716,0.9447480267152398,
pendigits,gradient descent,114,53,0.0065534427565841135,0.9492075863860743,0.007204412779472726,0.944140862173649,
pendigits,gradient descent,114,54,0.006516571305905702,0.9493374902572097,0.007142987731330756,0.9447480267152398,
pendigits,gradient descent,114,55,0.006528569228597581,0.949077682514939,0.007205501142916495,0.944140862173649,
pendigits,gradient descent,114,56,0.0064616766195246785,0.949467394128345,0.007100626625653852,0.9447480267152398,
pendigits,gradient descent,114,57,0.006432884757766037,0.9498571057417511,0.007088051700976297,0.9447480267152398,
pendigits,gradient descent,114,58,0.006403650247841116,0.9501169134840218,0.007050712279922151,0.9447480267152398,
pendigits,gradient descent,114,59,0.006378299315004469,0.9502468173551571,0.007032578009174671,0.9453551912568307,
pendigits,gradient descent,114,60,0.006361392255724466,0.9499870096128865,0.007018198689152705,0.9459623557984214,
pendigits,gradient descent,114,61,0.006332587728672299,0.9501169134840218,0.006982284311232031,0.9447480267152398,
pendigits,gradient descent,114,62,0.0062929186995437985,0.9501169134840218,0.006951039574704909,0.9453551912568307,
pendigits,gradient descent,114,63,0.006266954795062198,0.9502468173551571,0.006921621085568922,0.9465695203400122,
pendigits,gradient descent,114,64,0.006260570951751458,0.9505066250974279,0.0068993400393310075,0.9453551912568307,
pendigits,gradient descent,114,65,0.006211374215284852,0.9507664328396986,0.0068930234404607545,0.9459623557984214,
pendigits,gradient descent,114,66,0.006183556281614659,0.95128604832424,0.006853926205183634,0.9453551912568307,
pendigits,gradient descent,114,67,0.006159959320091434,0.9511561444531047,0.006847161215458378,0.9453551912568307,
pendigits,gradient descent,114,68,0.006129529383171064,0.95128604832424,0.0068381491598860636,0.9465695203400122,
pendigits,gradient descent,114,69,0.006099559502034337,0.9516757599376462,0.006807427258175081,0.9465695203400122,
pendigits,gradient descent,114,70,0.0060800839187434555,0.9516757599376462,0.006779035538439301,0.9465695203400122,
pendigits,gradient descent,114,71,0.006067323101871559,0.9520654715510523,0.006734540657375442,0.9471766848816029,
pendigits,gradient descent,114,72,0.0060372944328393845,0.9523252792933229,0.006747708559172484,0.9465695203400122,
pendigits,gradient descent,114,73,0.005998904912418585,0.9525850870355936,0.006734369466469733,0.9465695203400122,
pendigits,gradient descent,114,74,0.00599619529786952,0.9524551831644583,0.00673894572432607,0.9471766848816029,
pendigits,gradient descent,114,75,0.0059429565714557205,0.9527149909067291,0.006688148055840423,0.9465695203400122,
pendigits,gradient descent,115,1,0.04047230348526503,0.8376201610808002,0.04063461710081696,0.8269581056466302,
pendigits,gradient descent,115,2,0.026321646201775333,0.8755520914523253,0.02682654409830685,0.8603521554341227,
pendigits,gradient descent,115,3,0.021481449989277684,0.8833463237204469,0.02214045506578114,0.8700667880995749,
pendigits,gradient descent,115,4,0.01890666054491319,0.8916601714731099,0.019527154394968563,0.8858530661809351,
pendigits,gradient descent,115,5,0.01703865959493767,0.9015328656793973,0.017591202564151483,0.8973891924711597,
pendigits,gradient descent,115,6,0.01593009261481231,0.9040010392309691,0.016590879530265563,0.8979963570127505,
pendigits,gradient descent,115,7,0.014723680907628552,0.9150428682774747,0.015278424971970333,0.9089253187613844,
pendigits,gradient descent,115,8,0.014051099691481723,0.9191997921538062,0.01485122717678059,0.912568306010929,
pendigits,gradient descent,115,9,0.01306846267674085,0.9233567160301377,0.013712159735195906,0.9162112932604736,
pendigits,gradient descent,115,10,0.012352392597603352,0.9253052740971681,0.013108570611818143,0.9162112932604736,
pendigits,gradient descent,115,11,0.011904195456693608,0.9269940244219278,0.01255941013075471,0.920461445051609,
pendigits,gradient descent,115,12,0.01139788565737927,0.9301117173291764,0.012164709058465199,0.9210686095931998,
pendigits,gradient descent,115,13,0.010998089632503878,0.9334892179786958,0.011793034158204277,0.9295689131754705,
pendigits,gradient descent,115,14,0.010653693955631056,0.9324499870096129,0.011350230855774265,0.9301760777170613,
pendigits,gradient descent,115,15,0.010137815786888814,0.9372564302416212,0.010753250670391314,0.9319975713418336,
pendigits,gradient descent,115,16,0.009806708480402755,0.9384255650818394,0.010418433700602737,0.9338190649666059,
pendigits,gradient descent,115,17,0.009550962440056246,0.9394647960509224,0.01022564009561041,0.9344262295081968,
pendigits,gradient descent,115,18,0.009325939807872087,0.9403741231488698,0.009965339733994423,0.936247723132969,
pendigits,gradient descent,115,19,0.009149914763499264,0.9405040270200052,0.009803682447739414,0.9368548876745598,
pendigits,gradient descent,115,20,0.008889677368761353,0.9406339308911406,0.009477617671045354,0.9386763812993322,
pendigits,gradient descent,115,21,0.008687806613297261,0.9412834502468174,0.009322944444480305,0.9380692167577414,
pendigits,gradient descent,115,22,0.00851063230788352,0.9424525850870356,0.009146021238325542,0.9386763812993322,
pendigits,gradient descent,115,23,0.008358834071918888,0.942582488958171,0.0089912147395079,0.9380692167577414,
pendigits,gradient descent,115,24,0.008239010934553103,0.9428422967004416,0.008864642598281432,0.9392835458409229,
pendigits,gradient descent,115,25,0.008127547917002194,0.9428422967004416,0.008792530177311051,0.9380692167577414,
pendigits,gradient descent,115,26,0.008046113724526169,0.9441413354117952,0.00866461521703716,0.9404978749241044,
pendigits,gradient descent,115,27,0.007911218645081047,0.9438815276695246,0.008510408191822616,0.9411050394656952,
pendigits,gradient descent,115,28,0.007825057223962626,0.9450506625097428,0.008441217952793971,0.9398907103825137,
pendigits,gradient descent,115,29,0.007714814808226243,0.9455702779942843,0.008390819957668867,0.9398907103825137,
pendigits,gradient descent,115,30,0.007603950894649948,0.9454403741231489,0.008211933747714045,0.9398907103825137,
pendigits,gradient descent,115,31,0.007593004191412184,0.9466095089633672,0.008266473648902805,0.9423193685488768,
pendigits,gradient descent,115,32,0.007469488618716158,0.9468693167056378,0.008095945766051119,0.9429265330904675,
pendigits,gradient descent,115,33,0.007386641805966834,0.9471291244479085,0.008015443866276919,0.944140862173649,
pendigits,gradient descent,115,34,0.007325024048028527,0.9473889321901793,0.007937991409271105,0.9435336976320583,
pendigits,gradient descent,115,35,0.007243936551823366,0.9467394128345025,0.007857256006054655,0.9429265330904675,
pendigits,gradient descent,115,36,0.00719389920155962,0.9471291244479085,0.007802193167161897,0.9435336976320583,
pendigits,gradient descent,115,37,0.007126531241350286,0.9480384515458561,0.007756706562382758,0.944140862173649,
pendigits,gradient descent,115,38,0.007116163824861651,0.9473889321901793,0.007713317023206929,0.9435336976320583,
pendigits,gradient descent,115,39,0.007018149569147067,0.9471291244479085,0.00764250767346389,0.9453551912568307,
pendigits,gradient descent,115,40,0.006977400913418465,0.9475188360613146,0.007602675589719493,0.944140862173649,
pendigits,gradient descent,115,41,0.0069717932819232855,0.9477786438035853,0.0075122221572663924,0.9459623557984214,
pendigits,gradient descent,115,42,0.0068601686869117105,0.94764873993245,0.007452431978996693,0.9459623557984214,
pendigits,gradient descent,115,43,0.006850809981991919,0.9484281631592621,0.0074582937577779744,0.9459623557984214,
pendigits,gradient descent,115,44,0.006767745107545779,0.9484281631592621,0.00738499742469951,0.9459623557984214,
pendigits,gradient descent,115,45,0.006749387304553435,0.9488178747726682,0.007362925085246316,0.9453551912568307,
pendigits,gradient descent,115,46,0.006700584017425966,0.9479085476747207,0.007316375201333284,0.9459623557984214,
pendigits,gradient descent,115,47,0.006663004227211144,0.9484281631592621,0.0072586031562984175,0.9453551912568307,
pendigits,gradient descent,115,48,0.006614089447924738,0.9486879709015329,0.0072084209258632,0.9459623557984214,
pendigits,gradient descent,115,49,0.006576479576120946,0.9484281631592621,0.007152754801315616,0.9465695203400122,
pendigits,gradient descent,115,50,0.006551915045023846,0.9498571057417511,0.007165296427630943,0.9459623557984214,
pendigits,gradient descent,115,51,0.006504742504665575,0.9489477786438035,0.0070818816547549976,0.9459623557984214,
pendigits,gradient descent,115,52,0.006469992710260359,0.949077682514939,0.007052861342956178,0.9465695203400122,
pendigits,gradient descent,115,53,0.006428869734998693,0.949467394128345,0.007023218529048092,0.9471766848816029,
pendigits,gradient descent,115,54,0.006403479365121269,0.9497272018706158,0.007001081847230697,0.9465695203400122,
pendigits,gradient descent,115,55,0.006454080302141314,0.9492075863860743,0.0070593954249332,0.9465695203400122,
pendigits,gradient descent,115,56,0.006342398646667332,0.9501169134840218,0.00693823369258384,0.9471766848816029,
pendigits,gradient descent,115,57,0.006311348466025485,0.9498571057417511,0.0068922336914306066,0.9465695203400122,
pendigits,gradient descent,115,58,0.006284754655926777,0.9505066250974279,0.006899187388880723,0.9471766848816029,
pendigits,gradient descent,115,59,0.006261502341961435,0.9499870096128865,0.006845196323478792,0.9471766848816029,
pendigits,gradient descent,115,60,0.006222367550263379,0.9507664328396986,0.006816548485748601,0.9477838494231937,
pendigits,gradient descent,115,61,0.006232638971362946,0.9514159521953754,0.006857045565290844,0.9471766848816029,
pendigits,gradient descent,115,62,0.006176986303060196,0.95128604832424,0.006772594941848336,0.9471766848816029,
pendigits,gradient descent,115,63,0.006150439100254849,0.9515458560665108,0.006759370491734369,0.9465695203400122,
pendigits,gradient descent,115,64,0.00612774694961699,0.9515458560665108,0.006748165682437496,0.9489981785063752,
pendigits,gradient descent,115,65,0.006098698267188226,0.9518056638087815,0.006725720388594998,0.9483910139647844,
pendigits,gradient descent,115,66,0.006083009511643293,0.9520654715510523,0.0067174867980037516,0.9477838494231937,
pendigits,gradient descent,115,67,0.006057469286748237,0.9519355676799168,0.006690640657208519,0.9471766848816029,
pendigits,gradient descent,115,68,0.006021878632180501,0.9520654715510523,0.00664652830523582,0.9477838494231937,
pendigits,gradient descent,115,69,0.00600482100096314,0.9519355676799168,0.006634412370605327,0.9471766848816029,
pendigits,gradient descent,115,70,0.005979665267985617,0.9520654715510523,0.006616175035856661,0.9471766848816029,
pendigits,gradient descent,115,71,0.005952821592571086,0.9523252792933229,0.006587703163321654,0.9477838494231937,
pendigits,gradient descent,115,72,0.005935994556067545,0.9524551831644583,0.006573040957038915,0.9483910139647844,
pendigits,gradient descent,115,73,0.005906081924123961,0.9524551831644583,0.006557181038792532,0.9477838494231937,
pendigits,gradient descent,115,74,0.005901525599149465,0.9525850870355936,0.006568382630451658,0.9477838494231937,
pendigits,gradient descent,115,75,0.005862441583723728,0.9523252792933229,0.006527501872136873,0.9483910139647844,
pendigits,KarciFANN,100,1,0.025351000967144488,0.8659392049883087,0.025763994326874134,0.8561020036429873,1.5949224033182479
pendigits,KarciFANN,100,2,0.017204294912961975,0.8980254611587425,0.017429741141665123,0.8937462052216151,1.7261300363274372
pendigits,KarciFANN,100,3,0.013002734497339359,0.9176409457001818,0.013512377463559946,0.9095324833029751,2.3339560991645323
pendigits,KarciFANN,100,4,0.010180906367134998,0.9350480644323201,0.010914902939864362,0.9326047358834244,2.5958907747588142
pendigits,KarciFANN,100,5,0.00911469377560915,0.9385554689529748,0.00967374155564404,0.9350333940497875,2.0739604411974155
pendigits,KarciFANN,100,6,0.008240933165381253,0.9431021044427124,0.0087913373079355,0.9404978749241044,2.1651874037930114
pendigits,KarciFANN,100,7,0.007778007205416781,0.9449207586386075,0.008300876878393237,0.9435336976320583,3.1291215407193893
pendigits,KarciFANN,100,8,0.0074566526033906086,0.9442712392829307,0.008000464744929776,0.9429265330904675,1.8930298219623138
pendigits,KarciFANN,100,9,0.007204153710765509,0.9453104702520135,0.007709107297209679,0.9447480267152398,1.7391778995835734
pendigits,KarciFANN,100,10,0.00753354546245147,0.9455702779942843,0.007781942573328568,0.9453551912568307,2.4497137157589517
pendigits,KarciFANN,100,11,0.006660187462215089,0.9488178747726682,0.007144576358024859,0.9465695203400122,3.1529471522302326
pendigits,KarciFANN,100,12,0.006686597286111944,0.94764873993245,0.007297077670298519,0.9465695203400122,3.270403528800866
pendigits,KarciFANN,100,13,0.006501444004110685,0.9497272018706158,0.007034839463732664,0.9465695203400122,2.7597165500280494
pendigits,KarciFANN,100,14,0.006331215104598842,0.9506365289685632,0.006895775795032998,0.9459623557984214,2.8040581056408937
pendigits,KarciFANN,100,15,0.006181762912483405,0.9497272018706158,0.006712183609057074,0.949605343047966,2.253743143133013
pendigits,KarciFANN,100,16,0.006087334850803967,0.9511561444531047,0.006673167971076277,0.9489981785063752,3.099911217965565
pendigits,KarciFANN,100,17,0.005944053912904848,0.9514159521953754,0.006485490108408199,0.9489981785063752,3.9801450104149807
pendigits,KarciFANN,100,18,0.005777705474829226,0.9521953754221876,0.006295575033377562,0.949605343047966,3.4438865490288437
pendigits,KarciFANN,100,19,0.005764237290788845,0.9520654715510523,0.006296277531457227,0.9502125075895568,2.342006889836981
pendigits,KarciFANN,100,20,0.005630069244913236,0.9532346063912704,0.0062710082559976595,0.9502125075895568,4.999281638156233
pendigits,KarciFANN,100,21,0.005623655073441967,0.9538841257469473,0.006278093945658607,0.949605343047966,1.8773472447063206
pendigits,KarciFANN,100,22,0.005521280801121227,0.9536243180046765,0.00631244599290952,0.9483910139647844,2.0392819864443767
pendigits,KarciFANN,100,23,0.005432827540375015,0.9537542218758119,0.00623366268093804,0.949605343047966,2.3734339010755297
pendigits,KarciFANN,100,24,0.005393670801281708,0.9545336451026241,0.006222181803218805,0.9489981785063752,2.3181713600941873
pendigits,KarciFANN,100,25,0.005333499220150949,0.9551831644583009,0.006092636771053743,0.9508196721311475,5.171912831966277
pendigits,KarciFANN,100,26,0.005217387990861639,0.9554429722005716,0.0061351176310486906,0.9489981785063752,2.345800210950872
pendigits,KarciFANN,100,27,0.0054076052714023,0.9547934528448948,0.006198603776949768,0.949605343047966,2.656235621692994
pendigits,KarciFANN,100,28,0.0051330648375308655,0.9557027799428423,0.006037060231264437,0.9483910139647844,2.386974888285831
pendigits,KarciFANN,100,29,0.005260338278341449,0.9557027799428423,0.006348434830838322,0.9477838494231937,2.2060082264261283
pendigits,KarciFANN,100,30,0.005064805660654091,0.9557027799428423,0.005978985462425741,0.9502125075895568,4.871793137759159
pendigits,KarciFANN,100,31,0.005044087154415913,0.9557027799428423,0.006012762156297797,0.9502125075895568,4.8615114880799855
pendigits,KarciFANN,100,32,0.004998425586337754,0.9560924915562484,0.005937118229092039,0.9508196721311475,2.091876057615444
pendigits,KarciFANN,100,33,0.004976981012729638,0.9560924915562484,0.005985498194638411,0.9489981785063752,2.3653835602567144
pendigits,KarciFANN,100,34,0.0052596716386585345,0.9540140296180826,0.006208905957013418,0.9489981785063752,2.2011244683437003
pendigits,KarciFANN,100,35,0.0049497111815477125,0.9562223954273837,0.005907867085440357,0.9502125075895568,5.863751481508168
pendigits,KarciFANN,100,36,0.0049215130918176435,0.9563522992985191,0.0060234574956241245,0.9483910139647844,5.58360032333732
pendigits,KarciFANN,100,37,0.004884962053094516,0.9560924915562484,0.0059134682631783436,0.9502125075895568,2.4283318507867415
pendigits,KarciFANN,100,38,0.004850389935466928,0.9563522992985191,0.005860442948837513,0.949605343047966,2.4125889701877345
pendigits,KarciFANN,100,39,0.004947720951159016,0.9562223954273837,0.006052217843826764,0.9489981785063752,1.881533602434081
pendigits,KarciFANN,100,40,0.004844007737043008,0.9563522992985191,0.005945925167296415,0.9489981785063752,3.6012505980126854
pendigits,KarciFANN,100,41,0.0048160897773439435,0.9563522992985191,0.005922688835894426,0.9489981785063752,2.108191980768674
pendigits,KarciFANN,100,42,0.004793687705039802,0.9563522992985191,0.0058639640928716584,0.9514268366727383,4.465636223595816
pendigits,KarciFANN,100,43,0.004820204047058692,0.9563522992985191,0.005896633801866299,0.9489981785063752,2.409248090681846
pendigits,KarciFANN,100,44,0.004817247168266983,0.9564822031696545,0.005906899515290337,0.9489981785063752,3.6720287997262475
pendigits,KarciFANN,100,45,0.004843457117196487,0.9562223954273837,0.00597684446088701,0.9489981785063752,3.5759189099102446
pendigits,KarciFANN,100,46,0.004724848350647657,0.9570018186541959,0.005876655716779987,0.9489981785063752,2.3941175151068865
pendigits,KarciFANN,100,47,0.004713669279183527,0.9567420109119251,0.005907890292163771,0.9502125075895568,2.4199447568904975
pendigits,KarciFANN,100,48,0.0047572914343375645,0.9567420109119251,0.005837395008017765,0.9508196721311475,2.453309832170914
pendigits,KarciFANN,100,49,0.004713831754386826,0.9567420109119251,0.005839420229198474,0.9502125075895568,2.139766523935966
pendigits,KarciFANN,100,50,0.004675781555849746,0.9568719147830606,0.005795692185030745,0.949605343047966,3.7911727459420876
pendigits,KarciFANN,100,51,0.004687213418228485,0.9571317225253313,0.0058954812459934116,0.949605343047966,5.382912699283671
pendigits,KarciFANN,100,52,0.004677898173422022,0.9568719147830606,0.005928329960583692,0.9483910139647844,5.29376012465745
pendigits,KarciFANN,100,53,0.004647646158889943,0.9571317225253313,0.005854750157405135,0.949605343047966,2.454455145600845
pendigits,KarciFANN,100,54,0.004633857121100192,0.9572616263964666,0.005822043742805029,0.949605343047966,2.464178807520722
pendigits,KarciFANN,100,55,0.0047484727266083205,0.9564822031696545,0.005862312315251261,0.949605343047966,2.332731560293573
pendigits,KarciFANN,100,56,0.004654777849520023,0.9571317225253313,0.005810071905835065,0.9489981785063752,6.794261676490498
pendigits,KarciFANN,100,57,0.004645717553831187,0.9572616263964666,0.005858932513947115,0.9489981785063752,2.4200625928230166
pendigits,KarciFANN,100,58,0.004664578827143396,0.9573915302676019,0.005951367287901724,0.9502125075895568,2.2861921129513942
pendigits,KarciFANN,100,59,0.004581094976852302,0.9573915302676019,0.005785222741936063,0.9502125075895568,2.4690705866911262
pendigits,KarciFANN,100,60,0.004575197904038299,0.9573915302676019,0.005860619002126229,0.949605343047966,6.539556740037401
pendigits,KarciFANN,100,61,0.004589443181753156,0.9575214341387374,0.005798623749517472,0.949605343047966,6.0355651439799765
pendigits,KarciFANN,100,62,0.004566624539864644,0.9573915302676019,0.005857218217170207,0.9489981785063752,2.1592781578496876
pendigits,KarciFANN,100,63,0.004568297095184486,0.9573915302676019,0.005783784571281822,0.9502125075895568,2.4403364616629846
pendigits,KarciFANN,100,64,0.0045496672839217545,0.9575214341387374,0.005784199817585001,0.9502125075895568,2.4787078870726895
pendigits,KarciFANN,100,65,0.004540542804835817,0.9577812418810081,0.00580122467203796,0.949605343047966,5.939024495694326
pendigits,KarciFANN,100,66,0.004550057194810915,0.9576513380098727,0.005749792285271857,0.9502125075895568,6.148574938126903
pendigits,KarciFANN,100,67,0.0045208954213924,0.9576513380098727,0.005843399316026999,0.9489981785063752,6.505324720722744
pendigits,KarciFANN,100,68,0.004598412505155861,0.9576513380098727,0.006058309588800199,0.9483910139647844,2.1193366479225006
pendigits,KarciFANN,100,69,0.004591176957308501,0.9572616263964666,0.005770421895452751,0.9508196721311475,3.4297995493932163
pendigits,KarciFANN,100,70,0.0045183933781918545,0.9579111457521434,0.005821042338754589,0.9489981785063752,2.478470929340706
pendigits,KarciFANN,100,71,0.00449897105217316,0.9579111457521434,0.005853954737832337,0.9489981785063752,7.217476080487052
pendigits,KarciFANN,100,72,0.004482969275648277,0.9577812418810081,0.005820628579547428,0.9502125075895568,2.4726925464191907
pendigits,KarciFANN,100,73,0.004474572220489727,0.9577812418810081,0.005841898054632651,0.9489981785063752,9.412687695161729
pendigits,KarciFANN,100,74,0.004469529805020772,0.9577812418810081,0.005831213197429691,0.9489981785063752,2.48627011908558
pendigits,KarciFANN,100,75,0.0044683640950024875,0.9577812418810081,0.005783831088208875,0.9489981785063752,4.522413501680867
pendigits,KarciFANN,101,1,0.024956151905735503,0.8719147830605352,0.025077910021881714,0.8676381299332119,1.4908228919815611
pendigits,KarciFANN,101,2,0.01701349957556493,0.9014029618082618,0.01762026822062968,0.896782027929569,1.7189704504299608
pendigits,KarciFANN,101,3,0.013082019086232265,0.9160820992465576,0.013785651823436058,0.912568306010929,1.830057934296542
pendigits,KarciFANN,101,4,0.011542616113421474,0.928552870875552,0.011929648771750387,0.9247115968427444,2.1211267563343355
pendigits,KarciFANN,101,5,0.011207563887720718,0.9308911405559885,0.011843332865452418,0.9247115968427444,2.5824110164109872
pendigits,KarciFANN,101,6,0.008657358485952013,0.9401143154065991,0.009166518991633158,0.9356405585913783,1.9236958552145642
pendigits,KarciFANN,101,7,0.008299412514148017,0.9424525850870356,0.008852942354895895,0.9380692167577414,2.2711654711665514
pendigits,KarciFANN,101,8,0.009215010914293659,0.9393348921797869,0.009782204060430635,0.9374620522161505,1.7927239692675117
pendigits,KarciFANN,101,9,0.0073778955199023145,0.9458300857365549,0.007912312302186059,0.941712204007286,2.096802489811264
pendigits,KarciFANN,101,10,0.0073155367794374565,0.9457001818654196,0.00789787879925103,0.9435336976320583,1.909940109113595
pendigits,KarciFANN,101,11,0.006765074909641664,0.9492075863860743,0.0072782034644592744,0.9453551912568307,2.876249880770115
pendigits,KarciFANN,101,12,0.006607502295888419,0.9484281631592621,0.007127427161482808,0.9453551912568307,1.9687961843004935
pendigits,KarciFANN,101,13,0.006382031459522172,0.9502468173551571,0.006916963548862399,0.9465695203400122,1.8551037914752195
pendigits,KarciFANN,101,14,0.006242135451132782,0.9507664328396986,0.00687177455811647,0.9465695203400122,2.071064170283328
pendigits,KarciFANN,101,15,0.007160128621136561,0.9449207586386075,0.007966109466961685,0.9435336976320583,2.7230651493434626
pendigits,KarciFANN,101,16,0.005907177418663609,0.9520654715510523,0.006622259442905154,0.9483910139647844,2.3031671206909765
pendigits,KarciFANN,101,17,0.0059059169064224915,0.9525850870355936,0.006629000556119871,0.9483910139647844,3.8081951851094518
pendigits,KarciFANN,101,18,0.005711161056344991,0.9533645102624059,0.006482035224106549,0.9489981785063752,2.040831491811912
pendigits,KarciFANN,101,19,0.005778001069992784,0.9531047025201351,0.006526614476165539,0.9471766848816029,3.0534505019743885
pendigits,KarciFANN,101,20,0.005720503381188748,0.9533645102624059,0.006578142734390828,0.9483910139647844,2.645992556658112
pendigits,KarciFANN,101,21,0.005510040131816925,0.9544037412314887,0.006311696865503921,0.9502125075895568,2.0653727294589186
pendigits,KarciFANN,101,22,0.00543760101565373,0.9547934528448948,0.006226329470630956,0.9483910139647844,2.296872332871064
pendigits,KarciFANN,101,23,0.005400838277798315,0.9551831644583009,0.006263493238981896,0.9483910139647844,4.806936308559587
pendigits,KarciFANN,101,24,0.005300814264360253,0.9551831644583009,0.006132429941751473,0.9483910139647844,4.381251317285355
pendigits,KarciFANN,101,25,0.005257234317899908,0.9555728760717069,0.006123868028946798,0.9483910139647844,4.944740039086036
pendigits,KarciFANN,101,26,0.005191467179078661,0.955962587685113,0.006043472052239441,0.949605343047966,1.8204378854280763
pendigits,KarciFANN,101,27,0.005578542067123033,0.9537542218758119,0.00648994380283637,0.9459623557984214,1.9798384280398913
pendigits,KarciFANN,101,28,0.005129675884338014,0.9554429722005716,0.006053870383305831,0.9489981785063752,4.065299289346019
pendigits,KarciFANN,101,29,0.005370583272115697,0.9551831644583009,0.00635037114289347,0.9489981785063752,1.8916473457681267
pendigits,KarciFANN,101,30,0.005060370626319277,0.9564822031696545,0.005962796187596451,0.949605343047966,2.3827621682267415
pendigits,KarciFANN,101,31,0.005027098380564876,0.9566121070407898,0.005992675612310173,0.9489981785063752,5.111578279642938
pendigits,KarciFANN,101,32,0.005000040208117603,0.9566121070407898,0.005936676999432568,0.9483910139647844,2.3832189374309305
pendigits,KarciFANN,101,33,0.005041115096356013,0.9560924915562484,0.005930462179625746,0.9502125075895568,1.898836109206465
pendigits,KarciFANN,101,34,0.004921880332161851,0.9567420109119251,0.005871513116133842,0.9489981785063752,2.4160078951349093
pendigits,KarciFANN,101,35,0.004897742117917114,0.9568719147830606,0.005850022741072491,0.9489981785063752,2.1214971231095485
pendigits,KarciFANN,101,36,0.004902363653894189,0.9568719147830606,0.005862908705571816,0.9502125075895568,2.432294617709089
pendigits,KarciFANN,101,37,0.004880721303606237,0.9570018186541959,0.00596536593055979,0.9477838494231937,2.426018308169057
pendigits,KarciFANN,101,38,0.004908671128210129,0.9571317225253313,0.005925724381888568,0.9489981785063752,2.359235601108539
pendigits,KarciFANN,101,39,0.004836977622285562,0.9572616263964666,0.005810137680645568,0.949605343047966,5.992803685356334
pendigits,KarciFANN,101,40,0.0048050407804477785,0.9573915302676019,0.005827487613057155,0.9489981785063752,5.400999661775695
pendigits,KarciFANN,101,41,0.00482071335575241,0.9573915302676019,0.005791970380480346,0.9489981785063752,2.4506930527287576
pendigits,KarciFANN,101,42,0.004776491526557567,0.9573915302676019,0.005902618071050901,0.9483910139647844,5.752520654575853
pendigits,KarciFANN,101,43,0.004756597694354026,0.9572616263964666,0.0059048537548627615,0.9489981785063752,2.4556584029629116
pendigits,KarciFANN,101,44,0.004726021579243297,0.9573915302676019,0.005775941841997212,0.9502125075895568,2.42622584110914
pendigits,KarciFANN,101,45,0.004798665490991252,0.9570018186541959,0.0058331486911097526,0.9502125075895568,2.0729065486941125
pendigits,KarciFANN,101,46,0.004735022097599531,0.9575214341387374,0.005956029191290587,0.9483910139647844,6.93615619294458
pendigits,KarciFANN,101,47,0.004708072611797978,0.9576513380098727,0.005784149405316945,0.949605343047966,5.088871168844091
pendigits,KarciFANN,101,48,0.004666177835078983,0.9576513380098727,0.005716309580989435,0.9502125075895568,7.963361268117243
pendigits,KarciFANN,101,49,0.004655827590853074,0.9576513380098727,0.005717334675409668,0.9502125075895568,2.460269983135708
pendigits,KarciFANN,101,50,0.0046640456967508535,0.9576513380098727,0.005773927350009814,0.9508196721311475,3.7893080376776265
pendigits,KarciFANN,101,51,0.004627569922332041,0.9576513380098727,0.0057552490382008666,0.949605343047966,2.1460428125114617
pendigits,KarciFANN,101,52,0.004622584974107929,0.9576513380098727,0.005789104717525122,0.949605343047966,7.827824155238666
pendigits,KarciFANN,101,53,0.004619361389373564,0.9577812418810081,0.0057881640578604215,0.949605343047966,2.4470443932952985
pendigits,KarciFANN,101,54,0.004611607235008022,0.9576513380098727,0.005729984250283667,0.9502125075895568,2.4769277573524175
pendigits,KarciFANN,101,55,0.004598263752933895,0.9576513380098727,0.0057298673741367065,0.9508196721311475,9.743436526993005
pendigits,KarciFANN,101,56,0.004696572123186848,0.9572616263964666,0.006011109098389425,0.9489981785063752,3.0581850226829963
pendigits,KarciFANN,101,57,0.004578512931630374,0.9576513380098727,0.005742866957332836,0.9502125075895568,2.1517040523044066
pendigits,KarciFANN,101,58,0.0045660115066235105,0.9576513380098727,0.005737334691851184,0.9502125075895568,2.4714004621818324
pendigits,KarciFANN,101,59,0.004565808514672734,0.9576513380098727,0.0057621175435420505,0.9502125075895568,2.165001596012122
pendigits,KarciFANN,101,60,0.0045670905054393095,0.9576513380098727,0.005701293614196,0.9502125075895568,2.4840545907642047
pendigits,KarciFANN,101,61,0.0045647743742648714,0.9576513380098727,0.0058029770662031,0.9489981785063752,4.313205273172893
pendigits,KarciFANN,101,62,0.004544077347225061,0.9577812418810081,0.005810611333559808,0.9489981785063752,4.841825464196585
pendigits,KarciFANN,101,63,0.004553575367150381,0.9576513380098727,0.005716956900213695,0.9508196721311475,2.143982730213633
pendigits,KarciFANN,101,64,0.004545272093164925,0.9576513380098727,0.005807784343855983,0.949605343047966,6.852623610635537
pendigits,KarciFANN,101,65,0.004517493682757069,0.9577812418810081,0.005738981521731284,0.9489981785063752,8.380339204797096
pendigits,KarciFANN,101,66,0.0045126081944870805,0.9577812418810081,0.005735108973176629,0.9502125075895568,6.311141965306015
pendigits,KarciFANN,101,67,0.00450708716600102,0.9576513380098727,0.005691462814146138,0.9502125075895568,7.260428493526116
pendigits,KarciFANN,101,68,0.0044996122795731945,0.9576513380098727,0.0057292515331709955,0.9502125075895568,2.4865742483299607
pendigits,KarciFANN,101,69,0.004500280235607251,0.9576513380098727,0.005710249055829271,0.949605343047966,2.45157017518695
pendigits,KarciFANN,101,70,0.004483355914382761,0.9576513380098727,0.0057271406729956925,0.9502125075895568,5.089108634188087
pendigits,KarciFANN,101,71,0.004500373142739144,0.9577812418810081,0.0057814448029482116,0.9489981785063752,2.4610735628434703
pendigits,KarciFANN,101,72,0.00449105517185582,0.9576513380098727,0.0057492681251688745,0.949605343047966,4.78577818649046
pendigits,KarciFANN,101,73,0.004478600061683175,0.9576513380098727,0.0056946461627030084,0.9508196721311475,7.505269657382581
pendigits,KarciFANN,101,74,0.004475857843228918,0.9576513380098727,0.005705980395821345,0.9508196721311475,2.4971862955446
pendigits,KarciFANN,101,75,0.004464100686908728,0.9577812418810081,0.005715535885835613,0.9508196721311475,2.1791463092860592
pendigits,KarciFANN,102,1,0.029730329483001774,0.857365549493375,0.030009853856823875,0.8476017000607164,1.609366316218074
pendigits,KarciFANN,102,2,0.017629209783656827,0.8990646921278254,0.01856769367195496,0.8876745598057073,1.54398170913364
pendigits,KarciFANN,102,3,0.012757611532529576,0.9171213302156405,0.013433266897988108,0.914996964177292,2.9817724075474334
pendigits,KarciFANN,102,4,0.010888932459859755,0.9311509482982593,0.011567952539309758,0.9265330904675168,1.6306834107598354
pendigits,KarciFANN,102,5,0.01056651083397367,0.9373863341127565,0.011215621587888322,0.9332119004250152,2.0120522741648537
pendigits,KarciFANN,102,6,0.009248927642832177,0.9392049883086516,0.010030290995622693,0.9368548876745598,2.6109538445992446
pendigits,KarciFANN,102,7,0.007808242354745494,0.9431021044427124,0.008380307130715359,0.9404978749241044,2.18074012014158
pendigits,KarciFANN,102,8,0.007495175435953079,0.9445310470252013,0.008206226621681318,0.9423193685488768,1.7926830428112392
pendigits,KarciFANN,102,9,0.00747313044073829,0.9442712392829307,0.008174847017704495,0.9411050394656952,3.0351495515247073
pendigits,KarciFANN,102,10,0.006974352619456503,0.9463497012210964,0.007540523937360133,0.9447480267152398,2.2568297534018917
pendigits,KarciFANN,102,11,0.006872618834333089,0.9455702779942843,0.007499110304155988,0.9447480267152398,2.2688219179925713
pendigits,KarciFANN,102,12,0.006638425514595646,0.9479085476747207,0.007269578561033399,0.9447480267152398,4.567618668527599
pendigits,KarciFANN,102,13,0.006474560072371844,0.9475188360613146,0.007134304016160781,0.9447480267152398,3.3796947085870865
pendigits,KarciFANN,102,14,0.0064197643737149285,0.9473889321901793,0.006989877148133114,0.9447480267152398,3.946356048004948
pendigits,KarciFANN,102,15,0.0062976849230031405,0.9480384515458561,0.006949390773115672,0.9453551912568307,2.2865627689467383
pendigits,KarciFANN,102,16,0.006477572969681426,0.9482982592881268,0.007021303607641152,0.9459623557984214,3.288699701343319
pendigits,KarciFANN,102,17,0.006093977547721363,0.9489477786438035,0.006733721402985606,0.9465695203400122,2.3558572265602145
pendigits,KarciFANN,102,18,0.006024504566317691,0.9505066250974279,0.006753562418279191,0.9465695203400122,4.360684327381333
pendigits,KarciFANN,102,19,0.0061215990043095685,0.9507664328396986,0.006834938702553708,0.9459623557984214,4.908747468860884
pendigits,KarciFANN,102,20,0.005856832848438477,0.9511561444531047,0.006588771192203133,0.9471766848816029,2.344943407458466
pendigits,KarciFANN,102,21,0.005899789381344944,0.9506365289685632,0.0065750499696079386,0.9471766848816029,3.9765803223116682
pendigits,KarciFANN,102,22,0.0059399013232773875,0.9524551831644583,0.006843261309429943,0.9465695203400122,2.2938882586910503
pendigits,KarciFANN,102,23,0.00562173543483406,0.9529747986489997,0.00651410690285873,0.9477838494231937,2.3298514936091017
pendigits,KarciFANN,102,24,0.005538247032155379,0.9531047025201351,0.00646953736329159,0.9483910139647844,3.0023997096649304
pendigits,KarciFANN,102,25,0.005440795154600314,0.9534944141335412,0.006364623703135227,0.9483910139647844,2.059460708452014
pendigits,KarciFANN,102,26,0.005751926560441966,0.9538841257469473,0.006735923629623136,0.9465695203400122,3.017903639376612
pendigits,KarciFANN,102,27,0.005426668130783249,0.9533645102624059,0.006278531478343832,0.9502125075895568,3.4671391587108027
pendigits,KarciFANN,102,28,0.0052993093269064415,0.9549233567160301,0.006181190470945703,0.9483910139647844,2.3921356560266847
pendigits,KarciFANN,102,29,0.005251435208340999,0.9554429722005716,0.0062509062955505455,0.9477838494231937,2.044134712677445
pendigits,KarciFANN,102,30,0.005173040306103264,0.9553130683294362,0.006109953416827338,0.949605343047966,5.3395131362997725
pendigits,KarciFANN,102,31,0.005170162769825299,0.9550532605871654,0.006094444317659555,0.9489981785063752,2.0527475256262684
pendigits,KarciFANN,102,32,0.005074013617003626,0.955962587685113,0.0059350453291837114,0.9508196721311475,2.399879595533715
pendigits,KarciFANN,102,33,0.005035608778704788,0.9562223954273837,0.0059814697277835,0.9483910139647844,2.3967536759918477
pendigits,KarciFANN,102,34,0.004974921177200993,0.9564822031696545,0.005956624012012181,0.9489981785063752,2.4294971253729267
pendigits,KarciFANN,102,35,0.005045022515565857,0.9567420109119251,0.006026008073050478,0.9514268366727383,3.19365854183203
pendigits,KarciFANN,102,36,0.004991904180081184,0.9567420109119251,0.005940894230205411,0.949605343047966,7.830832197352657
pendigits,KarciFANN,102,37,0.005015536692677488,0.9562223954273837,0.006063564215266305,0.9489981785063752,5.390909511556785
pendigits,KarciFANN,102,38,0.004856463512553906,0.9567420109119251,0.005862617877975327,0.9514268366727383,2.1230984762940635
pendigits,KarciFANN,102,39,0.004966728168889493,0.9566121070407898,0.006128814991296469,0.9483910139647844,2.3446829403389233
pendigits,KarciFANN,102,40,0.004819550182661759,0.9571317225253313,0.005821997908781466,0.9514268366727383,2.449070628680574
pendigits,KarciFANN,102,41,0.005225416140575671,0.9549233567160301,0.006305641107660176,0.9477838494231937,2.2861801753649447
pendigits,KarciFANN,102,42,0.004826673815503931,0.9568719147830606,0.005902942768809359,0.9483910139647844,2.4525237589318034
pendigits,KarciFANN,102,43,0.004785523105632235,0.9572616263964666,0.005793332559044467,0.949605343047966,3.9310761676616837
pendigits,KarciFANN,102,44,0.004741889748598751,0.9573915302676019,0.005852806567335698,0.949605343047966,2.1371905960630277
pendigits,KarciFANN,102,45,0.0047189462033699284,0.9575214341387374,0.00583546330720574,0.9508196721311475,2.382878608673965
pendigits,KarciFANN,102,46,0.004742668676137848,0.9573915302676019,0.005770644413405113,0.9508196721311475,1.976080940755407
pendigits,KarciFANN,102,47,0.0046873025260280796,0.9573915302676019,0.005781500933638409,0.9502125075895568,5.05913325950425
pendigits,KarciFANN,102,48,0.004727190033509731,0.9576513380098727,0.005778433101884504,0.9508196721311475,2.1280660300785303
pendigits,KarciFANN,102,49,0.004688415554493598,0.9570018186541959,0.0059066218100044575,0.9489981785063752,2.137866110834197
pendigits,KarciFANN,102,50,0.0046469686357902724,0.9573915302676019,0.005841131974794792,0.9502125075895568,5.565851390031542
pendigits,KarciFANN,102,51,0.004663672504845814,0.9577812418810081,0.005795252656512472,0.9502125075895568,4.395250442134818
pendigits,KarciFANN,102,52,0.00473591551730056,0.9575214341387374,0.0058218094246972225,0.9520340012143291,3.5560360258452546
pendigits,KarciFANN,102,53,0.004626733644781331,0.9577812418810081,0.005836203942087602,0.9483910139647844,2.1544624319247414
pendigits,KarciFANN,102,54,0.004652357822163656,0.9573915302676019,0.005725553562311503,0.9520340012143291,4.4508864083165625
pendigits,KarciFANN,102,55,0.004607094040624728,0.9577812418810081,0.005835231517850056,0.9508196721311475,6.849625588346028
pendigits,KarciFANN,102,56,0.0045966410778967804,0.9573915302676019,0.005858566470904677,0.9489981785063752,2.390708306070216
pendigits,KarciFANN,102,57,0.004560692204559694,0.9579111457521434,0.0058293710101768505,0.949605343047966,2.4895368730809055
pendigits,KarciFANN,102,58,0.004555630335167214,0.9579111457521434,0.0057833111818753734,0.949605343047966,4.508615793103233
pendigits,KarciFANN,102,59,0.004545712930746804,0.9577812418810081,0.005807864420035252,0.949605343047966,2.4873163544086365
pendigits,KarciFANN,102,60,0.004554723636376374,0.9575214341387374,0.005849259312040438,0.949605343047966,2.4946165429520213
pendigits,KarciFANN,102,61,0.004513405037665474,0.9580410496232787,0.005739460335081134,0.9502125075895568,10.017970966992204
pendigits,KarciFANN,102,62,0.004547924994785063,0.9576513380098727,0.0057646649625499235,0.9508196721311475,4.071836272106958
pendigits,KarciFANN,102,63,0.00453307831694928,0.9579111457521434,0.005747085328797932,0.9520340012143291,4.083397567123434
pendigits,KarciFANN,102,64,0.004500212556057455,0.9579111457521434,0.005759344295163871,0.9502125075895568,2.460624636971692
pendigits,KarciFANN,102,65,0.0044919743344429865,0.9579111457521434,0.005802622549162373,0.9502125075895568,2.177401165982936
pendigits,KarciFANN,102,66,0.004494694766874072,0.9579111457521434,0.005758721081403488,0.9502125075895568,2.4986560028216394
pendigits,KarciFANN,102,67,0.004505716672332309,0.9580410496232787,0.005656614623025815,0.9520340012143291,2.501454956691085
pendigits,KarciFANN,102,68,0.004483961166559802,0.9580410496232787,0.005768189900860611,0.949605343047966,2.5038135499324015
pendigits,KarciFANN,102,69,0.004477354682314096,0.9579111457521434,0.005790303651303737,0.9502125075895568,2.0038250056355973
pendigits,KarciFANN,102,70,0.0044616634120783925,0.9580410496232787,0.005674731836493701,0.9514268366727383,2.513448462056813
pendigits,KarciFANN,102,71,0.004449570178286225,0.9583008573655495,0.005741577210124808,0.9508196721311475,4.768523349874452
pendigits,KarciFANN,102,72,0.004454385585294506,0.9583008573655495,0.005756497188169053,0.9502125075895568,6.361643912622286
pendigits,KarciFANN,102,73,0.004478749236998767,0.9581709534944142,0.005747545304375349,0.9508196721311475,6.671493265651898
pendigits,KarciFANN,102,74,0.004484614964498831,0.9583008573655495,0.005750759352358623,0.9514268366727383,3.749867727795207
pendigits,KarciFANN,102,75,0.004498486210382699,0.9581709534944142,0.00570233131388795,0.9514268366727383,3.994001121829909
pendigits,KarciFANN,103,1,0.02448114306722839,0.8771109379059496,0.024711478332135564,0.8615664845173042,1.3738123029632863
pendigits,KarciFANN,103,2,0.01576399008290699,0.9045206547155106,0.016187917549280444,0.9083181542197936,1.9380103147939731
pendigits,KarciFANN,103,3,0.0126066804731961,0.9246557547414913,0.013193473443795753,0.9192471159684275,2.016129490678615
pendigits,KarciFANN,103,4,0.010461626730795114,0.9341387373343726,0.0111042224387395,0.930783242258652,2.080142991331874
pendigits,KarciFANN,103,5,0.009244504632599987,0.9392049883086516,0.009680237848152442,0.936247723132969,2.7720677775165785
pendigits,KarciFANN,103,6,0.008485054225712255,0.9402442192777345,0.008947407281017027,0.9368548876745598,1.9979845341591507
pendigits,KarciFANN,103,7,0.00817268109497702,0.9423226812159002,0.008748544305664595,0.9398907103825137,1.8581297284177698
pendigits,KarciFANN,103,8,0.007608835008875767,0.9437516237983892,0.008095713320659864,0.9404978749241044,2.3608856525211603
pendigits,KarciFANN,103,9,0.007096864410852215,0.9451805663808781,0.007591495432316739,0.9429265330904675,3.64141351429698
pendigits,KarciFANN,103,10,0.007518970443730728,0.9460898934788257,0.00802591902738365,0.9429265330904675,2.4588246593539647
pendigits,KarciFANN,103,11,0.006696945530795928,0.9473889321901793,0.007176129658850493,0.944140862173649,2.2373697426213988
pendigits,KarciFANN,103,12,0.006584354334434777,0.9481683554169914,0.007102348198117162,0.9447480267152398,1.8470798469690966
pendigits,KarciFANN,103,13,0.006451631294103699,0.947259028319044,0.006902590877894076,0.9435336976320583,3.008836107770823
pendigits,KarciFANN,103,14,0.006227151762121942,0.9498571057417511,0.00667683633463292,0.9471766848816029,2.299941684380185
pendigits,KarciFANN,103,15,0.006093706482656918,0.95128604832424,0.006593830088670153,0.9477838494231937,2.009830702714053
pendigits,KarciFANN,103,16,0.0059933011613170035,0.9514159521953754,0.006603133938339806,0.9483910139647844,2.874313016028042
pendigits,KarciFANN,103,17,0.005843830025062475,0.9521953754221876,0.0064244048492687784,0.9489981785063752,2.3430321300718733
pendigits,KarciFANN,103,18,0.005787949852279159,0.9536243180046765,0.006453030969770592,0.9483910139647844,3.2079453176707102
pendigits,KarciFANN,103,19,0.005615426448494589,0.9538841257469473,0.006319664802403234,0.9477838494231937,4.522195581096251
pendigits,KarciFANN,103,20,0.0055509318721226235,0.9545336451026241,0.006357437014080947,0.9477838494231937,2.7009206530488443
pendigits,KarciFANN,103,21,0.006059131102719977,0.9514159521953754,0.006992584887544971,0.944140862173649,2.2117101966889043
pendigits,KarciFANN,103,22,0.005334957657259654,0.9553130683294362,0.006161661182103084,0.9483910139647844,2.3738552822785666
pendigits,KarciFANN,103,23,0.005353798675157971,0.9550532605871654,0.00621250340271938,0.9477838494231937,4.274195404952921
pendigits,KarciFANN,103,24,0.005363905032417535,0.9549233567160301,0.006288214842261236,0.9489981785063752,3.4465315053870476
pendigits,KarciFANN,103,25,0.0052573443132983445,0.9554429722005716,0.00616908517419526,0.949605343047966,5.2892587296300375
pendigits,KarciFANN,103,26,0.005215905128036679,0.9551831644583009,0.006093281497096166,0.9489981785063752,2.3569751949542814
pendigits,KarciFANN,103,27,0.005121314498301143,0.9551831644583009,0.006005699214025438,0.949605343047966,6.438964660442137
pendigits,KarciFANN,103,28,0.005082548452328842,0.9557027799428423,0.006025512683924131,0.949605343047966,1.9318637109598944
pendigits,KarciFANN,103,29,0.005047571101834789,0.9557027799428423,0.00595742659925871,0.949605343047966,2.4158050440321452
pendigits,KarciFANN,103,30,0.005189249115310189,0.9558326838139777,0.006120779099130279,0.9502125075895568,2.042806814683681
pendigits,KarciFANN,103,31,0.005007836118038531,0.955962587685113,0.005885508011064986,0.9489981785063752,2.321353304146437
pendigits,KarciFANN,103,32,0.004980880098765073,0.9562223954273837,0.005851471446604166,0.9502125075895568,4.00366978784805
pendigits,KarciFANN,103,33,0.004934911181014702,0.9563522992985191,0.005870306879834091,0.9502125075895568,2.3874560775834537
pendigits,KarciFANN,103,34,0.004992224970419927,0.9560924915562484,0.005980138235288588,0.949605343047966,3.825990849697508
pendigits,KarciFANN,103,35,0.004894299996538039,0.9564822031696545,0.0058773327314182115,0.949605343047966,1.938771581264316
pendigits,KarciFANN,103,36,0.004961123715751458,0.9563522992985191,0.005877020065939009,0.9508196721311475,2.24811218308677
pendigits,KarciFANN,103,37,0.004864134872859168,0.9566121070407898,0.005791544449038739,0.9502125075895568,5.396860509982448
pendigits,KarciFANN,103,38,0.004828318437981688,0.9567420109119251,0.005833342521400176,0.9508196721311475,2.414872184274408
pendigits,KarciFANN,103,39,0.004799874642635826,0.9570018186541959,0.005798961589953905,0.9508196721311475,5.321086152842644
pendigits,KarciFANN,103,40,0.00479122679387241,0.9568719147830606,0.005801369883898394,0.9508196721311475,2.4174411230983592
pendigits,KarciFANN,103,41,0.004783979187253251,0.9570018186541959,0.005805585544796507,0.9502125075895568,5.4025467602572315
pendigits,KarciFANN,103,42,0.004778697144664254,0.9567420109119251,0.005843523734253866,0.9502125075895568,4.399370678572072
pendigits,KarciFANN,103,43,0.004749143780436754,0.9571317225253313,0.005752176320452974,0.9508196721311475,2.1366383750811937
pendigits,KarciFANN,103,44,0.004752608525692011,0.9570018186541959,0.00577687932771581,0.9508196721311475,6.483303400686039
pendigits,KarciFANN,103,45,0.004709151961909395,0.9571317225253313,0.00575321523254604,0.9508196721311475,6.372010208576846
pendigits,KarciFANN,103,46,0.004800131495382551,0.9566121070407898,0.005924880148992195,0.9502125075895568,3.608174349914142
pendigits,KarciFANN,103,47,0.004688744564570806,0.9572616263964666,0.005789710596629392,0.9508196721311475,4.419023218234023
pendigits,KarciFANN,103,48,0.004687147809413959,0.9572616263964666,0.0057946780358586625,0.9508196721311475,2.4690804662214614
pendigits,KarciFANN,103,49,0.004653030543651974,0.9575214341387374,0.005744406694716709,0.9508196721311475,2.1371151490686757
pendigits,KarciFANN,103,50,0.004652972701430043,0.9575214341387374,0.005747106781960401,0.9508196721311475,4.790141592334263
pendigits,KarciFANN,103,51,0.004736879507929948,0.9572616263964666,0.005837470185175659,0.9508196721311475,2.4326931968759453
pendigits,KarciFANN,103,52,0.004635755670915229,0.9571317225253313,0.005757312410807624,0.9508196721311475,2.156600318602593
pendigits,KarciFANN,103,53,0.004623638536401837,0.9576513380098727,0.00575267596891259,0.9508196721311475,6.585911205206289
pendigits,KarciFANN,103,54,0.00460556551869763,0.9575214341387374,0.005680332124807914,0.9514268366727383,2.4806811691924726
pendigits,KarciFANN,103,55,0.004586241626945763,0.9577812418810081,0.005711219991417569,0.9514268366727383,2.472080236825939
pendigits,KarciFANN,103,56,0.004584556933899595,0.9576513380098727,0.005697388511107355,0.9508196721311475,5.426654932629468
pendigits,KarciFANN,103,57,0.004570885313380986,0.9576513380098727,0.005697412549685943,0.9508196721311475,2.3887412884092756
pendigits,KarciFANN,103,58,0.004584798974403319,0.9573915302676019,0.005711565100062038,0.9514268366727383,2.4650908968104286
pendigits,KarciFANN,103,59,0.004572165998949976,0.9576513380098727,0.005717816551935061,0.9508196721311475,2.150964276734856
pendigits,KarciFANN,103,60,0.004559483551692561,0.9579111457521434,0.005650464667944173,0.9508196721311475,2.428115563104556
pendigits,KarciFANN,103,61,0.004564464649413404,0.9577812418810081,0.005673872431392039,0.9514268366727383,2.4490744404844973
pendigits,KarciFANN,103,62,0.0045514760605984955,0.9575214341387374,0.005689788047257574,0.9508196721311475,5.673791700943176
pendigits,KarciFANN,103,63,0.004523630481049314,0.9579111457521434,0.005629423867364768,0.9514268366727383,2.163059494734633
pendigits,KarciFANN,103,64,0.004523258984545296,0.9577812418810081,0.00566814417788755,0.9508196721311475,5.4971894378619295
pendigits,KarciFANN,103,65,0.004523527206816644,0.9579111457521434,0.00563376544815358,0.9514268366727383,5.027838017213378
pendigits,KarciFANN,103,66,0.004510265290417215,0.9579111457521434,0.005601051397568486,0.9514268366727383,2.49467753981627
pendigits,KarciFANN,103,67,0.004904847558893834,0.9555728760717069,0.006175115290673528,0.9483910139647844,2.1298640606309247
pendigits,KarciFANN,103,68,0.004513464337052007,0.9577812418810081,0.005704211919387869,0.9514268366727383,2.5039647994977527
pendigits,KarciFANN,103,69,0.004504349333061039,0.9579111457521434,0.005632373333182219,0.9514268366727383,2.503606410330656
pendigits,KarciFANN,103,70,0.004480142414917989,0.9579111457521434,0.005657975712267908,0.9514268366727383,2.5044879659742185
pendigits,KarciFANN,103,71,0.004477983554827048,0.9579111457521434,0.00561878258885765,0.9514268366727383,4.928773451789942
pendigits,KarciFANN,103,72,0.004480371050488512,0.9581709534944142,0.005615020173349855,0.9514268366727383,7.8424261280884435
pendigits,KarciFANN,103,73,0.004460630455233576,0.9580410496232787,0.005632699019619147,0.9514268366727383,11.259193026095634
pendigits,KarciFANN,103,74,0.004464199820991581,0.9580410496232787,0.00561006307331702,0.9514268366727383,5.490683842807652
pendigits,KarciFANN,103,75,0.004448221386341285,0.9580410496232787,0.005598714962629929,0.9514268366727383,2.5053271028758566
pendigits,KarciFANN,104,1,0.025794368882479515,0.8677578591842037,0.026176416469417374,0.8597449908925319,1.5723733003501625
pendigits,KarciFANN,104,2,0.016821039565912577,0.905040270200052,0.01776292789825858,0.8961748633879781,1.5300098325511535
pendigits,KarciFANN,104,3,0.012442878399278316,0.921667965705378,0.013345958642954167,0.9156041287188829,2.877942140514497
pendigits,KarciFANN,104,4,0.011280354437255384,0.9320602753962068,0.012039030142520854,0.9241044323011536,1.9250531946058322
pendigits,KarciFANN,104,5,0.00937484800069824,0.9406339308911406,0.010129418209907386,0.9374620522161505,1.740390356662173
pendigits,KarciFANN,104,6,0.009241408579904986,0.9405040270200052,0.009994892808473457,0.9344262295081968,1.893053309939429
pendigits,KarciFANN,104,7,0.008383397414843171,0.9428422967004416,0.009145744267290092,0.9398907103825137,2.660252377884034
pendigits,KarciFANN,104,8,0.007488393857831841,0.9468693167056378,0.008107506005980933,0.9429265330904675,2.2323329334567066
pendigits,KarciFANN,104,9,0.0074954615180734974,0.9463497012210964,0.008069622632594153,0.9429265330904675,2.675749070382856
pendigits,KarciFANN,104,10,0.006827018603054254,0.9479085476747207,0.007423213133195703,0.9459623557984214,1.9914541250397577
pendigits,KarciFANN,104,11,0.006692906130965015,0.9493374902572097,0.0072990898478248484,0.9453551912568307,2.073050718039693
pendigits,KarciFANN,104,12,0.0069199933183238796,0.9475188360613146,0.007604957662544116,0.9453551912568307,2.3168505208629786
pendigits,KarciFANN,104,13,0.00645596966991977,0.9499870096128865,0.007157292171112945,0.9471766848816029,1.859691887878893
pendigits,KarciFANN,104,14,0.0063894120991526355,0.9506365289685632,0.007023836221786908,0.9477838494231937,3.1197933358996273
pendigits,KarciFANN,104,15,0.006257476482501649,0.9520654715510523,0.0069233637847826565,0.9483910139647844,2.183274750002561
pendigits,KarciFANN,104,16,0.005933780668010927,0.9516757599376462,0.006584032987089396,0.9483910139647844,3.608683769554124
pendigits,KarciFANN,104,17,0.005833052228251376,0.9523252792933229,0.006628159991025694,0.9471766848816029,2.5329366011276315
pendigits,KarciFANN,104,18,0.005706219784233912,0.9547934528448948,0.006491617743337038,0.949605343047966,2.4659764997664206
pendigits,KarciFANN,104,19,0.005530472101349433,0.9544037412314887,0.006285555989705415,0.949605343047966,1.897324531312031
pendigits,KarciFANN,104,20,0.005344438423231408,0.9564822031696545,0.006179753367434031,0.949605343047966,4.641705716279807
pendigits,KarciFANN,104,21,0.0054005960599138965,0.9568719147830606,0.006153372173479024,0.9502125075895568,2.270198652473633
pendigits,KarciFANN,104,22,0.005167793301211797,0.9567420109119251,0.006013290594974228,0.9514268366727383,5.4804463685183595
pendigits,KarciFANN,104,23,0.005105273754360277,0.9567420109119251,0.00599207609995798,0.9502125075895568,2.074433980972934
pendigits,KarciFANN,104,24,0.005299925325758815,0.9567420109119251,0.00614201840615083,0.9520340012143291,2.1116223890238
pendigits,KarciFANN,104,25,0.004983617264728986,0.9576513380098727,0.0059307068158858675,0.9502125075895568,4.0236672647102205
pendigits,KarciFANN,104,26,0.005055421899739009,0.9572616263964666,0.005970390252876761,0.9514268366727383,1.9946109324908248
pendigits,KarciFANN,104,27,0.004897307873376324,0.9577812418810081,0.005838521788936953,0.9514268366727383,2.3882099235024206
pendigits,KarciFANN,104,28,0.004834095637079246,0.9580410496232787,0.005788764998716744,0.9520340012143291,2.085556192640712
pendigits,KarciFANN,104,29,0.0049539889199494485,0.9581709534944142,0.005883152775974948,0.9514268366727383,2.3925985503745535
pendigits,KarciFANN,104,30,0.004860863908437653,0.9583008573655495,0.0057640438933701105,0.9526411657559198,2.416308013996631
pendigits,KarciFANN,104,31,0.004721489362855651,0.9586905689789555,0.005679360819160195,0.9508196721311475,6.504697843179595
pendigits,KarciFANN,104,32,0.004752220433203788,0.9584307612366848,0.005701966944788185,0.9532483302975107,1.9764342352781004
pendigits,KarciFANN,104,33,0.004721808746672444,0.958820472850091,0.005811846098103912,0.9489981785063752,2.4345055422429946
pendigits,KarciFANN,104,34,0.004715792856935611,0.958820472850091,0.005662205347533625,0.9526411657559198,8.292412231720693
pendigits,KarciFANN,104,35,0.004632680341516995,0.9590802805923616,0.005678689303922199,0.9502125075895568,4.676120899551641
pendigits,KarciFANN,104,36,0.004597333921498012,0.959210184463497,0.0056672423166691695,0.9508196721311475,5.311394690465604
pendigits,KarciFANN,104,37,0.004592169546579331,0.9595998960769031,0.005659656563038132,0.9514268366727383,2.4380399172800926
pendigits,KarciFANN,104,38,0.004599390715780605,0.9590802805923616,0.005659568918664251,0.9514268366727383,3.896417096536508
pendigits,KarciFANN,104,39,0.004683974834234663,0.958820472850091,0.005797266319449924,0.9514268366727383,1.9257385396524151
pendigits,KarciFANN,104,40,0.00450369649420625,0.9597297999480384,0.005573447717953877,0.9526411657559198,2.448680977125403
pendigits,KarciFANN,104,41,0.0045901033020586905,0.9589503767212263,0.005751849515993862,0.9520340012143291,3.261969663623954
pendigits,KarciFANN,104,42,0.004475838085065618,0.9594699922057678,0.005607880001702438,0.9508196721311475,2.4470569324633997
pendigits,KarciFANN,104,43,0.004476304462643677,0.9595998960769031,0.005618773089021518,0.9508196721311475,4.502772908442035
pendigits,KarciFANN,104,44,0.004461237919582279,0.9595998960769031,0.005660203300341718,0.9508196721311475,5.131057532911258
pendigits,KarciFANN,104,45,0.0044563719459578665,0.9597297999480384,0.005538108478147878,0.9526411657559198,6.049498937170423
pendigits,KarciFANN,104,46,0.004416778824052144,0.9597297999480384,0.005567552506916613,0.9514268366727383,2.461879341121152
pendigits,KarciFANN,104,47,0.004415266597554668,0.9597297999480384,0.005612280160075562,0.9520340012143291,2.139540783835823
pendigits,KarciFANN,104,48,0.004448693430519937,0.9597297999480384,0.00560575030330269,0.9526411657559198,5.079130609148556
pendigits,KarciFANN,104,49,0.004386692873631267,0.9597297999480384,0.005502426921804724,0.9526411657559198,2.461488131993048
pendigits,KarciFANN,104,50,0.004393670098210604,0.9599896076903092,0.00552233025020352,0.9520340012143291,4.989784347311684
pendigits,KarciFANN,104,51,0.004385410050512042,0.9598597038191738,0.00562031820111894,0.9520340012143291,6.989435470545341
pendigits,KarciFANN,104,52,0.004397815233177062,0.9597297999480384,0.00555626997494666,0.9526411657559198,2.470388648265286
pendigits,KarciFANN,104,53,0.004349433513519657,0.9599896076903092,0.005534344681870449,0.9532483302975107,1.9915164751807066
pendigits,KarciFANN,104,54,0.0043312521354023845,0.9601195115614445,0.005521380954897369,0.9532483302975107,2.4779930632592815
pendigits,KarciFANN,104,55,0.004337099012612482,0.9603793193037152,0.005543508818567418,0.9520340012143291,2.478125644730634
pendigits,KarciFANN,104,56,0.0043153305512736145,0.9601195115614445,0.005470969930362141,0.9532483302975107,7.056004132523363
pendigits,KarciFANN,104,57,0.004318855270752539,0.9601195115614445,0.005512479989839933,0.9526411657559198,6.479211546766604
pendigits,KarciFANN,104,58,0.004299709457179123,0.9601195115614445,0.005562760792214931,0.9508196721311475,2.147927563360205
pendigits,KarciFANN,104,59,0.004286878843564526,0.9602494154325799,0.00551034571614378,0.9526411657559198,2.4832299223269945
pendigits,KarciFANN,104,60,0.004278552230700793,0.9603793193037152,0.00553502244037395,0.9520340012143291,2.4818077142244634
pendigits,KarciFANN,104,61,0.004282946980491529,0.9602494154325799,0.0055709029019782854,0.9514268366727383,6.442187973856012
pendigits,KarciFANN,104,62,0.004271720563641102,0.9605092231748507,0.005546109947381142,0.9514268366727383,2.488151427962448
pendigits,KarciFANN,104,63,0.004277540432499725,0.9602494154325799,0.005499507149174488,0.9526411657559198,4.166424365439593
pendigits,KarciFANN,104,64,0.004251862446380256,0.9605092231748507,0.005512802875335093,0.9532483302975107,8.45547965746353
pendigits,KarciFANN,104,65,0.004244225017003328,0.9605092231748507,0.005489802055759795,0.9532483302975107,2.4701410437652287
pendigits,KarciFANN,104,66,0.004249351419413346,0.9605092231748507,0.005527230567844152,0.9520340012143291,2.4423182572811917
pendigits,KarciFANN,104,67,0.004234619053120659,0.9603793193037152,0.0054571206773622516,0.9526411657559198,2.1773157805302645
pendigits,KarciFANN,104,68,0.004247841321645628,0.9602494154325799,0.005536180026622535,0.9520340012143291,2.480988430337694
pendigits,KarciFANN,104,69,0.004303080816135318,0.9603793193037152,0.005492704636847087,0.9532483302975107,3.481656616898713
pendigits,KarciFANN,104,70,0.0042335316237397825,0.960639127045986,0.005539771183555635,0.9520340012143291,7.021169742164534
pendigits,KarciFANN,104,71,0.0042181088535118315,0.9603793193037152,0.005488756452905339,0.9532483302975107,5.164080609179358
pendigits,KarciFANN,104,72,0.004207984386356989,0.9605092231748507,0.005497149568024446,0.9532483302975107,2.1789806385438157
pendigits,KarciFANN,104,73,0.0042003244207174184,0.9603793193037152,0.005530007691396002,0.9520340012143291,5.883336757582385
pendigits,KarciFANN,104,74,0.00420481224004236,0.960639127045986,0.00550898400704201,0.9514268366727383,2.489521205063206
pendigits,KarciFANN,104,75,0.004186033800589532,0.960639127045986,0.005536336206546532,0.9520340012143291,1.990026304991756
pendigits,KarciFANN,105,1,0.028711083310782703,0.8510002598077423,0.029140458435169048,0.8463873709775349,1.468668909225051
pendigits,KarciFANN,105,2,0.016093987192128276,0.8999740192257729,0.01652350746046494,0.9010321797207043,1.7426630430958068
pendigits,KarciFANN,105,3,0.012104562720972505,0.9260846973239802,0.012696637195328585,0.9253187613843351,1.8043499732818642
pendigits,KarciFANN,105,4,0.010603187947006213,0.9336191218498311,0.011291291803218525,0.9313904068002429,2.099653298925806
pendigits,KarciFANN,105,5,0.009124844379470799,0.9390750844375162,0.00964734363833088,0.9368548876745598,3.25438584492938
pendigits,KarciFANN,105,6,0.012607734481595247,0.9308911405559885,0.01367731913038223,0.930783242258652,2.0180741966914275
pendigits,KarciFANN,105,7,0.008132713818616752,0.9433619121849831,0.008700368088096815,0.9404978749241044,2.8177772986243235
pendigits,KarciFANN,105,8,0.00786228877604958,0.9442712392829307,0.008517118585363477,0.9411050394656952,2.201542780335333
pendigits,KarciFANN,105,9,0.007420700121365629,0.9459599896076903,0.007975414894074022,0.944140862173649,1.9378232395080792
pendigits,KarciFANN,105,10,0.007039791335947881,0.946219797349961,0.007674114406889618,0.9447480267152398,3.2282066630823025
pendigits,KarciFANN,105,11,0.006907647194929551,0.9460898934788257,0.00754164405738343,0.9429265330904675,3.320222758651267
pendigits,KarciFANN,105,12,0.006723795595423823,0.9464796050922317,0.007305382857854263,0.9459623557984214,2.01437881704376
pendigits,KarciFANN,105,13,0.006512758055869286,0.9489477786438035,0.007151956885670389,0.9465695203400122,2.2153702877941814
pendigits,KarciFANN,105,14,0.00643905847439628,0.9497272018706158,0.0070419932505751525,0.9465695203400122,3.648483950005727
pendigits,KarciFANN,105,15,0.006336537587288273,0.9492075863860743,0.007257746411454155,0.9447480267152398,1.7851303733912924
pendigits,KarciFANN,105,16,0.006142892016179825,0.950896336710834,0.006958667625686843,0.9477838494231937,2.014925307669356
pendigits,KarciFANN,105,17,0.00601471464046357,0.9523252792933229,0.006911833221878589,0.9465695203400122,3.2086156464574755
pendigits,KarciFANN,105,18,0.00587069395380809,0.9524551831644583,0.006773705834375507,0.9465695203400122,2.3461916792366706
pendigits,KarciFANN,105,19,0.005757280927278921,0.9531047025201351,0.006677236583826045,0.9483910139647844,2.072224404900225
pendigits,KarciFANN,105,20,0.005815354752989961,0.9525850870355936,0.006846724753760446,0.9471766848816029,2.0238735469731646
pendigits,KarciFANN,105,21,0.0055926163302340475,0.9534944141335412,0.006468688562053654,0.9471766848816029,2.355015187326844
pendigits,KarciFANN,105,22,0.006969499683017988,0.9445310470252013,0.008014558761409885,0.9368548876745598,2.7655083460402192
pendigits,KarciFANN,105,23,0.00545537967045784,0.9533645102624059,0.006398343534444588,0.9483910139647844,2.413980468657959
pendigits,KarciFANN,105,24,0.005520820452737182,0.9529747986489997,0.00640292676115651,0.9483910139647844,1.9952760500943818
pendigits,KarciFANN,105,25,0.0053990272933868,0.9542738373603533,0.006412863743588265,0.949605343047966,1.9478163759298632
pendigits,KarciFANN,105,26,0.005876336506293268,0.9520654715510523,0.00664891896351669,0.9483910139647844,2.5303355727068246
pendigits,KarciFANN,105,27,0.005338556859231993,0.9545336451026241,0.006322648383751614,0.9489981785063752,2.423625673888156
pendigits,KarciFANN,105,28,0.005284551337159571,0.9546635489737594,0.00632374572509678,0.9483910139647844,3.226164598109572
pendigits,KarciFANN,105,29,0.005263906108369396,0.9537542218758119,0.00618654095474197,0.9483910139647844,2.4519198757505234
pendigits,KarciFANN,105,30,0.005123404892696428,0.9551831644583009,0.006128256316493097,0.9508196721311475,2.3858693365822057
pendigits,KarciFANN,105,31,0.005081749040235481,0.9555728760717069,0.006139948137299233,0.9489981785063752,4.561529086710215
pendigits,KarciFANN,105,32,0.005055902845768076,0.9553130683294362,0.006097516854985031,0.949605343047966,2.444069513129784
pendigits,KarciFANN,105,33,0.0050437831710653525,0.9554429722005716,0.006150434109202315,0.949605343047966,2.1395279798963407
pendigits,KarciFANN,105,34,0.005021775547352138,0.9557027799428423,0.006136334121667203,0.9489981785063752,2.4387555714753595
pendigits,KarciFANN,105,35,0.0050026478045027255,0.9555728760717069,0.006086176388522531,0.9483910139647844,2.454517993706489
pendigits,KarciFANN,105,36,0.004947423301055909,0.9557027799428423,0.006048894491201092,0.9489981785063752,2.4530981421336375
pendigits,KarciFANN,105,37,0.004979519487737896,0.9557027799428423,0.006145904953249854,0.9489981785063752,2.4566025148816215
pendigits,KarciFANN,105,38,0.0050128851162931495,0.9564822031696545,0.006048283621479459,0.9514268366727383,2.1071508129818852
pendigits,KarciFANN,105,39,0.004874968884390785,0.955962587685113,0.005930170494601315,0.9489981785063752,5.862725798124924
pendigits,KarciFANN,105,40,0.004853619228580645,0.955962587685113,0.0059392805295966885,0.9489981785063752,5.142656489126453
pendigits,KarciFANN,105,41,0.0048403934124579984,0.9562223954273837,0.005912752444245916,0.949605343047966,6.138293620378368
pendigits,KarciFANN,105,42,0.0051205949107277085,0.9546635489737594,0.0062700968784333054,0.949605343047966,2.8561124511327396
pendigits,KarciFANN,105,43,0.004808058381305099,0.9562223954273837,0.005978090229405609,0.9483910139647844,6.113132226892263
pendigits,KarciFANN,105,44,0.004899964336908422,0.9555728760717069,0.006124513599160296,0.9502125075895568,3.5132347528225885
pendigits,KarciFANN,105,45,0.004910483500209843,0.9560924915562484,0.006112180137798463,0.949605343047966,2.396589186735245
pendigits,KarciFANN,105,46,0.0047776115264756116,0.9563522992985191,0.0059072543734373624,0.9502125075895568,2.4356045707774343
pendigits,KarciFANN,105,47,0.004766747255923858,0.9563522992985191,0.005893847879626847,0.9502125075895568,4.807837598667377
pendigits,KarciFANN,105,48,0.004738462607301221,0.9566121070407898,0.005880156979843272,0.949605343047966,6.41089550179817
pendigits,KarciFANN,105,49,0.004719994472248045,0.9564822031696545,0.005935000811909703,0.9489981785063752,2.4461519087986936
pendigits,KarciFANN,105,50,0.0047931691191278655,0.9560924915562484,0.005998837028216428,0.9489981785063752,2.082987358149598
pendigits,KarciFANN,105,51,0.004721415904869022,0.9566121070407898,0.005859610168706572,0.949605343047966,4.083147021543272
pendigits,KarciFANN,105,52,0.004695234017270499,0.9566121070407898,0.005838228391897545,0.949605343047966,2.496967550392039
pendigits,KarciFANN,105,53,0.004732540707212325,0.9564822031696545,0.005947078148747959,0.9502125075895568,4.823603025446049
pendigits,KarciFANN,105,54,0.004682972936369045,0.9567420109119251,0.005784844674387105,0.9508196721311475,2.498762361227704
pendigits,KarciFANN,105,55,0.0046537120622541445,0.9568719147830606,0.005859218349298536,0.9502125075895568,7.035677127884012
pendigits,KarciFANN,105,56,0.0046425091169926954,0.9571317225253313,0.005874060634737759,0.9502125075895568,2.1818043512852845
pendigits,KarciFANN,105,57,0.004621556659053118,0.9572616263964666,0.005813452846129833,0.9502125075895568,2.5062850459368256
pendigits,KarciFANN,105,58,0.004663805800240722,0.9571317225253313,0.005812390843295111,0.9502125075895568,2.635745802107146
pendigits,KarciFANN,105,59,0.004611941771186725,0.9572616263964666,0.005769502725511746,0.9502125075895568,6.527934546978263
pendigits,KarciFANN,105,60,0.0046003814697441366,0.9572616263964666,0.005858360529873351,0.949605343047966,2.5139997848470506
pendigits,KarciFANN,105,61,0.004638520510432701,0.9571317225253313,0.005817257543918451,0.949605343047966,4.778521163394039
pendigits,KarciFANN,105,62,0.004608604218348333,0.9570018186541959,0.005794911839427385,0.9508196721311475,4.70915458812842
pendigits,KarciFANN,105,63,0.0046076844437148694,0.9570018186541959,0.005849512537292212,0.949605343047966,6.101346112112111
pendigits,KarciFANN,105,64,0.00458361332032726,0.9572616263964666,0.005868643067636318,0.949605343047966,2.51896804683169
pendigits,KarciFANN,105,65,0.004967708959844408,0.9551831644583009,0.006413411689699903,0.9477838494231937,2.0075245667454427
pendigits,KarciFANN,105,66,0.004551048368156233,0.9572616263964666,0.005814103989903746,0.9502125075895568,2.514759284858129
pendigits,KarciFANN,105,67,0.004551326690903122,0.9575214341387374,0.005782320109505452,0.9502125075895568,6.153145861438374
pendigits,KarciFANN,105,68,0.004554462876809196,0.9572616263964666,0.0058400778699883365,0.949605343047966,5.877740303287958
pendigits,KarciFANN,105,69,0.004565852569017271,0.9575214341387374,0.00578165113064123,0.9502125075895568,4.18015889707194
pendigits,KarciFANN,105,70,0.004537486651104586,0.9572616263964666,0.005813133850942148,0.949605343047966,6.856051934123196
pendigits,KarciFANN,105,71,0.004575322911993549,0.9571317225253313,0.005956506577718607,0.949605343047966,4.035938507848319
pendigits,KarciFANN,105,72,0.004524702169029794,0.9575214341387374,0.00573311877340956,0.9502125075895568,6.779751546011023
pendigits,KarciFANN,105,73,0.004551036416514942,0.9573915302676019,0.005847080016033592,0.949605343047966,4.776644833107014
pendigits,KarciFANN,105,74,0.004554845210215185,0.9572616263964666,0.005891005863261471,0.949605343047966,2.4459539026039137
pendigits,KarciFANN,105,75,0.004538056011960985,0.9572616263964666,0.0058275171813813404,0.949605343047966,8.182216847788485
pendigits,KarciFANN,106,1,0.02459871838223985,0.8602234346583528,0.025171969600546927,0.848816029143898,1.5373476996734992
pendigits,KarciFANN,106,2,0.015393147123966786,0.9053000779423227,0.015612760034494943,0.9095324833029751,2.3096735029593187
pendigits,KarciFANN,106,3,0.012469879295839911,0.9232268121590024,0.01302041802811336,0.920461445051609,1.9786621927228616
pendigits,KarciFANN,106,4,0.010850454789093843,0.9308911405559885,0.011367290782262863,0.9247115968427444,1.81974781309927
pendigits,KarciFANN,106,5,0.009592254428265766,0.9369966224993505,0.010058659973162364,0.9374620522161505,2.0270591384317878
pendigits,KarciFANN,106,6,0.008894322270759288,0.9392049883086516,0.00937318840711762,0.9344262295081968,1.7569591140751628
pendigits,KarciFANN,106,7,0.008857600718872354,0.9373863341127565,0.009336858469287923,0.9319975713418336,2.6307344721138137
pendigits,KarciFANN,106,8,0.00798925512151585,0.9436217199272539,0.008356556353729479,0.944140862173649,2.248056252547244
pendigits,KarciFANN,106,9,0.007324472851925787,0.9451805663808781,0.007805058503657933,0.9435336976320583,1.943727131487767
pendigits,KarciFANN,106,10,0.007010296527214625,0.9459599896076903,0.007473268967116077,0.9459623557984214,2.7754695048630103
pendigits,KarciFANN,106,11,0.006885562660661784,0.9467394128345025,0.00732291024063203,0.9453551912568307,2.22856460595578
pendigits,KarciFANN,106,12,0.006628439091619309,0.949077682514939,0.00698822293553997,0.9489981785063752,2.0101837175302704
pendigits,KarciFANN,106,13,0.0066162536111775225,0.9485580670303975,0.0070292738523990055,0.9477838494231937,3.0894138849119908
pendigits,KarciFANN,106,14,0.006606234141103876,0.9485580670303975,0.006945868849025021,0.9477838494231937,2.120533412576943
pendigits,KarciFANN,106,15,0.006127796500130698,0.9514159521953754,0.006578328484805614,0.949605343047966,4.440986855294583
pendigits,KarciFANN,106,16,0.006047201900248208,0.9515458560665108,0.006516490028279259,0.9489981785063752,4.591281957045338
pendigits,KarciFANN,106,17,0.0070816828223947605,0.9451805663808781,0.007742249720760171,0.941712204007286,2.3653884911887535
pendigits,KarciFANN,106,18,0.005957450074212903,0.9524551831644583,0.006598339169442908,0.9489981785063752,2.0767279155917593
pendigits,KarciFANN,106,19,0.005805872833750017,0.9527149909067291,0.006518552240759447,0.9471766848816029,2.2316545775525594
pendigits,KarciFANN,106,20,0.005837961346843655,0.9533645102624059,0.006632764243989839,0.9477838494231937,2.1908241977916276
pendigits,KarciFANN,106,21,0.005490909480670694,0.9546635489737594,0.006170158025498645,0.9502125075895568,2.3869664833107263
pendigits,KarciFANN,106,22,0.005517039890616322,0.9553130683294362,0.006221587437480752,0.9508196721311475,2.331535140089103
pendigits,KarciFANN,106,23,0.0053747407973365,0.9553130683294362,0.006151163443656597,0.9508196721311475,2.0704583002208037
pendigits,KarciFANN,106,24,0.005315767909655823,0.9549233567160301,0.006057665998929744,0.9489981785063752,1.9316333557559564
pendigits,KarciFANN,106,25,0.0053010570184843404,0.9558326838139777,0.006036318849362415,0.9502125075895568,3.3959962608545684
pendigits,KarciFANN,106,26,0.005231270834152263,0.9555728760717069,0.006031500715498528,0.9502125075895568,2.4062472095963803
pendigits,KarciFANN,106,27,0.005178449842059347,0.9557027799428423,0.006011253213962798,0.9502125075895568,2.3745243637268936
pendigits,KarciFANN,106,28,0.005138791309328698,0.9558326838139777,0.005927189879192471,0.9508196721311475,2.428099892136771
pendigits,KarciFANN,106,29,0.0051200563816451656,0.9563522992985191,0.0060125035315188565,0.9502125075895568,2.412900587471369
pendigits,KarciFANN,106,30,0.005189862094990833,0.955962587685113,0.006033343751451817,0.9502125075895568,2.3865337459606195
pendigits,KarciFANN,106,31,0.005045980043591384,0.9564822031696545,0.005968328559001088,0.9508196721311475,2.1138668647762557
pendigits,KarciFANN,106,32,0.005008806136646762,0.955962587685113,0.005872366427351951,0.9508196721311475,5.225980230523277
pendigits,KarciFANN,106,33,0.005009035941197183,0.9564822031696545,0.005984897288206142,0.9502125075895568,6.268010571604548
pendigits,KarciFANN,106,34,0.005003915079927491,0.9564822031696545,0.005856018494007862,0.949605343047966,2.119893474231883
pendigits,KarciFANN,106,35,0.004946870624629682,0.9567420109119251,0.00592008965082753,0.9502125075895568,3.7871154001965888
pendigits,KarciFANN,106,36,0.0049120736687245994,0.9568719147830606,0.005925813550624426,0.949605343047966,2.4494987590067288
pendigits,KarciFANN,106,37,0.0049060668649608535,0.9568719147830606,0.005820560091271695,0.9514268366727383,2.4619796377998844
pendigits,KarciFANN,106,38,0.004838948289553163,0.9570018186541959,0.005818045276153986,0.9508196721311475,2.4635296211827393
pendigits,KarciFANN,106,39,0.0048917917088916645,0.9567420109119251,0.005862304557568397,0.949605343047966,5.1827807571323765
pendigits,KarciFANN,106,40,0.0049220639067957565,0.9564822031696545,0.005926558168256349,0.9508196721311475,2.683579595804401
pendigits,KarciFANN,106,41,0.0048049306651231916,0.9571317225253313,0.00582356798162148,0.9508196721311475,4.678316892432736
pendigits,KarciFANN,106,42,0.004777431757730157,0.9571317225253313,0.005739924341271438,0.9508196721311475,2.432039096486233
pendigits,KarciFANN,106,43,0.0047396323528017615,0.9572616263964666,0.005798325570468793,0.9508196721311475,4.76201857009328
pendigits,KarciFANN,106,44,0.004728755581302835,0.9571317225253313,0.00574777303045168,0.9514268366727383,2.4690727182667795
pendigits,KarciFANN,106,45,0.004714305763150614,0.9571317225253313,0.005758095572215408,0.9508196721311475,6.984239984502734
pendigits,KarciFANN,106,46,0.0047039007008349756,0.9575214341387374,0.005729720745513206,0.9508196721311475,2.4490822204820146
pendigits,KarciFANN,106,47,0.00468613967132759,0.9575214341387374,0.00580416402438776,0.949605343047966,2.470684260791599
pendigits,KarciFANN,106,48,0.004667837340238768,0.9573915302676019,0.005768324800536122,0.9502125075895568,5.106607910569825
pendigits,KarciFANN,106,49,0.004677345566784896,0.9575214341387374,0.005732132793081397,0.9514268366727383,4.142791760053326
pendigits,KarciFANN,106,50,0.0046766130345959125,0.9573915302676019,0.005682218136206522,0.9502125075895568,9.339262861246684
pendigits,KarciFANN,106,51,0.004643798715673775,0.9575214341387374,0.005811072896969068,0.9502125075895568,2.4910217206765344
pendigits,KarciFANN,106,52,0.004626560017390469,0.9576513380098727,0.005730614067269316,0.9508196721311475,2.1679514690544255
pendigits,KarciFANN,106,53,0.004623863774233,0.9575214341387374,0.00579748693028991,0.9502125075895568,2.4865729077920093
pendigits,KarciFANN,106,54,0.004608155546176893,0.9576513380098727,0.005707101692342839,0.9514268366727383,4.876841319327632
pendigits,KarciFANN,106,55,0.0045840149987983235,0.9576513380098727,0.005732484693424147,0.949605343047966,2.48364534017771
pendigits,KarciFANN,106,56,0.004606452834477527,0.9576513380098727,0.005761941490403153,0.9502125075895568,2.4917806994544516
pendigits,KarciFANN,106,57,0.004584786204714467,0.9577812418810081,0.005774673936473879,0.9508196721311475,2.496689837049145
pendigits,KarciFANN,106,58,0.004554601506788698,0.9579111457521434,0.005675062114219265,0.9508196721311475,6.163417301198865
pendigits,KarciFANN,106,59,0.0045665583570464584,0.9576513380098727,0.005764702008455688,0.9502125075895568,4.781785946390443
pendigits,KarciFANN,106,60,0.004560560585772103,0.9577812418810081,0.005665139848065424,0.9514268366727383,2.507092930035844
pendigits,KarciFANN,106,61,0.004527385117493976,0.9579111457521434,0.0056373719763057675,0.9508196721311475,2.498110825635108
pendigits,KarciFANN,106,62,0.004568437382147421,0.9576513380098727,0.005630991736327499,0.9520340012143291,2.4530343925764204
pendigits,KarciFANN,106,63,0.004534521576477136,0.9577812418810081,0.005786788474404158,0.9489981785063752,1.823754354045916
pendigits,KarciFANN,106,64,0.004522754626684363,0.9580410496232787,0.005716431393408758,0.9508196721311475,2.4892443946921676
pendigits,KarciFANN,106,65,0.004511233143824307,0.9580410496232787,0.005697151847870465,0.9502125075895568,2.517539065097469
pendigits,KarciFANN,106,66,0.004499685263171481,0.9580410496232787,0.005686198137439117,0.9508196721311475,4.788256657715951
pendigits,KarciFANN,106,67,0.004514138963637838,0.9577812418810081,0.005698137459176698,0.9508196721311475,2.4997985758034185
pendigits,KarciFANN,106,68,0.004488668828497935,0.9581709534944142,0.005627450727115678,0.9508196721311475,6.140035602149743
pendigits,KarciFANN,106,69,0.004471837248147873,0.9580410496232787,0.005660935115508282,0.9508196721311475,2.524101111780604
pendigits,KarciFANN,106,70,0.004493825693661064,0.9580410496232787,0.005550303952169875,0.9520340012143291,2.184737624918322
pendigits,KarciFANN,106,71,0.004466542272026597,0.9581709534944142,0.00570595383723667,0.9483910139647844,2.528848994802061
pendigits,KarciFANN,106,72,0.004462220973540582,0.9580410496232787,0.005694359515524969,0.9508196721311475,2.463215911808042
pendigits,KarciFANN,106,73,0.004532933247430916,0.9576513380098727,0.005892558848222224,0.9477838494231937,2.421046193363204
pendigits,KarciFANN,106,74,0.0044420017937100344,0.9581709534944142,0.005638818590766586,0.9502125075895568,2.5081521796804362
pendigits,KarciFANN,106,75,0.004484738216695842,0.9581709534944142,0.005709666496392852,0.9489981785063752,2.533868118343014
pendigits,KarciFANN,107,1,0.026100701769150726,0.8720446869316706,0.026433443054885472,0.8603521554341227,1.554060342663027
pendigits,KarciFANN,107,2,0.016252104151826385,0.9027020005196155,0.016372895171910953,0.9016393442622951,1.5784302080474601
pendigits,KarciFANN,107,3,0.013900224745401273,0.910106521174331,0.01417147976415431,0.9089253187613844,2.1294685645116695
pendigits,KarciFANN,107,4,0.011028184123706824,0.9302416212003117,0.011818994164365302,0.9259259259259259,2.5208720835897442
pendigits,KarciFANN,107,5,0.009972101393002896,0.9341387373343726,0.010538153732871054,0.9277474195506983,2.8485067902731314
pendigits,KarciFANN,107,6,0.0088777174575692,0.9414133541179527,0.009483611718572087,0.9380692167577414,2.0677499019019243
pendigits,KarciFANN,107,7,0.008131216323106068,0.9434918160561184,0.008714270873940272,0.9411050394656952,1.7758304653291044
pendigits,KarciFANN,107,8,0.007520421142506974,0.9455702779942843,0.008082267278968451,0.9423193685488768,3.0529482518994935
pendigits,KarciFANN,107,9,0.007188916473773987,0.9466095089633672,0.007691354593577264,0.9435336976320583,1.8099485716140955
pendigits,KarciFANN,107,10,0.007693219673646192,0.9445310470252013,0.008322458333031538,0.9411050394656952,2.809771054378309
pendigits,KarciFANN,107,11,0.00680038385712417,0.9471291244479085,0.007456248432420707,0.944140862173649,2.224805864441984
pendigits,KarciFANN,107,12,0.006632453922848395,0.9480384515458561,0.007190491268332903,0.9471766848816029,2.426486578552715
pendigits,KarciFANN,107,13,0.007543580499730358,0.9423226812159002,0.008289395495234808,0.9398907103825137,2.820094621569873
pendigits,KarciFANN,107,14,0.00644623439455933,0.9492075863860743,0.007061683021709971,0.9459623557984214,3.4771590502709917
pendigits,KarciFANN,107,15,0.006177722059005416,0.9506365289685632,0.0067903535208886125,0.9465695203400122,2.2884083618468836
pendigits,KarciFANN,107,16,0.006183596010419236,0.9503767212262926,0.006833466043363286,0.9483910139647844,2.1039349950642934
pendigits,KarciFANN,107,17,0.006340662880597169,0.9488178747726682,0.007098221256063236,0.9447480267152398,1.9088890115754569
pendigits,KarciFANN,107,18,0.007050041866169197,0.944790854767472,0.007854332109063559,0.9392835458409229,1.9139275684242674
pendigits,KarciFANN,107,19,0.005829901244179023,0.9515458560665108,0.006601624634374903,0.9477838494231937,2.3447134010988386
pendigits,KarciFANN,107,20,0.005758536771017687,0.9520654715510523,0.006495757037160911,0.949605343047966,2.3095996303176998
pendigits,KarciFANN,107,21,0.005694220533904543,0.9521953754221876,0.006337218151735112,0.9489981785063752,2.283620943073812
pendigits,KarciFANN,107,22,0.005687994247129661,0.9515458560665108,0.006363111907471266,0.9489981785063752,1.999951167570623
pendigits,KarciFANN,107,23,0.005642254065605784,0.9519355676799168,0.006379637603679846,0.949605343047966,3.1325634573503547
pendigits,KarciFANN,107,24,0.005592559938097574,0.9520654715510523,0.006364114986670054,0.9502125075895568,3.70704706657122
pendigits,KarciFANN,107,25,0.005498706831751958,0.9525850870355936,0.0062807561820484486,0.9477838494231937,3.780321829134311
pendigits,KarciFANN,107,26,0.00549440902998205,0.9525850870355936,0.006335812901179353,0.9489981785063752,1.8960199516572214
pendigits,KarciFANN,107,27,0.005552071410065914,0.9533645102624059,0.0063977827969117305,0.9489981785063752,2.528682353222438
pendigits,KarciFANN,107,28,0.00549565167032004,0.9527149909067291,0.006235961829742266,0.9489981785063752,3.1718326517230553
pendigits,KarciFANN,107,29,0.005365301251328065,0.9538841257469473,0.006230397970940483,0.9477838494231937,2.3751684977140557
pendigits,KarciFANN,107,30,0.007106365459336696,0.942972200571577,0.008222450810835377,0.9356405585913783,2.4055739948859447
pendigits,KarciFANN,107,31,0.0052408182717943,0.9549233567160301,0.0061518450145372034,0.949605343047966,3.3196206456728805
pendigits,KarciFANN,107,32,0.005072143945149671,0.9555728760717069,0.0060784580941489995,0.949605343047966,2.077866334365981
pendigits,KarciFANN,107,33,0.0050915562564655134,0.9553130683294362,0.00613526073364444,0.9489981785063752,6.969143144646431
pendigits,KarciFANN,107,34,0.0050339736002307615,0.9558326838139777,0.0060923371491024775,0.9502125075895568,2.095219471474039
pendigits,KarciFANN,107,35,0.005291058780079075,0.9560924915562484,0.006357690175682775,0.949605343047966,2.5872937117368795
pendigits,KarciFANN,107,36,0.004926654885138681,0.955962587685113,0.00599602549092483,0.9489981785063752,1.9449577432829368
pendigits,KarciFANN,107,37,0.00495227134490589,0.9560924915562484,0.00605315291726568,0.9489981785063752,2.523231477534544
pendigits,KarciFANN,107,38,0.0048997585563249025,0.9564822031696545,0.006006973529781422,0.9489981785063752,2.4274769141647488
pendigits,KarciFANN,107,39,0.004880481846116221,0.9566121070407898,0.005959987506986097,0.9502125075895568,2.385481547805002
pendigits,KarciFANN,107,40,0.004925284191477073,0.9560924915562484,0.005924467052524236,0.9514268366727383,2.4319654295696123
pendigits,KarciFANN,107,41,0.0048850418110557,0.9566121070407898,0.0060159059379344855,0.949605343047966,5.407763947573913
pendigits,KarciFANN,107,42,0.004827462054602971,0.9567420109119251,0.005912241897588818,0.949605343047966,2.395613443409652
pendigits,KarciFANN,107,43,0.004933170279854418,0.9567420109119251,0.006089892341309489,0.9508196721311475,2.4006402617743894
pendigits,KarciFANN,107,44,0.004780251786336212,0.9570018186541959,0.005906803279622558,0.9489981785063752,5.375287936463121
pendigits,KarciFANN,107,45,0.004770006546256086,0.9570018186541959,0.00591335380217601,0.949605343047966,2.4227100996856006
pendigits,KarciFANN,107,46,0.004745224308968656,0.9573915302676019,0.005852325163202,0.9502125075895568,7.906512364413573
pendigits,KarciFANN,107,47,0.004777968040221773,0.9568719147830606,0.005871542196757059,0.9508196721311475,2.4473422605683472
pendigits,KarciFANN,107,48,0.004711873405963665,0.9573915302676019,0.005849131679014918,0.949605343047966,4.67898336598208
pendigits,KarciFANN,107,49,0.004691538994330059,0.9575214341387374,0.005820418481284801,0.9502125075895568,2.106370074114326
pendigits,KarciFANN,107,50,0.004675952467682975,0.9577812418810081,0.005869500824847169,0.9502125075895568,2.139233573072068
pendigits,KarciFANN,107,51,0.0047629509265077075,0.9572616263964666,0.006073898260358393,0.949605343047966,3.759862613277127
pendigits,KarciFANN,107,52,0.0046632840039041576,0.9575214341387374,0.005920111102958036,0.9502125075895568,5.422867870198867
pendigits,KarciFANN,107,53,0.004626396607931347,0.9577812418810081,0.0058416351987866,0.9502125075895568,2.4631894075208725
pendigits,KarciFANN,107,54,0.00462540474476486,0.9577812418810081,0.005901547087017154,0.949605343047966,2.4182113485409267
pendigits,KarciFANN,107,55,0.00464865062257398,0.9577812418810081,0.005901647116610372,0.949605343047966,2.4478906541481784
pendigits,KarciFANN,107,56,0.0046117135845116205,0.9577812418810081,0.005865564923719662,0.9502125075895568,5.011041860033232
pendigits,KarciFANN,107,57,0.004576685363207251,0.9579111457521434,0.00582117930904482,0.9502125075895568,2.4747982455364914
pendigits,KarciFANN,107,58,0.004565577004719292,0.9577812418810081,0.00580620033592917,0.9502125075895568,2.459262117048459
pendigits,KarciFANN,107,59,0.004678503022745035,0.9576513380098727,0.00587017508719688,0.9514268366727383,2.345011680178521
pendigits,KarciFANN,107,60,0.0045996860609833976,0.9572616263964666,0.005844819570654372,0.9508196721311475,2.477814555261248
pendigits,KarciFANN,107,61,0.004547266642455496,0.9579111457521434,0.005742042031357134,0.9514268366727383,2.4696021658696794
pendigits,KarciFANN,107,62,0.004529027652801814,0.9580410496232787,0.005805237635453058,0.9508196721311475,2.156973380965796
pendigits,KarciFANN,107,63,0.004543855257585658,0.9579111457521434,0.0057937682224740075,0.9502125075895568,3.9907720188203823
pendigits,KarciFANN,107,64,0.004806639210651029,0.9573915302676019,0.006114039530036467,0.9502125075895568,2.99270422599648
pendigits,KarciFANN,107,65,0.004537387363893213,0.9579111457521434,0.005787381836161037,0.9514268366727383,2.47936443649511
pendigits,KarciFANN,107,66,0.004517625612659807,0.9580410496232787,0.005841858455631164,0.9508196721311475,1.9926150971174246
pendigits,KarciFANN,107,67,0.004521166532225542,0.9579111457521434,0.005740804736310176,0.9514268366727383,3.7302331966248414
pendigits,KarciFANN,107,68,0.0044859562772541,0.9579111457521434,0.005767680184386758,0.9502125075895568,2.473795664947912
pendigits,KarciFANN,107,69,0.004511190449036961,0.9580410496232787,0.005766224860229421,0.9508196721311475,8.078580166736371
pendigits,KarciFANN,107,70,0.004482519189395969,0.9579111457521434,0.005723106859336162,0.9514268366727383,2.4928052739992084
pendigits,KarciFANN,107,71,0.004498612118275779,0.9580410496232787,0.0057764053591632765,0.9508196721311475,7.041958296401406
pendigits,KarciFANN,107,72,0.004467730719731853,0.9580410496232787,0.005798216597437163,0.9502125075895568,2.4901669442762056
pendigits,KarciFANN,107,73,0.004467163356185023,0.9580410496232787,0.005786147840351257,0.9502125075895568,2.0035810131621425
pendigits,KarciFANN,107,74,0.004486168163378884,0.9581709534944142,0.005720182065780014,0.9514268366727383,2.1621291226096577
pendigits,KarciFANN,107,75,0.004486880314327427,0.9581709534944142,0.005836538064030402,0.949605343047966,2.504797350293262
pendigits,KarciFANN,108,1,0.026162753654190955,0.8500909327097947,0.027256728419034006,0.8293867638129934,1.627233790045896
pendigits,KarciFANN,108,2,0.015724006688554327,0.9047804624577812,0.016572416318918353,0.9028536733454766,2.1186889514167944
pendigits,KarciFANN,108,3,0.012544837126215501,0.9197194076383476,0.01339086481987635,0.9119611414693382,1.72932105430996
pendigits,KarciFANN,108,4,0.010729168892483128,0.9320602753962068,0.01165835201189988,0.9247115968427444,1.614768548783471
pendigits,KarciFANN,108,5,0.009897071896264886,0.9327097947518836,0.010865810747755734,0.9253187613843351,1.8457654385573228
pendigits,KarciFANN,108,6,0.009779675355055962,0.9306313328137179,0.010567728239876993,0.922890103217972,2.3135725690206668
pendigits,KarciFANN,108,7,0.010265848498047845,0.9301117173291764,0.01133183213049466,0.920461445051609,1.5657268039480374
pendigits,KarciFANN,108,8,0.009307165407533225,0.9384255650818394,0.010059793117449459,0.9326047358834244,2.3555344578809225
pendigits,KarciFANN,108,9,0.0077306523798038925,0.9459599896076903,0.00845215131075155,0.9453551912568307,2.9643898353724545
pendigits,KarciFANN,108,10,0.007208036770985259,0.9484281631592621,0.00781588276677427,0.9423193685488768,2.6384065471456637
pendigits,KarciFANN,108,11,0.006800076799917239,0.9492075863860743,0.007351816303904223,0.9459623557984214,3.8440574952918296
pendigits,KarciFANN,108,12,0.006567502167400112,0.9501169134840218,0.007114140826059854,0.9459623557984214,3.5925515571145525
pendigits,KarciFANN,108,13,0.00642970102970191,0.9507664328396986,0.006951231024673125,0.9471766848816029,2.2240179980103365
pendigits,KarciFANN,108,14,0.006291264948740089,0.9505066250974279,0.006832181425229714,0.9489981785063752,3.6109129504183164
pendigits,KarciFANN,108,15,0.007187437574031825,0.9450506625097428,0.0076751132207102234,0.941712204007286,2.6151481338658003
pendigits,KarciFANN,108,16,0.006178006757685346,0.9518056638087815,0.006729864995508184,0.9489981785063752,3.0158390155264865
pendigits,KarciFANN,108,17,0.006898657287078756,0.9484281631592621,0.007594043041829946,0.9404978749241044,2.7892537107762094
pendigits,KarciFANN,108,18,0.006175917474919927,0.9501169134840218,0.0068169797153683435,0.9502125075895568,1.7713674007267273
pendigits,KarciFANN,108,19,0.005763070893912274,0.9533645102624059,0.006278835348481563,0.9508196721311475,2.304674605207587
pendigits,KarciFANN,108,20,0.005664242818853923,0.9537542218758119,0.006211847335493839,0.9502125075895568,3.92193256279688
pendigits,KarciFANN,108,21,0.005686768630221175,0.9545336451026241,0.0063261261311621285,0.949605343047966,2.210456507005919
pendigits,KarciFANN,108,22,0.005809988532153384,0.9544037412314887,0.006543301320564357,0.9502125075895568,2.9647928019729655
pendigits,KarciFANN,108,23,0.005437663523559268,0.9554429722005716,0.006200156822536449,0.9502125075895568,2.050139110940385
pendigits,KarciFANN,108,24,0.005390992224291478,0.9557027799428423,0.006118373962605836,0.9508196721311475,4.724834207561536
pendigits,KarciFANN,108,25,0.00526336020730849,0.9564822031696545,0.006063493712213492,0.949605343047966,2.3679094085202768
pendigits,KarciFANN,108,26,0.005220754745417637,0.9566121070407898,0.006074829361909227,0.9502125075895568,1.9002060459663954
pendigits,KarciFANN,108,27,0.005149656656403806,0.9568719147830606,0.0059833674034114066,0.9514268366727383,2.254823928402867
pendigits,KarciFANN,108,28,0.005069278913202141,0.9570018186541959,0.005959701430110759,0.9514268366727383,2.3439418967848074
pendigits,KarciFANN,108,29,0.005005451102662164,0.9575214341387374,0.005993608717393568,0.9502125075895568,2.0792103935520045
pendigits,KarciFANN,108,30,0.004963216482714443,0.9573915302676019,0.005924519861801396,0.9508196721311475,2.0556038563810826
pendigits,KarciFANN,108,31,0.005121171436827667,0.9572616263964666,0.006127894276843494,0.9514268366727383,2.082692586677589
pendigits,KarciFANN,108,32,0.004906649735349846,0.9581709534944142,0.005842671127384547,0.9508196721311475,4.6218614797815345
pendigits,KarciFANN,108,33,0.0048706946901282,0.9576513380098727,0.005844886687521991,0.949605343047966,2.4252137482381437
pendigits,KarciFANN,108,34,0.004862198645026386,0.9579111457521434,0.005957825599140713,0.949605343047966,6.402393599187198
pendigits,KarciFANN,108,35,0.0048416410827679035,0.9581709534944142,0.005866463775379585,0.9514268366727383,7.129484968628215
pendigits,KarciFANN,108,36,0.004797049468431831,0.9581709534944142,0.005895984870886172,0.9502125075895568,4.751680510932913
pendigits,KarciFANN,108,37,0.004778725622850055,0.9581709534944142,0.005760931753324324,0.9526411657559198,3.3116078048489985
pendigits,KarciFANN,108,38,0.0047722396583736275,0.9580410496232787,0.0058915077594415615,0.9502125075895568,3.6248926491011417
pendigits,KarciFANN,108,39,0.004704710201354351,0.9585606651078202,0.005675292608757489,0.9526411657559198,2.0931346951146566
pendigits,KarciFANN,108,40,0.004670789949317769,0.9584307612366848,0.005827453340587438,0.9502125075895568,5.529802494567897
pendigits,KarciFANN,108,41,0.004661092276640882,0.9585606651078202,0.005793059556127655,0.9508196721311475,2.046833201496893
pendigits,KarciFANN,108,42,0.004628536104438526,0.9586905689789555,0.005690512645866007,0.9520340012143291,2.089226675761989
pendigits,KarciFANN,108,43,0.004622744780631736,0.9586905689789555,0.005727596891465339,0.9520340012143291,7.477132374354396
pendigits,KarciFANN,108,44,0.0045836529673897565,0.9586905689789555,0.005708407621167559,0.9520340012143291,2.1069018344996766
pendigits,KarciFANN,108,45,0.0046038923915741395,0.9589503767212263,0.0057583325568144605,0.9502125075895568,4.239603365672828
pendigits,KarciFANN,108,46,0.004619599261514608,0.9584307612366848,0.0057167846870121025,0.9526411657559198,6.580129106812548
pendigits,KarciFANN,108,47,0.004550593248093471,0.9589503767212263,0.005709193939124682,0.9508196721311475,2.4104752939045904
pendigits,KarciFANN,108,48,0.004538631263141919,0.959210184463497,0.005701679058842528,0.9514268366727383,2.121002656605912
pendigits,KarciFANN,108,49,0.004528649331276378,0.958820472850091,0.005696896353908794,0.9514268366727383,2.318448536442743
pendigits,KarciFANN,108,50,0.004496553853266235,0.959210184463497,0.005749633705169757,0.9502125075895568,2.4134136487619156
pendigits,KarciFANN,108,51,0.004548256542040983,0.959210184463497,0.005855626505704107,0.9502125075895568,2.4330356228306576
pendigits,KarciFANN,108,52,0.004622170279232084,0.959210184463497,0.005939446687903932,0.9508196721311475,3.0941829606245213
pendigits,KarciFANN,108,53,0.004473541753602725,0.9593400883346324,0.005740169401241844,0.9508196721311475,3.6660815749083766
pendigits,KarciFANN,108,54,0.004495731878684986,0.9593400883346324,0.0057264751413731345,0.9514268366727383,4.432090739028068
pendigits,KarciFANN,108,55,0.004458271056848975,0.9593400883346324,0.005719733589246381,0.9508196721311475,6.588367890592658
pendigits,KarciFANN,108,56,0.004642420824019663,0.9590802805923616,0.005807377869824652,0.9514268366727383,3.0377831196574423
pendigits,KarciFANN,108,57,0.00446809799733878,0.959210184463497,0.005685342439917174,0.9508196721311475,2.3698360646681587
pendigits,KarciFANN,108,58,0.004408560351582179,0.9595998960769031,0.0056981084387167725,0.9514268366727383,2.43841419304945
pendigits,KarciFANN,108,59,0.004420761899900646,0.9594699922057678,0.00569342970584092,0.9508196721311475,7.944432771639196
pendigits,KarciFANN,108,60,0.004398624988253936,0.9595998960769031,0.00560744797009409,0.9514268366727383,2.1409940071956193
pendigits,KarciFANN,108,61,0.004385813801485118,0.9597297999480384,0.005650820138434663,0.9514268366727383,2.4268272697033204
pendigits,KarciFANN,108,62,0.004370498447763062,0.9597297999480384,0.005668174288274968,0.9514268366727383,2.4304748882571325
pendigits,KarciFANN,108,63,0.004387443152802595,0.9595998960769031,0.005617167528621872,0.9514268366727383,4.806989244433295
pendigits,KarciFANN,108,64,0.004346700940333183,0.9598597038191738,0.005590074888510761,0.9514268366727383,4.143617708656571
pendigits,KarciFANN,108,65,0.004344709977137845,0.9598597038191738,0.005598682222355319,0.9514268366727383,6.881151609440492
pendigits,KarciFANN,108,66,0.0043764220943726655,0.9598597038191738,0.005729016318669272,0.9508196721311475,3.72999689904566
pendigits,KarciFANN,108,67,0.004329460271401014,0.9598597038191738,0.005586499923768731,0.9514268366727383,2.150783355746162
pendigits,KarciFANN,108,68,0.004335218151857626,0.9595998960769031,0.005648222817320847,0.9520340012143291,6.3643740488002045
pendigits,KarciFANN,108,69,0.004318557839470472,0.9598597038191738,0.0055834092052683745,0.9526411657559198,2.1543535202576636
pendigits,KarciFANN,108,70,0.004311458302193069,0.9597297999480384,0.005610928333206825,0.9508196721311475,2.133733025403797
pendigits,KarciFANN,108,71,0.004319622236084451,0.9598597038191738,0.005568859264034165,0.9520340012143291,2.4757984522009844
pendigits,KarciFANN,108,72,0.004325572325423985,0.9598597038191738,0.0055815795230212545,0.9514268366727383,2.3670678100715494
pendigits,KarciFANN,108,73,0.004294869551239359,0.9598597038191738,0.005555306256228439,0.9508196721311475,7.428008738773687
pendigits,KarciFANN,108,74,0.004315327536972496,0.9597297999480384,0.0056802641721505525,0.9502125075895568,1.997764806295662
pendigits,KarciFANN,108,75,0.004282936167639715,0.9598597038191738,0.005628997819950233,0.9502125075895568,8.764919599899626
pendigits,KarciFANN,109,1,0.024743981224280193,0.8621719927253833,0.025393461837341775,0.8518518518518519,1.506402815182151
pendigits,KarciFANN,109,2,0.017004035838065843,0.9008833463237205,0.017043765467122433,0.9022465088038859,1.7466289744601682
pendigits,KarciFANN,109,3,0.013663881161205307,0.916991426344505,0.014459244445903137,0.9107468123861566,1.9241830489056657
pendigits,KarciFANN,109,4,0.01126067328857729,0.9298519095869057,0.011736410341771671,0.9289617486338798,1.6852676824185697
pendigits,KarciFANN,109,5,0.009953789853224704,0.9345284489477786,0.01054303212445855,0.9319975713418336,1.8515460895176392
pendigits,KarciFANN,109,6,0.009323871162116514,0.9392049883086516,0.009950549131673921,0.9344262295081968,1.844176909462471
pendigits,KarciFANN,109,7,0.008126099348076787,0.9438815276695246,0.008620813223538464,0.9429265330904675,1.936950688951685
pendigits,KarciFANN,109,8,0.007800725925850852,0.9459599896076903,0.008241506248188564,0.9423193685488768,2.613457122639603
pendigits,KarciFANN,109,9,0.007336377552802356,0.9459599896076903,0.007773744474581014,0.9435336976320583,3.8498586354664392
pendigits,KarciFANN,109,10,0.007231205138748587,0.946219797349961,0.007718378124343072,0.9435336976320583,2.4635083844687973
pendigits,KarciFANN,109,11,0.006831773568634613,0.9475188360613146,0.00731568435014726,0.9447480267152398,3.744464703302163
pendigits,KarciFANN,109,12,0.00667513089633325,0.9484281631592621,0.007140418889107588,0.9453551912568307,2.342687285472622
pendigits,KarciFANN,109,13,0.00643595344603688,0.9493374902572097,0.006823261435644652,0.9471766848816029,2.2949836317049694
pendigits,KarciFANN,109,14,0.006340457571249382,0.9492075863860743,0.006734173769601942,0.9471766848816029,3.374282504694233
pendigits,KarciFANN,109,15,0.006170571862105109,0.9503767212262926,0.0066639966275572554,0.9471766848816029,2.3480833377064534
pendigits,KarciFANN,109,16,0.006166429349918908,0.9497272018706158,0.0065829724176809995,0.9483910139647844,2.3198555639118124
pendigits,KarciFANN,109,17,0.006435713763081425,0.949467394128345,0.007065292028357788,0.9465695203400122,2.783568044167824
pendigits,KarciFANN,109,18,0.005997686859114852,0.9514159521953754,0.006509063446750835,0.949605343047966,1.8626887481055077
pendigits,KarciFANN,109,19,0.005787408823691557,0.9525850870355936,0.006340393963365477,0.949605343047966,2.3678350181328294
pendigits,KarciFANN,109,20,0.005652749697106084,0.9527149909067291,0.006212606505783336,0.9502125075895568,2.356518515589673
pendigits,KarciFANN,109,21,0.005569838552787312,0.9533645102624059,0.0062573623426378485,0.9489981785063752,2.3640892687430526
pendigits,KarciFANN,109,22,0.005412036768064799,0.9549233567160301,0.0061492273687014645,0.9514268366727383,3.831494470461608
pendigits,KarciFANN,109,23,0.005392925830833564,0.9547934528448948,0.006280093435338409,0.9489981785063752,3.7885086197133835
pendigits,KarciFANN,109,24,0.005302819783639442,0.9546635489737594,0.006054813545277744,0.9502125075895568,4.169573466738259
pendigits,KarciFANN,109,25,0.005207914746203518,0.9551831644583009,0.0060554593681651486,0.9502125075895568,4.660590240359487
pendigits,KarciFANN,109,26,0.005163475161084488,0.9553130683294362,0.0060517846318011,0.9502125075895568,2.3976937796661755
pendigits,KarciFANN,109,27,0.005195288289061926,0.9558326838139777,0.0061844209274073665,0.9489981785063752,1.9020474660827926
pendigits,KarciFANN,109,28,0.005155355170621323,0.9551831644583009,0.0059881997910284255,0.9502125075895568,5.558612634320592
pendigits,KarciFANN,109,29,0.005022503175607784,0.955962587685113,0.005904352726195905,0.9508196721311475,2.3588392727754375
pendigits,KarciFANN,109,30,0.005049705854452829,0.9562223954273837,0.0059282415178518065,0.9508196721311475,2.4201848607728476
pendigits,KarciFANN,109,31,0.005003374109627586,0.9562223954273837,0.005886550444539419,0.9508196721311475,2.1192695594299784
pendigits,KarciFANN,109,32,0.004991226742718294,0.9566121070407898,0.005837789743271561,0.9514268366727383,2.356918265312804
pendigits,KarciFANN,109,33,0.005118059432295764,0.9568719147830606,0.006101302827644487,0.9508196721311475,1.8362901677183332
pendigits,KarciFANN,109,34,0.004957295549993762,0.9566121070407898,0.0058780451669498855,0.9508196721311475,2.0580426246260224
pendigits,KarciFANN,109,35,0.0049001335890484,0.9567420109119251,0.005807115865738785,0.9508196721311475,4.921020982621374
pendigits,KarciFANN,109,36,0.004825365502500883,0.9568719147830606,0.0058199620865093905,0.9508196721311475,2.44672104364512
pendigits,KarciFANN,109,37,0.004816500006196535,0.9572616263964666,0.005813502987056046,0.9502125075895568,4.926015070815221
pendigits,KarciFANN,109,38,0.004940584733618702,0.9573915302676019,0.005855949636976027,0.9502125075895568,3.143597715234879
pendigits,KarciFANN,109,39,0.0047639180896794555,0.9575214341387374,0.005777771710261795,0.9502125075895568,4.042787024357011
pendigits,KarciFANN,109,40,0.004763273086115964,0.9575214341387374,0.0057383088516886616,0.9514268366727383,2.447863861778285
pendigits,KarciFANN,109,41,0.004891013024346862,0.9568719147830606,0.005939277166724867,0.9508196721311475,2.2000778051806664
pendigits,KarciFANN,109,42,0.004712640965475452,0.9576513380098727,0.005816185775203634,0.9502125075895568,6.5866552505799225
pendigits,KarciFANN,109,43,0.004771981684629987,0.9579111457521434,0.00570599175846556,0.9514268366727383,2.4630670192283457
pendigits,KarciFANN,109,44,0.0046856895845187,0.9576513380098727,0.0056899627492471615,0.9502125075895568,2.448700772238753
pendigits,KarciFANN,109,45,0.004716265981042615,0.9575214341387374,0.005654843645430833,0.9514268366727383,4.4111059186054655
pendigits,KarciFANN,109,46,0.0046578393378575765,0.9577812418810081,0.005720896316839582,0.949605343047966,5.308226932988693
pendigits,KarciFANN,109,47,0.004621950293617665,0.9580410496232787,0.0056394356812646835,0.9514268366727383,2.4187582062793647
pendigits,KarciFANN,109,48,0.0047841044203566245,0.9576513380098727,0.005810048935737714,0.9514268366727383,3.258842239388501
pendigits,KarciFANN,109,49,0.004623770261388111,0.9579111457521434,0.005785000732834041,0.949605343047966,2.482563383354638
pendigits,KarciFANN,109,50,0.004593146158569328,0.9581709534944142,0.005630630798794703,0.9514268366727383,1.9907435705123033
pendigits,KarciFANN,109,51,0.004597526835347454,0.9581709534944142,0.005594377319202865,0.9520340012143291,4.560735289312424
pendigits,KarciFANN,109,52,0.00462875030718962,0.9581709534944142,0.005707340032794399,0.9514268366727383,2.2879700645008993
pendigits,KarciFANN,109,53,0.004583575808103074,0.9580410496232787,0.00564794010118214,0.9508196721311475,4.352568060142917
pendigits,KarciFANN,109,54,0.005678767551546587,0.9515458560665108,0.006862646953454438,0.9435336976320583,1.990601089321469
pendigits,KarciFANN,109,55,0.004531444331705272,0.9583008573655495,0.00555686981362583,0.9520340012143291,2.486678952801304
pendigits,KarciFANN,109,56,0.004547103789899863,0.9583008573655495,0.005565248600144064,0.9520340012143291,2.498875911108613
pendigits,KarciFANN,109,57,0.004549539803543864,0.9580410496232787,0.005664370955563183,0.9508196721311475,2.48517519014014
pendigits,KarciFANN,109,58,0.004531767524394194,0.9583008573655495,0.005542259421555738,0.9520340012143291,2.487201414442723
pendigits,KarciFANN,109,59,0.004504387613247231,0.9581709534944142,0.005625797408030088,0.9508196721311475,2.496897501366976
pendigits,KarciFANN,109,60,0.004517039545904067,0.9580410496232787,0.005649781394857885,0.9508196721311475,6.6010566773831005
pendigits,KarciFANN,109,61,0.004486388564538666,0.9584307612366848,0.005614563918067846,0.9514268366727383,2.504615054151519
pendigits,KarciFANN,109,62,0.00449517229057738,0.9584307612366848,0.005562140250320162,0.9520340012143291,2.1777366992226406
pendigits,KarciFANN,109,63,0.004495325157987775,0.9584307612366848,0.0055707326831991024,0.9514268366727383,4.1267543119067245
pendigits,KarciFANN,109,64,0.0044703702002102065,0.9585606651078202,0.005636139764264227,0.9508196721311475,2.512203457632631
pendigits,KarciFANN,109,65,0.004472947900303366,0.9583008573655495,0.005585521614052545,0.9514268366727383,10.174568681192719
pendigits,KarciFANN,109,66,0.0044568598378652005,0.9584307612366848,0.005564763446593865,0.9520340012143291,2.5142785748706746
pendigits,KarciFANN,109,67,0.004637013310026487,0.9570018186541959,0.0056352987057247655,0.9514268366727383,3.2447802073680854
pendigits,KarciFANN,109,68,0.004439042388394942,0.9584307612366848,0.005586823196161733,0.9514268366727383,5.551924530572303
pendigits,KarciFANN,109,69,0.00443405673529102,0.9584307612366848,0.005582064502237275,0.9508196721311475,6.955569445297913
pendigits,KarciFANN,109,70,0.004436244721644991,0.9584307612366848,0.005514931297468089,0.9514268366727383,5.855661636034195
pendigits,KarciFANN,109,71,0.004435217867770385,0.9584307612366848,0.0056132857850410955,0.9508196721311475,2.5104311999793945
pendigits,KarciFANN,109,72,0.004423951856941097,0.9584307612366848,0.005537422324714831,0.9514268366727383,2.4765556978524064
pendigits,KarciFANN,109,73,0.004420953777361236,0.9584307612366848,0.005587152192149156,0.9508196721311475,2.510691261154818
pendigits,KarciFANN,109,74,0.0044207086113667885,0.9586905689789555,0.005588966438517697,0.9514268366727383,3.797441314270351
pendigits,KarciFANN,109,75,0.004417462724815544,0.9585606651078202,0.005544331152842492,0.9514268366727383,2.52964531115107
pendigits,KarciFANN,110,1,0.023833024487774995,0.8742530527409716,0.024115125084452568,0.8688524590163934,1.5022389475705238
pendigits,KarciFANN,110,2,0.01566811232518547,0.9076383476227592,0.01635595103718306,0.9034608378870674,1.4848203776365136
pendigits,KarciFANN,110,3,0.013071024717690893,0.9189399844115355,0.013948097971266196,0.9143897996357013,2.0218712083879105
pendigits,KarciFANN,110,4,0.011278967112165618,0.9320602753962068,0.012189654631116835,0.930783242258652,2.252693735719885
pendigits,KarciFANN,110,5,0.010109021418550553,0.9356975837879968,0.010860298957004558,0.9313904068002429,1.781029562553058
pendigits,KarciFANN,110,6,0.008988478162388971,0.9403741231488698,0.009509260252071963,0.9404978749241044,1.7490106805449432
pendigits,KarciFANN,110,7,0.008113499944077535,0.942582488958171,0.008766248200602827,0.9411050394656952,2.9511165469878153
pendigits,KarciFANN,110,8,0.007706135964253284,0.9438815276695246,0.008301614796509996,0.941712204007286,1.9477532931495252
pendigits,KarciFANN,110,9,0.007329080148601488,0.9458300857365549,0.007892653813118685,0.9435336976320583,3.623113113021628
pendigits,KarciFANN,110,10,0.007797522399685305,0.942582488958171,0.008297658843183144,0.9404978749241044,2.4027611847639383
pendigits,KarciFANN,110,11,0.006842160393201368,0.9481683554169914,0.007520332838968574,0.9447480267152398,1.824462829207733
pendigits,KarciFANN,110,12,0.006665590528688027,0.9489477786438035,0.007316114836677497,0.9435336976320583,3.274856691959527
pendigits,KarciFANN,110,13,0.006605156751452542,0.9486879709015329,0.007373986659334965,0.9429265330904675,4.559040615795005
pendigits,KarciFANN,110,14,0.006495307266881526,0.9501169134840218,0.00722235409482544,0.9459623557984214,2.4026465948596445
pendigits,KarciFANN,110,15,0.006285745232840655,0.9520654715510523,0.0070960896693997,0.9483910139647844,2.2053261729857963
pendigits,KarciFANN,110,16,0.006064492423123698,0.9521953754221876,0.0068046809459019345,0.9471766848816029,1.7705360115367115
pendigits,KarciFANN,110,17,0.005939351391254076,0.9529747986489997,0.006718847215897829,0.9459623557984214,1.993499021528414
pendigits,KarciFANN,110,18,0.006109544186237975,0.9518056638087815,0.006958923533717874,0.9435336976320583,2.1086069060633834
pendigits,KarciFANN,110,19,0.005689589932693583,0.9536243180046765,0.006516505337654922,0.9483910139647844,3.2177109214553123
pendigits,KarciFANN,110,20,0.00579017813968025,0.9532346063912704,0.006615081000531458,0.9483910139647844,4.272503242326267
pendigits,KarciFANN,110,21,0.005771431561470443,0.9537542218758119,0.006531346800393787,0.949605343047966,2.841544855504563
pendigits,KarciFANN,110,22,0.005817767643346678,0.9544037412314887,0.00676132637069015,0.9465695203400122,2.9419399366379446
pendigits,KarciFANN,110,23,0.0053955013918976155,0.9547934528448948,0.006228948805353474,0.949605343047966,1.9121241973931056
pendigits,KarciFANN,110,24,0.005399762716753007,0.9551831644583009,0.006207624959747234,0.9514268366727383,5.6031738645565
pendigits,KarciFANN,110,25,0.005625736934107936,0.9554429722005716,0.00660703610531486,0.9477838494231937,2.683611542388772
pendigits,KarciFANN,110,26,0.005296011874462849,0.9551831644583009,0.006202172413155082,0.9489981785063752,3.4960442652752444
pendigits,KarciFANN,110,27,0.005263422218139905,0.9555728760717069,0.006160208802468755,0.949605343047966,3.93538422951531
pendigits,KarciFANN,110,28,0.005153121323137095,0.9555728760717069,0.0060151611458523924,0.9514268366727383,2.3838084774089716
pendigits,KarciFANN,110,29,0.005320863507865608,0.9538841257469473,0.006323168929199812,0.9477838494231937,4.708037855743153
pendigits,KarciFANN,110,30,0.005148275735407771,0.9553130683294362,0.006066429856573697,0.9502125075895568,4.536109180152887
pendigits,KarciFANN,110,31,0.0050258394074441355,0.9558326838139777,0.005936311984771197,0.9502125075895568,2.103057595296984
pendigits,KarciFANN,110,32,0.005053144876638297,0.955962587685113,0.005983486675038912,0.9508196721311475,1.8269429483131971
pendigits,KarciFANN,110,33,0.004984037374612293,0.9560924915562484,0.0059359544615140885,0.9502125075895568,2.3594391821869487
pendigits,KarciFANN,110,34,0.004976737418291724,0.9563522992985191,0.00593388820652487,0.9508196721311475,5.402307606319981
pendigits,KarciFANN,110,35,0.004907629259367021,0.9563522992985191,0.005908217768817165,0.9502125075895568,2.4270039503693406
pendigits,KarciFANN,110,36,0.0049167931293131704,0.9562223954273837,0.005922525649720893,0.9502125075895568,2.4278073962024704
pendigits,KarciFANN,110,37,0.005085546236404769,0.9555728760717069,0.006153389887918434,0.9502125075895568,2.010806972141217
pendigits,KarciFANN,110,38,0.004865779787941374,0.9562223954273837,0.005885354333806661,0.9508196721311475,2.1290871643805307
pendigits,KarciFANN,110,39,0.004836344258797216,0.9564822031696545,0.00584336266518828,0.9502125075895568,5.345615744136904
pendigits,KarciFANN,110,40,0.005089678601186839,0.9551831644583009,0.0060673080267552625,0.9483910139647844,2.3223346980226833
pendigits,KarciFANN,110,41,0.004808830930420058,0.9570018186541959,0.005892254616083387,0.949605343047966,2.4468385705105473
pendigits,KarciFANN,110,42,0.004787869092935631,0.9571317225253313,0.005831120658424796,0.9508196721311475,2.1298568971347316
pendigits,KarciFANN,110,43,0.004781148276044543,0.9570018186541959,0.005900852575619114,0.9502125075895568,4.376328756640181
pendigits,KarciFANN,110,44,0.0047422064648576165,0.9571317225253313,0.005837966000618038,0.9502125075895568,7.226564827632069
pendigits,KarciFANN,110,45,0.004777780233344093,0.9570018186541959,0.005909199635480611,0.9502125075895568,2.076549401916709
pendigits,KarciFANN,110,46,0.0048158956265778995,0.9567420109119251,0.005878681597419461,0.9508196721311475,2.0098518946257053
pendigits,KarciFANN,110,47,0.004703891220548591,0.9572616263964666,0.005857376305894629,0.9502125075895568,1.9804328118041066
pendigits,KarciFANN,110,48,0.004762552116502238,0.9572616263964666,0.0058759710156886325,0.9508196721311475,2.1307679692783292
pendigits,KarciFANN,110,49,0.0047144172610177225,0.9573915302676019,0.005836732964908823,0.9502125075895568,6.048399287441969
pendigits,KarciFANN,110,50,0.004904380090411237,0.9554429722005716,0.00594351978767588,0.9508196721311475,2.8199296095210573
pendigits,KarciFANN,110,51,0.004652195026322128,0.9576513380098727,0.005798180604545741,0.9502125075895568,5.6074868129071325
pendigits,KarciFANN,110,52,0.004639035319621243,0.9575214341387374,0.005772701510385791,0.9502125075895568,6.380800823646137
pendigits,KarciFANN,110,53,0.004687679751982692,0.9575214341387374,0.005740281673530802,0.9508196721311475,5.195038888432976
pendigits,KarciFANN,110,54,0.004665673853618733,0.9572616263964666,0.005826427273689031,0.9502125075895568,2.470299066072473
pendigits,KarciFANN,110,55,0.004612098596526594,0.9575214341387374,0.005806802655580342,0.9502125075895568,2.4669902632934613
pendigits,KarciFANN,110,56,0.004590569096109832,0.9576513380098727,0.005817344938863402,0.949605343047966,6.939967511531354
pendigits,KarciFANN,110,57,0.0046108598942428,0.9575214341387374,0.00582098467036898,0.949605343047966,2.136784701591523
pendigits,KarciFANN,110,58,0.004595808012514236,0.9577812418810081,0.0058052979843587265,0.9502125075895568,5.143275111172307
pendigits,KarciFANN,110,59,0.0045710206346205465,0.9576513380098727,0.005799581316959924,0.949605343047966,5.693164724858673
pendigits,KarciFANN,110,60,0.004557543165035662,0.9576513380098727,0.005801679312475348,0.9489981785063752,2.4731978973814663
pendigits,KarciFANN,110,61,0.0045809621101257835,0.9577812418810081,0.005804482971769324,0.9489981785063752,4.9834696474041955
pendigits,KarciFANN,110,62,0.00453646403370539,0.9577812418810081,0.005767993137138609,0.9489981785063752,2.14883126288936
pendigits,KarciFANN,110,63,0.00452379414206977,0.9577812418810081,0.00576430870302817,0.949605343047966,2.491885450404439
pendigits,KarciFANN,110,64,0.004530291501959553,0.9580410496232787,0.0058089946872301595,0.949605343047966,4.532194151575507
pendigits,KarciFANN,110,65,0.004506777460537442,0.9579111457521434,0.005805337201462243,0.949605343047966,2.1684410193730748
pendigits,KarciFANN,110,66,0.0045161978861557525,0.9579111457521434,0.005733227434790101,0.9514268366727383,5.4489941655041525
pendigits,KarciFANN,110,67,0.00449401121109453,0.9580410496232787,0.005755522821756632,0.9489981785063752,6.306113941015013
pendigits,KarciFANN,110,68,0.004488198853529377,0.9581709534944142,0.005814388596963918,0.949605343047966,9.021409387689063
pendigits,KarciFANN,110,69,0.004496784489344798,0.9581709534944142,0.005810782475676212,0.9508196721311475,2.4859148638361055
pendigits,KarciFANN,110,70,0.004499506214607486,0.9580410496232787,0.00581650655246739,0.949605343047966,2.503518269170127
pendigits,KarciFANN,110,71,0.004488166138403806,0.9580410496232787,0.005813748642068812,0.949605343047966,1.9983057014851424
pendigits,KarciFANN,110,72,0.004461956039404856,0.9581709534944142,0.00580100096742836,0.9483910139647844,5.317427077595063
pendigits,KarciFANN,110,73,0.0044700510712413774,0.9581709534944142,0.005819485098651188,0.949605343047966,2.1837984888930593
pendigits,KarciFANN,110,74,0.004451342348900248,0.9581709534944142,0.005761738946744608,0.949605343047966,2.182970463462914
pendigits,KarciFANN,110,75,0.004464460217850092,0.9580410496232787,0.005813855284001313,0.949605343047966,2.188143067425459
pendigits,KarciFANN,111,1,0.024304834758957936,0.8686671862821512,0.0248913090174823,0.8548876745598057,1.5071846267081563
pendigits,KarciFANN,111,2,0.016594642694194438,0.898545076643284,0.017387278870944437,0.8937462052216151,1.6184460271544552
pendigits,KarciFANN,111,3,0.01344830293528258,0.9141335411795272,0.014161514001542594,0.9119611414693382,2.121150205633778
pendigits,KarciFANN,111,4,0.011231634711780845,0.9316705637828008,0.012204044677678527,0.9277474195506983,1.7951512552307356
pendigits,KarciFANN,111,5,0.009810295193245966,0.9390750844375162,0.010379916384186855,0.9392835458409229,2.2754878927909887
pendigits,KarciFANN,111,6,0.008567946814335191,0.9401143154065991,0.009320536577504472,0.9392835458409229,2.167004051091513
pendigits,KarciFANN,111,7,0.008275641545020442,0.9418030657313587,0.008979424001624587,0.9374620522161505,2.434567473005932
pendigits,KarciFANN,111,8,0.0074939330536586655,0.9445310470252013,0.00810263178689249,0.9423193685488768,2.1928238786866556
pendigits,KarciFANN,111,9,0.007266131334000464,0.9454403741231489,0.007919545018918048,0.944140862173649,1.972452791515674
pendigits,KarciFANN,111,10,0.006965657444079049,0.9459599896076903,0.007561389186851114,0.944140862173649,1.8321759658124623
pendigits,KarciFANN,111,11,0.006853986138670048,0.9477786438035853,0.007387410404929365,0.9453551912568307,2.859223601300169
pendigits,KarciFANN,111,12,0.006811581205494683,0.949077682514939,0.007371047027202857,0.9459623557984214,2.0550565512938257
pendigits,KarciFANN,111,13,0.006552255466444144,0.9501169134840218,0.007172448295918101,0.9447480267152398,1.9935375026055102
pendigits,KarciFANN,111,14,0.0062938508933185165,0.9495972979994803,0.00688614573400347,0.9483910139647844,2.0603836549918393
pendigits,KarciFANN,111,15,0.005991305784279822,0.9527149909067291,0.006630057196229849,0.9483910139647844,2.335178541665856
pendigits,KarciFANN,111,16,0.0059276971317092095,0.9524551831644583,0.0066049856693625435,0.9471766848816029,2.308680221052661
pendigits,KarciFANN,111,17,0.005733781489101778,0.9531047025201351,0.006459264629113118,0.9477838494231937,2.3166544563972953
pendigits,KarciFANN,111,18,0.00584460116285888,0.9520654715510523,0.006744394788414312,0.9465695203400122,2.471546911245706
pendigits,KarciFANN,111,19,0.005600970577504877,0.9536243180046765,0.006383777065187294,0.9483910139647844,2.0732046213870303
pendigits,KarciFANN,111,20,0.0055055862789970995,0.9542738373603533,0.0062838650640011495,0.949605343047966,2.382253391951272
pendigits,KarciFANN,111,21,0.0054552649369244135,0.9540140296180826,0.006254654864314546,0.9502125075895568,3.884576157155467
pendigits,KarciFANN,111,22,0.00536815935508664,0.9545336451026241,0.006328108915583907,0.9489981785063752,3.1122188561272903
pendigits,KarciFANN,111,23,0.005320271570762613,0.9551831644583009,0.006317931479734815,0.9459623557984214,3.973005324708046
pendigits,KarciFANN,111,24,0.005219243604884934,0.9549233567160301,0.006106147994940021,0.9502125075895568,4.2902950337524395
pendigits,KarciFANN,111,25,0.005164260054537318,0.9553130683294362,0.006103546475115567,0.949605343047966,2.4100485327579553
pendigits,KarciFANN,111,26,0.005146418060148101,0.9562223954273837,0.006089000078720035,0.9489981785063752,2.4125349816730006
pendigits,KarciFANN,111,27,0.005125321896943731,0.9558326838139777,0.006057162575516266,0.9502125075895568,6.776228377343621
pendigits,KarciFANN,111,28,0.005051390208209023,0.9560924915562484,0.005995295989906393,0.9489981785063752,1.945460166415149
pendigits,KarciFANN,111,29,0.004998457695430211,0.9560924915562484,0.005981808734594743,0.9502125075895568,2.417328949174696
pendigits,KarciFANN,111,30,0.005006024785824545,0.9562223954273837,0.005989614162765789,0.9502125075895568,2.437366974330063
pendigits,KarciFANN,111,31,0.004963658490473297,0.9562223954273837,0.005963000497771639,0.9483910139647844,2.4348337431619083
pendigits,KarciFANN,111,32,0.004925066398618945,0.9564822031696545,0.005887638474740188,0.9508196721311475,2.4430458487844695
pendigits,KarciFANN,111,33,0.0049710077220037905,0.955962587685113,0.005875886720396686,0.9508196721311475,3.62649376199844
pendigits,KarciFANN,111,34,0.005138818340753043,0.9563522992985191,0.0062023749451323275,0.9483910139647844,2.4939054040172977
pendigits,KarciFANN,111,35,0.004863015332263246,0.9570018186541959,0.005869664732621255,0.949605343047966,6.183778629515442
pendigits,KarciFANN,111,36,0.00482790533728745,0.9566121070407898,0.005842385092359392,0.9508196721311475,2.129068520577861
pendigits,KarciFANN,111,37,0.004843797385870661,0.9567420109119251,0.0058606293696544355,0.9502125075895568,4.296671189382316
pendigits,KarciFANN,111,38,0.0048658920416849855,0.9566121070407898,0.005825430665291208,0.9520340012143291,2.142847874894408
pendigits,KarciFANN,111,39,0.004760466551003481,0.9571317225253313,0.005772519199924593,0.9514268366727383,1.983490822374945
pendigits,KarciFANN,111,40,0.00476125519792896,0.9570018186541959,0.005815986817299063,0.9508196721311475,2.4730882603607345
pendigits,KarciFANN,111,41,0.004790595320930339,0.9570018186541959,0.005765568425942113,0.9514268366727383,4.135942726108051
pendigits,KarciFANN,111,42,0.0047784298273010565,0.9570018186541959,0.0058232379064232336,0.9502125075895568,4.1555097826743115
pendigits,KarciFANN,111,43,0.004702541648267281,0.9572616263964666,0.005813249452852606,0.9508196721311475,6.004550742695341
pendigits,KarciFANN,111,44,0.004713779392294392,0.9570018186541959,0.00583402971479314,0.9483910139647844,2.484452139846374
pendigits,KarciFANN,111,45,0.004688117602918124,0.9572616263964666,0.005735578266575165,0.9508196721311475,2.13717767721675
pendigits,KarciFANN,111,46,0.0046733043445859,0.9571317225253313,0.005773663727167816,0.949605343047966,2.482458804962063
pendigits,KarciFANN,111,47,0.004648971026897548,0.9575214341387374,0.005735112551967352,0.9502125075895568,2.4601400722655407
pendigits,KarciFANN,111,48,0.004639816912032935,0.9573915302676019,0.005686178585988148,0.9514268366727383,6.305480515855038
pendigits,KarciFANN,111,49,0.004625453387245435,0.9573915302676019,0.005734912263997381,0.9508196721311475,5.582913061830971
pendigits,KarciFANN,111,50,0.004605268757786821,0.9575214341387374,0.005721513342475885,0.9514268366727383,7.061539512357315
pendigits,KarciFANN,111,51,0.004650137141002564,0.9571317225253313,0.005654080316037111,0.9514268366727383,3.7467829198112415
pendigits,KarciFANN,111,52,0.00459175627181423,0.9575214341387374,0.005662258727399017,0.9514268366727383,2.4919308489808776
pendigits,KarciFANN,111,53,0.004641794625236087,0.9573915302676019,0.005833014246908215,0.9502125075895568,2.3669104820343687
pendigits,KarciFANN,111,54,0.004563348834792274,0.9575214341387374,0.005656197104217224,0.9508196721311475,5.886201871608801
pendigits,KarciFANN,111,55,0.00457373605929751,0.9575214341387374,0.005669135070203502,0.9508196721311475,2.179311176879745
pendigits,KarciFANN,111,56,0.004588411252618638,0.9573915302676019,0.00569117582204189,0.9502125075895568,2.406980652073255
pendigits,KarciFANN,111,57,0.004562479010771515,0.9575214341387374,0.005696567971572594,0.9502125075895568,2.498011427919991
pendigits,KarciFANN,111,58,0.004545775398225653,0.9573915302676019,0.005666910206431687,0.9508196721311475,2.49973691948598
pendigits,KarciFANN,111,59,0.004557478557295192,0.9575214341387374,0.005588467944946651,0.9514268366727383,3.977945410230623
pendigits,KarciFANN,111,60,0.004533078908074329,0.9575214341387374,0.005611330863406521,0.9514268366727383,7.3789910992689105
pendigits,KarciFANN,111,61,0.004538783460949049,0.9575214341387374,0.005596486842376686,0.9520340012143291,2.0207064217406745
pendigits,KarciFANN,111,62,0.004517982875634843,0.9575214341387374,0.005670598759868739,0.9502125075895568,2.509745902669962
pendigits,KarciFANN,111,63,0.004527168312215568,0.9575214341387374,0.005625913341583304,0.9508196721311475,8.229150574800565
pendigits,KarciFANN,111,64,0.004502388040642765,0.9575214341387374,0.005602830324118816,0.9502125075895568,6.048125991067015
pendigits,KarciFANN,111,65,0.004501035862697303,0.9575214341387374,0.0055980286428969255,0.9508196721311475,2.465268449036191
pendigits,KarciFANN,111,66,0.004540934243835802,0.9575214341387374,0.005626538370146266,0.9514268366727383,2.4573656536512
pendigits,KarciFANN,111,67,0.00450005545787228,0.9575214341387374,0.005572702905864896,0.9520340012143291,8.337103136033349
pendigits,KarciFANN,111,68,0.004476652192459314,0.9575214341387374,0.005599281149696152,0.9514268366727383,2.5230770145414207
pendigits,KarciFANN,111,69,0.004486556641579199,0.9575214341387374,0.005669090270454886,0.9502125075895568,4.875273810754306
pendigits,KarciFANN,111,70,0.004485678480160589,0.9575214341387374,0.0056077026885342565,0.9514268366727383,4.394584311235782
pendigits,KarciFANN,111,71,0.004461484964118377,0.9575214341387374,0.005620242255712127,0.9502125075895568,5.511915517545263
pendigits,KarciFANN,111,72,0.004461380471011959,0.9575214341387374,0.005590608787346651,0.9514268366727383,2.0310677536970485
pendigits,KarciFANN,111,73,0.004466664847123716,0.9575214341387374,0.0056154648744077915,0.9520340012143291,2.523872169911083
pendigits,KarciFANN,111,74,0.004455039839083765,0.9576513380098727,0.0055937977242609994,0.9514268366727383,2.212448547153949
pendigits,KarciFANN,111,75,0.004451420392394663,0.9575214341387374,0.005630892019648618,0.9502125075895568,4.416170449799922
pendigits,KarciFANN,112,1,0.02346720618934718,0.8673681475707976,0.02417229535218981,0.8536733454766242,2.0011801695752003
pendigits,KarciFANN,112,2,0.01612331902050371,0.900753442452585,0.01665566678743149,0.8979963570127505,2.1203657277083177
pendigits,KarciFANN,112,3,0.013159136391305592,0.919849311509483,0.013796527712550298,0.9168184578020644,1.8590161192666388
pendigits,KarciFANN,112,4,0.011956684603096358,0.9292023902312289,0.012256017022550502,0.9277474195506983,1.690978803427795
pendigits,KarciFANN,112,5,0.010004204631774863,0.9355676799168615,0.010699611911663746,0.9319975713418336,1.8597872184196766
pendigits,KarciFANN,112,6,0.008727533954255583,0.9414133541179527,0.009208721717448333,0.9374620522161505,1.8754739583549154
pendigits,KarciFANN,112,7,0.007918897208335773,0.9431021044427124,0.008445274378321868,0.9411050394656952,2.9783879318070747
pendigits,KarciFANN,112,8,0.0076296637941067925,0.9442712392829307,0.008270719284060216,0.9398907103825137,3.235605838693355
pendigits,KarciFANN,112,9,0.007379585957555089,0.944790854767472,0.008047373579019388,0.9429265330904675,1.9242352882954914
pendigits,KarciFANN,112,10,0.007158217055811557,0.9449207586386075,0.007823087298533031,0.9435336976320583,2.2120037048972705
pendigits,KarciFANN,112,11,0.006869210552593432,0.9467394128345025,0.007492308839900894,0.944140862173649,3.9850403117388904
pendigits,KarciFANN,112,12,0.0071198439313967365,0.9458300857365549,0.007846880068132663,0.9435336976320583,3.022977098061515
pendigits,KarciFANN,112,13,0.00675957392018144,0.9467394128345025,0.007370847805627961,0.9435336976320583,2.262931586988972
pendigits,KarciFANN,112,14,0.006376548645602528,0.9482982592881268,0.007021529695594944,0.9453551912568307,4.340692192807893
pendigits,KarciFANN,112,15,0.006406257868128565,0.94764873993245,0.006968589099049222,0.9459623557984214,1.8034159111861192
pendigits,KarciFANN,112,16,0.006277577560041204,0.9488178747726682,0.0069386723743193966,0.9471766848816029,4.1931280741490715
pendigits,KarciFANN,112,17,0.006219538652923815,0.9488178747726682,0.006889817701961986,0.9459623557984214,4.949641638915237
pendigits,KarciFANN,112,18,0.0060119292871910245,0.950896336710834,0.00666362112354818,0.9471766848816029,2.0584903141413133
pendigits,KarciFANN,112,19,0.005956510430872838,0.95128604832424,0.006607321057474564,0.9465695203400122,4.410260267910834
pendigits,KarciFANN,112,20,0.005935882402175007,0.9506365289685632,0.006579660112528473,0.9483910139647844,4.018036419109274
pendigits,KarciFANN,112,21,0.006014048156287456,0.9503767212262926,0.0066136801794779215,0.9465695203400122,2.22008825986971
pendigits,KarciFANN,112,22,0.005806295989567337,0.9516757599376462,0.00647403320932872,0.9471766848816029,1.9217336799559905
pendigits,KarciFANN,112,23,0.005747739540791133,0.9514159521953754,0.006442932635346574,0.9483910139647844,2.3921756027374466
pendigits,KarciFANN,112,24,0.005624674757122023,0.9527149909067291,0.006331312412935157,0.949605343047966,5.508245857341125
pendigits,KarciFANN,112,25,0.0055900609370860355,0.9528448947778644,0.0063204434732804585,0.9483910139647844,2.393907392264818
pendigits,KarciFANN,112,26,0.0055791924570162575,0.9531047025201351,0.006287331911359801,0.9483910139647844,1.937683083959535
pendigits,KarciFANN,112,27,0.005573710663638081,0.9533645102624059,0.006466522393432224,0.9489981785063752,1.9432308113536731
pendigits,KarciFANN,112,28,0.005358168603274918,0.9537542218758119,0.006206193193229366,0.9483910139647844,4.8431805440779
pendigits,KarciFANN,112,29,0.00533494143199513,0.9545336451026241,0.006203470226972724,0.9477838494231937,2.4245800822472865
pendigits,KarciFANN,112,30,0.0052657922733338,0.9546635489737594,0.006269859234558344,0.9483910139647844,2.4255552494879793
pendigits,KarciFANN,112,31,0.005224537969204541,0.9545336451026241,0.0061779827467126095,0.9483910139647844,2.421155377004056
pendigits,KarciFANN,112,32,0.005180085659754447,0.9550532605871654,0.0060849711124374125,0.9489981785063752,2.060756944033044
pendigits,KarciFANN,112,33,0.005258360613140017,0.9549233567160301,0.006168526800506331,0.9489981785063752,1.874414397984575
pendigits,KarciFANN,112,34,0.005122986472993623,0.9546635489737594,0.006068499911161926,0.9483910139647844,2.423692527971432
pendigits,KarciFANN,112,35,0.005449996230128271,0.9534944141335412,0.006556477278281721,0.9465695203400122,3.158818187733885
pendigits,KarciFANN,112,36,0.005078874663548067,0.9553130683294362,0.006091108101369714,0.9483910139647844,4.382477081730358
pendigits,KarciFANN,112,37,0.005071449388570959,0.9551831644583009,0.005988888248064832,0.9489981785063752,2.1342612480359433
pendigits,KarciFANN,112,38,0.0050027639691918105,0.9553130683294362,0.005989029758976628,0.9489981785063752,4.756969339862569
pendigits,KarciFANN,112,39,0.004974433120995689,0.9551831644583009,0.006018756654395734,0.9483910139647844,2.1232340204260156
pendigits,KarciFANN,112,40,0.004947434300074861,0.9557027799428423,0.00592483400053791,0.9483910139647844,7.233217105888896
pendigits,KarciFANN,112,41,0.005044307249205884,0.9551831644583009,0.006012400617679325,0.9489981785063752,2.041881943126068
pendigits,KarciFANN,112,42,0.005044543825326067,0.9550532605871654,0.006091130840221143,0.9489981785063752,2.143324861833561
pendigits,KarciFANN,112,43,0.004906298681277646,0.9558326838139777,0.00593173716317439,0.9483910139647844,6.897050681604266
pendigits,KarciFANN,112,44,0.004901780146562552,0.9557027799428423,0.005928350425348274,0.949605343047966,6.893201233053283
pendigits,KarciFANN,112,45,0.004864645159748961,0.9560924915562484,0.005954024182042176,0.9489981785063752,4.673198111282538
pendigits,KarciFANN,112,46,0.004916886013906933,0.955962587685113,0.005901146066682502,0.949605343047966,4.899986406260844
pendigits,KarciFANN,112,47,0.004827059978972117,0.9562223954273837,0.0059364712324946264,0.9489981785063752,2.4599186781553586
pendigits,KarciFANN,112,48,0.004813842142759107,0.9564822031696545,0.005915205058314409,0.9483910139647844,6.2368269874167535
pendigits,KarciFANN,112,49,0.004807895150895145,0.9564822031696545,0.005897958801933785,0.9489981785063752,2.156390866342622
pendigits,KarciFANN,112,50,0.004789343266854546,0.9563522992985191,0.00585090428814539,0.9489981785063752,2.1608740838125975
pendigits,KarciFANN,112,51,0.00480131407413154,0.9566121070407898,0.0059359293669645225,0.9489981785063752,4.021926479778286
pendigits,KarciFANN,112,52,0.004792445271735289,0.9563522992985191,0.005976170254205295,0.9489981785063752,2.4873663261105423
pendigits,KarciFANN,112,53,0.004838861193906043,0.9566121070407898,0.006134971715723464,0.9489981785063752,2.1214119702781025
pendigits,KarciFANN,112,54,0.004741205269172313,0.9567420109119251,0.005834048158393709,0.9502125075895568,2.165135092224205
pendigits,KarciFANN,112,55,0.0047265015787637515,0.9564822031696545,0.005951900065797896,0.9483910139647844,6.860399410870077
pendigits,KarciFANN,112,56,0.004810483436574166,0.9566121070407898,0.006070747344885787,0.9489981785063752,2.4367779863018297
pendigits,KarciFANN,112,57,0.004707123227440898,0.9567420109119251,0.00587094954665286,0.949605343047966,4.232232794535334
pendigits,KarciFANN,112,58,0.004699320698169672,0.9570018186541959,0.005845383197429015,0.9502125075895568,4.505778331918293
pendigits,KarciFANN,112,59,0.004673535091688925,0.9568719147830606,0.005852581259587121,0.9489981785063752,2.1750547323456266
pendigits,KarciFANN,112,60,0.0046720055580034316,0.9567420109119251,0.005906712601509237,0.949605343047966,7.439157505226189
pendigits,KarciFANN,112,61,0.004657032269360346,0.9570018186541959,0.005888710308508824,0.9489981785063752,2.490227871447007
pendigits,KarciFANN,112,62,0.004666856009098056,0.9571317225253313,0.0059562177863055074,0.9489981785063752,5.991950063114158
pendigits,KarciFANN,112,63,0.0046745334081251914,0.9570018186541959,0.005915914454960093,0.949605343047966,2.514417664362748
pendigits,KarciFANN,112,64,0.004795851293088627,0.9562223954273837,0.005915206328144487,0.949605343047966,3.9021623185776795
pendigits,KarciFANN,112,65,0.004609970121134588,0.9571317225253313,0.00581837657194312,0.9489981785063752,2.1862354766130134
pendigits,KarciFANN,112,66,0.0046124604298874335,0.9571317225253313,0.005893971639603887,0.9489981785063752,2.481713257221936
pendigits,KarciFANN,112,67,0.004609843423652808,0.9571317225253313,0.005890303791060881,0.9489981785063752,6.276169671833224
pendigits,KarciFANN,112,68,0.004590839782913387,0.9571317225253313,0.005814278673932372,0.949605343047966,6.807635814955162
pendigits,KarciFANN,112,69,0.004617630223758918,0.9572616263964666,0.005878041978671517,0.949605343047966,4.538662149693211
pendigits,KarciFANN,112,70,0.004583979498373268,0.9571317225253313,0.005899846733475733,0.9489981785063752,5.714765058024077
pendigits,KarciFANN,112,71,0.004594531387613811,0.9570018186541959,0.005788093116338238,0.9502125075895568,5.749158807290204
pendigits,KarciFANN,112,72,0.004574292865905687,0.9573915302676019,0.005863721419452819,0.9489981785063752,5.483205911019881
pendigits,KarciFANN,112,73,0.00457811180552946,0.9576513380098727,0.0058647782794496945,0.9489981785063752,8.71457714009087
pendigits,KarciFANN,112,74,0.004577255753669938,0.9573915302676019,0.0058441480868849,0.949605343047966,2.2017779553231263
pendigits,KarciFANN,112,75,0.0045661716039163735,0.9573915302676019,0.005824079318054594,0.9489981785063752,6.220833468379208
pendigits,KarciFANN,113,1,0.026577671194503917,0.8700961288646402,0.027040621295482258,0.8652094717668488,1.4879447503485583
pendigits,KarciFANN,113,2,0.016381504562470492,0.9056897895557288,0.017121438282430512,0.899210686095932,1.5706186724989823
pendigits,KarciFANN,113,3,0.01272289121806812,0.9195895037672123,0.013761672767030126,0.9143897996357013,1.8928903841257583
pendigits,KarciFANN,113,4,0.012338246627453867,0.9201091192517536,0.013383634584541016,0.912568306010929,1.865056224143137
pendigits,KarciFANN,113,5,0.009876856729257411,0.9343985450766433,0.01068686704125694,0.9326047358834244,2.007290832873513
pendigits,KarciFANN,113,6,0.009126178660336758,0.939724603793193,0.009920932078135677,0.9374620522161505,2.1121229660224516
pendigits,KarciFANN,113,7,0.008043211489318825,0.9427123928293063,0.008639722517966984,0.9404978749241044,1.7889006582147886
pendigits,KarciFANN,113,8,0.0076495792096127595,0.942972200571577,0.008291757956348159,0.9411050394656952,2.2318478846120278
pendigits,KarciFANN,113,9,0.00735056469309178,0.9450506625097428,0.00801279203174766,0.9411050394656952,3.173568773929309
pendigits,KarciFANN,113,10,0.007024026988061022,0.946219797349961,0.00757989419596932,0.9453551912568307,1.9738464532459203
pendigits,KarciFANN,113,11,0.0070152497002019965,0.9455702779942843,0.007484223313088262,0.9423193685488768,1.9799335163671112
pendigits,KarciFANN,113,12,0.0066824474306383976,0.9468693167056378,0.007226213459050798,0.9447480267152398,3.9467294097177286
pendigits,KarciFANN,113,13,0.007081114215222533,0.9450506625097428,0.007738808923201248,0.941712204007286,2.5547346198912115
pendigits,KarciFANN,113,14,0.006507323918203465,0.9477786438035853,0.006969299136389195,0.9483910139647844,2.7557220987806867
pendigits,KarciFANN,113,15,0.006309876187226926,0.9486879709015329,0.00687320086425226,0.9477838494231937,2.0499639148598128
pendigits,KarciFANN,113,16,0.006124252030698467,0.9497272018706158,0.006624847483704045,0.949605343047966,2.3503004037822244
pendigits,KarciFANN,113,17,0.006021329341792568,0.9498571057417511,0.00658318543459391,0.9489981785063752,2.335697281703038
pendigits,KarciFANN,113,18,0.005986727811637118,0.9510262405819694,0.006522446941470705,0.949605343047966,4.402182581531134
pendigits,KarciFANN,113,19,0.005887294294384659,0.950896336710834,0.0065387617473405815,0.9483910139647844,2.292710081920141
pendigits,KarciFANN,113,20,0.005921119934460242,0.950896336710834,0.006531775738028736,0.9502125075895568,2.2977291033618563
pendigits,KarciFANN,113,21,0.005674535253333433,0.9527149909067291,0.006364275119066474,0.949605343047966,5.890835808100119
pendigits,KarciFANN,113,22,0.0055020658742213025,0.9546635489737594,0.006223273478149131,0.9514268366727383,2.393237712729037
pendigits,KarciFANN,113,23,0.0054155118707441535,0.9546635489737594,0.006094182207254457,0.9508196721311475,2.4085680876284603
pendigits,KarciFANN,113,24,0.005766961814023965,0.9519355676799168,0.0066497224735441625,0.9483910139647844,1.9942401829299723
pendigits,KarciFANN,113,25,0.005387541184118121,0.9550532605871654,0.006130943815715169,0.9526411657559198,2.944795123471524
pendigits,KarciFANN,113,26,0.005211916257122025,0.955962587685113,0.00610546627961327,0.9508196721311475,2.106046819303192
pendigits,KarciFANN,113,27,0.005125157360914833,0.9570018186541959,0.006051634191733703,0.9520340012143291,4.404404529551277
pendigits,KarciFANN,113,28,0.005105713207488672,0.9572616263964666,0.0061966224643037505,0.9508196721311475,2.4088494899766557
pendigits,KarciFANN,113,29,0.0050035067620751335,0.9579111457521434,0.0060236074876244775,0.9514268366727383,4.2331461242466135
pendigits,KarciFANN,113,30,0.004881228207419625,0.9580410496232787,0.005991651101103993,0.9508196721311475,2.375611490684778
pendigits,KarciFANN,113,31,0.004834211200985446,0.9581709534944142,0.005897236291238144,0.9514268366727383,4.196276816674132
pendigits,KarciFANN,113,32,0.004851359855882225,0.9584307612366848,0.00598561159072585,0.9520340012143291,3.9061806743562695
pendigits,KarciFANN,113,33,0.004801960267052041,0.9581709534944142,0.005915451440702915,0.9520340012143291,4.8101351609505905
pendigits,KarciFANN,113,34,0.004784309983486204,0.9576513380098727,0.005862761773796649,0.9514268366727383,3.743951954618167
pendigits,KarciFANN,113,35,0.004794252796879445,0.9584307612366848,0.005959099211274411,0.9508196721311475,2.106490178418809
pendigits,KarciFANN,113,36,0.004701839773852397,0.958820472850091,0.005853088691831073,0.9514268366727383,5.87276337471308
pendigits,KarciFANN,113,37,0.004687111601604377,0.958820472850091,0.005873356030419735,0.9520340012143291,3.723967723025043
pendigits,KarciFANN,113,38,0.004614506287125889,0.9589503767212263,0.005874374210624426,0.9508196721311475,2.453996798055542
pendigits,KarciFANN,113,39,0.004646955386664585,0.9586905689789555,0.005900336416409553,0.9520340012143291,2.3569078456082084
pendigits,KarciFANN,113,40,0.004588024567865318,0.958820472850091,0.005828572678545833,0.9514268366727383,4.044566872114064
pendigits,KarciFANN,113,41,0.004562503242528918,0.9590802805923616,0.005835732363442182,0.9520340012143291,4.366123047099744
pendigits,KarciFANN,113,42,0.004612517491097912,0.9590802805923616,0.005827894301376326,0.9526411657559198,2.3793257463515065
pendigits,KarciFANN,113,43,0.00449981926823226,0.9593400883346324,0.005808539823665276,0.9520340012143291,2.1392430755014518
pendigits,KarciFANN,113,44,0.004515335688968633,0.9593400883346324,0.005735934431025714,0.9520340012143291,4.531303183194496
pendigits,KarciFANN,113,45,0.0044848615532732785,0.9594699922057678,0.005738011096219349,0.9520340012143291,5.406743636401671
pendigits,KarciFANN,113,46,0.004445294205038054,0.9594699922057678,0.005717189475497848,0.9526411657559198,2.484098855440805
pendigits,KarciFANN,113,47,0.004459293505885066,0.9594699922057678,0.005826262162421888,0.9520340012143291,2.486759084477319
pendigits,KarciFANN,113,48,0.004464057079916001,0.9595998960769031,0.0057375995328978755,0.9526411657559198,2.1620591382654277
pendigits,KarciFANN,113,49,0.004396629780685397,0.9597297999480384,0.005717812689069553,0.9520340012143291,2.493589965918566
pendigits,KarciFANN,113,50,0.004396981114611712,0.9597297999480384,0.00573248292767117,0.9520340012143291,2.4970433048955902
pendigits,KarciFANN,113,51,0.0044051613787578995,0.9597297999480384,0.005649440708358733,0.9532483302975107,2.1747239765540405
pendigits,KarciFANN,113,52,0.004628553651920998,0.959210184463497,0.0059100423888828486,0.9514268366727383,2.8859831435528114
pendigits,KarciFANN,113,53,0.004356161074888288,0.9598597038191738,0.005730895026573962,0.9520340012143291,2.1797092853321445
pendigits,KarciFANN,113,54,0.004353087945963549,0.9597297999480384,0.005720216194964687,0.9520340012143291,2.5088105518613792
pendigits,KarciFANN,113,55,0.0043512754327457905,0.9599896076903092,0.005689310761502559,0.9520340012143291,2.5070931628220796
pendigits,KarciFANN,113,56,0.004348672486727702,0.9598597038191738,0.005688341852058929,0.9520340012143291,2.507058694534794
pendigits,KarciFANN,113,57,0.004336147125510767,0.9598597038191738,0.005732781638166188,0.9514268366727383,2.4136812183875485
pendigits,KarciFANN,113,58,0.004790172135074167,0.9571317225253313,0.005912491087622927,0.9502125075895568,3.179693432512649
pendigits,KarciFANN,113,59,0.004306116951514596,0.9597297999480384,0.005684058924418854,0.9520340012143291,2.51684487631897
pendigits,KarciFANN,113,60,0.004290229675526348,0.9598597038191738,0.005657225582644904,0.9520340012143291,2.519827466081406
pendigits,KarciFANN,113,61,0.0043134607510297435,0.9599896076903092,0.005655588275732218,0.9520340012143291,2.198442392291736
pendigits,KarciFANN,113,62,0.004275303465894675,0.9599896076903092,0.005667820881239102,0.9520340012143291,2.4901125887719218
pendigits,KarciFANN,113,63,0.004270019610175923,0.9598597038191738,0.005641777228309771,0.9520340012143291,2.5269453329511555
pendigits,KarciFANN,113,64,0.004263163504546589,0.9598597038191738,0.005658297014233285,0.9520340012143291,6.281757739674456
pendigits,KarciFANN,113,65,0.0043667371673078315,0.9598597038191738,0.005794196176358482,0.9520340012143291,2.5279517121710313
pendigits,KarciFANN,113,66,0.004244863428589717,0.9598597038191738,0.005633197315483678,0.9526411657559198,8.484941267113825
pendigits,KarciFANN,113,67,0.004246340092051776,0.9599896076903092,0.0056380905700207035,0.9520340012143291,2.5245492661760096
pendigits,KarciFANN,113,68,0.00425233042050956,0.9602494154325799,0.0055845017862143935,0.9532483302975107,4.528779830729931
pendigits,KarciFANN,113,69,0.00422910012236521,0.9602494154325799,0.005576982944157848,0.9526411657559198,2.5381623262419857
pendigits,KarciFANN,113,70,0.004228983370811192,0.9599896076903092,0.005647912741141248,0.9526411657559198,2.531268180117015
pendigits,KarciFANN,113,71,0.004227699718308489,0.9602494154325799,0.005588554844177423,0.9526411657559198,2.5029109023059632
pendigits,KarciFANN,113,72,0.0042182318800363695,0.9599896076903092,0.005628367475696563,0.9526411657559198,2.5425171421933315
pendigits,KarciFANN,113,73,0.004211250414468037,0.9602494154325799,0.0055933246318379485,0.9526411657559198,7.0836173053635445
pendigits,KarciFANN,113,74,0.004203939594441359,0.9603793193037152,0.0055512047701560515,0.9526411657559198,2.5379112875118826
pendigits,KarciFANN,113,75,0.004216053201630069,0.9605092231748507,0.0055877507785592655,0.9526411657559198,4.2200839709108715
pendigits,KarciFANN,114,1,0.024308481078848167,0.8682774746687452,0.024813925322205506,0.8627808136004858,1.5392154244211909
pendigits,KarciFANN,114,2,0.01578872041027254,0.9065991166536763,0.016115337409186373,0.9052823315118397,1.6193703095006726
pendigits,KarciFANN,114,3,0.01286813644651234,0.9208885424785659,0.0133393877211311,0.9168184578020644,2.2322955551609267
pendigits,KarciFANN,114,4,0.010998025622117063,0.9319303715250714,0.011720222741265104,0.9222829386763813,1.9522175768646692
pendigits,KarciFANN,114,5,0.011613650901097323,0.9240062353858145,0.01203284559553667,0.9198542805100182,2.0292469299752174
pendigits,KarciFANN,114,6,0.008754035160547428,0.9402442192777345,0.009330151962849607,0.9380692167577414,1.7466192792840756
pendigits,KarciFANN,114,7,0.007913675175113237,0.9441413354117952,0.008512301349096736,0.9404978749241044,2.2021757865841107
pendigits,KarciFANN,114,8,0.007803249290696247,0.9419329696024942,0.00837322284174318,0.9386763812993322,2.190286625465396
pendigits,KarciFANN,114,9,0.008100308246252122,0.9394647960509224,0.0086568830076075,0.936247723132969,1.8023841749507814
pendigits,KarciFANN,114,10,0.007038886396563222,0.9459599896076903,0.00760683888775507,0.941712204007286,2.6762478138576244
pendigits,KarciFANN,114,11,0.006714395481972515,0.94764873993245,0.007279958271368416,0.9459623557984214,1.9977120198304708
pendigits,KarciFANN,114,12,0.006695903223724032,0.947259028319044,0.007197842459810573,0.9453551912568307,2.973317081080927
pendigits,KarciFANN,114,13,0.006491838936301003,0.9495972979994803,0.007137357659414877,0.944140862173649,3.13389044500128
pendigits,KarciFANN,114,14,0.006243295287157685,0.9495972979994803,0.006861369372680522,0.9465695203400122,2.294278013893659
pendigits,KarciFANN,114,15,0.006388653143536982,0.9488178747726682,0.007042503703234205,0.9453551912568307,1.8801687282532813
pendigits,KarciFANN,114,16,0.006039673459765466,0.9511561444531047,0.0067479375458512755,0.9459623557984214,2.2409212490110693
pendigits,KarciFANN,114,17,0.005847872373665081,0.95128604832424,0.006463460627160999,0.9471766848816029,2.306850991745252
pendigits,KarciFANN,114,18,0.005871805858818542,0.9516757599376462,0.006589307463662714,0.9465695203400122,3.1860610894624006
pendigits,KarciFANN,114,19,0.005857465864693784,0.9515458560665108,0.006584566298386742,0.9465695203400122,2.200299900301255
pendigits,KarciFANN,114,20,0.005633818030867754,0.9524551831644583,0.00637405036570544,0.9465695203400122,4.74963525652069
pendigits,KarciFANN,114,21,0.005582030422875824,0.9523252792933229,0.006266767200705555,0.9483910139647844,1.895243890658567
pendigits,KarciFANN,114,22,0.005486615902173973,0.9534944141335412,0.006202895744690605,0.9483910139647844,4.639586534624554
pendigits,KarciFANN,114,23,0.005495197715045607,0.9529747986489997,0.006258359448962102,0.9477838494231937,2.0626422422657265
pendigits,KarciFANN,114,24,0.005391743653291099,0.954143933489218,0.006180378408971342,0.9483910139647844,4.154709084104732
pendigits,KarciFANN,114,25,0.0053331040717143514,0.9542738373603533,0.00610888533574404,0.9483910139647844,2.0597909827434724
pendigits,KarciFANN,114,26,0.005302659855825874,0.9544037412314887,0.006129923452282196,0.9483910139647844,1.7950329682570243
pendigits,KarciFANN,114,27,0.005216092209120084,0.9551831644583009,0.0060690325560804744,0.9471766848816029,2.3947963030069
pendigits,KarciFANN,114,28,0.005155043415397444,0.9555728760717069,0.006033477320847518,0.9477838494231937,2.353813715567464
pendigits,KarciFANN,114,29,0.00512928169428076,0.9560924915562484,0.006114519538797484,0.9471766848816029,4.959364981184053
pendigits,KarciFANN,114,30,0.005105903920701535,0.9562223954273837,0.006060898069154181,0.949605343047966,4.870354704474895
pendigits,KarciFANN,114,31,0.0050318724565640875,0.9562223954273837,0.006142542444548735,0.949605343047966,1.9285197427029415
pendigits,KarciFANN,114,32,0.005071938073889593,0.9558326838139777,0.005988317150713957,0.9508196721311475,2.10261287161052
pendigits,KarciFANN,114,33,0.004892891138859303,0.9567420109119251,0.0059529732666488795,0.9489981785063752,2.407761226104678
pendigits,KarciFANN,114,34,0.004877726953651744,0.9566121070407898,0.005962054577248771,0.949605343047966,2.410239704936973
pendigits,KarciFANN,114,35,0.004858594138435175,0.9567420109119251,0.005970079765781606,0.949605343047966,2.114902417876487
pendigits,KarciFANN,114,36,0.004828665717903291,0.9570018186541959,0.005919326035638406,0.949605343047966,4.628189427010011
pendigits,KarciFANN,114,37,0.004786639502156529,0.9570018186541959,0.005877938240088063,0.9502125075895568,2.389766977616373
pendigits,KarciFANN,114,38,0.004791975349271227,0.9567420109119251,0.005973503173618209,0.9489981785063752,2.4263927406501216
pendigits,KarciFANN,114,39,0.004845532681152921,0.9566121070407898,0.005984245846698655,0.9483910139647844,2.339722574358436
pendigits,KarciFANN,114,40,0.004726933140057121,0.9570018186541959,0.0058827647768039965,0.9502125075895568,2.4418684188124016
pendigits,KarciFANN,114,41,0.004709305328071545,0.9570018186541959,0.00591363835715849,0.949605343047966,6.495350641006188
pendigits,KarciFANN,114,42,0.004847431522813739,0.9567420109119251,0.006075932619426704,0.949605343047966,3.46643557727142
pendigits,KarciFANN,114,43,0.00468782506655487,0.9572616263964666,0.005859392254512284,0.9502125075895568,7.155641233590501
pendigits,KarciFANN,114,44,0.004671802106900205,0.9570018186541959,0.00590090348017021,0.949605343047966,7.470078467913031
pendigits,KarciFANN,114,45,0.004664920437983576,0.9571317225253313,0.005822389525938059,0.9502125075895568,3.830874175936535
pendigits,KarciFANN,114,46,0.004633169049637991,0.9573915302676019,0.005872236591587079,0.9489981785063752,4.878169193004332
pendigits,KarciFANN,114,47,0.004647714748531003,0.9573915302676019,0.0058070353286423845,0.949605343047966,2.4592255718264213
pendigits,KarciFANN,114,48,0.0046288474273309226,0.9575214341387374,0.005850167073087835,0.949605343047966,2.4502478798225242
pendigits,KarciFANN,114,49,0.0046162572542562275,0.9575214341387374,0.0058191629493603856,0.949605343047966,5.1481683287312485
pendigits,KarciFANN,114,50,0.0045955483446369905,0.9575214341387374,0.005752755023938711,0.949605343047966,3.366369207169642
pendigits,KarciFANN,114,51,0.004663804986242443,0.9576513380098727,0.005806504463022227,0.9508196721311475,2.261224054615267
pendigits,KarciFANN,114,52,0.004583119676547538,0.9577812418810081,0.005803223513756494,0.9502125075895568,4.5555376624355
pendigits,KarciFANN,114,53,0.00455990723715325,0.9577812418810081,0.0057824055866004375,0.9489981785063752,2.1500370298861458
pendigits,KarciFANN,114,54,0.00454673208668235,0.9577812418810081,0.005755437127240353,0.9502125075895568,4.392827222484055
pendigits,KarciFANN,114,55,0.004572237190310843,0.9576513380098727,0.005858838550512726,0.949605343047966,2.352803171885498
pendigits,KarciFANN,114,56,0.004519524004452046,0.9577812418810081,0.005730166041415646,0.9489981785063752,4.427026989036954
pendigits,KarciFANN,114,57,0.004510250738952845,0.9577812418810081,0.005752848069077126,0.9489981785063752,7.647770673978148
pendigits,KarciFANN,114,58,0.00450831454960487,0.9577812418810081,0.005743185621927352,0.949605343047966,2.470496879535358
pendigits,KarciFANN,114,59,0.004516125966374697,0.9577812418810081,0.0057536996783633405,0.949605343047966,7.0634175417414236
pendigits,KarciFANN,114,60,0.004499717778422808,0.9577812418810081,0.005693611609151369,0.9502125075895568,6.897019775437529
pendigits,KarciFANN,114,61,0.004485067044022524,0.9577812418810081,0.005756116880652276,0.9489981785063752,2.4719735086421637
pendigits,KarciFANN,114,62,0.004596672769345104,0.9575214341387374,0.005855468405801095,0.949605343047966,2.8403451159838915
pendigits,KarciFANN,114,63,0.004483911342488796,0.9577812418810081,0.005675583386349208,0.949605343047966,2.4851497208105027
pendigits,KarciFANN,114,64,0.004487085989499517,0.9577812418810081,0.005708309521806482,0.949605343047966,2.480656077281515
pendigits,KarciFANN,114,65,0.00447552762594837,0.9577812418810081,0.005744253927555285,0.949605343047966,4.531644128164234
pendigits,KarciFANN,114,66,0.004455596937542676,0.9577812418810081,0.0057012457311931735,0.949605343047966,6.3586470792249585
pendigits,KarciFANN,114,67,0.004455100020983304,0.9577812418810081,0.005718360623998911,0.949605343047966,2.1670205245241463
pendigits,KarciFANN,114,68,0.0044430678558132165,0.9577812418810081,0.005724990097902423,0.9489981785063752,2.48979144830584
pendigits,KarciFANN,114,69,0.004443758771663454,0.9579111457521434,0.005703084220168621,0.949605343047966,8.207188999698738
pendigits,KarciFANN,114,70,0.004455656793535382,0.9579111457521434,0.005728331383410428,0.949605343047966,2.1713934487730233
pendigits,KarciFANN,114,71,0.0044487558630128075,0.9577812418810081,0.00570620643095818,0.9502125075895568,2.1469294426927275
pendigits,KarciFANN,114,72,0.00444474403788847,0.9577812418810081,0.005782785600329727,0.9489981785063752,4.209250485529127
pendigits,KarciFANN,114,73,0.0045886455372193885,0.9564822031696545,0.005771892547609554,0.949605343047966,3.705271972481082
pendigits,KarciFANN,114,74,0.004449332512879067,0.9577812418810081,0.0057785211003824844,0.9502125075895568,2.4758657188888877
pendigits,KarciFANN,114,75,0.00441423775936935,0.9577812418810081,0.005679371877281764,0.9489981785063752,2.1789481810584004
pendigits,KarciFANN,115,1,0.024990214139294628,0.8686671862821512,0.025348955190866735,0.8621736490588949,1.7194852867925965
pendigits,KarciFANN,115,2,0.015980020315594524,0.9065991166536763,0.016393018041062895,0.9028536733454766,1.9312237940087036
pendigits,KarciFANN,115,3,0.012769703191151064,0.9186801766692647,0.013791319845101149,0.9083181542197936,1.938867160335556
pendigits,KarciFANN,115,4,0.01116816955556071,0.931021044427124,0.012149166083959374,0.9259259259259259,1.908080432368394
pendigits,KarciFANN,115,5,0.009465384949100356,0.9381657573395688,0.010320303898938636,0.9338190649666059,2.0348919521791564
pendigits,KarciFANN,115,6,0.008792721431795438,0.9420628734736295,0.00972376718885777,0.9344262295081968,2.0791570160049853
pendigits,KarciFANN,115,7,0.008735553046402276,0.9402442192777345,0.009549212388070747,0.9356405585913783,1.9155525914732237
pendigits,KarciFANN,115,8,0.008929243197257478,0.9373863341127565,0.009876200037239016,0.9295689131754705,2.443857245063167
pendigits,KarciFANN,115,9,0.0072474755811203564,0.9460898934788257,0.008074593357754076,0.941712204007286,1.8235518300710891
pendigits,KarciFANN,115,10,0.006939221099451095,0.9471291244479085,0.007788574953764713,0.944140862173649,2.1517974598981096
pendigits,KarciFANN,115,11,0.006954949310633063,0.94764873993245,0.007648737763786048,0.944140862173649,1.9036505076320172
pendigits,KarciFANN,115,12,0.006636227921077619,0.9481683554169914,0.007337957341654601,0.9453551912568307,2.008488796278263
pendigits,KarciFANN,115,13,0.006401115766901747,0.9482982592881268,0.007151974470108612,0.944140862173649,2.3012955347696322
pendigits,KarciFANN,115,14,0.006507516522375364,0.9479085476747207,0.007205858464185031,0.9453551912568307,2.232347911049861
pendigits,KarciFANN,115,15,0.006281404414575885,0.949077682514939,0.006933186837630234,0.9465695203400122,2.1689899522142086
pendigits,KarciFANN,115,16,0.006084675361149073,0.9503767212262926,0.006792187424133699,0.9477838494231937,5.471757911337656
pendigits,KarciFANN,115,17,0.006040896416469748,0.95128604832424,0.00681505646697641,0.9471766848816029,3.7804712264523967
pendigits,KarciFANN,115,18,0.006374799738527595,0.9523252792933229,0.007198660917965749,0.9477838494231937,2.862279485069735
pendigits,KarciFANN,115,19,0.005844506914646617,0.9524551831644583,0.006639885539268265,0.9489981785063752,3.0060616251696106
pendigits,KarciFANN,115,20,0.005701985616217317,0.9537542218758119,0.006382153164465318,0.9514268366727383,2.8409327093417596
pendigits,KarciFANN,115,21,0.005597608290003311,0.9545336451026241,0.0063873786329391785,0.9508196721311475,2.289885836598994
pendigits,KarciFANN,115,22,0.005412581591407247,0.9553130683294362,0.006136395257180956,0.9502125075895568,1.9236294285297393
pendigits,KarciFANN,115,23,0.0053775132838192585,0.9549233567160301,0.006069713274004849,0.9514268366727383,2.0719229426498753
pendigits,KarciFANN,115,24,0.005341523919676328,0.9554429722005716,0.006084957931801309,0.9508196721311475,1.9257292695335526
pendigits,KarciFANN,115,25,0.0053260112894793,0.9553130683294362,0.006070547900720916,0.9526411657559198,1.9301097738863848
pendigits,KarciFANN,115,26,0.005331851601636829,0.9555728760717069,0.0061499784885769996,0.9502125075895568,3.634410177128896
pendigits,KarciFANN,115,27,0.005340350643510143,0.9558326838139777,0.006205085589565312,0.949605343047966,2.0274184744758363
pendigits,KarciFANN,115,28,0.005153718212699594,0.9573915302676019,0.006055314420743231,0.9502125075895568,2.0249928588521215
pendigits,KarciFANN,115,29,0.005018408328452561,0.9571317225253313,0.005923771556210035,0.9502125075895568,3.9175083884707353
pendigits,KarciFANN,115,30,0.004943253990248142,0.9575214341387374,0.005856967931702559,0.9514268366727383,4.68722695937068
pendigits,KarciFANN,115,31,0.004937647113687273,0.9575214341387374,0.005929580305788219,0.9508196721311475,4.242922161701348
pendigits,KarciFANN,115,32,0.004879286341146312,0.9576513380098727,0.005877241203020481,0.9514268366727383,4.056058898174845
pendigits,KarciFANN,115,33,0.004880502165066246,0.9577812418810081,0.00595671730817025,0.949605343047966,2.429774682838167
pendigits,KarciFANN,115,34,0.004796291956452977,0.9579111457521434,0.005859813106287206,0.9508196721311475,4.332007014846143
pendigits,KarciFANN,115,35,0.004755124689705487,0.9576513380098727,0.005699352669370809,0.9514268366727383,2.4300632088903757
pendigits,KarciFANN,115,36,0.0047244732378371734,0.9580410496232787,0.0056660448621244,0.9520340012143291,2.4511290717443797
pendigits,KarciFANN,115,37,0.004720193379281076,0.9577812418810081,0.005728016736923337,0.9520340012143291,2.4513917617981127
pendigits,KarciFANN,115,38,0.004664822480057316,0.9583008573655495,0.005648485573954445,0.9526411657559198,2.13683173208842
pendigits,KarciFANN,115,39,0.004647293945356758,0.9589503767212263,0.005673661787949294,0.9520340012143291,4.303502119368488
pendigits,KarciFANN,115,40,0.004648925217148699,0.9585606651078202,0.005682274322426582,0.9520340012143291,2.4094640746758245
pendigits,KarciFANN,115,41,0.004670309131863676,0.9589503767212263,0.005724937889419961,0.9514268366727383,3.4627271661159877
pendigits,KarciFANN,115,42,0.004579650929691038,0.9590802805923616,0.00557623786335216,0.9532483302975107,5.211470691865852
pendigits,KarciFANN,115,43,0.004801529906333982,0.9590802805923616,0.005943035696335389,0.9520340012143291,3.1504358937988832
pendigits,KarciFANN,115,44,0.004520864500354096,0.9594699922057678,0.005593233058103436,0.9520340012143291,2.4504154456814864
pendigits,KarciFANN,115,45,0.004545354182815137,0.9590802805923616,0.005556320044876144,0.9520340012143291,2.478852257039707
pendigits,KarciFANN,115,46,0.004527116328572311,0.959210184463497,0.005550700658818436,0.9526411657559198,2.4824743345009628
pendigits,KarciFANN,115,47,0.004483803148061678,0.9594699922057678,0.0056048008386029545,0.9526411657559198,6.74125425628505
pendigits,KarciFANN,115,48,0.0044657758826639315,0.9594699922057678,0.005562170809096209,0.9514268366727383,2.1639621620137537
pendigits,KarciFANN,115,49,0.004555237642277702,0.9586905689789555,0.005560345568208886,0.9520340012143291,2.131045296722751
pendigits,KarciFANN,115,50,0.004435146244630735,0.9594699922057678,0.005620653433634613,0.9514268366727383,2.4945426892719977
pendigits,KarciFANN,115,51,0.004427559816042672,0.9594699922057678,0.005535370326735594,0.9514268366727383,2.4942551352671596
pendigits,KarciFANN,115,52,0.004428609278023267,0.9595998960769031,0.005530443279935753,0.9514268366727383,6.4552479978956665
pendigits,KarciFANN,115,53,0.004401241564607015,0.9594699922057678,0.005538740846886212,0.9514268366727383,2.498032786455773
pendigits,KarciFANN,115,54,0.004405461257339501,0.9594699922057678,0.005530926776126783,0.9514268366727383,2.4849396971220035
pendigits,KarciFANN,115,55,0.004384445079631148,0.9594699922057678,0.00556596053547934,0.9514268366727383,2.4643252424899
pendigits,KarciFANN,115,56,0.0043791285442444355,0.9595998960769031,0.005522095704735608,0.9514268366727383,2.5013407763362427
pendigits,KarciFANN,115,57,0.004478213643794029,0.9590802805923616,0.005492631956778432,0.9526411657559198,3.296182978886282
pendigits,KarciFANN,115,58,0.004378947807958287,0.9595998960769031,0.005602629039481049,0.9514268366727383,4.251572502503917
pendigits,KarciFANN,115,59,0.00436401395184569,0.9593400883346324,0.005484761110448776,0.9514268366727383,4.6200876695249145
pendigits,KarciFANN,115,60,0.004423719403384851,0.9594699922057678,0.005646743228106592,0.9514268366727383,2.9757043335474127
pendigits,KarciFANN,115,61,0.004537174643424329,0.9585606651078202,0.0058255335865172835,0.9514268366727383,3.833154884262483
pendigits,KarciFANN,115,62,0.004327836049293332,0.9597297999480384,0.005559756572586305,0.9514268366727383,2.514196939693219
pendigits,KarciFANN,115,63,0.00435385324337608,0.9598597038191738,0.005621967322311173,0.9514268366727383,2.4089036869545044
pendigits,KarciFANN,115,64,0.004313915190430878,0.9597297999480384,0.005510238178184919,0.9514268366727383,4.888146390154361
pendigits,KarciFANN,115,65,0.004302359483956206,0.9598597038191738,0.005535202527253257,0.9514268366727383,4.557397570832082
pendigits,KarciFANN,115,66,0.004293498264254278,0.9597297999480384,0.005549351800817131,0.9514268366727383,2.5124407600702834
pendigits,KarciFANN,115,67,0.004317151174228981,0.9597297999480384,0.0056505529332657465,0.9514268366727383,2.5108618032330945
pendigits,KarciFANN,115,68,0.004278810616578192,0.9598597038191738,0.0055212698531023905,0.9514268366727383,2.514636892257231
pendigits,KarciFANN,115,69,0.004275786576235254,0.9598597038191738,0.005537938279337195,0.9514268366727383,2.5150204942957184
pendigits,KarciFANN,115,70,0.00429368590269826,0.9599896076903092,0.005501122743852928,0.9514268366727383,2.4995184125437637
pendigits,KarciFANN,115,71,0.004260102507737281,0.9598597038191738,0.005522168985691665,0.9514268366727383,2.0268999877008054
pendigits,KarciFANN,115,72,0.004283928000576871,0.9598597038191738,0.005487441275406924,0.9520340012143291,2.5269186836508757
pendigits,KarciFANN,115,73,0.004243711734867239,0.9598597038191738,0.005521377409407842,0.9514268366727383,6.7868796181180295
pendigits,KarciFANN,115,74,0.004253811388553471,0.9601195115614445,0.0054789691549759,0.9514268366727383,2.5275062168476463
pendigits,KarciFANN,115,75,0.00423443179268521,0.9598597038191738,0.005495756980122861,0.9514268366727383,2.2007130745639554
pendigits,exp,100,1,0.03668573723060011,0.8016367887763055,0.03668046190174113,0.7911353976927747,0.8083019979222656
pendigits,exp,100,2,0.023870562361867027,0.8803585346843336,0.0241790506689716,0.8755312689738919,0.7512337512626273
pendigits,exp,100,3,0.01977415624677386,0.8884125746947259,0.020072615511528585,0.8822100789313904,0.7198546507674225
pendigits,exp,100,4,0.017184977767521727,0.9043907508443751,0.017901126590829017,0.8979963570127505,0.7003557120342345
pendigits,exp,100,5,0.015531455127565045,0.9097168095609249,0.01610521822407048,0.9052823315118397,0.6864695447129118
pendigits,exp,100,6,0.014443895570983304,0.9181605611847233,0.015036596820155023,0.914996964177292,0.6759987779902896
pendigits,exp,100,7,0.013372741253486682,0.9229670044167316,0.014010740629078179,0.9198542805100182,0.6635785408101158
pendigits,exp,100,8,0.012739280649685061,0.9238763315146792,0.013349198776095897,0.9216757741347905,0.6593547499145102
pendigits,exp,100,9,0.01202257530940138,0.9301117173291764,0.012517848393487838,0.9271402550091075,0.6591112549890464
pendigits,exp,100,10,0.011381994700089097,0.9323200831384775,0.011869371656097517,0.9295689131754705,0.6407158900409704
pendigits,exp,100,11,0.010932124954542394,0.9359573915302676,0.01142781026276155,0.9289617486338798,0.6324100396379527
pendigits,exp,100,12,0.010590019165965721,0.9362171992725383,0.011215466275472537,0.9319975713418336,0.6257111722538516
pendigits,exp,100,13,0.010273432641785363,0.9353078721745908,0.01078290544194565,0.9301760777170613,0.6235207065540832
pendigits,exp,100,14,0.009874829917137144,0.9384255650818394,0.01048085550608367,0.9338190649666059,0.615867654592021
pendigits,exp,100,15,0.00965278777676736,0.9381657573395688,0.010324989115775606,0.9332119004250152,0.6145385545008186
pendigits,exp,100,16,0.009396158565895806,0.9407638347622759,0.010061125253470622,0.9350333940497875,0.6068665401520691
pendigits,exp,100,17,0.009135559759686133,0.9408937386334113,0.00976429513065567,0.936247723132969,0.6018776787182969
pendigits,exp,100,18,0.008955380551899697,0.9408937386334113,0.009538490189254486,0.936247723132969,0.5991348201695679
pendigits,exp,100,19,0.008800580013552335,0.941153546375682,0.009442347461094163,0.9368548876745598,0.5967532472206126
pendigits,exp,100,20,0.008638958388946471,0.9416731618602234,0.009270329309819107,0.9380692167577414,0.5907820208721771
pendigits,exp,100,21,0.008591192827180948,0.9420628734736295,0.009144920246725858,0.9398907103825137,0.6024745119376512
pendigits,exp,100,22,0.008496176800839599,0.9421927773447649,0.009143460968726681,0.9380692167577414,0.5928353190143375
pendigits,exp,100,23,0.00829980877708021,0.9434918160561184,0.00894055689040177,0.941712204007286,0.5859571028439231
pendigits,exp,100,24,0.008195819971090158,0.9432320083138478,0.008792190486985048,0.9411050394656952,0.5841799253095087
pendigits,exp,100,25,0.008090473803606951,0.9433619121849831,0.008668462881029954,0.9404978749241044,0.5770726412356746
pendigits,exp,100,26,0.007990522945487953,0.9441413354117952,0.008556322867673834,0.9429265330904675,0.5783558985555223
pendigits,exp,100,27,0.007956615438261158,0.944790854767472,0.008510938401725385,0.9423193685488768,0.5789137496188154
pendigits,exp,100,28,0.007830623481972842,0.9454403741231489,0.008438047009552354,0.9429265330904675,0.5743776868185128
pendigits,exp,100,29,0.007774684101256358,0.9450506625097428,0.008436396329863944,0.9435336976320583,0.5740006956164319
pendigits,exp,100,30,0.007662869212629441,0.944401143154066,0.008230088593670935,0.9423193685488768,0.5665404539712171
pendigits,exp,100,31,0.007591901613742276,0.9450506625097428,0.008166230176210267,0.9435336976320583,0.5643299895654865
pendigits,exp,100,32,0.007541745848053021,0.9455702779942843,0.008147541419617292,0.9435336976320583,0.5696965095280752
pendigits,exp,100,33,0.007468201868457535,0.9464796050922317,0.008028466978473604,0.9435336976320583,0.5644688314508459
pendigits,exp,100,34,0.007428293893310457,0.9454403741231489,0.00797514341600795,0.944140862173649,0.5656290188523021
pendigits,exp,100,35,0.007368927140527843,0.9460898934788257,0.00791703195847804,0.9435336976320583,0.5576241510015765
pendigits,exp,100,36,0.007296533170809122,0.94764873993245,0.007842298028857152,0.9435336976320583,0.5556210891744667
pendigits,exp,100,37,0.0072435795793916805,0.9473889321901793,0.007782754302095135,0.9447480267152398,0.557148537024643
pendigits,exp,100,38,0.007197179745569485,0.94764873993245,0.007737721407665349,0.9447480267152398,0.5559741510430406
pendigits,exp,100,39,0.007173946854355409,0.9479085476747207,0.007754701117687156,0.9447480267152398,0.5635701544335938
pendigits,exp,100,40,0.007113527439372614,0.94764873993245,0.007639511316695009,0.944140862173649,0.5525997863664102
pendigits,exp,100,41,0.007072666997723852,0.9481683554169914,0.007590383863502024,0.944140862173649,0.5555914904760726
pendigits,exp,100,42,0.007016083850956301,0.9484281631592621,0.007556375662825492,0.9453551912568307,0.5469793142353453
pendigits,exp,100,43,0.00697572385392133,0.9482982592881268,0.0074975784517007475,0.9453551912568307,0.549303376534287
pendigits,exp,100,44,0.006939964263765876,0.9481683554169914,0.007458247182930239,0.9447480267152398,0.544672611885624
pendigits,exp,100,45,0.007000104725443758,0.947259028319044,0.007482304904274065,0.9447480267152398,0.5462519742101796
pendigits,exp,100,46,0.006875314186340341,0.9486879709015329,0.007411313099916858,0.9459623557984214,0.5458937445493868
pendigits,exp,100,47,0.0068238747004366225,0.949077682514939,0.007355130990155827,0.9459623557984214,0.5442526882202858
pendigits,exp,100,48,0.006802480131947585,0.9493374902572097,0.007319063425807409,0.9471766848816029,0.5448595347476598
pendigits,exp,100,49,0.006766151461258797,0.9489477786438035,0.007268467700138344,0.9471766848816029,0.5442763389872988
pendigits,exp,100,50,0.006720265064419116,0.9497272018706158,0.0072422240297246076,0.9465695203400122,0.5370878375657533
pendigits,exp,100,51,0.006694803324964374,0.9499870096128865,0.007221036577173762,0.9465695203400122,0.536001357818175
pendigits,exp,100,52,0.006676058425466126,0.9498571057417511,0.007224107803666147,0.9453551912568307,0.5351671535757334
pendigits,exp,100,53,0.006624298977638264,0.9501169134840218,0.007158193909573813,0.9465695203400122,0.5369420285261216
pendigits,exp,100,54,0.006599880559704945,0.9506365289685632,0.007133655082414241,0.9477838494231937,0.5355988529163463
pendigits,exp,100,55,0.006567359116081275,0.950896336710834,0.007108618834594473,0.9477838494231937,0.5350336233196697
pendigits,exp,100,56,0.006554890233401957,0.950896336710834,0.007094352367407471,0.9477838494231937,0.5309707030943162
pendigits,exp,100,57,0.006510791780700127,0.9506365289685632,0.007046891655223747,0.9483910139647844,0.5335706724219597
pendigits,exp,100,58,0.00648681282595625,0.9511561444531047,0.007056724885023798,0.9477838494231937,0.5374272382157156
pendigits,exp,100,59,0.006456294141350643,0.9511561444531047,0.007014108164782849,0.9471766848816029,0.5313350884289195
pendigits,exp,100,60,0.006430564088029671,0.9516757599376462,0.007006233408944581,0.9483910139647844,0.5304418229609638
pendigits,exp,100,61,0.006408665662647562,0.9518056638087815,0.006985801050870903,0.9477838494231937,0.5275983183127078
pendigits,exp,100,62,0.006365829343223769,0.9519355676799168,0.00694028362945466,0.9489981785063752,0.5318785864516415
pendigits,exp,100,63,0.006344033248640143,0.9519355676799168,0.006903037802123498,0.949605343047966,0.530171479995212
pendigits,exp,100,64,0.006302059296153288,0.9523252792933229,0.006899645935091593,0.9489981785063752,0.5269642780912981
pendigits,exp,100,65,0.006272671569606262,0.9523252792933229,0.006890417322017334,0.9489981785063752,0.5233283681917419
pendigits,exp,100,66,0.006249049788460835,0.9521953754221876,0.006861391334272247,0.9489981785063752,0.5224560339817316
pendigits,exp,100,67,0.006223324921986645,0.9527149909067291,0.006866866948388849,0.9471766848816029,0.5214477458698229
pendigits,exp,100,68,0.006205458759574461,0.9532346063912704,0.00686646876822871,0.9477838494231937,0.5273960423983675
pendigits,exp,100,69,0.006198136372022303,0.9534944141335412,0.006881331973140177,0.9477838494231937,0.5222205102986966
pendigits,exp,100,70,0.006132996060943414,0.9534944141335412,0.006786380791049273,0.949605343047966,0.5221134510444354
pendigits,exp,100,71,0.006108166246591256,0.9532346063912704,0.0067751837590628574,0.9489981785063752,0.5179298198850957
pendigits,exp,100,72,0.0060859976354981325,0.9537542218758119,0.00677147730868121,0.9502125075895568,0.5207206210897437
pendigits,exp,100,73,0.006059543926118747,0.9536243180046765,0.006752960203796584,0.9502125075895568,0.5163313766723434
pendigits,exp,100,74,0.0060407460497972415,0.9538841257469473,0.006761746828950878,0.949605343047966,0.5195927267172871
pendigits,exp,100,75,0.006010076098476225,0.9537542218758119,0.006710823109810598,0.9502125075895568,0.5173039263548279
pendigits,exp,101,1,0.034679188822541486,0.8417770849571318,0.034741911821463835,0.8336369156041287,0.8106887753183367
pendigits,exp,101,2,0.02418886148918634,0.8691868017666926,0.024709606088160925,0.8579234972677595,0.7578002389448534
pendigits,exp,101,3,0.01930748224626317,0.8930891140555989,0.019802680414222652,0.8876745598057073,0.7302436923526002
pendigits,exp,101,4,0.017168674073801765,0.9043907508443751,0.017498622200668137,0.9040680024286581,0.7100064450325569
pendigits,exp,101,5,0.016137058293191436,0.9110158482722786,0.01672430839773606,0.907103825136612,0.6928966070706335
pendigits,exp,101,6,0.01442240727411969,0.9180306573135879,0.01506419329193068,0.9101396478445659,0.6829702032338801
pendigits,exp,101,7,0.013474391467364146,0.9219277734476488,0.01400874730176993,0.914996964177292,0.6689274692175764
pendigits,exp,101,8,0.013024645221400696,0.9277734476487399,0.013591890229597071,0.9271402550091075,0.6689782994026511
pendigits,exp,101,9,0.011886355748773864,0.9303715250714472,0.01248512862683698,0.9253187613843351,0.653198854975458
pendigits,exp,101,10,0.011370387297554848,0.9323200831384775,0.011916430243653296,0.9265330904675168,0.6492703708287489
pendigits,exp,101,11,0.010848511725429232,0.9355676799168615,0.01143528104025342,0.930783242258652,0.6398789623152823
pendigits,exp,101,12,0.010451541334804549,0.9362171992725383,0.010983548689172784,0.9326047358834244,0.6354828581043782
pendigits,exp,101,13,0.010134699384535976,0.9369966224993505,0.010671709340447507,0.9319975713418336,0.6335636608978028
pendigits,exp,101,14,0.009829692746761074,0.9388152766952456,0.010392331227406992,0.9338190649666059,0.6212957906418424
pendigits,exp,101,15,0.009624102560615426,0.9389451805663809,0.010223947110603069,0.9344262295081968,0.6146951985457001
pendigits,exp,101,16,0.009337360958647786,0.9414133541179527,0.009947811393563587,0.936247723132969,0.6139458284430538
pendigits,exp,101,17,0.009183674115805923,0.9410236425045466,0.009768171045197662,0.936247723132969,0.6057871236547923
pendigits,exp,101,18,0.008989199086453282,0.9418030657313587,0.00956920819770115,0.936247723132969,0.6083465400397529
pendigits,exp,101,19,0.008833609378756083,0.9416731618602234,0.00944480274909985,0.9374620522161505,0.5990419932722708
pendigits,exp,101,20,0.00866977530954429,0.942582488958171,0.00932936382791862,0.9374620522161505,0.596026444189752
pendigits,exp,101,21,0.008534937758913343,0.9427123928293063,0.009209698339733457,0.9374620522161505,0.597585323101107
pendigits,exp,101,22,0.008422376396755417,0.942582488958171,0.009061579103794546,0.9392835458409229,0.5949266406628814
pendigits,exp,101,23,0.008279249634940046,0.9437516237983892,0.008889924498699485,0.9404978749241044,0.5852063317558834
pendigits,exp,101,24,0.008237130810184536,0.9433619121849831,0.008827222991985986,0.9398907103825137,0.5852768532724423
pendigits,exp,101,25,0.008047241144722737,0.9441413354117952,0.008657182721894799,0.9411050394656952,0.5803406994453923
pendigits,exp,101,26,0.007970932667652803,0.9441413354117952,0.008626117289519768,0.9404978749241044,0.5927914909169129
pendigits,exp,101,27,0.007990266285376323,0.944790854767472,0.008519370593526338,0.9429265330904675,0.5871084934164366
pendigits,exp,101,28,0.007805091750699453,0.9451805663808781,0.008425781900176224,0.9411050394656952,0.5760181915381762
pendigits,exp,101,29,0.007872884640178747,0.9451805663808781,0.008631653882342865,0.9423193685488768,0.5830910652164324
pendigits,exp,101,30,0.007632377807796159,0.9451805663808781,0.008282572900931923,0.941712204007286,0.5731079281597121
pendigits,exp,101,31,0.007589891066875974,0.9459599896076903,0.008232402930906548,0.9423193685488768,0.5680069161043423
pendigits,exp,101,32,0.007513433299480553,0.9457001818654196,0.008164642410666983,0.9423193685488768,0.5697058790845729
pendigits,exp,101,33,0.0074337734227810925,0.9458300857365549,0.008105861792267363,0.9423193685488768,0.5754378211363109
pendigits,exp,101,34,0.007367335188444175,0.9466095089633672,0.00806913481614806,0.9429265330904675,0.5682672755275591
pendigits,exp,101,35,0.007311755517105796,0.947259028319044,0.00802779813743811,0.9429265330904675,0.5671691597716944
pendigits,exp,101,36,0.007247030229470792,0.9473889321901793,0.007962651690750314,0.944140862173649,0.5624435988426465
pendigits,exp,101,37,0.007195917936584262,0.9486879709015329,0.007899720205456996,0.944140862173649,0.5621415214743859
pendigits,exp,101,38,0.007146390161285866,0.94764873993245,0.007881696225078933,0.944140862173649,0.5615603102709436
pendigits,exp,101,39,0.007062344051621104,0.9489477786438035,0.007770017541810935,0.9447480267152398,0.5549090542223609
pendigits,exp,101,40,0.007027384012504419,0.9489477786438035,0.007775783668688025,0.9459623557984214,0.5543660650663034
pendigits,exp,101,41,0.006952907746947237,0.9495972979994803,0.007698783013630706,0.9447480267152398,0.5558394354588523
pendigits,exp,101,42,0.00689722435899322,0.9501169134840218,0.007707631354548551,0.9447480267152398,0.5511260587498931
pendigits,exp,101,43,0.006837896062259009,0.9507664328396986,0.00765232966149412,0.9459623557984214,0.5526957894862203
pendigits,exp,101,44,0.006810753626996027,0.9501169134840218,0.007572642236342603,0.9453551912568307,0.5517467225493712
pendigits,exp,101,45,0.0067724964956242025,0.9507664328396986,0.007552355182545256,0.9453551912568307,0.5561561709250264
pendigits,exp,101,46,0.006711464351267331,0.9507664328396986,0.007550264171586534,0.9459623557984214,0.5459470913954264
pendigits,exp,101,47,0.0066905800393635825,0.9505066250974279,0.0074618232590148385,0.9459623557984214,0.5453824928017071
pendigits,exp,101,48,0.0066060208345034835,0.9514159521953754,0.00741299769981363,0.9471766848816029,0.5434760287156085
pendigits,exp,101,49,0.00657654986087333,0.9514159521953754,0.0073782606323380285,0.9471766848816029,0.5459947351569487
pendigits,exp,101,50,0.006551779630466895,0.9514159521953754,0.007358098787615267,0.9471766848816029,0.5425258709113533
pendigits,exp,101,51,0.006505994223512712,0.9514159521953754,0.007311769786300302,0.9465695203400122,0.5475459039458865
pendigits,exp,101,52,0.006477028139745606,0.9518056638087815,0.007307265217803242,0.9465695203400122,0.5390556601313758
pendigits,exp,101,53,0.006446337013806751,0.9518056638087815,0.0072758756525576375,0.9465695203400122,0.5417090108796442
pendigits,exp,101,54,0.006394591893289095,0.9521953754221876,0.007201879876067465,0.9477838494231937,0.5399744547660469
pendigits,exp,101,55,0.006391511441680815,0.9515458560665108,0.007169555326111937,0.9471766848816029,0.5357839634677045
pendigits,exp,101,56,0.006348514543457244,0.9524551831644583,0.007170618208702911,0.9477838494231937,0.5377975003803733
pendigits,exp,101,57,0.006318805683549018,0.9524551831644583,0.007137584642682913,0.9477838494231937,0.5409398239970468
pendigits,exp,101,58,0.00627190330964795,0.9527149909067291,0.007082446432258944,0.9483910139647844,0.5361720710004394
pendigits,exp,101,59,0.0062536282264439936,0.9529747986489997,0.0070504676458187,0.9483910139647844,0.5379752571487371
pendigits,exp,101,60,0.006228553148222726,0.9523252792933229,0.007030763786607886,0.9483910139647844,0.5337872659487267
pendigits,exp,101,61,0.00620993434853359,0.9531047025201351,0.007051362814132751,0.9483910139647844,0.5303911792542823
pendigits,exp,101,62,0.006193065658555648,0.9532346063912704,0.007019719318400945,0.9471766848816029,0.5325019045030789
pendigits,exp,101,63,0.006226210192861896,0.9521953754221876,0.007009211691835994,0.9471766848816029,0.5365134495551647
pendigits,exp,101,64,0.006138563835654771,0.9534944141335412,0.00696831581278518,0.9477838494231937,0.5278054054794574
pendigits,exp,101,65,0.006101656710124695,0.9529747986489997,0.006930759598893604,0.9477838494231937,0.5265725181259319
pendigits,exp,101,66,0.006069112023628071,0.9532346063912704,0.006889122867787127,0.9489981785063752,0.5256196838102978
pendigits,exp,101,67,0.006058906491738091,0.9533645102624059,0.006857768713811945,0.9489981785063752,0.5249032546428584
pendigits,exp,101,68,0.006032819341198947,0.954143933489218,0.006853279405940556,0.949605343047966,0.5273822567808206
pendigits,exp,101,69,0.006020764339443121,0.9537542218758119,0.0068277230960645035,0.949605343047966,0.5282990456751012
pendigits,exp,101,70,0.005985704696786862,0.9538841257469473,0.006812915116055574,0.9489981785063752,0.5225322533383832
pendigits,exp,101,71,0.005999899566279441,0.9540140296180826,0.006852188955451167,0.9483910139647844,0.5252367502206461
pendigits,exp,101,72,0.005958898826113227,0.954143933489218,0.0067584984387309794,0.9483910139647844,0.521740743296954
pendigits,exp,101,73,0.005945090271308392,0.9540140296180826,0.006734420329470668,0.9489981785063752,0.5206180773299581
pendigits,exp,101,74,0.005913348404299255,0.9540140296180826,0.00672721801167634,0.949605343047966,0.5222395697931271
pendigits,exp,101,75,0.005891533642098037,0.9540140296180826,0.006704596070748625,0.9489981785063752,0.5244427589773372
pendigits,exp,102,1,0.04225535105299315,0.8290465055858665,0.04224932234572714,0.8245294474802671,0.8221997449220562
pendigits,exp,102,2,0.025167607363877294,0.8743829566121071,0.025814663826260083,0.8633879781420765,0.7723251261774478
pendigits,exp,102,3,0.01963593694314817,0.8928293063133281,0.020088101615746652,0.8894960534304797,0.7218624838022071
pendigits,exp,102,4,0.01732612776628006,0.9017926734216679,0.017820538355337097,0.896782027929569,0.72403133433269
pendigits,exp,102,5,0.015814975635735796,0.9077682514938945,0.01631554598513521,0.9119611414693382,0.6957948320139957
pendigits,exp,102,6,0.014899922627564588,0.9164718108599637,0.0155891271171897,0.9137826350941105,0.6796536140952515
pendigits,exp,102,7,0.013458994989500875,0.9228371005455963,0.013996114145869981,0.9180327868852459,0.6715246896786198
pendigits,exp,102,8,0.012702525502445902,0.9247856586126266,0.013278442195536793,0.922890103217972,0.6704832221127087
pendigits,exp,102,9,0.012125209442713539,0.9306313328137179,0.012696170197290675,0.9289617486338798,0.6488128819861957
pendigits,exp,102,10,0.011418555135365263,0.9321901792673422,0.011908865067449153,0.9295689131754705,0.6450805182212889
pendigits,exp,102,11,0.011078017678184223,0.9330995063652897,0.011768705487234335,0.9265330904675168,0.6384748854703888
pendigits,exp,102,12,0.010516538297304595,0.9380358534684333,0.011135600122497338,0.9313904068002429,0.6270163704282296
pendigits,exp,102,13,0.010088312866823587,0.9372564302416212,0.010680697372626493,0.9326047358834244,0.6229095973430554
pendigits,exp,102,14,0.009837658462782483,0.9384255650818394,0.010424554959771369,0.9313904068002429,0.6187308733391219
pendigits,exp,102,15,0.00951598665026876,0.9393348921797869,0.010151272826079779,0.9338190649666059,0.6170737691199146
pendigits,exp,102,16,0.009343635146357264,0.9398545076643284,0.00994305709133188,0.9344262295081968,0.6094182017842554
pendigits,exp,102,17,0.009146009420904856,0.9410236425045466,0.009729550836774967,0.9350333940497875,0.6083045336636059
pendigits,exp,102,18,0.008912700365135594,0.9415432579890881,0.009606924200083142,0.9368548876745598,0.6011007084425845
pendigits,exp,102,19,0.008871177617967756,0.9424525850870356,0.009486725471945807,0.9380692167577414,0.597721397009132
pendigits,exp,102,20,0.008619074982039019,0.9424525850870356,0.009284835968455139,0.9368548876745598,0.5980759789551365
pendigits,exp,102,21,0.008549946596967744,0.9419329696024942,0.009156214632202193,0.9380692167577414,0.5921007793698702
pendigits,exp,102,22,0.008381510444213572,0.9432320083138478,0.009118617142266585,0.9380692167577414,0.5941490244575107
pendigits,exp,102,23,0.008255011019518718,0.9427123928293063,0.00895432130641509,0.9392835458409229,0.5899303606423233
pendigits,exp,102,24,0.008144619951482128,0.9438815276695246,0.008868664167417583,0.9411050394656952,0.5842067435421029
pendigits,exp,102,25,0.00803384519113115,0.9437516237983892,0.008730975051250929,0.9404978749241044,0.5871839051825488
pendigits,exp,102,26,0.00794425699018967,0.9442712392829307,0.00861886370383844,0.9398907103825137,0.5791432824648213
pendigits,exp,102,27,0.007870135573769683,0.9441413354117952,0.008573729591811668,0.9411050394656952,0.5773169994563068
pendigits,exp,102,28,0.0078434788038119,0.9434918160561184,0.008493877749075602,0.9404978749241044,0.5768947401289606
pendigits,exp,102,29,0.0077605493296151375,0.9442712392829307,0.008491721770079223,0.9404978749241044,0.5819891073309942
pendigits,exp,102,30,0.007650580135775672,0.9446609508963367,0.008366437804341573,0.9411050394656952,0.5695345321863086
pendigits,exp,102,31,0.007606182000726695,0.9453104702520135,0.00833227801783494,0.9423193685488768,0.5775554018453395
pendigits,exp,102,32,0.007531236005344513,0.944790854767472,0.008226260583640165,0.941712204007286,0.5692277444360759
pendigits,exp,102,33,0.007672049476362243,0.9441413354117952,0.008283632712683647,0.9435336976320583,0.5725478020539644
pendigits,exp,102,34,0.007402960242379525,0.9458300857365549,0.008105557368262524,0.941712204007286,0.5649123724646827
pendigits,exp,102,35,0.007374033778271804,0.9457001818654196,0.00806093890084686,0.9429265330904675,0.563124488602445
pendigits,exp,102,36,0.00732658399493465,0.9464796050922317,0.008026980594709543,0.9423193685488768,0.558379440095105
pendigits,exp,102,37,0.007275597440467102,0.9458300857365549,0.00793822552730419,0.9423193685488768,0.5574147855071171
pendigits,exp,102,38,0.007225817897443664,0.9469992205767732,0.007953666281122077,0.9423193685488768,0.5619379718168402
pendigits,exp,102,39,0.0071862294425096215,0.9460898934788257,0.007877092594174857,0.9435336976320583,0.5573915158401052
pendigits,exp,102,40,0.007136233675594961,0.9460898934788257,0.007820327231289777,0.941712204007286,0.5549287766392983
pendigits,exp,102,41,0.007152998166010382,0.9468693167056378,0.00790138583211914,0.9429265330904675,0.5562051220572278
pendigits,exp,102,42,0.0070670213370862415,0.9468693167056378,0.00772044703673307,0.944140862173649,0.5516056530173482
pendigits,exp,102,43,0.007026027052480993,0.9471291244479085,0.007722629917036652,0.9429265330904675,0.5477264529606416
pendigits,exp,102,44,0.006978304490007655,0.9477786438035853,0.007693986942414424,0.9423193685488768,0.5529019218107969
pendigits,exp,102,45,0.006939744896009401,0.947259028319044,0.007639362676069257,0.9447480267152398,0.5480071716884086
pendigits,exp,102,46,0.0069200345278892786,0.9479085476747207,0.007612867941068162,0.9423193685488768,0.5529340710822922
pendigits,exp,102,47,0.006874553337122405,0.9484281631592621,0.007558566275617056,0.9435336976320583,0.5420205743067712
pendigits,exp,102,48,0.006861698212754615,0.9473889321901793,0.007560405502760292,0.9447480267152398,0.5473350348839294
pendigits,exp,102,49,0.006845233355762299,0.9486879709015329,0.007566716318384205,0.9459623557984214,0.5466530338508899
pendigits,exp,102,50,0.006786909765974679,0.9486879709015329,0.007490395904424542,0.944140862173649,0.5378131340385821
pendigits,exp,102,51,0.006792752954888093,0.9467394128345025,0.007502946022498121,0.9447480267152398,0.5370026568647238
pendigits,exp,102,52,0.0067395915172590885,0.9488178747726682,0.007454103437959618,0.944140862173649,0.5359218660292961
pendigits,exp,102,53,0.006706532529598167,0.9489477786438035,0.007426918235941911,0.9435336976320583,0.5401559736970893
pendigits,exp,102,54,0.006680484463805176,0.949467394128345,0.007349134332930614,0.9453551912568307,0.5340520814692047
pendigits,exp,102,55,0.006678702907554606,0.9489477786438035,0.0074056261448467746,0.9447480267152398,0.5321174030160647
pendigits,exp,102,56,0.006662238587634832,0.9495972979994803,0.007351376037019094,0.9459623557984214,0.538449507264732
pendigits,exp,102,57,0.006617703614617061,0.9499870096128865,0.007301553234164979,0.9459623557984214,0.5364340039130733
pendigits,exp,102,58,0.0065847311745941065,0.9501169134840218,0.007253884317449791,0.9459623557984214,0.529657101205374
pendigits,exp,102,59,0.006566482201435926,0.9506365289685632,0.0072661795591459685,0.9459623557984214,0.530709850511869
pendigits,exp,102,60,0.006533428507688465,0.9499870096128865,0.007229193000275719,0.9453551912568307,0.5297240832817567
pendigits,exp,102,61,0.006509599366238974,0.9505066250974279,0.007188776760487118,0.9453551912568307,0.525525655193547
pendigits,exp,102,62,0.006513147782184252,0.9506365289685632,0.0071699631136614575,0.9453551912568307,0.5270054163294005
pendigits,exp,102,63,0.006490966430411406,0.9501169134840218,0.007181980667140084,0.9465695203400122,0.5243011801214836
pendigits,exp,102,64,0.006483034543737108,0.9489477786438035,0.007194161694449389,0.9465695203400122,0.5345956065710935
pendigits,exp,102,65,0.006423247803611427,0.950896336710834,0.007132636361647437,0.9459623557984214,0.5278874985929043
pendigits,exp,102,66,0.00640901476461215,0.9507664328396986,0.007091412460020556,0.9459623557984214,0.5242998982157716
pendigits,exp,102,67,0.006404307407424114,0.9506365289685632,0.00706423513832899,0.9465695203400122,0.5236326376056732
pendigits,exp,102,68,0.006373011310064129,0.9507664328396986,0.007086104979961532,0.9465695203400122,0.5226655699130114
pendigits,exp,102,69,0.006365198354050274,0.9510262405819694,0.007050515705417107,0.9465695203400122,0.528702886248511
pendigits,exp,102,70,0.006326543450797658,0.9510262405819694,0.007054519759892738,0.9465695203400122,0.5204782806112185
pendigits,exp,102,71,0.006312821432425308,0.9511561444531047,0.0070252814003377885,0.9465695203400122,0.5210857777399815
pendigits,exp,102,72,0.006300436455882351,0.9505066250974279,0.007026721995260123,0.9471766848816029,0.5162114025880713
pendigits,exp,102,73,0.006270955936924467,0.9510262405819694,0.006989835076528116,0.9465695203400122,0.5158031837223074
pendigits,exp,102,74,0.006281972801801747,0.950896336710834,0.0069783355365214085,0.9477838494231937,0.5177023755025346
pendigits,exp,102,75,0.006241091105172306,0.95128604832424,0.006946384685480874,0.9471766848816029,0.5141739667178407
pendigits,exp,103,1,0.03573819589850938,0.8474928552870875,0.035755172134700565,0.8397085610200364,0.8241578116578574
pendigits,exp,103,2,0.023489560534316847,0.8763315146791374,0.023830962711837756,0.8761384335154827,0.7506446761657889
pendigits,exp,103,3,0.01979708632635504,0.8969862301896596,0.02029852268615144,0.8961748633879781,0.7271559912545358
pendigits,exp,103,4,0.017004706983543918,0.9011431540659912,0.017589900716780134,0.8998178506375227,0.7048450252827574
pendigits,exp,103,5,0.015595798455496522,0.9103663289166017,0.016101663988440568,0.9083181542197936,0.6869348447518598
pendigits,exp,103,6,0.01452827152363992,0.9107560405300078,0.015137218967257771,0.9089253187613844,0.6777167643643667
pendigits,exp,103,7,0.0136552438227071,0.9191997921538062,0.01427104545842639,0.9168184578020644,0.67308602750473
pendigits,exp,103,8,0.012855157892066106,0.9225772928033256,0.01348672333033177,0.9162112932604736,0.6587801298658055
pendigits,exp,103,9,0.012137358098486666,0.9264744089373863,0.012780245042865622,0.9222829386763813,0.6455902188401333
pendigits,exp,103,10,0.01184142790483469,0.9284229670044167,0.012541763788163907,0.9247115968427444,0.6466502228214875
pendigits,exp,103,11,0.011319670146026114,0.9293322941023643,0.011990149631161994,0.9253187613843351,0.6386154100704439
pendigits,exp,103,12,0.010998639972737267,0.9315406599116653,0.011707862563141195,0.928354584092289,0.6371709076076117
pendigits,exp,103,13,0.010570451248459206,0.9330995063652897,0.011279386273605323,0.928354584092289,0.6221164963118874
pendigits,exp,103,14,0.010244493456132028,0.9359573915302676,0.01095551781461292,0.9301760777170613,0.6204544659594937
pendigits,exp,103,15,0.010050062605675755,0.936087295401403,0.010736047174846273,0.9326047358834244,0.6191246908495859
pendigits,exp,103,16,0.009711544469179465,0.9390750844375162,0.01039887087359247,0.936247723132969,0.6088350459486568
pendigits,exp,103,17,0.009458568330250314,0.9394647960509224,0.010058654238478999,0.9356405585913783,0.6074985546166551
pendigits,exp,103,18,0.009203343875167918,0.9410236425045466,0.009793571137236333,0.9368548876745598,0.6021564012010381
pendigits,exp,103,19,0.00906189795925683,0.9412834502468174,0.009564324590884755,0.9368548876745598,0.5968172110186196
pendigits,exp,103,20,0.00879321778131193,0.9433619121849831,0.009358394358203268,0.9386763812993322,0.5946165982082962
pendigits,exp,103,21,0.008749953024746609,0.9436217199272539,0.009366832574319504,0.9380692167577414,0.5964576104020455
pendigits,exp,103,22,0.008475618394572818,0.9433619121849831,0.009106853094253365,0.9380692167577414,0.5907927310480786
pendigits,exp,103,23,0.00837983573202872,0.9445310470252013,0.00900480853953432,0.9392835458409229,0.5838186512835732
pendigits,exp,103,24,0.008256075397362688,0.9433619121849831,0.00888956179604444,0.9380692167577414,0.5853657972692011
pendigits,exp,103,25,0.008132092092643392,0.9436217199272539,0.008751775367644928,0.9398907103825137,0.578300768583981
pendigits,exp,103,26,0.00801943814185094,0.9442712392829307,0.008636891857759024,0.9392835458409229,0.5832229964475085
pendigits,exp,103,27,0.007913917717593427,0.9440114315406599,0.008547776076172027,0.9392835458409229,0.5729088975938694
pendigits,exp,103,28,0.007827820347029028,0.9442712392829307,0.00845724575291953,0.9404978749241044,0.5807248877704856
pendigits,exp,103,29,0.007768049991356435,0.9438815276695246,0.008395262728660619,0.9404978749241044,0.5714909380909583
pendigits,exp,103,30,0.007736080251788974,0.9441413354117952,0.008362044209631436,0.9404978749241044,0.5758977951827523
pendigits,exp,103,31,0.007621356860663157,0.9445310470252013,0.008261435531060011,0.9411050394656952,0.5687091430121912
pendigits,exp,103,32,0.007541868715064393,0.9446609508963367,0.008199254368978531,0.941712204007286,0.5632545385593775
pendigits,exp,103,33,0.007482270098167128,0.9446609508963367,0.008144529909544186,0.9404978749241044,0.5646709423417355
pendigits,exp,103,34,0.007444964048562587,0.9457001818654196,0.008115043624588925,0.9423193685488768,0.5589761043920405
pendigits,exp,103,35,0.007375556643960605,0.9455702779942843,0.00807407645056282,0.941712204007286,0.5675028097611965
pendigits,exp,103,36,0.007322685773412427,0.9458300857365549,0.007983522182551986,0.9423193685488768,0.5612042455083479
pendigits,exp,103,37,0.007264655570287874,0.9460898934788257,0.007933738153692704,0.9435336976320583,0.554304299849544
pendigits,exp,103,38,0.007255979506808654,0.9457001818654196,0.00790639073482,0.9435336976320583,0.5560885329712517
pendigits,exp,103,39,0.007158165074236534,0.9471291244479085,0.00784528229369226,0.9429265330904675,0.5515149640206986
pendigits,exp,103,40,0.007115539270214622,0.9475188360613146,0.007811163598884624,0.9423193685488768,0.5549084000215965
pendigits,exp,103,41,0.007068471119022075,0.94764873993245,0.007776022500072096,0.9435336976320583,0.5490005586983896
pendigits,exp,103,42,0.007026039717893577,0.9484281631592621,0.007732078324187991,0.9447480267152398,0.5476550870102018
pendigits,exp,103,43,0.00697990839135632,0.9486879709015329,0.007688225744423101,0.9453551912568307,0.5547582924110407
pendigits,exp,103,44,0.006955723927969858,0.9484281631592621,0.0076986685374613026,0.9435336976320583,0.5462037759177847
pendigits,exp,103,45,0.0068857187370240745,0.9489477786438035,0.0076372492257875645,0.9453551912568307,0.5433558085604061
pendigits,exp,103,46,0.006961347209355488,0.9488178747726682,0.007768932771137709,0.9447480267152398,0.5443579309931355
pendigits,exp,103,47,0.006799259244326728,0.9497272018706158,0.007584339700042872,0.9453551912568307,0.541026173214117
pendigits,exp,103,48,0.006763589581054935,0.9493374902572097,0.007533507765599893,0.9447480267152398,0.5428136788080733
pendigits,exp,103,49,0.006748822719682962,0.9486879709015329,0.007554692976928844,0.9453551912568307,0.5463065598525202
pendigits,exp,103,50,0.0066770379488028594,0.9503767212262926,0.007481746129283979,0.9459623557984214,0.5387982533734691
pendigits,exp,103,51,0.006657182018824725,0.9506365289685632,0.007475027864496622,0.9465695203400122,0.5399101342820641
pendigits,exp,103,52,0.006594627380539575,0.9505066250974279,0.007445700173344578,0.9459623557984214,0.5410531596991155
pendigits,exp,103,53,0.006575460772011416,0.9510262405819694,0.007414268124980454,0.9459623557984214,0.5354299605239643
pendigits,exp,103,54,0.0065538834465693275,0.9505066250974279,0.007396716809183871,0.9453551912568307,0.5356642323891373
pendigits,exp,103,55,0.006500121157879517,0.95128604832424,0.007345699008572713,0.9459623557984214,0.5348340781186599
pendigits,exp,103,56,0.00649187351817645,0.950896336710834,0.0073177820975568126,0.9465695203400122,0.5315214548219551
pendigits,exp,103,57,0.006439136089112009,0.9515458560665108,0.007301471398929578,0.9477838494231937,0.533937218145991
pendigits,exp,103,58,0.0064493870753611175,0.95128604832424,0.007330033992891644,0.9453551912568307,0.5318524994709105
pendigits,exp,103,59,0.00641885978124103,0.9519355676799168,0.007272334071079186,0.9465695203400122,0.53549195659194
pendigits,exp,103,60,0.006365488807285275,0.9515458560665108,0.00720351986917623,0.9477838494231937,0.5321639890092369
pendigits,exp,103,61,0.006352597171872498,0.9515458560665108,0.007206943022047413,0.9465695203400122,0.5291169414168428
pendigits,exp,103,62,0.00632941385427137,0.9518056638087815,0.0071808817008708154,0.9471766848816029,0.5252545481027943
pendigits,exp,103,63,0.006288905122650249,0.9519355676799168,0.007134694000246613,0.9471766848816029,0.5314634349182132
pendigits,exp,103,64,0.0062572538452365335,0.9519355676799168,0.007118670442739483,0.9477838494231937,0.5232189940496569
pendigits,exp,103,65,0.006252954629100031,0.9520654715510523,0.0071047028534486495,0.9477838494231937,0.5235307294379369
pendigits,exp,103,66,0.006213663868322892,0.9521953754221876,0.007071278799076984,0.9471766848816029,0.5245956466202215
pendigits,exp,103,67,0.006251567858582614,0.9519355676799168,0.007125183127179042,0.9465695203400122,0.5262614010089168
pendigits,exp,103,68,0.006175197962092838,0.9521953754221876,0.007031920202869235,0.9477838494231937,0.5226862664316064
pendigits,exp,103,69,0.006173424675495406,0.9521953754221876,0.007026418067849246,0.9471766848816029,0.5218406583072616
pendigits,exp,103,70,0.006137835714629316,0.9520654715510523,0.007008440580783558,0.9471766848816029,0.5209450917596105
pendigits,exp,103,71,0.0061142392293005235,0.9521953754221876,0.006966508878151834,0.9483910139647844,0.5182696695504989
pendigits,exp,103,72,0.006104576408928981,0.9523252792933229,0.006949572888922003,0.9489981785063752,0.5163643783851228
pendigits,exp,103,73,0.006072717848497918,0.9523252792933229,0.0069182569537200485,0.9483910139647844,0.5155645742604535
pendigits,exp,103,74,0.0060570957409559105,0.9523252792933229,0.006902055151011822,0.9477838494231937,0.5150990646419421
pendigits,exp,103,75,0.006055917916585483,0.9523252792933229,0.006883764099652136,0.9477838494231937,0.5178669999794082
pendigits,exp,104,1,0.043088705462043034,0.7527929332294102,0.042886564820904624,0.7486338797814208,0.8276147109754292
pendigits,exp,104,2,0.025337182594782817,0.8685372824110158,0.025835382938063183,0.8579234972677595,0.7764879282824587
pendigits,exp,104,3,0.01996164410974875,0.8875032475967783,0.020589780978960234,0.8803885853066181,0.7233716160512815
pendigits,exp,104,4,0.017332005553572227,0.9016627695505326,0.017825052435737013,0.9010321797207043,0.7163919103261944
pendigits,exp,104,5,0.01565299868651627,0.9130943102104443,0.01621153039973919,0.9113539769277474,0.7025047016794068
pendigits,exp,104,6,0.014768646332357558,0.9164718108599637,0.015461730138140426,0.912568306010929,0.6844452476284245
pendigits,exp,104,7,0.013554526561653636,0.9224473889321901,0.014227027632591822,0.9162112932604736,0.6672691212997081
pendigits,exp,104,8,0.012855205915245757,0.9275136399064692,0.013498138621688494,0.9247115968427444,0.6616939437527207
pendigits,exp,104,9,0.012011999381464493,0.931021044427124,0.01271909174785645,0.928354584092289,0.6529701966688306
pendigits,exp,104,10,0.011332962757524483,0.9347882566900494,0.01194110489037815,0.9332119004250152,0.6500505144975257
pendigits,exp,104,11,0.010776927175803488,0.9373863341127565,0.011322377290895302,0.9338190649666059,0.6421095689361107
pendigits,exp,104,12,0.010379819840358195,0.9385554689529748,0.01097050798782382,0.9344262295081968,0.6339250044359945
pendigits,exp,104,13,0.010134386623740024,0.9392049883086516,0.010842818753484309,0.9332119004250152,0.63523835061196
pendigits,exp,104,14,0.009681628668049103,0.9407638347622759,0.010318496258491149,0.936247723132969,0.6179085340880768
pendigits,exp,104,15,0.009453789034736296,0.942582488958171,0.010083687683906497,0.9368548876745598,0.6197551734199545
pendigits,exp,104,16,0.009225077434406578,0.9415432579890881,0.009819978723863027,0.9356405585913783,0.6094245706037557
pendigits,exp,104,17,0.008977348045439829,0.9433619121849831,0.009630367080718863,0.9380692167577414,0.606643319563244
pendigits,exp,104,18,0.008870638766989921,0.9437516237983892,0.009537160861772035,0.9398907103825137,0.6061986120337018
pendigits,exp,104,19,0.008680485396807693,0.9440114315406599,0.009304270894307739,0.9398907103825137,0.6100464842364269
pendigits,exp,104,20,0.008476942106867717,0.944401143154066,0.009117144870322988,0.9404978749241044,0.5957085747071051
pendigits,exp,104,21,0.008356647219140778,0.9453104702520135,0.008982042362386023,0.9411050394656952,0.5956567717625403
pendigits,exp,104,22,0.008236160211807828,0.946219797349961,0.008885369949679926,0.941712204007286,0.5882141340487346
pendigits,exp,104,23,0.008110434754581676,0.946219797349961,0.008753577451942366,0.941712204007286,0.5914316338626068
pendigits,exp,104,24,0.007992779135306147,0.9469992205767732,0.008651479857209361,0.941712204007286,0.5886672499796253
pendigits,exp,104,25,0.007907673172458473,0.9475188360613146,0.008569383901375812,0.9429265330904675,0.580457991690876
pendigits,exp,104,26,0.00785295934820447,0.9467394128345025,0.008518707792992228,0.941712204007286,0.5872815453642148
pendigits,exp,104,27,0.007711937871189265,0.9473889321901793,0.008363842242961805,0.9423193685488768,0.5791340761348337
pendigits,exp,104,28,0.007648100968227112,0.9475188360613146,0.008276528562721392,0.9423193685488768,0.5810308540869069
pendigits,exp,104,29,0.007592409751302489,0.9477786438035853,0.008199584228405212,0.9447480267152398,0.5740940710277727
pendigits,exp,104,30,0.007523157364079023,0.9469992205767732,0.00816114920698168,0.944140862173649,0.5716105784250992
pendigits,exp,104,31,0.007406998456422852,0.9486879709015329,0.008043025848937728,0.944140862173649,0.5666996348247912
pendigits,exp,104,32,0.007402380126444477,0.9477786438035853,0.008095154025887499,0.9435336976320583,0.5769912944712963
pendigits,exp,104,33,0.007290446889439485,0.949467394128345,0.007929327550981873,0.9453551912568307,0.5661726532495391
pendigits,exp,104,34,0.007234416450765507,0.9492075863860743,0.007851882622617205,0.9459623557984214,0.5611929785827435
pendigits,exp,104,35,0.007188628399428575,0.9498571057417511,0.007801542865909405,0.9453551912568307,0.5604483083160654
pendigits,exp,104,36,0.007108236261607024,0.9495972979994803,0.007713346424457875,0.9459623557984214,0.5580290385991702
pendigits,exp,104,37,0.007059005533889857,0.9498571057417511,0.00766882759023549,0.9453551912568307,0.5610597745175034
pendigits,exp,104,38,0.007010912787827191,0.9497272018706158,0.00761439509401927,0.9453551912568307,0.5550315908075637
pendigits,exp,104,39,0.007009583958512994,0.9501169134840218,0.007647185207371132,0.9465695203400122,0.5665317513972237
pendigits,exp,104,40,0.006908123084301052,0.9497272018706158,0.007538584672281134,0.9453551912568307,0.5552738718359329
pendigits,exp,104,41,0.006889290805793285,0.949467394128345,0.007520021439569877,0.9471766848816029,0.5575736383210024
pendigits,exp,104,42,0.006828086314977315,0.9501169134840218,0.0074648233388984195,0.9477838494231937,0.5524592568253359
pendigits,exp,104,43,0.006812341042928185,0.9506365289685632,0.007411275474943551,0.9471766848816029,0.5490132147140286
pendigits,exp,104,44,0.006746933262489699,0.9506365289685632,0.007334297603835707,0.9471766848816029,0.5486171826469214
pendigits,exp,104,45,0.006716271743664519,0.9499870096128865,0.007332445823616262,0.9471766848816029,0.5450772071873302
pendigits,exp,104,46,0.006680648658433184,0.950896336710834,0.007293660217859588,0.9477838494231937,0.5475944007548694
pendigits,exp,104,47,0.006645187598726863,0.9510262405819694,0.007262322178710539,0.9471766848816029,0.5489362782371333
pendigits,exp,104,48,0.006627216421097359,0.9507664328396986,0.007246438837856787,0.9471766848816029,0.541641412271915
pendigits,exp,104,49,0.006594305775448482,0.9510262405819694,0.007183225109384945,0.9483910139647844,0.5437680317431467
pendigits,exp,104,50,0.0065863146234475785,0.9520654715510523,0.007200407614788265,0.9477838494231937,0.5394057258456337
pendigits,exp,104,51,0.006525807451439287,0.9515458560665108,0.007135861763583879,0.9477838494231937,0.5379519950707783
pendigits,exp,104,52,0.006493754642580864,0.95128604832424,0.0071137255774884585,0.9483910139647844,0.540480252673943
pendigits,exp,104,53,0.00646195706631395,0.9515458560665108,0.007060766676391694,0.9489981785063752,0.5452729279108587
pendigits,exp,104,54,0.0064254478945475054,0.9521953754221876,0.0070404500672761215,0.9489981785063752,0.5383034403250231
pendigits,exp,104,55,0.0064032044521331365,0.9518056638087815,0.007027719642771074,0.9483910139647844,0.537351871832276
pendigits,exp,104,56,0.006376683311437886,0.9523252792933229,0.006993360482881879,0.9489981785063752,0.5337139975154234
pendigits,exp,104,57,0.006374108318788449,0.9518056638087815,0.006989581492581907,0.9489981785063752,0.5324490124905731
pendigits,exp,104,58,0.006332048644268494,0.9519355676799168,0.00695585723832775,0.949605343047966,0.5378947969994865
pendigits,exp,104,59,0.006303174381862742,0.9524551831644583,0.006906156848154124,0.9489981785063752,0.5335471697153932
pendigits,exp,104,60,0.006281062681361015,0.9523252792933229,0.006903716449403735,0.9483910139647844,0.5352188983557132
pendigits,exp,104,61,0.006277281004256546,0.9521953754221876,0.006922347015591072,0.9477838494231937,0.5287687398282284
pendigits,exp,104,62,0.006250274448126456,0.9524551831644583,0.006884671126895842,0.9489981785063752,0.530725921016359
pendigits,exp,104,63,0.006231360979184046,0.9525850870355936,0.0068577423126131975,0.949605343047966,0.527555246314969
pendigits,exp,104,64,0.006205076720211097,0.9525850870355936,0.006825937846976879,0.9489981785063752,0.5263751385621868
pendigits,exp,104,65,0.00618469888705871,0.9529747986489997,0.006815902838580105,0.949605343047966,0.5302065171733739
pendigits,exp,104,66,0.006165330942918182,0.9528448947778644,0.006794229912494918,0.9489981785063752,0.5297070428129084
pendigits,exp,104,67,0.006133335889123173,0.9531047025201351,0.00675335368161123,0.9489981785063752,0.529857437514965
pendigits,exp,104,68,0.006135284517063289,0.9528448947778644,0.0067682727267048435,0.9489981785063752,0.5271803427160853
pendigits,exp,104,69,0.0060991375302049304,0.9528448947778644,0.006730791313893552,0.9489981785063752,0.5260209040689221
pendigits,exp,104,70,0.00608673995285993,0.9528448947778644,0.006713423389024814,0.9489981785063752,0.5217296179210872
pendigits,exp,104,71,0.006067867133581952,0.9528448947778644,0.006690223977249368,0.949605343047966,0.5214648851194456
pendigits,exp,104,72,0.006052383987129434,0.9529747986489997,0.00668915772400732,0.9489981785063752,0.5267885994895174
pendigits,exp,104,73,0.00602777511553568,0.9528448947778644,0.006657717804877568,0.9483910139647844,0.5197229251322374
pendigits,exp,104,74,0.006037640556607769,0.9529747986489997,0.006681570320972496,0.949605343047966,0.522547775354046
pendigits,exp,104,75,0.005994904428622169,0.9531047025201351,0.006625076770658849,0.9483910139647844,0.5281447721541083
pendigits,exp,105,1,0.04256623078320148,0.7704598597038191,0.04280668174240054,0.7607771706132362,0.8253752531443442
pendigits,exp,105,2,0.02433789395534368,0.8745128604832424,0.024667675293423442,0.8627808136004858,0.758364428608176
pendigits,exp,105,3,0.01988864612213114,0.8907508443751624,0.02037135760918774,0.8858530661809351,0.7316604058390416
pendigits,exp,105,4,0.017289813944127916,0.9042608469732398,0.017891129895035357,0.8979963570127505,0.7055424687636923
pendigits,exp,105,5,0.015513579643667046,0.9143933489217979,0.01594914666304899,0.9143897996357013,0.6859735268162934
pendigits,exp,105,6,0.015456465604160452,0.9154325798908808,0.016010229754210185,0.9174256223436551,0.6801675663126472
pendigits,exp,105,7,0.01350084583437453,0.923486619901273,0.01409560040522493,0.9222829386763813,0.6669227873338401
pendigits,exp,105,8,0.012844869813429373,0.9308911405559885,0.013332940004004215,0.928354584092289,0.6618132070793483
pendigits,exp,105,9,0.011882982186369311,0.9329696024941543,0.012381307123910305,0.9301760777170613,0.6566447586943659
pendigits,exp,105,10,0.011361040477150003,0.9345284489477786,0.011875616610309838,0.9289617486338798,0.6418036154006883
pendigits,exp,105,11,0.010808428474192151,0.9364770070148091,0.011357268607684228,0.930783242258652,0.6318855467588622
pendigits,exp,105,12,0.010555931240302593,0.9356975837879968,0.010944826109508915,0.9319975713418336,0.6343385084267346
pendigits,exp,105,13,0.010118985714537917,0.9375162379838919,0.010636279613050746,0.9332119004250152,0.6270164916569717
pendigits,exp,105,14,0.009844267645113819,0.9386853728241101,0.010302523819669788,0.9344262295081968,0.6172883244643544
pendigits,exp,105,15,0.009584644739840694,0.9390750844375162,0.010178599362359616,0.9350333940497875,0.6272583818012115
pendigits,exp,105,16,0.009394937401271126,0.9394647960509224,0.009933928965490849,0.936247723132969,0.6169369549591246
pendigits,exp,105,17,0.00920121879833741,0.9405040270200052,0.009775557147183716,0.936247723132969,0.6065590085179638
pendigits,exp,105,18,0.008980058194178471,0.9408937386334113,0.009545335027952757,0.9380692167577414,0.6056830271636776
pendigits,exp,105,19,0.008812184344335802,0.9423226812159002,0.009383996557845204,0.9386763812993322,0.6051989548107304
pendigits,exp,105,20,0.008653730279287803,0.9421927773447649,0.00916424328674523,0.9398907103825137,0.600610705618663
pendigits,exp,105,21,0.008505945397196499,0.9433619121849831,0.009072823580057216,0.9404978749241044,0.5982090333399537
pendigits,exp,105,22,0.008450472005597984,0.9442712392829307,0.009027729291804143,0.9423193685488768,0.5901510424429
pendigits,exp,105,23,0.008268361530859575,0.9433619121849831,0.008842411720849819,0.9392835458409229,0.5879877644995515
pendigits,exp,105,24,0.008174028260685978,0.9438815276695246,0.008723397554936127,0.9404978749241044,0.5908717873715963
pendigits,exp,105,25,0.008091814690670949,0.9438815276695246,0.008672826256038577,0.941712204007286,0.5891467639854904
pendigits,exp,105,26,0.008002294768567356,0.9442712392829307,0.00854040058856427,0.9392835458409229,0.5795450355634821
pendigits,exp,105,27,0.007955246898200779,0.9451805663808781,0.00855062387890286,0.9423193685488768,0.5785682905050781
pendigits,exp,105,28,0.007818320061420733,0.9450506625097428,0.00842461863526759,0.941712204007286,0.5745388107193712
pendigits,exp,105,29,0.007764741680248739,0.9449207586386075,0.008307868492955268,0.9429265330904675,0.5730757316485247
pendigits,exp,105,30,0.007647147817461608,0.9460898934788257,0.008211371263807195,0.9429265330904675,0.5714668098735654
pendigits,exp,105,31,0.007591644953820025,0.9457001818654196,0.008178467455174348,0.9423193685488768,0.5668986018835843
pendigits,exp,105,32,0.007571734958340725,0.9467394128345025,0.008126152639420193,0.9435336976320583,0.5689777009459355
pendigits,exp,105,33,0.007454066346026778,0.9471291244479085,0.008059744963080633,0.944140862173649,0.5688366811482869
pendigits,exp,105,34,0.007392124597461271,0.947259028319044,0.007949182655125637,0.9453551912568307,0.5646552422691767
pendigits,exp,105,35,0.007345961942367666,0.9464796050922317,0.007911137407200675,0.9447480267152398,0.5619622191017248
pendigits,exp,105,36,0.0072861237195946775,0.9468693167056378,0.007861385422206693,0.944140862173649,0.5598404038125591
pendigits,exp,105,37,0.007259618360052434,0.9480384515458561,0.00788700469789833,0.9453551912568307,0.5584811508920503
pendigits,exp,105,38,0.00719286009644185,0.9477786438035853,0.0077698644137639055,0.9459623557984214,0.5591809956870882
pendigits,exp,105,39,0.007142066239385331,0.9481683554169914,0.007735496770663294,0.9453551912568307,0.5516221960095192
pendigits,exp,105,40,0.007090307896430204,0.9477786438035853,0.007677316712943001,0.9459623557984214,0.5503916668493715
pendigits,exp,105,41,0.007033009846124246,0.9477786438035853,0.00763548587467935,0.9459623557984214,0.5487117244628756
pendigits,exp,105,42,0.007040631955217658,0.9481683554169914,0.007696808470887261,0.9453551912568307,0.5493584128251121
pendigits,exp,105,43,0.00694775674312733,0.9501169134840218,0.007552720737652401,0.9471766848816029,0.5463390107940986
pendigits,exp,105,44,0.006909366759752156,0.9493374902572097,0.0075321729964586874,0.9459623557984214,0.5463627816465945
pendigits,exp,105,45,0.0068881373859718854,0.9505066250974279,0.007501508578492513,0.9477838494231937,0.5468462114221749
pendigits,exp,105,46,0.006852272285056659,0.9501169134840218,0.007437921751222714,0.9477838494231937,0.5470265373075572
pendigits,exp,105,47,0.006778585463344969,0.9495972979994803,0.007417608065593713,0.9465695203400122,0.5405711759394368
pendigits,exp,105,48,0.006740889012291872,0.9502468173551571,0.007384925074982377,0.9465695203400122,0.5388863246797405
pendigits,exp,105,49,0.006682891431584709,0.9514159521953754,0.007386268763859892,0.9477838494231937,0.5414371833126411
pendigits,exp,105,50,0.0066630845923306885,0.95128604832424,0.00736280882037525,0.9471766848816029,0.5444497640377027
pendigits,exp,105,51,0.006610150782257506,0.9511561444531047,0.007296828356746645,0.9465695203400122,0.5352416801972918
pendigits,exp,105,52,0.006573137822438629,0.9514159521953754,0.007299186489776368,0.9465695203400122,0.5367245313179348
pendigits,exp,105,53,0.006573584930368163,0.9514159521953754,0.007325062813393676,0.9471766848816029,0.5339955959923883
pendigits,exp,105,54,0.006492676240254353,0.9516757599376462,0.0071872092296031646,0.9477838494231937,0.5352228121746404
pendigits,exp,105,55,0.006433273713445929,0.9527149909067291,0.007207193768624122,0.9477838494231937,0.5300625676605286
pendigits,exp,105,56,0.006397900538408747,0.9529747986489997,0.00718920278403194,0.9477838494231937,0.5347963775141559
pendigits,exp,105,57,0.006363020609085912,0.9529747986489997,0.00715018795851464,0.9471766848816029,0.5310901556428652
pendigits,exp,105,58,0.0063628729372174645,0.9524551831644583,0.007160951092124113,0.9483910139647844,0.5326235325631317
pendigits,exp,105,59,0.006315062399923085,0.9518056638087815,0.00706748167336735,0.9471766848816029,0.5254464426658159
pendigits,exp,105,60,0.006274943962964818,0.9532346063912704,0.0070675999976227335,0.9477838494231937,0.5272929201363914
pendigits,exp,105,61,0.006259079752719442,0.9523252792933229,0.00700925665522529,0.9483910139647844,0.524169954625286
pendigits,exp,105,62,0.006235276270533956,0.9529747986489997,0.007005317294415897,0.9483910139647844,0.5233890479336168
pendigits,exp,105,63,0.006211313555170087,0.9532346063912704,0.006997684530893248,0.9477838494231937,0.5218176780860669
pendigits,exp,105,64,0.006188363143642951,0.9528448947778644,0.006993023355314963,0.9483910139647844,0.5248148306603145
pendigits,exp,105,65,0.006198679781670871,0.9531047025201351,0.007016447919872033,0.9483910139647844,0.5305026131490832
pendigits,exp,105,66,0.006121280646238114,0.9536243180046765,0.006925378582770492,0.9471766848816029,0.5220669370550128
pendigits,exp,105,67,0.006105856017607298,0.9537542218758119,0.006907141830264377,0.9483910139647844,0.5182276324174733
pendigits,exp,105,68,0.006077296760527598,0.9536243180046765,0.006875380123788874,0.9483910139647844,0.5172789540311653
pendigits,exp,105,69,0.006054148134056683,0.9534944141335412,0.006840921665616686,0.9483910139647844,0.5164832527634556
pendigits,exp,105,70,0.006038345860768207,0.9537542218758119,0.006836372410681287,0.9489981785063752,0.5155698139808296
pendigits,exp,105,71,0.006022858340543623,0.9538841257469473,0.0068398912221878,0.9483910139647844,0.5154158957201983
pendigits,exp,105,72,0.0059904414499726355,0.9538841257469473,0.006781354709220821,0.9483910139647844,0.5139374031398622
pendigits,exp,105,73,0.005990903150084927,0.9537542218758119,0.006802719888314256,0.9483910139647844,0.514056337699817
pendigits,exp,105,74,0.006011568074696786,0.9534944141335412,0.006825013913622037,0.9477838494231937,0.5181156104371185
pendigits,exp,105,75,0.005950724735728406,0.9534944141335412,0.006745737044471498,0.9489981785063752,0.5112905064886536
pendigits,exp,106,1,0.05581593695681206,0.6521174330995063,0.05623321985085698,0.644808743169399,0.8499989065533244
pendigits,exp,106,2,0.031605823280873996,0.8196934268641205,0.031765627004974414,0.8166363084395871,0.76434208056917
pendigits,exp,106,3,0.020319198875055244,0.8929592101844634,0.02054953368629496,0.8882817243472981,0.731314278286669
pendigits,exp,106,4,0.0177993680463835,0.9015328656793973,0.018004935766432525,0.9034608378870674,0.7181181256744789
pendigits,exp,106,5,0.015677837269969637,0.9117952714990907,0.016158627157884325,0.9101396478445659,0.6933487629013153
pendigits,exp,106,6,0.014658790338377877,0.9138737334372564,0.015110223844385111,0.9156041287188829,0.6895098561525187
pendigits,exp,106,7,0.013663763595432407,0.919459599896077,0.014140199529849544,0.9156041287188829,0.6651487019401349
pendigits,exp,106,8,0.012676038180299568,0.9260846973239802,0.013098770464541833,0.922890103217972,0.660634380309719
pendigits,exp,106,9,0.011978783176291363,0.9301117173291764,0.012408846419327574,0.9259259259259259,0.6582254115131297
pendigits,exp,106,10,0.011315680309612284,0.932839698623019,0.011758579065747454,0.9326047358834244,0.6401151198341231
pendigits,exp,106,11,0.010862262517987182,0.9350480644323201,0.011228666580736048,0.9338190649666059,0.6396183703711256
pendigits,exp,106,12,0.01050925154284795,0.9367368147570798,0.010848881475519526,0.9356405585913783,0.634756982257203
pendigits,exp,106,13,0.01010960364684603,0.9386853728241101,0.010503485693592714,0.9368548876745598,0.6232851017260188
pendigits,exp,106,14,0.00987503782985376,0.9394647960509224,0.010188127976559632,0.9368548876745598,0.621537563831852
pendigits,exp,106,15,0.009473289123302309,0.9402442192777345,0.009884717873879586,0.9368548876745598,0.6109301301305335
pendigits,exp,106,16,0.009473154727996065,0.9399844115354637,0.009919476143422047,0.9392835458409229,0.608508364773075
pendigits,exp,106,17,0.009303151772147156,0.9399844115354637,0.009749040268666484,0.9386763812993322,0.6121804060402004
pendigits,exp,106,18,0.008942261122835407,0.9421927773447649,0.00943365054842555,0.9411050394656952,0.611741585130231
pendigits,exp,106,19,0.00874106744166279,0.9412834502468174,0.00917752437419205,0.941712204007286,0.6009666468250117
pendigits,exp,106,20,0.008656287504274149,0.9427123928293063,0.009098456480624038,0.9404978749241044,0.6005159475952186
pendigits,exp,106,21,0.008485486045849049,0.9428422967004416,0.008923202369627911,0.9423193685488768,0.5937137131744868
pendigits,exp,106,22,0.008358683395441917,0.9431021044427124,0.008846604535256392,0.941712204007286,0.5926280278410616
pendigits,exp,106,23,0.008284509224914421,0.9431021044427124,0.008813465482187066,0.9429265330904675,0.5965991405876861
pendigits,exp,106,24,0.00813124514515476,0.9441413354117952,0.008554409163287069,0.944140862173649,0.5929902859533229
pendigits,exp,106,25,0.008044806400133256,0.9436217199272539,0.008484847305478143,0.9435336976320583,0.5803855691579173
pendigits,exp,106,26,0.007975430248551112,0.9433619121849831,0.00843505096325788,0.9429265330904675,0.5810090254824216
pendigits,exp,106,27,0.00790074355452593,0.9438815276695246,0.008384148350666141,0.9429265330904675,0.5793390454282841
pendigits,exp,106,28,0.0078015038364169,0.9441413354117952,0.008256362220095218,0.9435336976320583,0.5767151150902203
pendigits,exp,106,29,0.0077262757097033945,0.9449207586386075,0.008158234181767381,0.9447480267152398,0.5751082381913141
pendigits,exp,106,30,0.00773668503652814,0.944790854767472,0.008218489308405956,0.944140862173649,0.5738461933472647
pendigits,exp,106,31,0.007617125533124786,0.9460898934788257,0.008100979815646614,0.9453551912568307,0.5738021855299308
pendigits,exp,106,32,0.007548615108096512,0.9450506625097428,0.007991658206795798,0.9453551912568307,0.5653620970645807
pendigits,exp,106,33,0.0074926707552347895,0.9457001818654196,0.007934363777652158,0.9453551912568307,0.5634776965400599
pendigits,exp,106,34,0.007441708272725238,0.9454403741231489,0.007864602035063516,0.9453551912568307,0.5692539347265575
pendigits,exp,106,35,0.0074120707816896746,0.9467394128345025,0.007885223059013183,0.9453551912568307,0.5629707593168535
pendigits,exp,106,36,0.007326165936736059,0.9468693167056378,0.007782076063483309,0.9453551912568307,0.5616063852711732
pendigits,exp,106,37,0.007264390061030033,0.9467394128345025,0.007733939393145632,0.9459623557984214,0.5597891945917982
pendigits,exp,106,38,0.007234385147090508,0.9471291244479085,0.007689483516120655,0.9459623557984214,0.5582871727008971
pendigits,exp,106,39,0.007204162970533473,0.9471291244479085,0.007638011848076497,0.9453551912568307,0.556938534822231
pendigits,exp,106,40,0.0071758554488298544,0.9473889321901793,0.0076696730392056996,0.9459623557984214,0.555178757327282
pendigits,exp,106,41,0.007115844608675843,0.947259028319044,0.007578261565457347,0.9453551912568307,0.5542238832597391
pendigits,exp,106,42,0.007063349795183245,0.9471291244479085,0.007499815058655827,0.9465695203400122,0.5527398222373602
pendigits,exp,106,43,0.0070203340114622205,0.9479085476747207,0.007485968376286634,0.9465695203400122,0.5480436199695347
pendigits,exp,106,44,0.0069824887954504115,0.9475188360613146,0.007427512586907083,0.9465695203400122,0.5497743532151917
pendigits,exp,106,45,0.0069477942885246185,0.9480384515458561,0.007397388781114167,0.9465695203400122,0.5451474256763365
pendigits,exp,106,46,0.006929872616656899,0.9469992205767732,0.00739435104073189,0.9459623557984214,0.5486512671614139
pendigits,exp,106,47,0.006876362927136218,0.9477786438035853,0.007331279286006649,0.9465695203400122,0.5455765704766663
pendigits,exp,106,48,0.006847513578030244,0.9482982592881268,0.007297692821046631,0.9465695203400122,0.5416570167658465
pendigits,exp,106,49,0.0068217372937923,0.9480384515458561,0.007273530614340044,0.9465695203400122,0.540093436401243
pendigits,exp,106,50,0.006787684591063955,0.9482982592881268,0.00724442654117891,0.9471766848816029,0.53832574060052
pendigits,exp,106,51,0.00678163792210219,0.949077682514939,0.007252206029820308,0.9459623557984214,0.5408346569970851
pendigits,exp,106,52,0.006718785441240249,0.9493374902572097,0.007189356598909267,0.9465695203400122,0.5422623331599239
pendigits,exp,106,53,0.00670654331201184,0.9489477786438035,0.007170133338711794,0.9465695203400122,0.5393207817854828
pendigits,exp,106,54,0.006663446015885418,0.9492075863860743,0.007136438506889784,0.9465695203400122,0.5345022059850347
pendigits,exp,106,55,0.006643812334963792,0.9502468173551571,0.007112803139436874,0.9471766848816029,0.5370029724758022
pendigits,exp,106,56,0.006615109875662138,0.9501169134840218,0.0071017379166614355,0.9477838494231937,0.5350675147559952
pendigits,exp,106,57,0.0065903572682430005,0.9506365289685632,0.007096716489556151,0.9483910139647844,0.5345751304248864
pendigits,exp,106,58,0.0065711997994969285,0.9498571057417511,0.007060455809468914,0.9477838494231937,0.5326156545145967
pendigits,exp,106,59,0.006536504422797472,0.9506365289685632,0.007061102049427129,0.9477838494231937,0.531987707473485
pendigits,exp,106,60,0.006502330985917093,0.9501169134840218,0.006991790678342059,0.9477838494231937,0.5310523194059413
pendigits,exp,106,61,0.006476283637908715,0.950896336710834,0.006972405876808647,0.9483910139647844,0.531535850128762
pendigits,exp,106,62,0.006469401865814589,0.9502468173551571,0.00698755621911673,0.9483910139647844,0.5312826101326885
pendigits,exp,106,63,0.006428796997749344,0.9510262405819694,0.006951553303935119,0.9483910139647844,0.5402377232334541
pendigits,exp,106,64,0.006414670170068238,0.950896336710834,0.006973355156292112,0.9477838494231937,0.5279234086954143
pendigits,exp,106,65,0.006373903789876663,0.9516757599376462,0.0069221272406262925,0.9483910139647844,0.5264977829852365
pendigits,exp,106,66,0.006339898516756109,0.9518056638087815,0.0068840677687970015,0.9477838494231937,0.5230265964694721
pendigits,exp,106,67,0.0063293189852182945,0.9515458560665108,0.006887156928751402,0.9483910139647844,0.5273514200065699
pendigits,exp,106,68,0.006286116408610154,0.9520654715510523,0.0068491462128143915,0.9483910139647844,0.5211419696279294
pendigits,exp,106,69,0.006258629364255201,0.9525850870355936,0.006837518600887379,0.9483910139647844,0.5230275259673774
pendigits,exp,106,70,0.006259095529545185,0.9523252792933229,0.006848358917105963,0.9489981785063752,0.5302720889767361
pendigits,exp,106,71,0.006216775272528126,0.9527149909067291,0.006804128832250244,0.9483910139647844,0.5213980696592239
pendigits,exp,106,72,0.00618429313503645,0.9528448947778644,0.006796022830239472,0.9477838494231937,0.5238048558128275
pendigits,exp,106,73,0.006177988900025497,0.9529747986489997,0.006800207634720647,0.9483910139647844,0.5199143253879315
pendigits,exp,106,74,0.006138435088746695,0.9528448947778644,0.0067499639557126396,0.9483910139647844,0.5193231096360104
pendigits,exp,106,75,0.006122086754891533,0.9525850870355936,0.006741280231840066,0.9483910139647844,0.5182285618679185
pendigits,exp,107,1,0.03513633453497989,0.8643803585346843,0.03536672114973413,0.8500303582270795,0.8063270311100823
pendigits,exp,107,2,0.023106426905478553,0.8816575733956872,0.02330292280595837,0.8718882817243473,0.7616049163594559
pendigits,exp,107,3,0.019545258457746933,0.8880228630813198,0.019904242072254292,0.8852459016393442,0.7237071501783028
pendigits,exp,107,4,0.017251427175557606,0.8994544037412315,0.017700509019799172,0.8973891924711597,0.7040499689573756
pendigits,exp,107,5,0.01581781268420037,0.9067290205248116,0.01616359007172972,0.9052823315118397,0.690746109452819
pendigits,exp,107,6,0.014666457680856788,0.9153026760197454,0.015207864376136124,0.9058894960534305,0.6817824702966997
pendigits,exp,107,7,0.013827879337588875,0.916991426344505,0.014318097737262482,0.9156041287188829,0.680459979814947
pendigits,exp,107,8,0.012903696692216174,0.9259547934528449,0.013516781966896289,0.920461445051609,0.6601554642384394
pendigits,exp,107,9,0.012107408182152515,0.928163159262146,0.01259448964817874,0.9277474195506983,0.6579299911321248
pendigits,exp,107,10,0.011597540630596533,0.9345284489477786,0.012153786946963025,0.9332119004250152,0.6422268999937963
pendigits,exp,107,11,0.011017012639719834,0.9342686412055079,0.011550373501476374,0.9301760777170613,0.6351508194679197
pendigits,exp,107,12,0.010562503296979166,0.9358274876591323,0.010985865141982952,0.9326047358834244,0.6287141548492958
pendigits,exp,107,13,0.010347564668944877,0.9385554689529748,0.010837438426774907,0.9350333940497875,0.6206508021399582
pendigits,exp,107,14,0.009972455041800844,0.9395946999220577,0.010450036519658958,0.9374620522161505,0.617148583893069
pendigits,exp,107,15,0.00963470650609135,0.9388152766952456,0.010045387682394614,0.9368548876745598,0.6133489902550218
pendigits,exp,107,16,0.009366595187445169,0.941153546375682,0.00989103819129998,0.9392835458409229,0.6104755356201147
pendigits,exp,107,17,0.009194650762382734,0.9406339308911406,0.009698316364242367,0.9392835458409229,0.6107736011321148
pendigits,exp,107,18,0.009060819689426677,0.9424525850870356,0.009553835356306297,0.9404978749241044,0.6071433997113986
pendigits,exp,107,19,0.00879361980779589,0.9432320083138478,0.009323786406583105,0.9404978749241044,0.5954036830879804
pendigits,exp,107,20,0.008629023490518938,0.942582488958171,0.009173091645190668,0.9411050394656952,0.5932889701601218
pendigits,exp,107,21,0.008566744061138384,0.9437516237983892,0.00909408400317748,0.9411050394656952,0.5923534790921268
pendigits,exp,107,22,0.008331868135021743,0.9437516237983892,0.008843345578996511,0.9411050394656952,0.5903558968197791
pendigits,exp,107,23,0.008240289448981902,0.9432320083138478,0.008770893194792581,0.9411050394656952,0.5812986042080235
pendigits,exp,107,24,0.008136177451094758,0.9434918160561184,0.008686801792408837,0.9423193685488768,0.5782594350593209
pendigits,exp,107,25,0.008011942237765834,0.9440114315406599,0.008561301138031857,0.9423193685488768,0.5755476716473142
pendigits,exp,107,26,0.007987308998965164,0.9440114315406599,0.00856154072183997,0.9429265330904675,0.5845450522708397
pendigits,exp,107,27,0.007886815026649237,0.944790854767472,0.008415094860515294,0.9423193685488768,0.5747226611778576
pendigits,exp,107,28,0.007782691156767815,0.944401143154066,0.008331647646088059,0.9429265330904675,0.5695919331269871
pendigits,exp,107,29,0.007733061664618298,0.9466095089633672,0.008249708595186832,0.9447480267152398,0.5723393583792906
pendigits,exp,107,30,0.007708273839163981,0.9458300857365549,0.008217114455874829,0.9435336976320583,0.5685792306855577
pendigits,exp,107,31,0.007575210766650343,0.9455702779942843,0.008123941278636292,0.9453551912568307,0.5633212169099661
pendigits,exp,107,32,0.007510216785847284,0.9469992205767732,0.008078633433551157,0.9453551912568307,0.5704781013141048
pendigits,exp,107,33,0.007468161163152139,0.946219797349961,0.008033484406886065,0.9435336976320583,0.5594377290092545
pendigits,exp,107,34,0.00739930130473279,0.9459599896076903,0.007968422609171265,0.9447480267152398,0.5644776325354286
pendigits,exp,107,35,0.0073424911497597944,0.9468693167056378,0.00790205115241306,0.9459623557984214,0.5633427843387331
pendigits,exp,107,36,0.007276367543926825,0.9473889321901793,0.007861583758537415,0.9459623557984214,0.5645476823028578
pendigits,exp,107,37,0.007254305114958789,0.9467394128345025,0.007786843840959818,0.9459623557984214,0.5558006092892828
pendigits,exp,107,38,0.007172891470687663,0.9473889321901793,0.007726581661532307,0.9477838494231937,0.5545081835402874
pendigits,exp,107,39,0.007123364296654512,0.9475188360613146,0.007670177370530643,0.9471766848816029,0.5546075881175125
pendigits,exp,107,40,0.0070840298683544954,0.9479085476747207,0.007664316328070739,0.9477838494231937,0.5525842820957655
pendigits,exp,107,41,0.007039754023065422,0.9479085476747207,0.007582446191727227,0.9471766848816029,0.5473114595950391
pendigits,exp,107,42,0.007005046589812736,0.9482982592881268,0.007558751949593195,0.9465695203400122,0.549877283097401
pendigits,exp,107,43,0.006998074505224337,0.94764873993245,0.007586204823627879,0.9471766848816029,0.5500460458350503
pendigits,exp,107,44,0.006922393005796753,0.949077682514939,0.007463390271575373,0.9477838494231937,0.543051498368981
pendigits,exp,107,45,0.006897893033932568,0.9492075863860743,0.007472554177905882,0.9477838494231937,0.5450297237375161
pendigits,exp,107,46,0.006859937083154928,0.9493374902572097,0.007412859791917181,0.9465695203400122,0.5402943046552896
pendigits,exp,107,47,0.006899091970386767,0.9486879709015329,0.007490258715683944,0.9453551912568307,0.5432270897035565
pendigits,exp,107,48,0.006783797554191787,0.9495972979994803,0.007344334382640002,0.9471766848816029,0.5414221927786433
pendigits,exp,107,49,0.006755863029881215,0.949467394128345,0.007330989862958455,0.9477838494231937,0.5440931902116608
pendigits,exp,107,50,0.006733637683661367,0.9506365289685632,0.007319350735090572,0.9471766848816029,0.5422487676984258
pendigits,exp,107,51,0.006715884697811771,0.9505066250974279,0.0072971469259281475,0.9471766848816029,0.5359006378172143
pendigits,exp,107,52,0.0066680670819520265,0.9503767212262926,0.007249933712540236,0.9465695203400122,0.5346265969526472
pendigits,exp,107,53,0.006657466284431483,0.9503767212262926,0.0072325012690912524,0.9477838494231937,0.5376147199542982
pendigits,exp,107,54,0.006603472247948669,0.9507664328396986,0.007184417764242496,0.9471766848816029,0.5379528916599641
pendigits,exp,107,55,0.0065788227845580615,0.950896336710834,0.007185921128675332,0.9477838494231937,0.5342679400167961
pendigits,exp,107,56,0.006594115007708861,0.9510262405819694,0.007225983813052607,0.9465695203400122,0.5309074293262952
pendigits,exp,107,57,0.006518733138486638,0.9510262405819694,0.007131910522651829,0.9483910139647844,0.5318148915276963
pendigits,exp,107,58,0.006513956214340324,0.9501169134840218,0.007110266669664584,0.9471766848816029,0.5318129360667699
pendigits,exp,107,59,0.006489592540027066,0.9515458560665108,0.007086688578839008,0.9483910139647844,0.5316239091379071
pendigits,exp,107,60,0.006450821895457193,0.9510262405819694,0.007069481089240699,0.9483910139647844,0.5290316903805637
pendigits,exp,107,61,0.006426259030464244,0.95128604832424,0.007024189769606255,0.9483910139647844,0.5286998521363779
pendigits,exp,107,62,0.006392601649666954,0.9515458560665108,0.007038988891292099,0.9483910139647844,0.5305541514997454
pendigits,exp,107,63,0.006370822768348863,0.9516757599376462,0.006991258966212986,0.9483910139647844,0.5238462268993023
pendigits,exp,107,64,0.006354034702766348,0.9514159521953754,0.0069906827458508765,0.9483910139647844,0.5249347216861023
pendigits,exp,107,65,0.006332180428027086,0.9520654715510523,0.006978402206589477,0.9489981785063752,0.5260961838684588
pendigits,exp,107,66,0.006306090360293516,0.9523252792933229,0.0069972035013186416,0.9483910139647844,0.5308582031169047
pendigits,exp,107,67,0.006275480915229374,0.9521953754221876,0.006970091743533573,0.9483910139647844,0.5205976091255557
pendigits,exp,107,68,0.006243918881937208,0.9524551831644583,0.006915487546713066,0.9489981785063752,0.5253245061204969
pendigits,exp,107,69,0.006218947065071411,0.9525850870355936,0.006888574470382939,0.9483910139647844,0.518464231599032
pendigits,exp,107,70,0.006192416741593483,0.9528448947778644,0.006892432750174003,0.9489981785063752,0.5205171795299136
pendigits,exp,107,71,0.006165869714490597,0.9527149909067291,0.006862816338300929,0.9483910139647844,0.5170887014115483
pendigits,exp,107,72,0.006159384456974607,0.9536243180046765,0.0068933303443336445,0.9483910139647844,0.5200091050669481
pendigits,exp,107,73,0.006117234857742198,0.9536243180046765,0.006840105569159167,0.949605343047966,0.523959033921839
pendigits,exp,107,74,0.006101906119967622,0.9534944141335412,0.00685467912983941,0.9502125075895568,0.5206075058318834
pendigits,exp,107,75,0.006080364452679818,0.9534944141335412,0.0068155920714606565,0.9489981785063752,0.516325085682309
pendigits,exp,108,1,0.04341874606040071,0.74188100805404,0.04392060224845336,0.7304189435336976,0.8214803069819804
pendigits,exp,108,2,0.02450235130811355,0.8768511301636789,0.025018247768535763,0.8603521554341227,0.7561197697863404
pendigits,exp,108,3,0.019364744605549006,0.892049883086516,0.019985050669031425,0.8816029143897997,0.734258414987767
pendigits,exp,108,4,0.017424409585169335,0.898545076643284,0.018184405086744702,0.8919247115968427,0.721977668692946
pendigits,exp,108,5,0.015764208615831995,0.9045206547155106,0.01652251149642013,0.8986035215543412,0.6990138484977246
pendigits,exp,108,6,0.014801101576779148,0.9110158482722786,0.015406331160453226,0.9083181542197936,0.6811106520456313
pendigits,exp,108,7,0.015134208513822321,0.9059495972979995,0.015986393317267686,0.8986035215543412,0.6876257145195703
pendigits,exp,108,8,0.013023513783862711,0.9220576773187841,0.013706799187714462,0.9168184578020644,0.6603243724265888
pendigits,exp,108,9,0.012722034132947454,0.9225772928033256,0.013519908572346952,0.9156041287188829,0.6530011932562997
pendigits,exp,108,10,0.01179967783387608,0.9275136399064692,0.012674639578250527,0.9216757741347905,0.6491680463389349
pendigits,exp,108,11,0.011381600829532879,0.9297220057157703,0.012274230408763583,0.922890103217972,0.6372169195247038
pendigits,exp,108,12,0.011095733090526017,0.9312808521693946,0.01201048786325347,0.9265330904675168,0.6341858273206222
pendigits,exp,108,13,0.010681694399714616,0.9325798908807482,0.01159678083713836,0.9253187613843351,0.6314816792212649
pendigits,exp,108,14,0.010393007220355237,0.9337490257209665,0.01129184198513607,0.9277474195506983,0.622171987202229
pendigits,exp,108,15,0.010102452908788445,0.936087295401403,0.011009847979879063,0.9271402550091075,0.6172026655447698
pendigits,exp,108,16,0.009917041456586926,0.9364770070148091,0.010831136638611816,0.9295689131754705,0.6145605679123828
pendigits,exp,108,17,0.009755360921992112,0.9386853728241101,0.010640230244777935,0.9332119004250152,0.6119756619333033
pendigits,exp,108,18,0.009699867670768742,0.9380358534684333,0.010636904215556,0.9319975713418336,0.619076794544513
pendigits,exp,108,19,0.009266078356068746,0.9406339308911406,0.010185068146902794,0.9368548876745598,0.6055449977035585
pendigits,exp,108,20,0.009065071424010585,0.942582488958171,0.009889175785284544,0.9404978749241044,0.5982401032159352
pendigits,exp,108,21,0.00895463465422767,0.9432320083138478,0.00970249570827482,0.9423193685488768,0.601852997463253
pendigits,exp,108,22,0.008692340046322052,0.9440114315406599,0.00939271658564664,0.941712204007286,0.5928293293000676
pendigits,exp,108,23,0.008476236892053787,0.944790854767472,0.009177826379145309,0.9429265330904675,0.5950682765414694
pendigits,exp,108,24,0.008340747212114061,0.9458300857365549,0.00902515957946502,0.9429265330904675,0.5858826941230364
pendigits,exp,108,25,0.008214893159230355,0.9458300857365549,0.008869036040084103,0.9423193685488768,0.5859002654469176
pendigits,exp,108,26,0.008142896384450244,0.9460898934788257,0.008830644165422693,0.9435336976320583,0.5900609200206409
pendigits,exp,108,27,0.007993730670575058,0.9459599896076903,0.008668699751058597,0.9429265330904675,0.5832365797503373
pendigits,exp,108,28,0.007919779425633497,0.9460898934788257,0.00863165622616867,0.9423193685488768,0.5816344831097487
pendigits,exp,108,29,0.0077999250411295564,0.9460898934788257,0.008479707016953532,0.9435336976320583,0.5786890971407985
pendigits,exp,108,30,0.0077243880673873895,0.9467394128345025,0.008393387998658818,0.9435336976320583,0.5779726770145523
pendigits,exp,108,31,0.0076262431195128,0.9468693167056378,0.008284947058199205,0.9435336976320583,0.5753398450734588
pendigits,exp,108,32,0.007564393061525572,0.947259028319044,0.008186945987891688,0.9447480267152398,0.5676787728253179
pendigits,exp,108,33,0.0075012376844112,0.9477786438035853,0.008146524351791026,0.9453551912568307,0.5676400239869834
pendigits,exp,108,34,0.007425888107797278,0.9480384515458561,0.008089723978684897,0.9447480267152398,0.5626719691573934
pendigits,exp,108,35,0.007356964974892259,0.9481683554169914,0.00799802360608963,0.9447480267152398,0.5606917869074816
pendigits,exp,108,36,0.007321821867950244,0.9485580670303975,0.00793739194229883,0.9447480267152398,0.559601814542315
pendigits,exp,108,37,0.007242026404402756,0.9485580670303975,0.007898888071984897,0.9447480267152398,0.5602925022600659
pendigits,exp,108,38,0.007414596437246982,0.9480384515458561,0.00805412444617178,0.9471766848816029,0.5590391835066628
pendigits,exp,108,39,0.007113301130302129,0.9488178747726682,0.0077537228846436225,0.9447480267152398,0.5618503505859819
pendigits,exp,108,40,0.007064767094561201,0.9498571057417511,0.007679924866454066,0.9453551912568307,0.5547659319235893
pendigits,exp,108,41,0.007023632016571851,0.9498571057417511,0.007649524699886561,0.9447480267152398,0.5613396905392799
pendigits,exp,108,42,0.007005181152157137,0.9488178747726682,0.007610212202543071,0.9453551912568307,0.5570539728148497
pendigits,exp,108,43,0.006914132653333777,0.9501169134840218,0.00754563146056973,0.9459623557984214,0.5478211097056834
pendigits,exp,108,44,0.0068920507339005135,0.9506365289685632,0.007543412092205257,0.9465695203400122,0.5527804092577936
pendigits,exp,108,45,0.006859906170517473,0.9506365289685632,0.007474853763891353,0.9459623557984214,0.546234451010999
pendigits,exp,108,46,0.0068063477219042524,0.9501169134840218,0.00741805513085196,0.9459623557984214,0.54418587130933
pendigits,exp,108,47,0.006786591722896966,0.950896336710834,0.00740960636976573,0.9465695203400122,0.545613502911616
pendigits,exp,108,48,0.0067427635759383635,0.950896336710834,0.007396344998597987,0.9465695203400122,0.5474614834951856
pendigits,exp,108,49,0.006703735250311375,0.9506365289685632,0.0073315598752357785,0.9465695203400122,0.5451860783252488
pendigits,exp,108,50,0.006650685338893227,0.9510262405819694,0.0072903365424591944,0.9465695203400122,0.5422843104385506
pendigits,exp,108,51,0.006661784733760226,0.9518056638087815,0.007320735471483518,0.9471766848816029,0.5422677093091547
pendigits,exp,108,52,0.006604114205722461,0.9518056638087815,0.007254959362567762,0.9477838494231937,0.5392073915649324
pendigits,exp,108,53,0.006577263582910573,0.9515458560665108,0.007243878511017282,0.9477838494231937,0.5390519851634433
pendigits,exp,108,54,0.006550533364921724,0.9515458560665108,0.007173646809738111,0.9483910139647844,0.5354481780938803
pendigits,exp,108,55,0.00651487542990471,0.9516757599376462,0.0071446469264079115,0.9477838494231937,0.5329465694327948
pendigits,exp,108,56,0.006486738103710554,0.9520654715510523,0.007102733353225668,0.9483910139647844,0.5327575364562729
pendigits,exp,108,57,0.006453840153352315,0.9519355676799168,0.007085248089234119,0.9489981785063752,0.5347677045630935
pendigits,exp,108,58,0.006456664702848399,0.9516757599376462,0.0070945110773672285,0.9477838494231937,0.5344888692447688
pendigits,exp,108,59,0.006368639218399307,0.9532346063912704,0.007034179741194852,0.9477838494231937,0.5287713825173868
pendigits,exp,108,60,0.006347687189190796,0.9527149909067291,0.007018998356282834,0.9489981785063752,0.5341145902808887
pendigits,exp,108,61,0.006324057468372142,0.9533645102624059,0.007027689369151223,0.9477838494231937,0.5303618640898936
pendigits,exp,108,62,0.006286166667410563,0.9534944141335412,0.006988769742512773,0.9477838494231937,0.529246160386804
pendigits,exp,108,63,0.0062583831412469605,0.9534944141335412,0.006961263014378682,0.9483910139647844,0.5260523740951927
pendigits,exp,108,64,0.0062107501008075985,0.9538841257469473,0.006933482803604328,0.9489981785063752,0.5237522419829078
pendigits,exp,108,65,0.006178056891658316,0.9540140296180826,0.006916526414190052,0.9489981785063752,0.5229912637868693
pendigits,exp,108,66,0.006157025840996425,0.9542738373603533,0.006893270907090359,0.9489981785063752,0.5250246158265521
pendigits,exp,108,67,0.006128801469837984,0.9540140296180826,0.0068679241991236924,0.9489981785063752,0.5272666444014409
pendigits,exp,108,68,0.006100776150501341,0.9545336451026241,0.006886805400497062,0.9477838494231937,0.5202738313074817
pendigits,exp,108,69,0.006068004596519438,0.9546635489737594,0.0068576056399461665,0.9477838494231937,0.5251398286834597
pendigits,exp,108,70,0.006057187099913253,0.9550532605871654,0.0068967739050243525,0.9489981785063752,0.5270158082417834
pendigits,exp,108,71,0.006017305454744697,0.9554429722005716,0.006814875330706297,0.9489981785063752,0.5207768300848621
pendigits,exp,108,72,0.006020573045196531,0.9549233567160301,0.006827205765553007,0.9477838494231937,0.5232072399799085
pendigits,exp,108,73,0.005965625378963052,0.9551831644583009,0.0067603465942280136,0.9489981785063752,0.515871050862591
pendigits,exp,108,74,0.0059506515393882835,0.9551831644583009,0.006784718203996175,0.9477838494231937,0.5238689673185082
pendigits,exp,108,75,0.005921017366803222,0.9553130683294362,0.006782497481659144,0.9471766848816029,0.5143681515241316
pendigits,exp,109,1,0.04541951121957965,0.7508443751623798,0.04611555395735843,0.7352762598664238,0.8385050837077979
pendigits,exp,109,2,0.02533581698142224,0.8756819953234607,0.025611271502612668,0.8621736490588949,0.7627174671532069
pendigits,exp,109,3,0.02017132501164266,0.8921797869576513,0.02073119841101746,0.8840315725561627,0.7281688981755762
pendigits,exp,109,4,0.017918140888115917,0.900363730839179,0.01835007881486698,0.8979963570127505,0.7209754091408401
pendigits,exp,109,5,0.01585770855491715,0.9080280592361653,0.01627277049670942,0.907103825136612,0.6983614374004555
pendigits,exp,109,6,0.014897054446701575,0.9137438295661211,0.015579454450438035,0.9089253187613844,0.6878917342528174
pendigits,exp,109,7,0.013677966619957509,0.9210184463497012,0.014341525207058179,0.914996964177292,0.675647382069832
pendigits,exp,109,8,0.013172632358810147,0.923486619901273,0.013757606512532635,0.9198542805100182,0.661290385623025
pendigits,exp,109,9,0.012438843772225903,0.9251753702260327,0.01313934282812071,0.9186399514268366,0.6491433562310852
pendigits,exp,109,10,0.011819155533385136,0.9294621979734996,0.01252134248856008,0.9253187613843351,0.6469396716162175
pendigits,exp,109,11,0.011323757536743428,0.9323200831384775,0.012047561422935758,0.9289617486338798,0.6380351776253397
pendigits,exp,109,12,0.010930766653168864,0.9359573915302676,0.011495675861509727,0.9332119004250152,0.6325546379715277
pendigits,exp,109,13,0.010428537052173312,0.9369966224993505,0.010941268489334525,0.9326047358834244,0.6298163374314165
pendigits,exp,109,14,0.01010230511839871,0.9375162379838919,0.010632551272775275,0.9326047358834244,0.6215420438571628
pendigits,exp,109,15,0.009762098638837917,0.9394647960509224,0.010327765064709955,0.9350333940497875,0.6182934331312325
pendigits,exp,109,16,0.009536413444460221,0.9395946999220577,0.010092287516796672,0.9368548876745598,0.6162385452542282
pendigits,exp,109,17,0.009296137249603148,0.9407638347622759,0.009915639960906867,0.9356405585913783,0.610326736781893
pendigits,exp,109,18,0.009073410395514781,0.9415432579890881,0.009687346587893437,0.9368548876745598,0.615769978863275
pendigits,exp,109,19,0.008871346704296824,0.942582488958171,0.009517680830229372,0.9368548876745598,0.603132885953035
pendigits,exp,109,20,0.00870034656330103,0.942582488958171,0.00929718125829957,0.936247723132969,0.6003493065884176
pendigits,exp,109,21,0.008599326585612604,0.9437516237983892,0.009221593072875624,0.9398907103825137,0.5979011531664186
pendigits,exp,109,22,0.008490624835937018,0.9433619121849831,0.009142344829707355,0.9398907103825137,0.5916783709617878
pendigits,exp,109,23,0.008330863278876497,0.9441413354117952,0.008998970566504394,0.9386763812993322,0.5918648849616924
pendigits,exp,109,24,0.008199364797075063,0.9437516237983892,0.008837107505137302,0.9392835458409229,0.5862346512960538
pendigits,exp,109,25,0.008120097790644987,0.9450506625097428,0.008777455895587583,0.941712204007286,0.5837909810300196
pendigits,exp,109,26,0.008039273218834195,0.9458300857365549,0.00869396462969804,0.9429265330904675,0.5870092855737924
pendigits,exp,109,27,0.007990897054136728,0.9455702779942843,0.008646203321169887,0.941712204007286,0.5899980444100422
pendigits,exp,109,28,0.007881761465646628,0.9446609508963367,0.008482293306971967,0.9423193685488768,0.5761570861576348
pendigits,exp,109,29,0.007739058036463478,0.9457001818654196,0.008379623995040799,0.9429265330904675,0.5791083331411025
pendigits,exp,109,30,0.0076765995866395,0.9451805663808781,0.008318708102675092,0.9423193685488768,0.5755734111493778
pendigits,exp,109,31,0.007669994166865646,0.9468693167056378,0.008319229075551528,0.9429265330904675,0.5778142929861847
pendigits,exp,109,32,0.007559083832778695,0.9455702779942843,0.008209007063377674,0.9435336976320583,0.5724191209407355
pendigits,exp,109,33,0.0075423312358400205,0.9475188360613146,0.008172232222710567,0.9435336976320583,0.5815578811449281
pendigits,exp,109,34,0.007425370775293892,0.9468693167056378,0.008069993047122893,0.9453551912568307,0.5747935521270865
pendigits,exp,109,35,0.0073480691073530184,0.947259028319044,0.007963316826646222,0.9447480267152398,0.5637472119754748
pendigits,exp,109,36,0.00729094418473953,0.9473889321901793,0.00793531622002636,0.9435336976320583,0.5645912771244982
pendigits,exp,109,37,0.007264710203388243,0.9475188360613146,0.007870772567162738,0.9465695203400122,0.5608393058560767
pendigits,exp,109,38,0.007294349362231409,0.9484281631592621,0.00792474880712266,0.9447480267152398,0.5622113259341561
pendigits,exp,109,39,0.00712745876757517,0.9480384515458561,0.007778279912290408,0.9447480267152398,0.5575408083752438
pendigits,exp,109,40,0.0070922134017183305,0.9480384515458561,0.007733131292887236,0.9465695203400122,0.5594372972293455
pendigits,exp,109,41,0.007102272869330902,0.9481683554169914,0.007753835436924616,0.9453551912568307,0.5613270554696929
pendigits,exp,109,42,0.006996295034614025,0.9495972979994803,0.007651691998025734,0.9459623557984214,0.5528922895232791
pendigits,exp,109,43,0.006964838535659212,0.9488178747726682,0.007605902909321193,0.9465695203400122,0.5552278615302423
pendigits,exp,109,44,0.006901167950609957,0.9492075863860743,0.007548799481469551,0.9477838494231937,0.5544237210548123
pendigits,exp,109,45,0.006879081572106829,0.949077682514939,0.007548667680345902,0.9465695203400122,0.5491894542659885
pendigits,exp,109,46,0.006813690562658528,0.9506365289685632,0.007485738353868374,0.9477838494231937,0.5495306705278478
pendigits,exp,109,47,0.006777042175812034,0.9503767212262926,0.007433825958306508,0.9477838494231937,0.5508492527611873
pendigits,exp,109,48,0.006742522376243123,0.9498571057417511,0.007440209220031336,0.9465695203400122,0.5464183380881166
pendigits,exp,109,49,0.006673465696630642,0.9516757599376462,0.0074039306559057,0.9477838494231937,0.5470303908169548
pendigits,exp,109,50,0.006633966944493727,0.95128604832424,0.007350679826490355,0.9477838494231937,0.552284436505207
pendigits,exp,109,51,0.0066089053142181905,0.9511561444531047,0.007367282699035022,0.9483910139647844,0.5412245507580291
pendigits,exp,109,52,0.006580516540939332,0.9506365289685632,0.007388696839071948,0.9471766848816029,0.5459795063913939
pendigits,exp,109,53,0.006498315749917342,0.9521953754221876,0.007298707383683092,0.9483910139647844,0.5393112244922381
pendigits,exp,109,54,0.00659874635963157,0.9514159521953754,0.007406401035019399,0.9465695203400122,0.5475812155891262
pendigits,exp,109,55,0.006437202496996653,0.9527149909067291,0.00723781151716432,0.9483910139647844,0.5402754060454579
pendigits,exp,109,56,0.006392582874433961,0.9525850870355936,0.0071856180172703175,0.9477838494231937,0.5389101958276986
pendigits,exp,109,57,0.006432180538261006,0.9524551831644583,0.00726892910943951,0.9471766848816029,0.5397116867022866
pendigits,exp,109,58,0.0063298469163790986,0.9531047025201351,0.007150856502184847,0.9483910139647844,0.5380593533287703
pendigits,exp,109,59,0.00630483219652565,0.9529747986489997,0.007136886767138966,0.9483910139647844,0.5369344097732462
pendigits,exp,109,60,0.006255014684781985,0.9532346063912704,0.007092789859021922,0.9483910139647844,0.5324071616605273
pendigits,exp,109,61,0.006228097719612471,0.9534944141335412,0.007072754629488505,0.9477838494231937,0.534654009741512
pendigits,exp,109,62,0.006206217109127651,0.9536243180046765,0.00705176942286768,0.9483910139647844,0.538081032194708
pendigits,exp,109,63,0.006178004132102779,0.9534944141335412,0.007026204141392656,0.9483910139647844,0.5298869657254944
pendigits,exp,109,64,0.006188266301225803,0.954143933489218,0.007055875638816254,0.9477838494231937,0.5326095998455697
pendigits,exp,109,65,0.006125962097298126,0.9538841257469473,0.006985466690188158,0.9489981785063752,0.527603789893137
pendigits,exp,109,66,0.006115933187587961,0.9534944141335412,0.006999172163851657,0.9489981785063752,0.5301645987299911
pendigits,exp,109,67,0.00609822350722107,0.9536243180046765,0.006997405828505485,0.9489981785063752,0.5284853475649106
pendigits,exp,109,68,0.006077536729563577,0.9536243180046765,0.006945636869748855,0.9489981785063752,0.5265889748111776
pendigits,exp,109,69,0.006034950580725373,0.9540140296180826,0.00690380587590321,0.9483910139647844,0.5247437622297965
pendigits,exp,109,70,0.00601581806157323,0.9540140296180826,0.00687629808711402,0.9483910139647844,0.5243298557077215
pendigits,exp,109,71,0.005995015313991125,0.954143933489218,0.006874718086331686,0.9489981785063752,0.525946454528358
pendigits,exp,109,72,0.005981246077522135,0.9542738373603533,0.0068538079356764755,0.9489981785063752,0.528245777954967
pendigits,exp,109,73,0.005956071761154811,0.9544037412314887,0.006840344380603261,0.9477838494231937,0.5264941985207692
pendigits,exp,109,74,0.005945495153165146,0.9545336451026241,0.006821878432399171,0.9477838494231937,0.521309048282419
pendigits,exp,109,75,0.00592321629562542,0.9545336451026241,0.006810557089592647,0.9489981785063752,0.5226607535710103
pendigits,exp,110,1,0.03959393607550356,0.7825409197194076,0.03966324597046737,0.7741347905282332,0.8226485357222797
pendigits,exp,110,2,0.023676022548582108,0.8806183424266043,0.024129588606627464,0.8724954462659381,0.7702429369198686
pendigits,exp,110,3,0.01992819808071048,0.8907508443751624,0.020402736264448093,0.8846387370977535,0.7249513931086732
pendigits,exp,110,4,0.01739384403295698,0.9027020005196155,0.018007844209065118,0.8986035215543412,0.7057869932562425
pendigits,exp,110,5,0.015731890904819575,0.9093270979475189,0.016297487204604184,0.9040680024286581,0.7011152067659858
pendigits,exp,110,6,0.01448354878158037,0.9159521953754222,0.015121092430230383,0.9113539769277474,0.6930895397354954
pendigits,exp,110,7,0.013595655586484673,0.9167316186022344,0.01417943558428512,0.9113539769277474,0.6664576770490571
pendigits,exp,110,8,0.012700375978122201,0.9233567160301377,0.013328794003407756,0.9198542805100182,0.6629217826469043
pendigits,exp,110,9,0.012054569091093597,0.9277734476487399,0.012620699871806668,0.9289617486338798,0.6471135038589311
pendigits,exp,110,10,0.011896095046544423,0.9292023902312289,0.01242552724186466,0.9259259259259259,0.6435437546865197
pendigits,exp,110,11,0.011008770808317348,0.9327097947518836,0.011574852670789369,0.9295689131754705,0.6457668206456799
pendigits,exp,110,12,0.010509353187644248,0.9342686412055079,0.011042579302043318,0.930783242258652,0.6277853111488524
pendigits,exp,110,13,0.010225135499382934,0.9358274876591323,0.010787652562154991,0.9326047358834244,0.6222812067952935
pendigits,exp,110,14,0.009967341060839283,0.9364770070148091,0.010463033561378145,0.9344262295081968,0.6198228621363873
pendigits,exp,110,15,0.009704064829921262,0.9366069108859444,0.010260936659969905,0.9326047358834244,0.6188313829422238
pendigits,exp,110,16,0.009394239379755594,0.9382956612107041,0.009963609460497147,0.9386763812993322,0.6227521377356898
pendigits,exp,110,17,0.009217815706307721,0.9395946999220577,0.009721588174241949,0.9398907103825137,0.6134565530731769
pendigits,exp,110,18,0.009058459768430616,0.9402442192777345,0.009560752777073347,0.9392835458409229,0.606547917717661
pendigits,exp,110,19,0.008820446947878056,0.9405040270200052,0.009363333925853768,0.9380692167577414,0.5971985405977178
pendigits,exp,110,20,0.008747490082493096,0.9401143154065991,0.009259044752004468,0.9404978749241044,0.5939023604602129
pendigits,exp,110,21,0.008669606652492223,0.9408937386334113,0.009162524719600888,0.9404978749241044,0.59681563127607
pendigits,exp,110,22,0.008508170593569161,0.9420628734736295,0.009063921627525402,0.9404978749241044,0.589276544179713
pendigits,exp,110,23,0.00831403924874892,0.9424525850870356,0.008885243198752517,0.9411050394656952,0.5966609028639814
pendigits,exp,110,24,0.008188403306402192,0.942972200571577,0.008704306399094693,0.9411050394656952,0.5821967945539855
pendigits,exp,110,25,0.008075689447322986,0.9440114315406599,0.00859510895355499,0.9411050394656952,0.5824931708895386
pendigits,exp,110,26,0.008119765389886867,0.9450506625097428,0.008591089052015477,0.941712204007286,0.579967022915435
pendigits,exp,110,27,0.007900579875549742,0.9445310470252013,0.008408603685718294,0.941712204007286,0.5755358317069016
pendigits,exp,110,28,0.007812280118117625,0.9441413354117952,0.008353143414492548,0.941712204007286,0.5767750739964096
pendigits,exp,110,29,0.007797466925004606,0.9457001818654196,0.00834747406521217,0.9429265330904675,0.5716643306807468
pendigits,exp,110,30,0.007690671288778873,0.9454403741231489,0.008228605901468015,0.9411050394656952,0.5687980524646048
pendigits,exp,110,31,0.0075801872221744945,0.9467394128345025,0.008109307952606485,0.944140862173649,0.5746495940827104
pendigits,exp,110,32,0.0075333535240674964,0.9455702779942843,0.0080871581771891,0.9429265330904675,0.5796892263233199
pendigits,exp,110,33,0.0074346616358081045,0.9460898934788257,0.007993110019266888,0.9423193685488768,0.5685903472333064
pendigits,exp,110,34,0.007362462059614105,0.9469992205767732,0.007874105929696654,0.9429265330904675,0.5613272237336007
pendigits,exp,110,35,0.007312631837099729,0.9471291244479085,0.007843527188140902,0.9435336976320583,0.5629076121423844
pendigits,exp,110,36,0.007237870558182646,0.9468693167056378,0.007804049032985508,0.944140862173649,0.561229735547115
pendigits,exp,110,37,0.0072694783814452974,0.9469992205767732,0.007900296966418268,0.9447480267152398,0.5645026377326328
pendigits,exp,110,38,0.0071315361055854795,0.9481683554169914,0.0076704492785284,0.944140862173649,0.5613850781193274
pendigits,exp,110,39,0.00711752664878431,0.947259028319044,0.0077005014258077365,0.944140862173649,0.553762832791929
pendigits,exp,110,40,0.007118603889575543,0.9471291244479085,0.007662309991767547,0.9435336976320583,0.5578691101890337
pendigits,exp,110,41,0.006997895004596706,0.9482982592881268,0.007544113709209428,0.9435336976320583,0.5536771533718239
pendigits,exp,110,42,0.006945586234918979,0.9488178747726682,0.007499689800281643,0.9447480267152398,0.5563883182153144
pendigits,exp,110,43,0.006898826188792603,0.9493374902572097,0.007452279490914645,0.944140862173649,0.5486170723074134
pendigits,exp,110,44,0.006866771052920481,0.9493374902572097,0.007451152830897916,0.944140862173649,0.5466708206094466
pendigits,exp,110,45,0.006831975923200719,0.9498571057417511,0.007394760730325606,0.9459623557984214,0.5520537909162936
pendigits,exp,110,46,0.006785708938649386,0.9495972979994803,0.007378343202315153,0.9453551912568307,0.5535944238447034
pendigits,exp,110,47,0.006722608287085676,0.9505066250974279,0.007341349454082674,0.9459623557984214,0.5524761937131114
pendigits,exp,110,48,0.006743096402056884,0.9501169134840218,0.007374494531818503,0.9459623557984214,0.5477525365111982
pendigits,exp,110,49,0.006654722507375787,0.9506365289685632,0.007303763889401706,0.9459623557984214,0.5404216627179017
pendigits,exp,110,50,0.00660631055507519,0.9506365289685632,0.007230175144973294,0.9471766848816029,0.5420710049563838
pendigits,exp,110,51,0.006543727008298852,0.9515458560665108,0.007208685835364526,0.9471766848816029,0.5374975214241251
pendigits,exp,110,52,0.0064985973082182374,0.9515458560665108,0.007204664349394484,0.9477838494231937,0.5365491192234317
pendigits,exp,110,53,0.006493715511823573,0.95128604832424,0.007231193054185557,0.9471766848816029,0.5367057039747697
pendigits,exp,110,54,0.006467552390269725,0.9515458560665108,0.007173405141609349,0.9471766848816029,0.5372898208729523
pendigits,exp,110,55,0.006400232271973651,0.9525850870355936,0.0071518005696150095,0.9477838494231937,0.536328064761056
pendigits,exp,110,56,0.006345128092282904,0.9529747986489997,0.007077578346650835,0.949605343047966,0.5318233837403402
pendigits,exp,110,57,0.006326648201156209,0.9525850870355936,0.007076275235500972,0.9483910139647844,0.5374611350512908
pendigits,exp,110,58,0.00628746897795153,0.9531047025201351,0.00703918644512187,0.949605343047966,0.530140807660734
pendigits,exp,110,59,0.006264257891751297,0.9528448947778644,0.006996473011127507,0.949605343047966,0.5289568941097267
pendigits,exp,110,60,0.006239968594443565,0.9529747986489997,0.006986692926030374,0.9489981785063752,0.5334088137202179
pendigits,exp,110,61,0.006195882730759065,0.9533645102624059,0.006947235354017647,0.949605343047966,0.5270059377402384
pendigits,exp,110,62,0.006172398978041578,0.9527149909067291,0.006933085748279321,0.9489981785063752,0.5319087051095467
pendigits,exp,110,63,0.0061400016770591535,0.9529747986489997,0.006912655693049494,0.949605343047966,0.5274502876170909
pendigits,exp,110,64,0.006127355668801483,0.9534944141335412,0.006879053760621004,0.949605343047966,0.5236557771672475
pendigits,exp,110,65,0.006100523168358928,0.9533645102624059,0.006904113087935025,0.949605343047966,0.528811506036911
pendigits,exp,110,66,0.006078852133859574,0.9536243180046765,0.006831379876060917,0.949605343047966,0.5214695649165484
pendigits,exp,110,67,0.006051114520862457,0.9534944141335412,0.006843785163256716,0.949605343047966,0.5206678383183604
pendigits,exp,110,68,0.006027669228704862,0.9536243180046765,0.006820860647684364,0.949605343047966,0.5201635313201614
pendigits,exp,110,69,0.006003268910516775,0.9536243180046765,0.006795396986915246,0.949605343047966,0.5232108606225148
pendigits,exp,110,70,0.005991280560344743,0.9540140296180826,0.006786228502218603,0.949605343047966,0.5210759314658844
pendigits,exp,110,71,0.0059724048492895785,0.9536243180046765,0.0067553413699960796,0.949605343047966,0.5274570954524717
pendigits,exp,110,72,0.005958959674394866,0.9537542218758119,0.006768953778915988,0.949605343047966,0.5172505643761711
pendigits,exp,110,73,0.0059304420390730766,0.9536243180046765,0.00673293750715274,0.949605343047966,0.5217483961969872
pendigits,exp,110,74,0.0059145919044575395,0.9538841257469473,0.006729563762754997,0.949605343047966,0.5209034821115529
pendigits,exp,110,75,0.005938273045126486,0.9540140296180826,0.006729944900294706,0.949605343047966,0.5201872729432923
pendigits,exp,111,1,0.045833537621079674,0.7673421667965705,0.046192651605904037,0.7528840315725561,0.8358675010957375
pendigits,exp,111,2,0.024787761580935475,0.8715250714471291,0.025285684085560103,0.8633879781420765,0.7690621662559749
pendigits,exp,111,3,0.020481766752039464,0.8899714211483503,0.020889190326309648,0.8828172434729812,0.7261100713339327
pendigits,exp,111,4,0.017751222335205326,0.8995843076123669,0.01828999361244641,0.8955676988463873,0.7125199517706511
pendigits,exp,111,5,0.016120435657128264,0.9099766173031957,0.01658179648272669,0.907103825136612,0.690332904963664
pendigits,exp,111,6,0.014866726619013684,0.9150428682774747,0.015529326433780839,0.9101396478445659,0.6815129160440131
pendigits,exp,111,7,0.014251083808573034,0.9158222915042868,0.014921906987454957,0.912568306010929,0.6673447614462796
pendigits,exp,111,8,0.013023443271721077,0.9238763315146792,0.013653755284905523,0.920461445051609,0.6596655613915738
pendigits,exp,111,9,0.01230043837097093,0.928163159262146,0.012894096202442225,0.9247115968427444,0.6570202596384125
pendigits,exp,111,10,0.011620921995101471,0.9312808521693946,0.012219388825018851,0.9259259259259259,0.6521855969629786
pendigits,exp,111,11,0.011023239839482472,0.9342686412055079,0.01155580773886928,0.9313904068002429,0.6366162903359119
pendigits,exp,111,12,0.010543409700122445,0.9373863341127565,0.011167551446429868,0.9344262295081968,0.6387360904351506
pendigits,exp,111,13,0.010345312308329751,0.9381657573395688,0.01084839533791558,0.9332119004250152,0.6355054486268215
pendigits,exp,111,14,0.009963200541151126,0.9371265263704859,0.01058894378138214,0.9338190649666059,0.6262722361309943
pendigits,exp,111,15,0.00952565277190833,0.9398545076643284,0.010182393382131411,0.936247723132969,0.6157036249571157
pendigits,exp,111,16,0.009353152447554035,0.9415432579890881,0.00999863210704862,0.9368548876745598,0.6121798913757202
pendigits,exp,111,17,0.009102311895969948,0.941153546375682,0.009802939271344138,0.9374620522161505,0.6092407122405884
pendigits,exp,111,18,0.00892587819486555,0.9424525850870356,0.00958577929662356,0.9374620522161505,0.6048604743506173
pendigits,exp,111,19,0.00877556199328722,0.9421927773447649,0.009395796809702322,0.9386763812993322,0.6036855462974126
pendigits,exp,111,20,0.00858179340428702,0.9434918160561184,0.009236647811449247,0.9411050394656952,0.5973093142775251
pendigits,exp,111,21,0.008445706126485545,0.9424525850870356,0.009060515287401464,0.9398907103825137,0.5921979296095484
pendigits,exp,111,22,0.008326490793304869,0.9431021044427124,0.008973986401461667,0.9404978749241044,0.592382398095457
pendigits,exp,111,23,0.008209689944005486,0.9451805663808781,0.008856406577281642,0.9435336976320583,0.58832498838376
pendigits,exp,111,24,0.008080163000406832,0.9438815276695246,0.008728456468946308,0.9429265330904675,0.5829225683155747
pendigits,exp,111,25,0.007962562352345433,0.944790854767472,0.008609742133407804,0.9447480267152398,0.5828992362865619
pendigits,exp,111,26,0.007881636585080141,0.9450506625097428,0.00853517863622209,0.9447480267152398,0.5803164390730737
pendigits,exp,111,27,0.0077932168155812045,0.946219797349961,0.008406145931397263,0.9447480267152398,0.5748550298403692
pendigits,exp,111,28,0.0077202121916131235,0.9455702779942843,0.00832236297322582,0.9447480267152398,0.5829457609315717
pendigits,exp,111,29,0.007631391723352264,0.946219797349961,0.008265579450810863,0.9447480267152398,0.5748296693558492
pendigits,exp,111,30,0.007582968420018611,0.9467394128345025,0.008242630683915373,0.9447480267152398,0.5718042148851318
pendigits,exp,111,31,0.007488591060195636,0.9468693167056378,0.0081022611487009,0.9453551912568307,0.5701424355461007
pendigits,exp,111,32,0.007433810467649397,0.9468693167056378,0.008067174603075064,0.9465695203400122,0.5680028254860428
pendigits,exp,111,33,0.007369080502468475,0.9468693167056378,0.008008422445709732,0.9465695203400122,0.567096861822718
pendigits,exp,111,34,0.0073627488192945095,0.9477786438035853,0.008030761898826285,0.9453551912568307,0.564835922774128
pendigits,exp,111,35,0.0072612181983989525,0.9468693167056378,0.007865874580157152,0.9465695203400122,0.559455455766938
pendigits,exp,111,36,0.007194548432265149,0.9485580670303975,0.007850288763224203,0.9465695203400122,0.5641834043377606
pendigits,exp,111,37,0.007133845498434326,0.9485580670303975,0.007793131000958871,0.9465695203400122,0.556477451150941
pendigits,exp,111,38,0.0070876595174824706,0.9484281631592621,0.007734594417206709,0.9459623557984214,0.5640783094537166
pendigits,exp,111,39,0.007038055025954689,0.9488178747726682,0.007679216185340519,0.9471766848816029,0.5626237173278605
pendigits,exp,111,40,0.0069912769219536075,0.9489477786438035,0.007645032807671671,0.9477838494231937,0.5546748599131135
pendigits,exp,111,41,0.006963625979075442,0.9492075863860743,0.00762928185382584,0.9471766848816029,0.5504801738199526
pendigits,exp,111,42,0.006921499073649585,0.9492075863860743,0.007603670560127073,0.9471766848816029,0.5496612313919552
pendigits,exp,111,43,0.006858113383300684,0.9495972979994803,0.00753420404293218,0.9477838494231937,0.5474554420796413
pendigits,exp,111,44,0.0068355109001788554,0.949467394128345,0.0075199797267397,0.9471766848816029,0.5497826521217982
pendigits,exp,111,45,0.006794097843847891,0.9499870096128865,0.007466982453916018,0.9471766848816029,0.5525505876552177
pendigits,exp,111,46,0.0067465271660257144,0.9503767212262926,0.007435898614851965,0.9471766848816029,0.5465578517688431
pendigits,exp,111,47,0.006706553237974011,0.9505066250974279,0.007383541248673574,0.9477838494231937,0.5461325666813373
pendigits,exp,111,48,0.006670140361634838,0.9502468173551571,0.007354621216815039,0.9477838494231937,0.5413504600723965
pendigits,exp,111,49,0.00665094342274499,0.9511561444531047,0.007321165555619223,0.9477838494231937,0.5402280741855847
pendigits,exp,111,50,0.00659198871508012,0.9511561444531047,0.007297679921802201,0.9483910139647844,0.5386823645212615
pendigits,exp,111,51,0.006555321677489361,0.9514159521953754,0.007246032396518705,0.9483910139647844,0.5382726043900475
pendigits,exp,111,52,0.006546598428421065,0.95128604832424,0.007210410516133246,0.9477838494231937,0.5419338570897615
pendigits,exp,111,53,0.006562874046300057,0.9516757599376462,0.0072282284412510415,0.9477838494231937,0.5464290754105561
pendigits,exp,111,54,0.006451315300984769,0.9516757599376462,0.00715392092994096,0.9489981785063752,0.5345796079443562
pendigits,exp,111,55,0.006424614829077908,0.9516757599376462,0.0071295854244519865,0.9489981785063752,0.5395391467425834
pendigits,exp,111,56,0.006433069294434741,0.9514159521953754,0.007167455532390429,0.9471766848816029,0.5384977850759194
pendigits,exp,111,57,0.006372504191454617,0.9520654715510523,0.007067706767194067,0.949605343047966,0.5348512256288277
pendigits,exp,111,58,0.006371709122643006,0.9519355676799168,0.007089210660308532,0.9477838494231937,0.5346478621038877
pendigits,exp,111,59,0.006316317251129803,0.9527149909067291,0.007081024589323273,0.9489981785063752,0.530697471932395
pendigits,exp,111,60,0.006284079712668628,0.9521953754221876,0.007028979160592916,0.9489981785063752,0.5283078076282418
pendigits,exp,111,61,0.006247804995717652,0.9524551831644583,0.006993310724761183,0.9489981785063752,0.5364273496759269
pendigits,exp,111,62,0.006230596240002257,0.9533645102624059,0.0070100283381629705,0.9489981785063752,0.5293957062409059
pendigits,exp,111,63,0.006199046007867767,0.9527149909067291,0.00694219592471688,0.9489981785063752,0.5255627789123364
pendigits,exp,111,64,0.00616853280019729,0.9531047025201351,0.0069426887163763175,0.9489981785063752,0.5252744706692811
pendigits,exp,111,65,0.006143096250749713,0.9534944141335412,0.0069068192241342865,0.9489981785063752,0.527212238510464
pendigits,exp,111,66,0.006141027188137839,0.9532346063912704,0.006910182824638258,0.9483910139647844,0.5266975815502659
pendigits,exp,111,67,0.006115882296292808,0.9531047025201351,0.006896356428731404,0.9483910139647844,0.5217567259674228
pendigits,exp,111,68,0.006092034342502427,0.9534944141335412,0.0068819920433848625,0.9489981785063752,0.523990462580399
pendigits,exp,111,69,0.006154194211308236,0.9531047025201351,0.006980208438515357,0.9477838494231937,0.5221885172467118
pendigits,exp,111,70,0.006057592168503671,0.9531047025201351,0.0068961472641472015,0.9483910139647844,0.5213526576087363
pendigits,exp,111,71,0.006024756379550797,0.9538841257469473,0.006818826724142344,0.949605343047966,0.5189961070846913
pendigits,exp,111,72,0.006026996745462589,0.9538841257469473,0.006880521968744739,0.9483910139647844,0.5280751583867801
pendigits,exp,111,73,0.006005163949842863,0.9537542218758119,0.0067860313306952,0.9489981785063752,0.5200855712670662
pendigits,exp,111,74,0.005970799832807649,0.954143933489218,0.006785309416763159,0.9489981785063752,0.5220464249958955
pendigits,exp,111,75,0.005947588631783543,0.9542738373603533,0.006769449659091842,0.949605343047966,0.5173806935658727
pendigits,exp,112,1,0.03263935222526661,0.8517796830345544,0.03289369354650171,0.8360655737704918,0.7881378119954265
pendigits,exp,112,2,0.022740939821768957,0.8819173811379579,0.023058555053860612,0.8731026108075288,0.7431093102852435
pendigits,exp,112,3,0.019512637722314177,0.8902312288906209,0.01982138440266645,0.8870673952641166,0.7245120197974475
pendigits,exp,112,4,0.01820425050023796,0.900363730839179,0.018258405452987448,0.9034608378870674,0.7144055096790415
pendigits,exp,112,5,0.016044014085234485,0.9072486360093531,0.016619268295132748,0.9016393442622951,0.6954512698717075
pendigits,exp,112,6,0.014440104345605397,0.9150428682774747,0.014946607319490568,0.912568306010929,0.6811514641488714
pendigits,exp,112,7,0.01366277631045413,0.9176409457001818,0.014083311360339749,0.9156041287188829,0.6653911750039038
pendigits,exp,112,8,0.01290315898226052,0.9221875811899195,0.013409363226329945,0.920461445051609,0.6547180693127227
pendigits,exp,112,9,0.012279172103009491,0.9247856586126266,0.012898824455700262,0.9222829386763813,0.6566088214583621
pendigits,exp,112,10,0.01179620332586775,0.9273837360353339,0.01233815837356146,0.9247115968427444,0.644165754635061
pendigits,exp,112,11,0.011432251133632004,0.9292023902312289,0.011976855689854564,0.9241044323011536,0.6344178662644034
pendigits,exp,112,12,0.010862819171038105,0.9340088334632372,0.011497322716895518,0.9313904068002429,0.6313053521120423
pendigits,exp,112,13,0.010628728623703813,0.934658352818914,0.011202571005167647,0.9313904068002429,0.6308429423647249
pendigits,exp,112,14,0.01008011084381601,0.9377760457261627,0.010568636181588174,0.9380692167577414,0.6176200030744794
pendigits,exp,112,15,0.009746760885138922,0.9377760457261627,0.010222678429739342,0.9368548876745598,0.629852649094072
pendigits,exp,112,16,0.009511008296267533,0.9394647960509224,0.009990572490722298,0.9392835458409229,0.6098751084751528
pendigits,exp,112,17,0.009313229650955086,0.9408937386334113,0.009917957153363037,0.9398907103825137,0.6057865160112555
pendigits,exp,112,18,0.009019722476424435,0.9418030657313587,0.009536128945106841,0.9398907103825137,0.6091023096911566
pendigits,exp,112,19,0.008818839988254121,0.9431021044427124,0.009367936572872841,0.9392835458409229,0.5980184946486883
pendigits,exp,112,20,0.008657503622082601,0.9432320083138478,0.009215235507533856,0.9398907103825137,0.5949839914881712
pendigits,exp,112,21,0.008633590071121952,0.9432320083138478,0.009137318891660718,0.9404978749241044,0.596872246912194
pendigits,exp,112,22,0.008392542484596699,0.9437516237983892,0.008916126677144486,0.9423193685488768,0.5982800728419738
pendigits,exp,112,23,0.008268290946548629,0.9432320083138478,0.008795556483978435,0.9411050394656952,0.5887620747169073
pendigits,exp,112,24,0.008136484326050838,0.9442712392829307,0.008684277852839095,0.9423193685488768,0.5824937309059736
pendigits,exp,112,25,0.008059616495849692,0.9450506625097428,0.00862802236725544,0.9423193685488768,0.5839042568164975
pendigits,exp,112,26,0.007967552903376552,0.9449207586386075,0.008471724535494196,0.9429265330904675,0.588193167092034
pendigits,exp,112,27,0.00790125790674024,0.946219797349961,0.008466947786147346,0.9435336976320583,0.5851013185979687
pendigits,exp,112,28,0.007791265595652425,0.9458300857365549,0.00829464971021404,0.9429265330904675,0.5729830247057379
pendigits,exp,112,29,0.007682274850666776,0.9453104702520135,0.008220104711296989,0.9429265330904675,0.5741226660537035
pendigits,exp,112,30,0.007632126381833871,0.9458300857365549,0.00819971576278698,0.9423193685488768,0.5721893766370604
pendigits,exp,112,31,0.00755347336148302,0.9460898934788257,0.008077476360753531,0.9447480267152398,0.5703210320518404
pendigits,exp,112,32,0.00749402161754237,0.946219797349961,0.008036957588797333,0.944140862173649,0.5744206167832959
pendigits,exp,112,33,0.007432554963663272,0.9459599896076903,0.00795696330376165,0.9453551912568307,0.574353552456441
pendigits,exp,112,34,0.007388379743004979,0.946219797349961,0.007913833838592092,0.9447480267152398,0.5682049204765084
pendigits,exp,112,35,0.007368467184442186,0.9471291244479085,0.007906009558786568,0.9435336976320583,0.5612983290410358
pendigits,exp,112,36,0.007260874317772916,0.9480384515458561,0.007760735406604994,0.9447480267152398,0.5590654477940582
pendigits,exp,112,37,0.007219952563112517,0.9468693167056378,0.00772379828310949,0.9459623557984214,0.5629850186861632
pendigits,exp,112,38,0.007152287382242109,0.9477786438035853,0.007669249019376914,0.9471766848816029,0.5560477672251223
pendigits,exp,112,39,0.007110181734977499,0.9471291244479085,0.007648700310341724,0.9465695203400122,0.5642108192793686
pendigits,exp,112,40,0.007058727836191042,0.9477786438035853,0.007562989408282281,0.9465695203400122,0.5522750938900435
pendigits,exp,112,41,0.007093118198882327,0.947259028319044,0.007614271564810488,0.9459623557984214,0.5608216544115511
pendigits,exp,112,42,0.0069996959454661336,0.9486879709015329,0.007514544728009392,0.9465695203400122,0.5558798420950988
pendigits,exp,112,43,0.0069353048948479325,0.949077682514939,0.007464066333015332,0.9465695203400122,0.547929193995387
pendigits,exp,112,44,0.00690592265045349,0.9486879709015329,0.007427541946355016,0.9465695203400122,0.5465226442748992
pendigits,exp,112,45,0.006872542830445722,0.9492075863860743,0.007432445789754411,0.9459623557984214,0.5488478552031261
pendigits,exp,112,46,0.006944503192921138,0.9481683554169914,0.007435998203278858,0.9447480267152398,0.5456888961672354
pendigits,exp,112,47,0.0067961051327407405,0.9495972979994803,0.007341990689527901,0.9471766848816029,0.5458238640016754
pendigits,exp,112,48,0.006757759707491597,0.949467394128345,0.007298304824507145,0.9459623557984214,0.5417128959509947
pendigits,exp,112,49,0.006734487157560134,0.9498571057417511,0.0072628516606285075,0.9465695203400122,0.5465087612656921
pendigits,exp,112,50,0.006695282778838379,0.9497272018706158,0.007217559475249111,0.9471766848816029,0.5451185342088858
pendigits,exp,112,51,0.006660469577705039,0.9498571057417511,0.0071890835845485205,0.9465695203400122,0.5386265420938979
pendigits,exp,112,52,0.006626292719461512,0.9502468173551571,0.007165465030654119,0.9471766848816029,0.5399828568042764
pendigits,exp,112,53,0.0066122505559710835,0.9502468173551571,0.007171860137106959,0.9477838494231937,0.5461347896786387
pendigits,exp,112,54,0.006578289594147041,0.9499870096128865,0.007109266887493215,0.9477838494231937,0.5411335178275453
pendigits,exp,112,55,0.00656768354418033,0.9502468173551571,0.007115893026167017,0.9465695203400122,0.5343082404638374
pendigits,exp,112,56,0.006518628877512334,0.9507664328396986,0.00704899951051002,0.9471766848816029,0.5384002686422865
pendigits,exp,112,57,0.0064910576352291294,0.950896336710834,0.007036428862498281,0.9477838494231937,0.5329320633025361
pendigits,exp,112,58,0.006501735792758496,0.9505066250974279,0.007049072511320164,0.9483910139647844,0.53199980192349
pendigits,exp,112,59,0.006458611812002087,0.950896336710834,0.00700213915608267,0.9471766848816029,0.5364883680321203
pendigits,exp,112,60,0.006419612647517499,0.9511561444531047,0.00695360930286966,0.9489981785063752,0.5290104332516887
pendigits,exp,112,61,0.006400546661660412,0.9516757599376462,0.006947042774250333,0.9489981785063752,0.5316715344254793
pendigits,exp,112,62,0.006382697544346999,0.95128604832424,0.006948347587824731,0.9483910139647844,0.5275916522054619
pendigits,exp,112,63,0.006350376584974304,0.9516757599376462,0.006904070842059983,0.949605343047966,0.5299764134416093
pendigits,exp,112,64,0.006358084680233034,0.9514159521953754,0.006881816761268937,0.9489981785063752,0.5264859317316186
pendigits,exp,112,65,0.00630579622029984,0.9516757599376462,0.006846533808695839,0.949605343047966,0.5310138435951985
pendigits,exp,112,66,0.006299596681467828,0.9514159521953754,0.006859701300021016,0.9489981785063752,0.5288914752948284
pendigits,exp,112,67,0.006269032107560849,0.9515458560665108,0.006824496774358213,0.949605343047966,0.5233219167160463
pendigits,exp,112,68,0.006248556423525047,0.9516757599376462,0.00680388989435281,0.9489981785063752,0.5229281467075241
pendigits,exp,112,69,0.006244114262837596,0.9520654715510523,0.006791789404534354,0.9489981785063752,0.5219945793590755
pendigits,exp,112,70,0.006216271319503884,0.9518056638087815,0.006791602704498134,0.949605343047966,0.5210034862035505
pendigits,exp,112,71,0.006213542570172506,0.9518056638087815,0.006758746896104761,0.9502125075895568,0.520661202768118
pendigits,exp,112,72,0.006174784942898596,0.9519355676799168,0.006748274419120554,0.9502125075895568,0.5195856579598239
pendigits,exp,112,73,0.006169561873084687,0.9523252792933229,0.00675450165591987,0.949605343047966,0.5185825350271406
pendigits,exp,112,74,0.006147931220744894,0.9523252792933229,0.006722648359671511,0.949605343047966,0.5238225824073156
pendigits,exp,112,75,0.00613144185588579,0.9523252792933229,0.006723342906640678,0.949605343047966,0.5174490908991525
pendigits,exp,113,1,0.04640919802661399,0.7457781241881009,0.04632787975192925,0.7431693989071039,0.8283048138648511
pendigits,exp,113,2,0.025484305838149965,0.8791893998441154,0.025865810326395663,0.8688524590163934,0.7691307641291221
pendigits,exp,113,3,0.01981008816186712,0.8959469992205767,0.02028841050476753,0.8888888888888888,0.7275535788981107
pendigits,exp,113,4,0.017461515210861672,0.9029618082618862,0.017866714173191658,0.9028536733454766,0.709840517874695
pendigits,exp,113,5,0.015737978116661642,0.9125746947259028,0.016180652154699833,0.9107468123861566,0.6905359877952676
pendigits,exp,113,6,0.014588525821864642,0.9137438295661211,0.015128832567473511,0.9107468123861566,0.6798212928219034
pendigits,exp,113,7,0.01328449325914726,0.9223174850610548,0.013803866004329764,0.9210686095931998,0.6754462782101859
pendigits,exp,113,8,0.012460388611447482,0.9264744089373863,0.01302542378015268,0.922890103217972,0.6571369294506035
pendigits,exp,113,9,0.011902871447372999,0.9306313328137179,0.012454450528845527,0.9319975713418336,0.6496144872093517
pendigits,exp,113,10,0.011301295906949487,0.9338789295921018,0.01182040449949839,0.9332119004250152,0.6473719609530031
pendigits,exp,113,11,0.010803861992344866,0.9343985450766433,0.011207440681071861,0.9326047358834244,0.6383435572371804
pendigits,exp,113,12,0.01035384981254292,0.9376461418550273,0.010749856762419973,0.9350333940497875,0.624989361687883
pendigits,exp,113,13,0.010039431223433619,0.9369966224993505,0.010475978848719193,0.9356405585913783,0.6256649923540992
pendigits,exp,113,14,0.009723796068883081,0.939724603793193,0.01021781983556841,0.936247723132969,0.6223914943115676
pendigits,exp,113,15,0.009498482371757213,0.9389451805663809,0.009948755620742366,0.9374620522161505,0.6176117560665964
pendigits,exp,113,16,0.00919175396302258,0.9394647960509224,0.009651578094655035,0.9398907103825137,0.6112247946903984
pendigits,exp,113,17,0.009026471781475668,0.9407638347622759,0.009510263060600167,0.9398907103825137,0.6080914110061453
pendigits,exp,113,18,0.008827397804037022,0.9414133541179527,0.009298922548326092,0.9398907103825137,0.6001339466781482
pendigits,exp,113,19,0.008687405477257272,0.9424525850870356,0.009183074077489436,0.9411050394656952,0.6025080457695651
pendigits,exp,113,20,0.008647586712509625,0.9424525850870356,0.009206317736886871,0.9398907103825137,0.5987925217670895
pendigits,exp,113,21,0.008372019578850146,0.9436217199272539,0.008909725655553452,0.9435336976320583,0.5901815604351904
pendigits,exp,113,22,0.008230516563488548,0.9445310470252013,0.008773760659265502,0.9435336976320583,0.590600010558548
pendigits,exp,113,23,0.008094406886235217,0.9441413354117952,0.00862382101589846,0.9423193685488768,0.5877564571446361
pendigits,exp,113,24,0.00804355748589577,0.9450506625097428,0.00863004495863001,0.9429265330904675,0.5918644625935385
pendigits,exp,113,25,0.007900960538723365,0.9450506625097428,0.008427237283411802,0.9429265330904675,0.5816907746090711
pendigits,exp,113,26,0.007833742706462296,0.9451805663808781,0.008399211779713695,0.9435336976320583,0.5848277087311765
pendigits,exp,113,27,0.007710993342667,0.946219797349961,0.008264411664145934,0.944140862173649,0.5756460409791293
pendigits,exp,113,28,0.007664386188672442,0.9459599896076903,0.008249245367053033,0.9447480267152398,0.5761527303238716
pendigits,exp,113,29,0.007657262611841595,0.9451805663808781,0.008200031681190737,0.9429265330904675,0.5717113943907195
pendigits,exp,113,30,0.007572704151179922,0.9468693167056378,0.008147335566465214,0.9447480267152398,0.5740236806507804
pendigits,exp,113,31,0.007443508433379808,0.9467394128345025,0.00797272562888887,0.9459623557984214,0.5695729466462842
pendigits,exp,113,32,0.007377932276953076,0.9471291244479085,0.007945225995767906,0.9453551912568307,0.5666264975504367
pendigits,exp,113,33,0.007306415452453281,0.9466095089633672,0.007881827245027664,0.9453551912568307,0.5638562593676341
pendigits,exp,113,34,0.007232011471694309,0.9480384515458561,0.007779235804828969,0.9459623557984214,0.5625766154368022
pendigits,exp,113,35,0.007187353929534967,0.9482982592881268,0.007761845887807401,0.9459623557984214,0.5667387167067965
pendigits,exp,113,36,0.007161238472048272,0.9479085476747207,0.007729266448193429,0.9459623557984214,0.5587163445049917
pendigits,exp,113,37,0.007088176321010126,0.9484281631592621,0.007647634184068782,0.9471766848816029,0.5574840524314437
pendigits,exp,113,38,0.007031876080005414,0.9486879709015329,0.0076192042480421876,0.9465695203400122,0.559110327250833
pendigits,exp,113,39,0.007005938347563281,0.949467394128345,0.007573114115507094,0.9477838494231937,0.5587796566412957
pendigits,exp,113,40,0.007012198520084383,0.9485580670303975,0.007534984926925542,0.9477838494231937,0.5574931132340529
pendigits,exp,113,41,0.0068974925791794395,0.9489477786438035,0.007465316056332664,0.9483910139647844,0.55147862819332
pendigits,exp,113,42,0.006861898146751125,0.9486879709015329,0.0074133514534882,0.9483910139647844,0.5557222065036965
pendigits,exp,113,43,0.006815454091155377,0.9495972979994803,0.007376321975895966,0.9483910139647844,0.5587539554011922
pendigits,exp,113,44,0.006779386244509592,0.9499870096128865,0.007338613091913091,0.9483910139647844,0.5479213243358437
pendigits,exp,113,45,0.006734423528433557,0.9498571057417511,0.007289521645444461,0.9483910139647844,0.5465645504218585
pendigits,exp,113,46,0.006707983888882889,0.9498571057417511,0.0072858293867924355,0.9483910139647844,0.548244629445056
pendigits,exp,113,47,0.00671140499079224,0.9507664328396986,0.007273186979617651,0.9489981785063752,0.5473818677742925
pendigits,exp,113,48,0.006686934727450401,0.9492075863860743,0.007282196025280184,0.9483910139647844,0.549697816085756
pendigits,exp,113,49,0.006607225218738214,0.9506365289685632,0.007157185415721247,0.949605343047966,0.5444599759533879
pendigits,exp,113,50,0.006575728375708377,0.9503767212262926,0.007155004101367058,0.9483910139647844,0.5431317557854193
pendigits,exp,113,51,0.00657195871084019,0.9498571057417511,0.007165666881773418,0.9489981785063752,0.5460018360244425
pendigits,exp,113,52,0.006556015003192543,0.9503767212262926,0.007144230064717843,0.9489981785063752,0.5432463728871504
pendigits,exp,113,53,0.006479844755822338,0.9511561444531047,0.007047460005811318,0.949605343047966,0.5427785269405578
pendigits,exp,113,54,0.006483401412235763,0.9498571057417511,0.00704272044300681,0.949605343047966,0.5387761294811764
pendigits,exp,113,55,0.006419932565192888,0.95128604832424,0.006986016415073331,0.949605343047966,0.5378909473708864
pendigits,exp,113,56,0.006417282533335909,0.9518056638087815,0.00698770903130102,0.9489981785063752,0.536797111674154
pendigits,exp,113,57,0.006375072497420805,0.95128604832424,0.0069382375795857786,0.9502125075895568,0.5368387139015223
pendigits,exp,113,58,0.006460257581058972,0.9497272018706158,0.007023512483918763,0.9483910139647844,0.5367949199276167
pendigits,exp,113,59,0.006347526617036194,0.9515458560665108,0.006935053788329948,0.9502125075895568,0.5350348242224515
pendigits,exp,113,60,0.006286233798012461,0.9516757599376462,0.00685556710025874,0.9502125075895568,0.5327827313994855
pendigits,exp,113,61,0.006310003264573223,0.9519355676799168,0.006922293589893397,0.9489981785063752,0.5356256252786324
pendigits,exp,113,62,0.006270197183444772,0.9518056638087815,0.006839545324798741,0.9508196721311475,0.5312497194098033
pendigits,exp,113,63,0.006233129325898372,0.9523252792933229,0.006816975317020126,0.949605343047966,0.5298218023358192
pendigits,exp,113,64,0.006214149048904269,0.9525850870355936,0.0067917534718277515,0.9502125075895568,0.5264210755706469
pendigits,exp,113,65,0.006195135841282047,0.9523252792933229,0.006756805963521172,0.9502125075895568,0.5287097469991566
pendigits,exp,113,66,0.006155555844201934,0.9523252792933229,0.006734446665983349,0.9502125075895568,0.5242080225531429
pendigits,exp,113,67,0.006137795895860687,0.9527149909067291,0.0067164419634084946,0.9508196721311475,0.5265163603059128
pendigits,exp,113,68,0.00612574122399052,0.9525850870355936,0.0066992407651932,0.9508196721311475,0.5227441631211708
pendigits,exp,113,69,0.006097183038759172,0.9527149909067291,0.006668271871423122,0.9508196721311475,0.5247595434613497
pendigits,exp,113,70,0.0060783080367449605,0.9531047025201351,0.006664169608007526,0.9508196721311475,0.5242077820488878
pendigits,exp,113,71,0.006058875619403763,0.9529747986489997,0.00662431607887417,0.9502125075895568,0.5238996380607168
pendigits,exp,113,72,0.006042798803929394,0.9532346063912704,0.006626900838148615,0.9508196721311475,0.522358290627517
pendigits,exp,113,73,0.00602576092811516,0.9532346063912704,0.006615651422033445,0.9502125075895568,0.5189852950239001
pendigits,exp,113,74,0.006002919531604918,0.9533645102624059,0.006587364511130247,0.9502125075895568,0.5210721686792993
pendigits,exp,113,75,0.005998263626358089,0.9536243180046765,0.006566129197523481,0.9508196721311475,0.518176029208523
pendigits,exp,114,1,0.04097919449988397,0.7922837100545597,0.04115579895826315,0.7820279295689132,0.8226895483479428
pendigits,exp,114,2,0.023626316463281418,0.8825669004936347,0.023880274701390765,0.8767455980570734,0.761294207174376
pendigits,exp,114,3,0.019769071076151404,0.8924395946999221,0.02008717492053407,0.8858530661809351,0.7253975555433123
pendigits,exp,114,4,0.017001442553438415,0.903611327617563,0.01748701865909401,0.8973891924711597,0.7115074948675851
pendigits,exp,114,5,0.01608053643083347,0.9038711353598338,0.016585188902181303,0.8986035215543412,0.6891998397449379
pendigits,exp,114,6,0.014361843612298692,0.9173811379579111,0.01488424391645305,0.9143897996357013,0.6900760803555448
pendigits,exp,114,7,0.013249077626881333,0.9215380618342427,0.013834325536146646,0.9162112932604736,0.665914879627993
pendigits,exp,114,8,0.01285624902473765,0.9211483502208366,0.013467852389077377,0.9156041287188829,0.6607230601533546
pendigits,exp,114,9,0.012470671554654205,0.9219277734476488,0.01310110408107097,0.9131754705525197,0.6577639704096409
pendigits,exp,114,10,0.011403864421372418,0.9298519095869057,0.012034372842242957,0.922890103217972,0.6412214047931214
pendigits,exp,114,11,0.010897771897255852,0.9336191218498311,0.011556420488057398,0.9295689131754705,0.6385105377295249
pendigits,exp,114,12,0.01050503077416104,0.9366069108859444,0.011062602103897689,0.9350333940497875,0.626724738906549
pendigits,exp,114,13,0.010158205300610427,0.9385554689529748,0.01063228163701659,0.9350333940497875,0.6228830202269057
pendigits,exp,114,14,0.009880483448459303,0.9384255650818394,0.010394946174916639,0.9326047358834244,0.6190390955445244
pendigits,exp,114,15,0.009508970248772357,0.9392049883086516,0.009970475389083093,0.9338190649666059,0.6212158391866798
pendigits,exp,114,16,0.009282705868018262,0.9399844115354637,0.009787263102052374,0.9356405585913783,0.612585597880204
pendigits,exp,114,17,0.009072647375342023,0.9408937386334113,0.009517933383344397,0.9368548876745598,0.6071657754775825
pendigits,exp,114,18,0.008915929958155063,0.9416731618602234,0.009454358850037054,0.9380692167577414,0.6024754525514494
pendigits,exp,114,19,0.008700485687199926,0.9423226812159002,0.00921547832464244,0.9368548876745598,0.6043664373899023
pendigits,exp,114,20,0.008539699125374944,0.9433619121849831,0.009075120467941114,0.9404978749241044,0.5916692994682147
pendigits,exp,114,21,0.008387521149452138,0.9441413354117952,0.008924897413862229,0.9404978749241044,0.5986021828421078
pendigits,exp,114,22,0.0083522665037508,0.944401143154066,0.008919153774765707,0.9429265330904675,0.5870988849675236
pendigits,exp,114,23,0.008234675377813569,0.9442712392829307,0.008757635827017173,0.9398907103825137,0.5901507202124883
pendigits,exp,114,24,0.008039163140920786,0.9454403741231489,0.008603744990635803,0.9411050394656952,0.5804727631335056
pendigits,exp,114,25,0.007956587471734963,0.9457001818654196,0.008540685776959555,0.9423193685488768,0.5853734919230132
pendigits,exp,114,26,0.007889365721209874,0.9464796050922317,0.008423419132365365,0.9435336976320583,0.5934644860310799
pendigits,exp,114,27,0.0077624851714541586,0.9463497012210964,0.008339456090883017,0.9429265330904675,0.5765835426984786
pendigits,exp,114,28,0.00768510147597766,0.9466095089633672,0.008256704679586759,0.9435336976320583,0.5756996626416793
pendigits,exp,114,29,0.007636182863068898,0.9463497012210964,0.008208443350505351,0.9435336976320583,0.5694357216243452
pendigits,exp,114,30,0.007555824770921147,0.9463497012210964,0.008135922601603781,0.9429265330904675,0.5677869092442179
pendigits,exp,114,31,0.007526594500874742,0.9464796050922317,0.008124387830825447,0.944140862173649,0.5777256458729929
pendigits,exp,114,32,0.007431646740588998,0.9467394128345025,0.008014804629970059,0.944140862173649,0.5693082767524487
pendigits,exp,114,33,0.007383110454917094,0.9471291244479085,0.00797368639657429,0.944140862173649,0.5652598479024143
pendigits,exp,114,34,0.007321785789788608,0.9473889321901793,0.007926095911061687,0.944140862173649,0.563287239562605
pendigits,exp,114,35,0.007277087781821733,0.94764873993245,0.007874653510634152,0.9447480267152398,0.5649092994798794
pendigits,exp,114,36,0.007216145734523727,0.9481683554169914,0.007849764877118024,0.9447480267152398,0.5576761666033532
pendigits,exp,114,37,0.007163713802878258,0.9484281631592621,0.007789270746221619,0.9453551912568307,0.5619011036175001
pendigits,exp,114,38,0.007157915483011,0.9485580670303975,0.007770407574099331,0.9459623557984214,0.5577812704599331
pendigits,exp,114,39,0.007108907117923849,0.9477786438035853,0.007740456760879607,0.9459623557984214,0.5567473472471766
pendigits,exp,114,40,0.007032400305895003,0.9477786438035853,0.007653109834076106,0.9453551912568307,0.5536857878955492
pendigits,exp,114,41,0.006992502876920447,0.9482982592881268,0.007625294716359652,0.9465695203400122,0.5494517570533799
pendigits,exp,114,42,0.00697663601487153,0.9488178747726682,0.007600992516652244,0.9459623557984214,0.5494354673682672
pendigits,exp,114,43,0.006913650322007511,0.9488178747726682,0.007556143188235747,0.9459623557984214,0.5465783762832573
pendigits,exp,114,44,0.006901204498579583,0.949077682514939,0.007539451643193732,0.9459623557984214,0.545813143679861
pendigits,exp,114,45,0.006890830100822925,0.9498571057417511,0.007551672861641277,0.9471766848816029,0.5462020199532217
pendigits,exp,114,46,0.0068188757636718856,0.9493374902572097,0.007462559480905608,0.9471766848816029,0.5433082440207443
pendigits,exp,114,47,0.006796406148325698,0.9497272018706158,0.007432313537000955,0.9465695203400122,0.5453413750316207
pendigits,exp,114,48,0.006779986160924602,0.949077682514939,0.007432764853197438,0.9477838494231937,0.5441563677071715
pendigits,exp,114,49,0.006732501959193015,0.9492075863860743,0.007373958142329625,0.9471766848816029,0.5397967967018945
pendigits,exp,114,50,0.006700621974182635,0.9499870096128865,0.007352479323448045,0.9471766848816029,0.5391836453653616
pendigits,exp,114,51,0.0066784540564005755,0.9499870096128865,0.007345839237381813,0.9471766848816029,0.5453901473950039
pendigits,exp,114,52,0.006669165013806209,0.9498571057417511,0.007335688889779724,0.9471766848816029,0.5407873696579251
pendigits,exp,114,53,0.0066263578731626934,0.9497272018706158,0.007297103189963927,0.9483910139647844,0.5416245075834032
pendigits,exp,114,54,0.006596942996133847,0.9502468173551571,0.007246172387071383,0.9471766848816029,0.5361663195985611
pendigits,exp,114,55,0.006584416680540307,0.9502468173551571,0.007284938589648505,0.9471766848816029,0.5415375870148809
pendigits,exp,114,56,0.006537629800557763,0.9505066250974279,0.007188035201122223,0.9471766848816029,0.5325491975592644
pendigits,exp,114,57,0.00651505601810262,0.9507664328396986,0.007183487403186325,0.9471766848816029,0.5344641791448049
pendigits,exp,114,58,0.006492872822995451,0.9503767212262926,0.007166499498922385,0.9471766848816029,0.5335316609251839
pendigits,exp,114,59,0.006471805576151059,0.9507664328396986,0.007147292938043717,0.9483910139647844,0.5297713622008837
pendigits,exp,114,60,0.006458836045030837,0.9506365289685632,0.007136858792187365,0.9477838494231937,0.5286695093687419
pendigits,exp,114,61,0.006430680893068535,0.9511561444531047,0.007086045474543692,0.9477838494231937,0.5310490185304234
pendigits,exp,114,62,0.006398546324504877,0.9511561444531047,0.007070087186604338,0.9471766848816029,0.5295758327115103
pendigits,exp,114,63,0.006374588257237992,0.95128604832424,0.007049555542091908,0.9477838494231937,0.5296101704397544
pendigits,exp,114,64,0.006388697688506428,0.9511561444531047,0.007046773033555604,0.9483910139647844,0.5288036180232633
pendigits,exp,114,65,0.006336268859725005,0.9521953754221876,0.007030294773874261,0.9483910139647844,0.5250166987569255
pendigits,exp,114,66,0.006319045852026861,0.9518056638087815,0.006983507071948319,0.9483910139647844,0.5240688012097136
pendigits,exp,114,67,0.00629890978751854,0.9521953754221876,0.006985603707088031,0.9477838494231937,0.5288697555247545
pendigits,exp,114,68,0.006273591520648221,0.9523252792933229,0.006976824215788998,0.9483910139647844,0.5253262574862183
pendigits,exp,114,69,0.0062497898887297855,0.9521953754221876,0.006938445117448176,0.9483910139647844,0.5216409336223858
pendigits,exp,114,70,0.006233363881113663,0.9520654715510523,0.0069222434641041195,0.9477838494231937,0.5237236769934532
pendigits,exp,114,71,0.006229763607148122,0.9521953754221876,0.006886752931842677,0.9483910139647844,0.5278203973922689
pendigits,exp,114,72,0.006205697839021295,0.9524551831644583,0.006894635565845653,0.9465695203400122,0.5199519983174703
pendigits,exp,114,73,0.006180461728065247,0.9525850870355936,0.006885215621603986,0.9477838494231937,0.5186888154372118
pendigits,exp,114,74,0.006169202928559016,0.9520654715510523,0.006864843058999789,0.9471766848816029,0.5238785267566147
pendigits,exp,114,75,0.006134213464029997,0.9528448947778644,0.006847775995592333,0.9489981785063752,0.5197984403429713
pendigits,exp,115,1,0.03441843716371414,0.8565861262665627,0.03471667710242392,0.8500303582270795,0.8011984180878421
pendigits,exp,115,2,0.022921077124923712,0.8829566121070408,0.023426867207726392,0.8743169398907104,0.7486694579384353
pendigits,exp,115,3,0.01914240676889723,0.8911405559885685,0.019827116469845522,0.8864602307225258,0.7208722597244617
pendigits,exp,115,4,0.016922324879112615,0.8999740192257729,0.017569370853172898,0.899210686095932,0.705351810236216
pendigits,exp,115,5,0.015267274587243406,0.9125746947259028,0.01584640781847693,0.9083181542197936,0.6903359237843005
pendigits,exp,115,6,0.014454015442798465,0.914783060535204,0.015105279629331222,0.9052823315118397,0.6800325917214254
pendigits,exp,115,7,0.013399353138697763,0.923096908287867,0.013894820841034147,0.9198542805100182,0.670962804057056
pendigits,exp,115,8,0.012939467758133351,0.9272538321641985,0.013686121646342855,0.920461445051609,0.6553159015717255
pendigits,exp,115,9,0.011961117298219148,0.9306313328137179,0.01249730817671504,0.9289617486338798,0.6568776404186651
pendigits,exp,115,10,0.011253631276853847,0.9336191218498311,0.011825886678370735,0.9289617486338798,0.6423208100615407
pendigits,exp,115,11,0.010907866403630477,0.9349181605611847,0.011328176209944234,0.9326047358834244,0.641246827994845
pendigits,exp,115,12,0.010402314277071731,0.936087295401403,0.010873980344886326,0.9319975713418336,0.6318684204170497
pendigits,exp,115,13,0.010115372509818489,0.9380358534684333,0.010642280898197354,0.9344262295081968,0.6234829680620544
pendigits,exp,115,14,0.00987991695977919,0.9369966224993505,0.010301439648800906,0.9338190649666059,0.6180083382783982
pendigits,exp,115,15,0.009468348527018281,0.9399844115354637,0.00990025742599031,0.9368548876745598,0.6162479421817207
pendigits,exp,115,16,0.00924234844083884,0.9401143154065991,0.009705884914935773,0.9392835458409229,0.6056311322231632
pendigits,exp,115,17,0.009055076083926462,0.9412834502468174,0.009559274566399894,0.9392835458409229,0.6012851051618258
pendigits,exp,115,18,0.00895914052077464,0.9427123928293063,0.009406398019682209,0.9386763812993322,0.6008253633183985
pendigits,exp,115,19,0.008794229716353678,0.9427123928293063,0.009282888472480192,0.9411050394656952,0.5972816006852126
pendigits,exp,115,20,0.008559781118369091,0.942972200571577,0.008991360003663781,0.941712204007286,0.5937378674876573
pendigits,exp,115,21,0.008418626226543857,0.942972200571577,0.008877584279715899,0.941712204007286,0.5922282397069408
pendigits,exp,115,22,0.00827528860386191,0.9440114315406599,0.008741398156461116,0.941712204007286,0.5942368883521819
pendigits,exp,115,23,0.008151906225743728,0.944401143154066,0.00860468164064317,0.9423193685488768,0.5924159398647862
pendigits,exp,115,24,0.008061315191253237,0.9450506625097428,0.008489796384367688,0.9423193685488768,0.5895458960787264
pendigits,exp,115,25,0.007982079643312533,0.944401143154066,0.008449368435177242,0.9423193685488768,0.5869265258033506
pendigits,exp,115,26,0.007921021014801063,0.9460898934788257,0.008352529084229522,0.9423193685488768,0.5764320423308132
pendigits,exp,115,27,0.007800309097788846,0.9459599896076903,0.008223073697825484,0.9423193685488768,0.581031747699024
pendigits,exp,115,28,0.007711806250964903,0.946219797349961,0.00814478306611941,0.9429265330904675,0.5801223349684809
pendigits,exp,115,29,0.0076178025591952915,0.9473889321901793,0.008079408530930119,0.9453551912568307,0.5689724264156474
pendigits,exp,115,30,0.00749154987636439,0.9481683554169914,0.007913310622803649,0.9453551912568307,0.5672213772333584
pendigits,exp,115,31,0.007499094573143156,0.949077682514939,0.007972747396836437,0.9447480267152398,0.566499268757012
pendigits,exp,115,32,0.007355666246750419,0.949467394128345,0.00779099257553979,0.9459623557984214,0.5649313863582167
pendigits,exp,115,33,0.007276162744736794,0.9495972979994803,0.007708850184416348,0.9465695203400122,0.5647424923564486
pendigits,exp,115,34,0.007218515715436238,0.9498571057417511,0.007640558979551905,0.9471766848816029,0.5603437422802687
pendigits,exp,115,35,0.007138566494427307,0.9492075863860743,0.007568707072383538,0.9459623557984214,0.5648907519882445
pendigits,exp,115,36,0.0070954333718866005,0.9495972979994803,0.007515978324248599,0.9459623557984214,0.5594879766270623
pendigits,exp,115,37,0.0070339820598232725,0.9502468173551571,0.007476297556209994,0.9477838494231937,0.558300752207659
pendigits,exp,115,38,0.00704557192883863,0.9492075863860743,0.007454514314021114,0.9447480267152398,0.5605893509276828
pendigits,exp,115,39,0.006935915143120094,0.9497272018706158,0.007368612323547327,0.9477838494231937,0.5526597074166483
pendigits,exp,115,40,0.0069039573381261855,0.9503767212262926,0.007338353909855566,0.9465695203400122,0.5588147504683098
pendigits,exp,115,41,0.006882330568705962,0.9503767212262926,0.007275205129841139,0.9477838494231937,0.5508254101552643
pendigits,exp,115,42,0.006796616374162264,0.9503767212262926,0.007214549804743328,0.9477838494231937,0.5480373952927656
pendigits,exp,115,43,0.00679952742041912,0.950896336710834,0.007245221121531004,0.949605343047966,0.5475458250926992
pendigits,exp,115,44,0.006719788006729811,0.9511561444531047,0.0071552140012192,0.9489981785063752,0.5483502629861029
pendigits,exp,115,45,0.006720108005550339,0.950896336710834,0.007156767671177883,0.9483910139647844,0.5470548650486083
pendigits,exp,115,46,0.006665909709544831,0.950896336710834,0.007103796973020853,0.9483910139647844,0.5457669110019817
pendigits,exp,115,47,0.006634187839073084,0.9510262405819694,0.007070827902122255,0.9489981785063752,0.5416218683068105
pendigits,exp,115,48,0.006596481440018268,0.9510262405819694,0.007027629758711785,0.9483910139647844,0.5466767444954748
pendigits,exp,115,49,0.0065605485015488635,0.950896336710834,0.006980729484900364,0.9489981785063752,0.5489962511767155
pendigits,exp,115,50,0.0065357819045504155,0.9516757599376462,0.006989146397736568,0.9489981785063752,0.5408334737649048
pendigits,exp,115,51,0.006506026316403577,0.9519355676799168,0.006925084386874392,0.9489981785063752,0.5398315908491067
pendigits,exp,115,52,0.006473272163089756,0.9516757599376462,0.006908464295705514,0.9489981785063752,0.5359086321906339
pendigits,exp,115,53,0.006435155804494094,0.9516757599376462,0.006875788048259273,0.949605343047966,0.5380854462792489
pendigits,exp,115,54,0.006412714077929783,0.9524551831644583,0.006859882303590587,0.9502125075895568,0.5370443190018833
pendigits,exp,115,55,0.006486099738656417,0.9519355676799168,0.006944950529718419,0.9489981785063752,0.53760703784486
pendigits,exp,115,56,0.006359497238330884,0.9528448947778644,0.006805073123981428,0.949605343047966,0.5351077779878968
pendigits,exp,115,57,0.00633802788419606,0.9528448947778644,0.00677496168760418,0.949605343047966,0.5323111134822828
pendigits,exp,115,58,0.006308386093714568,0.9528448947778644,0.006771915967334981,0.9502125075895568,0.5301372729689513
pendigits,exp,115,59,0.006296327560994931,0.9528448947778644,0.006736633640347025,0.9514268366727383,0.5297899138517572
pendigits,exp,115,60,0.006250615101261753,0.9528448947778644,0.006695528018777146,0.9514268366727383,0.531912909814902
pendigits,exp,115,61,0.006263387650638921,0.9534944141335412,0.00674043422679625,0.9502125075895568,0.5288922352504799
pendigits,exp,115,62,0.006212349332854938,0.9536243180046765,0.006674954961325217,0.9508196721311475,0.52927086761853
pendigits,exp,115,63,0.00618739060986643,0.9537542218758119,0.006651994402486981,0.9514268366727383,0.5296442352586285
pendigits,exp,115,64,0.006171311735756307,0.9538841257469473,0.006650550784180951,0.9514268366727383,0.5250777092108311
pendigits,exp,115,65,0.006143431145958636,0.9537542218758119,0.0066304962724858686,0.9514268366727383,0.5241601945453949
pendigits,exp,115,66,0.006125393267196128,0.9544037412314887,0.006615919147719431,0.9514268366727383,0.5261026261376868
pendigits,exp,115,67,0.006098785326957221,0.9542738373603533,0.006593157237774887,0.9514268366727383,0.5258260938306658
pendigits,exp,115,68,0.006067178947607965,0.954143933489218,0.006554862884068241,0.9514268366727383,0.5247210771399379
pendigits,exp,115,69,0.006055221125825318,0.9538841257469473,0.0065472528408985625,0.9514268366727383,0.5235229852260894
pendigits,exp,115,70,0.0060291068015104156,0.9544037412314887,0.006539493264309353,0.9520340012143291,0.5232255138963308
pendigits,exp,115,71,0.006004475314548225,0.954143933489218,0.006506964419811062,0.9514268366727383,0.527978684087817
pendigits,exp,115,72,0.005989090224128827,0.9540140296180826,0.006503213030386879,0.9520340012143291,0.5219572084739658
pendigits,exp,115,73,0.005959745414881195,0.9546635489737594,0.006478669287411346,0.9520340012143291,0.5180664710302364
pendigits,exp,115,74,0.005959318256810993,0.9545336451026241,0.006499833228552942,0.9508196721311475,0.5203341892640062
pendigits,exp,115,75,0.0059190526735965875,0.9544037412314887,0.006456970306179541,0.9520340012143291,0.5225198584990726
pendigits,tanh,100,1,0.03015647626278698,0.8510002598077423,0.03044143652281449,0.8421372191863995,1.0000087663480532
pendigits,tanh,100,2,0.02053108424721191,0.8884125746947259,0.020864346620813753,0.8852459016393442,1.0015089205264651
pendigits,tanh,100,3,0.016647292279668824,0.8997142114835022,0.01701834711394438,0.8998178506375227,1.000011102919465
pendigits,tanh,100,4,0.014049703134364632,0.9190698882826708,0.014776698196038208,0.9101396478445659,1.0004070241960372
pendigits,tanh,100,5,0.012697837809776968,0.923486619901273,0.013398289971106179,0.9192471159684275,1.0001500260479825
pendigits,tanh,100,6,0.01159629298506213,0.9293322941023643,0.012272836755927961,0.9259259259259259,1.0004026396520502
pendigits,tanh,100,7,0.01065928068071194,0.9355676799168615,0.011298274181632487,0.9332119004250152,1.0000013556827627
pendigits,tanh,100,8,0.010035378853064006,0.9353078721745908,0.01066623593617343,0.9301760777170613,1.0000374636204241
pendigits,tanh,100,9,0.009470816446159974,0.9389451805663809,0.010040125695403669,0.9326047358834244,1.000003824449264
pendigits,tanh,100,10,0.00901756946083024,0.9405040270200052,0.009486557129991724,0.9386763812993322,1.0000003439574958
pendigits,tanh,100,11,0.008562047382174831,0.9424525850870356,0.009136133196713194,0.9380692167577414,0.9999999739076162
pendigits,tanh,100,12,0.008476346158234617,0.9424525850870356,0.009113279766647714,0.9374620522161505,1.0005768735120195
pendigits,tanh,100,13,0.008095829493490168,0.9431021044427124,0.00864452221188596,0.941712204007286,1.0000010452288
pendigits,tanh,100,14,0.007880250820241753,0.9446609508963367,0.008449009321909047,0.9423193685488768,1.0001684249293388
pendigits,tanh,100,15,0.007756214903750101,0.9441413354117952,0.008423480605708668,0.9423193685488768,1.0000005234485148
pendigits,tanh,100,16,0.007529745331404102,0.9454403741231489,0.008138075313052356,0.944140862173649,1.0005046659291874
pendigits,tanh,100,17,0.0073502837384306656,0.946219797349961,0.007863488615389935,0.9453551912568307,0.9952993800336812
pendigits,tanh,100,18,0.007179931691621907,0.9467394128345025,0.007690632112966036,0.9453551912568307,0.9999993332498122
pendigits,tanh,100,19,0.007086690698153648,0.9467394128345025,0.007602053282407025,0.9459623557984214,1.0000000000020062
pendigits,tanh,100,20,0.006964546697759201,0.9471291244479085,0.0074926840803821925,0.9465695203400122,0.9698558608503672
pendigits,tanh,100,21,0.006886246846913434,0.9481683554169914,0.007324296348437033,0.9465695203400122,1.0000000885959026
pendigits,tanh,100,22,0.006822203684101374,0.9489477786438035,0.007351406659662051,0.9465695203400122,1.0001101482249037
pendigits,tanh,100,23,0.006671763796172244,0.9488178747726682,0.007190911852137278,0.9477838494231937,1.000000000000064
pendigits,tanh,100,24,0.0066265256341723955,0.9488178747726682,0.007134262577014782,0.9477838494231937,1.0000094953917016
pendigits,tanh,100,25,0.0065546753500942715,0.9493374902572097,0.006975229541653533,0.9483910139647844,0.8777756239167644
pendigits,tanh,100,26,0.0064448592375049895,0.9501169134840218,0.006946645384935397,0.9477838494231937,1.0000000666838613
pendigits,tanh,100,27,0.006564751246594405,0.9499870096128865,0.007054786438313983,0.9465695203400122,1.0
pendigits,tanh,100,28,0.006328002166321039,0.9501169134840218,0.0068305487343344115,0.9489981785063752,1.0000000154575768
pendigits,tanh,100,29,0.006301054289334621,0.950896336710834,0.00689448605313459,0.9489981785063752,1.000016719472118
pendigits,tanh,100,30,0.006200002766565745,0.9511561444531047,0.006713093387224068,0.9489981785063752,0.9860032951198595
pendigits,tanh,100,31,0.006147293996528875,0.950896336710834,0.0066715339832784095,0.9489981785063752,0.8544424248412327
pendigits,tanh,100,32,0.006113330555063456,0.9510262405819694,0.0066350644679467625,0.9489981785063752,1.0000107792629787
pendigits,tanh,100,33,0.006056451235999414,0.9511561444531047,0.006571245171388428,0.9502125075895568,1.0000000000024147
pendigits,tanh,100,34,0.006057177868678956,0.9515458560665108,0.006533908658426352,0.9502125075895568,1.000000020667448
pendigits,tanh,100,35,0.005995171637155801,0.9516757599376462,0.006498660802906819,0.9508196721311475,0.8265390539300279
pendigits,tanh,100,36,0.005941507819695769,0.9523252792933229,0.006505375577105742,0.9502125075895568,0.5594085304664325
pendigits,tanh,100,37,0.005894391201443291,0.9525850870355936,0.0064390512159211615,0.9502125075895568,1.0000000007540246
pendigits,tanh,100,38,0.005858690888321986,0.9523252792933229,0.006402780850198796,0.9508196721311475,1.000000005226242
pendigits,tanh,100,39,0.005846681054000737,0.9529747986489997,0.0064489936058048595,0.9502125075895568,1.0000057720422868
pendigits,tanh,100,40,0.005790377725174138,0.9529747986489997,0.006388167603982971,0.9502125075895568,1.0000000509181672
pendigits,tanh,100,41,0.005761333397380296,0.9534944141335412,0.006364666282256785,0.9502125075895568,1.000000017142189
pendigits,tanh,100,42,0.005723625959123382,0.9533645102624059,0.006323467613364318,0.9514268366727383,0.9681143012003419
pendigits,tanh,100,43,0.005687320549833095,0.9534944141335412,0.006315361103366373,0.9514268366727383,1.0007523110900038
pendigits,tanh,100,44,0.005650638123226993,0.9538841257469473,0.006294705213511629,0.9514268366727383,0.9997908902048599
pendigits,tanh,100,45,0.0057630918566771204,0.9531047025201351,0.0063905365371286086,0.9489981785063752,1.0000060234865376
pendigits,tanh,100,46,0.005587560223801802,0.9540140296180826,0.006290967610057732,0.9508196721311475,1.0000067960025054
pendigits,tanh,100,47,0.005555126422671642,0.9542738373603533,0.006303157397518665,0.9502125075895568,1.0000000383963978
pendigits,tanh,100,48,0.005530474283760636,0.9544037412314887,0.006263381643630787,0.9508196721311475,1.000005964919638
pendigits,tanh,100,49,0.005506689406110297,0.9546635489737594,0.006233556710337727,0.9502125075895568,1.0011192928521362
pendigits,tanh,100,50,0.005461472606161892,0.9547934528448948,0.006215039293215331,0.9514268366727383,0.9739275650255389
pendigits,tanh,100,51,0.0054354437513143,0.9551831644583009,0.006237921970886119,0.9502125075895568,0.6115616993547709
pendigits,tanh,100,52,0.005428600648617933,0.9551831644583009,0.0062968032494229624,0.9489981785063752,0.872915076028786
pendigits,tanh,100,53,0.00536764466737572,0.9554429722005716,0.006213674978759755,0.9502125075895568,1.0000769988940348
pendigits,tanh,100,54,0.005355388763692907,0.9555728760717069,0.006150873596597593,0.9508196721311475,1.000000000602297
pendigits,tanh,100,55,0.0053251358060051705,0.9554429722005716,0.006164348061585471,0.9508196721311475,1.0000209782438976
pendigits,tanh,100,56,0.005318922712090069,0.9555728760717069,0.006167547623749073,0.9502125075895568,0.5937027694892956
pendigits,tanh,100,57,0.005284492879902761,0.9555728760717069,0.006155115881826579,0.949605343047966,1.0000000000000004
pendigits,tanh,100,58,0.005274074182409472,0.9555728760717069,0.006194322221828393,0.949605343047966,1.0000020749776861
pendigits,tanh,100,59,0.005240186098387931,0.955962587685113,0.006119780371010489,0.9502125075895568,1.000000000002014
pendigits,tanh,100,60,0.005229779705477907,0.9557027799428423,0.006132806125788473,0.9489981785063752,0.9496598385216825
pendigits,tanh,100,61,0.005223026350018755,0.9555728760717069,0.006107053378386865,0.9508196721311475,0.9971753973251862
pendigits,tanh,100,62,0.0051923836193073745,0.9558326838139777,0.006096965432463575,0.9502125075895568,1.0000000777910587
pendigits,tanh,100,63,0.005205217732229315,0.9557027799428423,0.0061120181828053085,0.9489981785063752,1.0000000000040477
pendigits,tanh,100,64,0.005158016426690695,0.955962587685113,0.006072752085736088,0.949605343047966,1.0000075747432606
pendigits,tanh,100,65,0.0051456788537571525,0.9558326838139777,0.006067907091928092,0.9489981785063752,0.9092590519589183
pendigits,tanh,100,66,0.005139067432298518,0.9560924915562484,0.006028659598859064,0.9502125075895568,0.9091768460416625
pendigits,tanh,100,67,0.005131392543494817,0.9558326838139777,0.006096616106980845,0.9483910139647844,0.2406038054877822
pendigits,tanh,100,68,0.005156505681327587,0.9557027799428423,0.006172136269533839,0.9483910139647844,1.0001019958992534
pendigits,tanh,100,69,0.005178659438485443,0.9553130683294362,0.006110977133503351,0.9489981785063752,1.0000000001339722
pendigits,tanh,100,70,0.005090079882989278,0.9562223954273837,0.006017400358133314,0.949605343047966,1.0001681495484602
pendigits,tanh,100,71,0.005079745887152964,0.9560924915562484,0.006030213311898886,0.949605343047966,0.4584754394984314
pendigits,tanh,100,72,0.005060503574961879,0.9562223954273837,0.006032476124234284,0.949605343047966,1.000000000010241
pendigits,tanh,100,73,0.0050506490632707575,0.955962587685113,0.006029726884477948,0.949605343047966,0.21860122981543953
pendigits,tanh,100,74,0.005036665113201066,0.9560924915562484,0.006044034982935132,0.9489981785063752,1.000000028253023
pendigits,tanh,100,75,0.005031516311692825,0.955962587685113,0.0060299796402082185,0.9489981785063752,0.9999999979110644
pendigits,tanh,101,1,0.030247858244121975,0.8556767991686153,0.030370772093196295,0.8482088646023073,1.0005774938127587
pendigits,tanh,101,2,0.021317212996076203,0.8777604572616264,0.021867222618881316,0.8688524590163934,1.0090367378734906
pendigits,tanh,101,3,0.016576944399071813,0.9019225772928033,0.017106521164549953,0.899210686095932,1.00756255600639
pendigits,tanh,101,4,0.014510059229862916,0.9153026760197454,0.014835682325475857,0.9143897996357013,1.005184537528412
pendigits,tanh,101,5,0.014707123043729195,0.914783060535204,0.015318268305485416,0.912568306010929,1.0000165484485106
pendigits,tanh,101,6,0.011970590224641888,0.9279033515198752,0.012622815239519148,0.9222829386763813,1.0002270829214597
pendigits,tanh,101,7,0.011042779686411541,0.9315406599116653,0.011617733611016885,0.9289617486338798,1.000039544880313
pendigits,tanh,101,8,0.011074709153229424,0.9354377760457262,0.011626679764534468,0.9295689131754705,1.0000328917170345
pendigits,tanh,101,9,0.00953670292571012,0.9382956612107041,0.010139095734307421,0.9350333940497875,1.0001522203012678
pendigits,tanh,101,10,0.009235448149797234,0.939724603793193,0.009824806836143228,0.9356405585913783,1.000051144856156
pendigits,tanh,101,11,0.008699665248486827,0.9420628734736295,0.00933292722934273,0.9398907103825137,1.0020274153995874
pendigits,tanh,101,12,0.008363909605738455,0.942582488958171,0.00893691709736575,0.9374620522161505,1.0002743519553703
pendigits,tanh,101,13,0.008116633270786456,0.9438815276695246,0.00869247606315709,0.9411050394656952,1.000000000000007
pendigits,tanh,101,14,0.007906222822703429,0.9450506625097428,0.00853454967694133,0.9423193685488768,1.0000000000000768
pendigits,tanh,101,15,0.007833808192800155,0.9450506625097428,0.008479157306455641,0.941712204007286,1.0000001344621003
pendigits,tanh,101,16,0.00752757014938302,0.9460898934788257,0.00818808897808762,0.9423193685488768,1.00098863945457
pendigits,tanh,101,17,0.007450393357655478,0.9463497012210964,0.008026402322668734,0.9423193685488768,0.9999982840270709
pendigits,tanh,101,18,0.0072867966034482895,0.946219797349961,0.00791013041446096,0.944140862173649,1.000001921880749
pendigits,tanh,101,19,0.007179080564748865,0.9467394128345025,0.007785926525033886,0.9447480267152398,1.0000000294300475
pendigits,tanh,101,20,0.007064349752818653,0.94764873993245,0.007745577585380475,0.944140862173649,0.9999999998839313
pendigits,tanh,101,21,0.006949292538875749,0.9482982592881268,0.007617774208241091,0.9447480267152398,1.0234986944509836
pendigits,tanh,101,22,0.006876533182764567,0.9484281631592621,0.007513598348553431,0.9459623557984214,1.0000010998518458
pendigits,tanh,101,23,0.006757121636393538,0.9495972979994803,0.007379207174679889,0.9453551912568307,0.9069267631379996
pendigits,tanh,101,24,0.006763372231798168,0.9489477786438035,0.00739335475772054,0.944140862173649,1.0001757491923617
pendigits,tanh,101,25,0.006558073884567198,0.9501169134840218,0.007175922065995004,0.9465695203400122,0.9659893667837898
pendigits,tanh,101,26,0.006500265579162182,0.9505066250974279,0.007172793167701305,0.9459623557984214,1.00211962195551
pendigits,tanh,101,27,0.0066966633800189185,0.9497272018706158,0.007261586062176949,0.9465695203400122,1.0000026536302749
pendigits,tanh,101,28,0.006355473615066316,0.9515458560665108,0.0070232738708525845,0.9471766848816029,0.9999999999999984
pendigits,tanh,101,29,0.006522875410357167,0.9506365289685632,0.007343423332877689,0.9477838494231937,1.0008899239401943
pendigits,tanh,101,30,0.006199920519953907,0.9518056638087815,0.006927342475262175,0.9477838494231937,1.0000000000123055
pendigits,tanh,101,31,0.006149931668186511,0.9531047025201351,0.006911966502642433,0.9465695203400122,0.9406959905388248
pendigits,tanh,101,32,0.006089637179073445,0.9527149909067291,0.006843311826782934,0.9471766848816029,1.000000000433928
pendigits,tanh,101,33,0.006035704039043689,0.9532346063912704,0.006808057143601572,0.9477838494231937,1.0000000000000584
pendigits,tanh,101,34,0.005973237353165186,0.9531047025201351,0.006777695805835562,0.9477838494231937,1.0
pendigits,tanh,101,35,0.0059198702491036845,0.9531047025201351,0.006712430127265519,0.9471766848816029,1.0167546073938791
pendigits,tanh,101,36,0.005880198835256687,0.9532346063912704,0.00671027190615199,0.9471766848816029,1.0000000000000104
pendigits,tanh,101,37,0.00585008525340868,0.9537542218758119,0.0066887894233281404,0.9471766848816029,1.0000131905118803
pendigits,tanh,101,38,0.005905504895798353,0.9537542218758119,0.006760366936724801,0.9477838494231937,1.0000000000068012
pendigits,tanh,101,39,0.005750856023274908,0.9538841257469473,0.006524787356326509,0.9471766848816029,0.4973887532213984
pendigits,tanh,101,40,0.005733618932097985,0.9540140296180826,0.006520876770792529,0.9477838494231937,0.9109784810488704
pendigits,tanh,101,41,0.005686482800453905,0.9537542218758119,0.006471726749966077,0.9477838494231937,1.0000066969930959
pendigits,tanh,101,42,0.005664781683364721,0.9540140296180826,0.006560168506256527,0.9465695203400122,0.7955163931745226
pendigits,tanh,101,43,0.00561560965851638,0.9549233567160301,0.0065038018619721525,0.9471766848816029,1.0000034688270827
pendigits,tanh,101,44,0.005613756379629751,0.954143933489218,0.00642344011017399,0.9477838494231937,1.0000024620573522
pendigits,tanh,101,45,0.005651550847738306,0.9538841257469473,0.006429947745566346,0.9483910139647844,1.0000000763986332
pendigits,tanh,101,46,0.0056247938055836565,0.9549233567160301,0.006593296672205603,0.9477838494231937,0.6875521972953721
pendigits,tanh,101,47,0.0055765204118985705,0.9544037412314887,0.006398357183988721,0.949605343047966,0.8594274062704094
pendigits,tanh,101,48,0.005472330277493679,0.9551831644583009,0.006336562655002864,0.9483910139647844,0.5195915760538603
pendigits,tanh,101,49,0.00545200282110115,0.9550532605871654,0.00628805532813034,0.9483910139647844,1.0000000078854494
pendigits,tanh,101,50,0.00541967725011506,0.9554429722005716,0.0062918006172899285,0.9483910139647844,0.9933833131788985
pendigits,tanh,101,51,0.005393521350870686,0.9557027799428423,0.006234654262419045,0.9483910139647844,1.000000000001395
pendigits,tanh,101,52,0.005372938194731775,0.9555728760717069,0.006305813320342975,0.9477838494231937,0.4980714369453153
pendigits,tanh,101,53,0.005356419687755466,0.9558326838139777,0.006241543269588524,0.9483910139647844,1.0000001676825374
pendigits,tanh,101,54,0.005317213925341392,0.9558326838139777,0.006205987776156838,0.9483910139647844,1.000000001137308
pendigits,tanh,101,55,0.005308765327769124,0.9558326838139777,0.006157510502864898,0.9489981785063752,0.1409499750423487
pendigits,tanh,101,56,0.005312879122546771,0.9558326838139777,0.0062497841606192015,0.9477838494231937,0.9999999998888764
pendigits,tanh,101,57,0.005271859455703332,0.955962587685113,0.006172823837624621,0.9483910139647844,1.000450693811312
pendigits,tanh,101,58,0.005227262672340609,0.9560924915562484,0.00615929886342443,0.9489981785063752,1.0000000000000084
pendigits,tanh,101,59,0.00521965067725989,0.9560924915562484,0.006110103320329583,0.9489981785063752,1.000007651108724
pendigits,tanh,101,60,0.005205449615845406,0.9562223954273837,0.006099443289120864,0.9489981785063752,1.0000017030880393
pendigits,tanh,101,61,0.005190162567889048,0.9562223954273837,0.006137422533880885,0.9483910139647844,0.9934190861066207
pendigits,tanh,101,62,0.005179728622163793,0.9563522992985191,0.006148484148400184,0.9483910139647844,1.0000012899995336
pendigits,tanh,101,63,0.00524533475762103,0.9554429722005716,0.006120015591317136,0.9489981785063752,1.000003214193124
pendigits,tanh,101,64,0.005162478348760442,0.9560924915562484,0.006174269368156007,0.9483910139647844,0.7494238544263319
pendigits,tanh,101,65,0.005126109815125343,0.9564822031696545,0.006097617223263376,0.9483910139647844,0.6951466702123827
pendigits,tanh,101,66,0.0051007530110090595,0.9568719147830606,0.006074753819168738,0.9483910139647844,0.8425732733756668
pendigits,tanh,101,67,0.005089324822361592,0.9567420109119251,0.00604583248240078,0.9489981785063752,0.32889247054212617
pendigits,tanh,101,68,0.005075013560165106,0.9567420109119251,0.006066968643110972,0.9489981785063752,1.0000483370669089
pendigits,tanh,101,69,0.0050707052511537835,0.9570018186541959,0.006045095604455596,0.9483910139647844,1.0000000021716684
pendigits,tanh,101,70,0.005052996543813754,0.9567420109119251,0.006078529143967143,0.9489981785063752,0.7234766802970429
pendigits,tanh,101,71,0.005057548753722943,0.9567420109119251,0.006127902272003758,0.9483910139647844,1.0019938956404328
pendigits,tanh,101,72,0.005031998877833403,0.9568719147830606,0.006031485481213735,0.9489981785063752,0.968692922525083
pendigits,tanh,101,73,0.005016568707439498,0.9570018186541959,0.00599066792018478,0.9483910139647844,0.6055896344177999
pendigits,tanh,101,74,0.005005625344571277,0.9570018186541959,0.006000346485719833,0.9489981785063752,1.0000000001253264
pendigits,tanh,101,75,0.004994136633606635,0.9570018186541959,0.005982608293064473,0.9489981785063752,1.0000002539736457
pendigits,tanh,102,1,0.03319037642263172,0.8603533385294881,0.033312834658174965,0.848816029143898,1.001403464935644
pendigits,tanh,102,2,0.021156231007021884,0.886983632112237,0.02196106259995279,0.8743169398907104,1.0009733704515995
pendigits,tanh,102,3,0.016259930975125333,0.903611327617563,0.016791966882543273,0.9034608378870674,1.0014063528923198
pendigits,tanh,102,4,0.01428778089959382,0.9162120031176929,0.014865618945534446,0.9119611414693382,1.0182033186969228
pendigits,tanh,102,5,0.012958800187616854,0.9223174850610548,0.013548163312154625,0.9198542805100182,1.0000001458435224
pendigits,tanh,102,6,0.012181640557806848,0.9293322941023643,0.012955046983709978,0.9241044323011536,1.000172091374187
pendigits,tanh,102,7,0.01053194568645431,0.9355676799168615,0.011065918557201503,0.930783242258652,1.0000000000000002
pendigits,tanh,102,8,0.009856990166376142,0.9373863341127565,0.010515330964377168,0.9313904068002429,1.0000000024076414
pendigits,tanh,102,9,0.009465023785459879,0.939724603793193,0.01014438166854752,0.9326047358834244,1.0002282233754602
pendigits,tanh,102,10,0.008936355650359353,0.941153546375682,0.009533438140472934,0.9350333940497875,1.000001003795215
pendigits,tanh,102,11,0.008755913932738614,0.9415432579890881,0.009474249278023233,0.9368548876745598,1.0000290155439582
pendigits,tanh,102,12,0.008339819098052148,0.9431021044427124,0.009045128955742018,0.9398907103825137,0.9800071863606191
pendigits,tanh,102,13,0.008032757318483134,0.9440114315406599,0.008741538550370994,0.9404978749241044,0.9995507160792338
pendigits,tanh,102,14,0.00788111520402426,0.942972200571577,0.008534694431491274,0.9411050394656952,0.9982806869331816
pendigits,tanh,102,15,0.007666267326332449,0.9440114315406599,0.008386127301187072,0.9398907103825137,1.0
pendigits,tanh,102,16,0.0075662039400503905,0.9454403741231489,0.008233018344944398,0.941712204007286,0.9994311225420625
pendigits,tanh,102,17,0.007424409354969306,0.9446609508963367,0.008103812108503557,0.9423193685488768,1.0000004408410927
pendigits,tanh,102,18,0.007281471000740344,0.9458300857365549,0.008051334299069283,0.9423193685488768,0.9214166976960605
pendigits,tanh,102,19,0.007321759240054197,0.9464796050922317,0.008005005157741857,0.9411050394656952,0.9593046021460374
pendigits,tanh,102,20,0.007080681169531729,0.9467394128345025,0.0078115571029059565,0.9423193685488768,1.000047851888992
pendigits,tanh,102,21,0.007076781783418957,0.9455702779942843,0.007760543542200875,0.9423193685488768,1.001430738321795
pendigits,tanh,102,22,0.0069520303857325645,0.9466095089633672,0.007727546988809873,0.9423193685488768,1.0000050302989856
pendigits,tanh,102,23,0.006849012953645986,0.9475188360613146,0.007591649888627622,0.9429265330904675,1.0000005979658684
pendigits,tanh,102,24,0.006789485898051576,0.94764873993245,0.00755601520006672,0.9423193685488768,1.001613400256662
pendigits,tanh,102,25,0.006693068296342126,0.9482982592881268,0.007422958955677233,0.9447480267152398,1.0000000213713336
pendigits,tanh,102,26,0.00718748122141871,0.9458300857365549,0.007967847051731326,0.9411050394656952,1.0109436129746023
pendigits,tanh,102,27,0.006680948970877511,0.9475188360613146,0.007438311019829719,0.9429265330904675,1.0003132331255697
pendigits,tanh,102,28,0.006746756331998568,0.9463497012210964,0.0074624151679033275,0.9429265330904675,1.000000000070814
pendigits,tanh,102,29,0.0065845188686304125,0.9488178747726682,0.0073872734304375135,0.9435336976320583,1.000000737089012
pendigits,tanh,102,30,0.0064813641397788915,0.9481683554169914,0.007277911721439055,0.944140862173649,0.6835338291324875
pendigits,tanh,102,31,0.00646947603927487,0.9485580670303975,0.007278427299946462,0.9435336976320583,1.0000000000787346
pendigits,tanh,102,32,0.006408774906027166,0.9481683554169914,0.007139681397298745,0.9447480267152398,1.0000000001274632
pendigits,tanh,102,33,0.0064955026768531,0.949077682514939,0.00722795610836553,0.9453551912568307,1.000000000129677
pendigits,tanh,102,34,0.006283766200172647,0.9493374902572097,0.007044871205142142,0.9453551912568307,1.00000000000093
pendigits,tanh,102,35,0.006265565759043253,0.9493374902572097,0.007060640513718973,0.9453551912568307,0.9999999987333907
pendigits,tanh,102,36,0.006237444817434193,0.9485580670303975,0.007028316767090904,0.9453551912568307,0.4332968353409275
pendigits,tanh,102,37,0.0062288949842983134,0.9499870096128865,0.006990802290991739,0.9459623557984214,0.987881798446898
pendigits,tanh,102,38,0.006175433020426559,0.9498571057417511,0.00700879472548427,0.9453551912568307,1.0000000000219806
pendigits,tanh,102,39,0.00614409785232858,0.9498571057417511,0.006964393786008103,0.9459623557984214,1.0000504977433686
pendigits,tanh,102,40,0.006085216772279794,0.949467394128345,0.006877963641637512,0.9453551912568307,1.0000000009999002
pendigits,tanh,102,41,0.006421454395983605,0.9486879709015329,0.007297084729306145,0.9435336976320583,1.0000397071571152
pendigits,tanh,102,42,0.006031255825319324,0.9506365289685632,0.0068334655035056325,0.9465695203400122,1.0000072217042058
pendigits,tanh,102,43,0.0059851205430141215,0.9502468173551571,0.006789511325854669,0.9459623557984214,0.7242651561793256
pendigits,tanh,102,44,0.005940672428458886,0.9505066250974279,0.006780927149478992,0.9465695203400122,1.0000275251298187
pendigits,tanh,102,45,0.005914126084194209,0.9505066250974279,0.006757288322712998,0.9471766848816029,1.000004988725529
pendigits,tanh,102,46,0.005923175275214778,0.9501169134840218,0.006744805068124408,0.9459623557984214,1.000282266013894
pendigits,tanh,102,47,0.005855225788307833,0.9507664328396986,0.006700120393769406,0.9465695203400122,0.9648567626831464
pendigits,tanh,102,48,0.005911640870067282,0.9502468173551571,0.006729708550723543,0.9465695203400122,1.0000002434855246
pendigits,tanh,102,49,0.00583284794390877,0.9518056638087815,0.006743548401358628,0.9465695203400122,1.0000000575907941
pendigits,tanh,102,50,0.005772881870369788,0.9519355676799168,0.006654168224914797,0.9465695203400122,0.7724840822326436
pendigits,tanh,102,51,0.005832392883638993,0.9514159521953754,0.006692029277993987,0.9453551912568307,0.984079278181836
pendigits,tanh,102,52,0.005723674286825248,0.9523252792933229,0.006695424202871226,0.9465695203400122,1.0060231365517884
pendigits,tanh,102,53,0.005671919552658137,0.9531047025201351,0.006672486429359731,0.9465695203400122,1.000130095322533
pendigits,tanh,102,54,0.005610671118120506,0.9534944141335412,0.006578190492792837,0.9471766848816029,0.9979193005852516
pendigits,tanh,102,55,0.0055865489667619355,0.9534944141335412,0.006604813140644243,0.9471766848816029,0.9037977310046023
pendigits,tanh,102,56,0.0056170382283353805,0.9542738373603533,0.006694546097615168,0.9465695203400122,1.0000000000000002
pendigits,tanh,102,57,0.005482436055345701,0.9544037412314887,0.006548227661036031,0.9477838494231937,1.0000611063548193
pendigits,tanh,102,58,0.005453692722843215,0.9544037412314887,0.0064834974075597285,0.9477838494231937,0.9999995284998591
pendigits,tanh,102,59,0.005427015983902417,0.9545336451026241,0.006497376493722843,0.9477838494231937,1.0000000256175623
pendigits,tanh,102,60,0.005390359860695382,0.9546635489737594,0.006447629406969723,0.9477838494231937,1.0000000000005367
pendigits,tanh,102,61,0.005344664031011095,0.9547934528448948,0.006395520532195929,0.9483910139647844,0.14654294903301754
pendigits,tanh,102,62,0.0054026046909524785,0.9546635489737594,0.006440283128052307,0.9483910139647844,0.9999997915504941
pendigits,tanh,102,63,0.005326648545428869,0.9550532605871654,0.006390074505921006,0.949605343047966,0.9990120681928476
pendigits,tanh,102,64,0.005321733605429653,0.9549233567160301,0.006406871635725722,0.9489981785063752,1.0000000014564805
pendigits,tanh,102,65,0.005262278611556851,0.9554429722005716,0.006369440363060728,0.9483910139647844,1.0004316875025563
pendigits,tanh,102,66,0.005276458193629024,0.9553130683294362,0.0063726520904242735,0.9489981785063752,1.0000027311289885
pendigits,tanh,102,67,0.005264199887296141,0.9553130683294362,0.006334188105839423,0.9502125075895568,1.0000000008882444
pendigits,tanh,102,68,0.005209748782687843,0.955962587685113,0.006346385749487706,0.9483910139647844,1.000000001153704
pendigits,tanh,102,69,0.005247036009018652,0.9551831644583009,0.006399552784918958,0.9483910139647844,1.0000014727655935
pendigits,tanh,102,70,0.0051739451982015395,0.955962587685113,0.006310877676654319,0.949605343047966,1.0000000924915704
pendigits,tanh,102,71,0.005154325224272104,0.9557027799428423,0.006309981638426464,0.9483910139647844,0.9945736072740698
pendigits,tanh,102,72,0.005146645267897287,0.9560924915562484,0.006334926895141588,0.9477838494231937,0.6482958706182823
pendigits,tanh,102,73,0.005129068061055373,0.9562223954273837,0.006294339763063219,0.9483910139647844,0.9270652985972356
pendigits,tanh,102,74,0.0051371838595945536,0.9558326838139777,0.006299073332869614,0.9489981785063752,1.0000000003595424
pendigits,tanh,102,75,0.0051063311126692355,0.9562223954273837,0.0062544431586130005,0.9489981785063752,0.9986145740889406
pendigits,tanh,103,1,0.02946900977595204,0.8629514159521954,0.02960502723916113,0.8536733454766242,1.0005536068734595
pendigits,tanh,103,2,0.019841889487448368,0.8882826708235906,0.0202233566398684,0.8919247115968427,1.0000000008830756
pendigits,tanh,103,3,0.01685560257516022,0.9064692127825409,0.01745711245280701,0.9058894960534305,1.0040544838390753
pendigits,tanh,103,4,0.013978395893943812,0.9158222915042868,0.014679311813102192,0.9089253187613844,1.0030307715992532
pendigits,tanh,103,5,0.012704229778150824,0.9224473889321901,0.013307617094186928,0.9198542805100182,1.0000110668409847
pendigits,tanh,103,6,0.011808742796439235,0.9254351779683034,0.01251470169987853,0.9186399514268366,1.0607749081754203
pendigits,tanh,103,7,0.011077299017213488,0.9294621979734996,0.011771833211187136,0.9271402550091075,1.0004542669671006
pendigits,tanh,103,8,0.010316868582239031,0.9333593141075605,0.010993105784730284,0.9289617486338798,1.0000008053069478
pendigits,tanh,103,9,0.009617659355947715,0.9384255650818394,0.010218347239079483,0.9368548876745598,1.0000823715642297
pendigits,tanh,103,10,0.009334542181431333,0.9405040270200052,0.009902592496713825,0.9374620522161505,1.0002785748501692
pendigits,tanh,103,11,0.008786947010977781,0.9402442192777345,0.009304757586276583,0.9374620522161505,1.0010286765853096
pendigits,tanh,103,12,0.008485836529550619,0.942972200571577,0.009070785260478454,0.9386763812993322,1.0001184725078553
pendigits,tanh,103,13,0.008168855409453592,0.9420628734736295,0.008711778908666081,0.9404978749241044,1.0124458767060458
pendigits,tanh,103,14,0.007900324432982327,0.944401143154066,0.008472591234452062,0.9423193685488768,1.000000692983779
pendigits,tanh,103,15,0.0077775854261626105,0.9445310470252013,0.008356612751676614,0.9429265330904675,1.0000012671819336
pendigits,tanh,103,16,0.007594927521813293,0.944401143154066,0.00821593338662247,0.9429265330904675,1.0000009159533465
pendigits,tanh,103,17,0.007437833575533182,0.9450506625097428,0.007997684409258441,0.9429265330904675,1.0000182861005287
pendigits,tanh,103,18,0.0072746808553785175,0.9464796050922317,0.007859924414670654,0.9447480267152398,0.9999933097894728
pendigits,tanh,103,19,0.00720591540542602,0.9460898934788257,0.007752787562834092,0.9447480267152398,0.9681246375196882
pendigits,tanh,103,20,0.007084091013395201,0.9466095089633672,0.007662694159562727,0.944140862173649,0.9999632475566602
pendigits,tanh,103,21,0.007182832176691254,0.9473889321901793,0.007847868938104843,0.944140862173649,1.0000735223621997
pendigits,tanh,103,22,0.0068770949369193705,0.9477786438035853,0.007480300592209139,0.9453551912568307,1.000051629628161
pendigits,tanh,103,23,0.006849822219350442,0.9475188360613146,0.007453524012601481,0.9447480267152398,0.9728956013839503
pendigits,tanh,103,24,0.006775400148147045,0.9477786438035853,0.0073996860298210605,0.9453551912568307,1.0000057818143744
pendigits,tanh,103,25,0.006659335494626988,0.9488178747726682,0.007271666873180343,0.9453551912568307,0.8705107270764384
pendigits,tanh,103,26,0.0066332894373961485,0.9486879709015329,0.007236381215475613,0.9453551912568307,1.0000080867412835
pendigits,tanh,103,27,0.00652668670823203,0.9489477786438035,0.007120741756077125,0.9453551912568307,0.477109524101575
pendigits,tanh,103,28,0.0064595754254826105,0.9497272018706158,0.007069769975652726,0.9453551912568307,1.000000000003369
pendigits,tanh,103,29,0.006401897545927832,0.949467394128345,0.0070062895672976895,0.9459623557984214,1.0001618973049342
pendigits,tanh,103,30,0.006423105069764863,0.9503767212262926,0.007048423666185963,0.9465695203400122,1.006178266386554
pendigits,tanh,103,31,0.006304717741579286,0.9505066250974279,0.006935709485770525,0.9465695203400122,1.0000043950221469
pendigits,tanh,103,32,0.006207322600558267,0.95128604832424,0.006860949302146935,0.9477838494231937,1.000675387845829
pendigits,tanh,103,33,0.006153053935164899,0.95128604832424,0.0068505608735207005,0.9471766848816029,1.0000001147796642
pendigits,tanh,103,34,0.006087068055447879,0.9521953754221876,0.006821523287352184,0.9471766848816029,0.8718766893715799
pendigits,tanh,103,35,0.0060060268569547635,0.9524551831644583,0.0067835160758291805,0.9477838494231937,1.000000027387149
pendigits,tanh,103,36,0.005948684419814131,0.9525850870355936,0.00670136557311396,0.9471766848816029,1.000000000000425
pendigits,tanh,103,37,0.005899126421348934,0.9532346063912704,0.006721138895082515,0.9477838494231937,0.8793029946926648
pendigits,tanh,103,38,0.005848885520370505,0.9529747986489997,0.006661139070768593,0.9471766848816029,1.0000000434585585
pendigits,tanh,103,39,0.005773935986922447,0.9532346063912704,0.0066328116748036675,0.9483910139647844,0.9807486571753395
pendigits,tanh,103,40,0.005733366277124749,0.9534944141335412,0.006576907642593544,0.9483910139647844,1.000303796326517
pendigits,tanh,103,41,0.005688928091709303,0.9536243180046765,0.006567363177758631,0.9477838494231937,0.8637829451975128
pendigits,tanh,103,42,0.005672111727196827,0.9537542218758119,0.006555923300558233,0.9483910139647844,0.9712696743611005
pendigits,tanh,103,43,0.005631713840622234,0.9536243180046765,0.006463789487232105,0.9489981785063752,1.000000004119627
pendigits,tanh,103,44,0.005623317092745781,0.9538841257469473,0.006480809085220944,0.9483910139647844,0.5749909162667742
pendigits,tanh,103,45,0.005560404958502581,0.9540140296180826,0.00643425904640934,0.9483910139647844,0.4587661245721633
pendigits,tanh,103,46,0.005673318209489419,0.9540140296180826,0.006600081662671745,0.9471766848816029,1.0000961680280012
pendigits,tanh,103,47,0.0055223782113973776,0.9540140296180826,0.006409409213932123,0.9477838494231937,0.7660375959857305
pendigits,tanh,103,48,0.0054890326148903665,0.9544037412314887,0.006359107397906608,0.9489981785063752,1.00000290486227
pendigits,tanh,103,49,0.005484752052434283,0.9546635489737594,0.006359137370250567,0.9489981785063752,1.0
pendigits,tanh,103,50,0.005446077844323328,0.9545336451026241,0.006310215402429671,0.9483910139647844,1.0011429715491087
pendigits,tanh,103,51,0.00544769710873083,0.9546635489737594,0.006327482006843326,0.9483910139647844,1.0001369728871212
pendigits,tanh,103,52,0.005389944112948984,0.9549233567160301,0.0062713743991007365,0.9489981785063752,1.000000020435095
pendigits,tanh,103,53,0.005374236982020327,0.9549233567160301,0.006264634602995075,0.949605343047966,0.9657384790839447
pendigits,tanh,103,54,0.005372513074417168,0.9550532605871654,0.006260149592975509,0.9489981785063752,1.000005772139645
pendigits,tanh,103,55,0.005339700871258289,0.9553130683294362,0.0062374162275759095,0.949605343047966,1.0000000406041794
pendigits,tanh,103,56,0.005330728938758806,0.9549233567160301,0.006219274574736331,0.949605343047966,0.9080108677272608
pendigits,tanh,103,57,0.005310516350264257,0.9551831644583009,0.006190911411623522,0.9489981785063752,1.0047818751582758
pendigits,tanh,103,58,0.0053183637569059515,0.9550532605871654,0.006222404566449971,0.9489981785063752,1.0000041280884246
pendigits,tanh,103,59,0.005305381315708287,0.9554429722005716,0.0062200026905433695,0.949605343047966,1.0000207585304244
pendigits,tanh,103,60,0.005269345723864805,0.955962587685113,0.006134570450252266,0.9483910139647844,1.000218222901959
pendigits,tanh,103,61,0.00528395405095873,0.9544037412314887,0.006166843812841046,0.949605343047966,1.0000000272365357
pendigits,tanh,103,62,0.005294020467861876,0.9546635489737594,0.006205343377888108,0.949605343047966,0.9790295082587953
pendigits,tanh,103,63,0.005249998741054911,0.9551831644583009,0.006133200006970452,0.949605343047966,1.0003282350861846
pendigits,tanh,103,64,0.005222461303619917,0.9555728760717069,0.006137131361140564,0.9489981785063752,0.554455585256853
pendigits,tanh,103,65,0.005217797315371754,0.9555728760717069,0.0061155229135618355,0.9489981785063752,0.9774491388146405
pendigits,tanh,103,66,0.005181623014586881,0.9557027799428423,0.0060935138485152755,0.9489981785063752,1.0000000069462167
pendigits,tanh,103,67,0.005283295994223497,0.9555728760717069,0.006239080214599942,0.9483910139647844,1.000028123506696
pendigits,tanh,103,68,0.005162112367321886,0.9553130683294362,0.006106644428716916,0.949605343047966,1.0001496909149576
pendigits,tanh,103,69,0.00516964348770908,0.9554429722005716,0.006083902156612863,0.949605343047966,1.0000034895522043
pendigits,tanh,103,70,0.005128382528982138,0.9555728760717069,0.006084221583971182,0.949605343047966,1.000001156996165
pendigits,tanh,103,71,0.005117084951629017,0.9558326838139777,0.006056871073745667,0.9489981785063752,1.0026222414643462
pendigits,tanh,103,72,0.005116033798001499,0.9558326838139777,0.0060336639443982045,0.9489981785063752,0.467157584282444
pendigits,tanh,103,73,0.005081993719757838,0.9560924915562484,0.006020452817307214,0.949605343047966,0.07363820821496848
pendigits,tanh,103,74,0.005075641869244455,0.9560924915562484,0.0060042292241123145,0.949605343047966,0.9826179160493925
pendigits,tanh,103,75,0.005068183372234123,0.9560924915562484,0.006005379282451502,0.949605343047966,1.0000000001998408
pendigits,tanh,104,1,0.03108930157494168,0.8535983372304494,0.03133930968844601,0.8451730418943534,1.000255316961803
pendigits,tanh,104,2,0.02090227436996932,0.8858144972720187,0.021607289805231727,0.8773527625986642,1.0017600263039474
pendigits,tanh,104,3,0.016412364731005043,0.9027020005196155,0.017124533351815997,0.9004250151791136,1.0000075096184229
pendigits,tanh,104,4,0.014225896038797113,0.9162120031176929,0.014848607131663633,0.9119611414693382,1.0000188846409985
pendigits,tanh,104,5,0.012592393934777357,0.9269940244219278,0.01329542323932501,0.920461445051609,1.000853258527988
pendigits,tanh,104,6,0.012012723748874764,0.9275136399064692,0.012853186617914474,0.922890103217972,1.000089972157693
pendigits,tanh,104,7,0.010567893443452074,0.9372564302416212,0.011289906622300316,0.9313904068002429,1.000582384807324
pendigits,tanh,104,8,0.009747267474072483,0.9394647960509224,0.010324173821730138,0.9380692167577414,1.0000000000000437
pendigits,tanh,104,9,0.009275938186006838,0.9418030657313587,0.00994846362333552,0.9374620522161505,1.000009791479921
pendigits,tanh,104,10,0.008713691304847188,0.9436217199272539,0.00931946983669814,0.9411050394656952,1.0035036635876349
pendigits,tanh,104,11,0.008416916530153664,0.9440114315406599,0.00901465023497009,0.9411050394656952,1.0000000000007447
pendigits,tanh,104,12,0.00822751113263494,0.9440114315406599,0.00888623248213724,0.9404978749241044,1.0000000229914767
pendigits,tanh,104,13,0.008037380441470957,0.9446609508963367,0.00877944415293783,0.9404978749241044,1.0000015819025179
pendigits,tanh,104,14,0.007713226798199081,0.9458300857365549,0.008341487218418368,0.9429265330904675,0.9989009382409543
pendigits,tanh,104,15,0.0076049095928412335,0.9473889321901793,0.008218281683292762,0.9429265330904675,1.0000000840486016
pendigits,tanh,104,16,0.007407197087893402,0.9466095089633672,0.007981521063598672,0.9429265330904675,0.9998853147102414
pendigits,tanh,104,17,0.007234148413679622,0.9477786438035853,0.007873073424024667,0.9435336976320583,1.0000668394428276
pendigits,tanh,104,18,0.007154811080393501,0.9486879709015329,0.007793837275926025,0.9459623557984214,1.000049870446602
pendigits,tanh,104,19,0.0070376813053697985,0.9481683554169914,0.007612651258001172,0.9435336976320583,1.0000000056315088
pendigits,tanh,104,20,0.006860919097952843,0.9492075863860743,0.007446669320850714,0.9459623557984214,0.9998245603038792
pendigits,tanh,104,21,0.006806352916990288,0.9499870096128865,0.007351112510836693,0.9477838494231937,1.0000002133100832
pendigits,tanh,104,22,0.006671618704705741,0.9502468173551571,0.00723068225936764,0.9477838494231937,0.961579642460145
pendigits,tanh,104,23,0.006593438652142241,0.9503767212262926,0.007148916575972205,0.9477838494231937,1.0000000912778773
pendigits,tanh,104,24,0.006683185602473768,0.950896336710834,0.0072084097625805844,0.9477838494231937,1.000000004041766
pendigits,tanh,104,25,0.006493310328040221,0.95128604832424,0.007042932048298549,0.949605343047966,0.9976382294879514
pendigits,tanh,104,26,0.006485764883093816,0.95128604832424,0.007029415974321415,0.9489981785063752,1.0000000001077625
pendigits,tanh,104,27,0.006341592661102115,0.9511561444531047,0.006874470557358335,0.949605343047966,1.0002755504015728
pendigits,tanh,104,28,0.0062983636673812505,0.95128604832424,0.006806139151982488,0.9502125075895568,1.0013160149839053
pendigits,tanh,104,29,0.006302321620082585,0.9507664328396986,0.006802644747013616,0.9477838494231937,1.0000000000714198
pendigits,tanh,104,30,0.006211114130015662,0.950896336710834,0.006718953771099276,0.949605343047966,1.0001816406128632
pendigits,tanh,104,31,0.006105387071735139,0.9521953754221876,0.00664422548638401,0.949605343047966,0.5829620832449661
pendigits,tanh,104,32,0.006227659869287818,0.95128604832424,0.006830230640410462,0.9502125075895568,1.0002621948109223
pendigits,tanh,104,33,0.006032637323105163,0.9524551831644583,0.006599708602459466,0.9489981785063752,1.0000027062444452
pendigits,tanh,104,34,0.006004820780581712,0.9527149909067291,0.0065196059168903045,0.9502125075895568,0.401693559036307
pendigits,tanh,104,35,0.0059215131218466645,0.9524551831644583,0.006473883945037604,0.9502125075895568,0.988251570032064
pendigits,tanh,104,36,0.005877696993362366,0.9528448947778644,0.006421244672730655,0.949605343047966,0.5148416832513573
pendigits,tanh,104,37,0.0058315870512660895,0.9529747986489997,0.006360234200429449,0.9508196721311475,1.0001059542766522
pendigits,tanh,104,38,0.0058034340150312225,0.9529747986489997,0.006362677098287974,0.949605343047966,0.9233740036461684
pendigits,tanh,104,39,0.005861526669818106,0.9529747986489997,0.006475026252998568,0.9502125075895568,1.00000006585159
pendigits,tanh,104,40,0.00570395908289484,0.9536243180046765,0.006272598850235365,0.9508196721311475,1.0000132281622125
pendigits,tanh,104,41,0.005717080885926234,0.9534944141335412,0.00631519232364755,0.949605343047966,1.000000000005071
pendigits,tanh,104,42,0.005636461914146017,0.9537542218758119,0.006246665488529971,0.9502125075895568,1.0000004592120249
pendigits,tanh,104,43,0.0056180145781846965,0.9538841257469473,0.006225891635035356,0.9508196721311475,0.9746083578052518
pendigits,tanh,104,44,0.005651646706835089,0.9540140296180826,0.0062683686013062226,0.949605343047966,0.9999996556094317
pendigits,tanh,104,45,0.005609779712787327,0.9544037412314887,0.006222241862667511,0.9508196721311475,0.8622549144824866
pendigits,tanh,104,46,0.005550432348181802,0.9547934528448948,0.006227505666092936,0.9502125075895568,1.0000947482980729
pendigits,tanh,104,47,0.005515270714827609,0.9549233567160301,0.006178928069080292,0.9508196721311475,1.0008264316431754
pendigits,tanh,104,48,0.005505640966577787,0.9550532605871654,0.0061923089980783705,0.9514268366727383,0.8765143193090162
pendigits,tanh,104,49,0.005433617947152848,0.9553130683294362,0.006104398806389977,0.9514268366727383,1.0000002461415851
pendigits,tanh,104,50,0.005443322103892886,0.9558326838139777,0.00615172468860804,0.9514268366727383,0.7946543988040321
pendigits,tanh,104,51,0.005370300928941564,0.955962587685113,0.0061257478176995495,0.9508196721311475,0.34810166284342847
pendigits,tanh,104,52,0.005313186721077164,0.9566121070407898,0.006068540089958084,0.9514268366727383,1.0000811143097907
pendigits,tanh,104,53,0.005284140011407317,0.9571317225253313,0.006041666829875922,0.9514268366727383,1.0000001707844715
pendigits,tanh,104,54,0.005217200792626648,0.9571317225253313,0.006018587673285736,0.9514268366727383,1.0000000006380951
pendigits,tanh,104,55,0.005183103445536197,0.9568719147830606,0.005996396845563173,0.9520340012143291,1.0000000492551375
pendigits,tanh,104,56,0.0051485450078105855,0.9570018186541959,0.005969916179398129,0.9514268366727383,0.7488257433111314
pendigits,tanh,104,57,0.005152137620922961,0.9571317225253313,0.005984641861848808,0.9520340012143291,0.8541112930734981
pendigits,tanh,104,58,0.005096143339946109,0.9571317225253313,0.005976610748927063,0.9520340012143291,1.0000000001933802
pendigits,tanh,104,59,0.005061338933995622,0.9576513380098727,0.005909200413089868,0.9514268366727383,1.000000000320219
pendigits,tanh,104,60,0.005049289737621838,0.9573915302676019,0.005967185176822136,0.9508196721311475,1.0000000000018763
pendigits,tanh,104,61,0.005027167488648848,0.9576513380098727,0.005963721357594427,0.9508196721311475,0.5018002522537411
pendigits,tanh,104,62,0.005008165586867766,0.9575214341387374,0.0059240168510256265,0.9514268366727383,1.0000343011483799
pendigits,tanh,104,63,0.004996060236585207,0.9576513380098727,0.005919059855730588,0.9508196721311475,0.9490467526719835
pendigits,tanh,104,64,0.0049677171389983545,0.9575214341387374,0.005876876056449877,0.9526411657559198,0.7686401724506386
pendigits,tanh,104,65,0.004961296556347315,0.9580410496232787,0.005832538311928288,0.9520340012143291,1.0
pendigits,tanh,104,66,0.004957945101432094,0.9579111457521434,0.005893986972687901,0.9514268366727383,1.000000000000002
pendigits,tanh,104,67,0.004911224960041453,0.9581709534944142,0.005813907065352743,0.9520340012143291,1.0
pendigits,tanh,104,68,0.004908466253664734,0.9579111457521434,0.005862729457461481,0.9514268366727383,1.0000000022483106
pendigits,tanh,104,69,0.004914979894749329,0.9577812418810081,0.005796660915987067,0.9520340012143291,1.0001253518725377
pendigits,tanh,104,70,0.004890749532238488,0.9583008573655495,0.005817890459674694,0.9526411657559198,0.21121120786310257
pendigits,tanh,104,71,0.004872077216831839,0.9580410496232787,0.005791600205335102,0.9526411657559198,0.9385202696308362
pendigits,tanh,104,72,0.0048538242468408755,0.9586905689789555,0.005824181384761337,0.9514268366727383,1.0000000159937306
pendigits,tanh,104,73,0.004831181256056871,0.9584307612366848,0.005800712789331731,0.9514268366727383,0.7440918034288057
pendigits,tanh,104,74,0.004842022421765615,0.9583008573655495,0.005802910270388565,0.9532483302975107,1.0012470292408409
pendigits,tanh,104,75,0.0048153072530097716,0.958820472850091,0.00582141769778687,0.9514268366727383,1.0000000000000113
pendigits,tanh,105,1,0.03250643084204929,0.8524292023902312,0.032931871846989404,0.8469945355191257,1.0024240438447942
pendigits,tanh,105,2,0.02032993038116988,0.8846453624318005,0.020768593128812744,0.8743169398907104,1.0038998168497286
pendigits,tanh,105,3,0.016252915010083177,0.9084177708495713,0.01670923066897522,0.9083181542197936,1.0000291138050392
pendigits,tanh,105,4,0.01405209897146789,0.9189399844115355,0.014677079450440122,0.9137826350941105,1.000066291211886
pendigits,tanh,105,5,0.012388027424191879,0.9284229670044167,0.01287845576196895,0.9265330904675168,1.0000019588778553
pendigits,tanh,105,6,0.013086044355915746,0.9273837360353339,0.01374842878773371,0.9271402550091075,1.000215524037645
pendigits,tanh,105,7,0.010589647020414204,0.9350480644323201,0.011156410888596025,0.9295689131754705,1.000018925303061
pendigits,tanh,105,8,0.009966498146917985,0.9384255650818394,0.010484422410178548,0.9344262295081968,1.00006674400017
pendigits,tanh,105,9,0.009315463056140798,0.9393348921797869,0.009854938641874797,0.9356405585913783,1.000110418960097
pendigits,tanh,105,10,0.008940235471540095,0.9407638347622759,0.009518135741406999,0.936247723132969,1.0000007678075504
pendigits,tanh,105,11,0.008551846173494167,0.9412834502468174,0.009151395832523954,0.9356405585913783,0.9997930836466886
pendigits,tanh,105,12,0.008392587539729499,0.941153546375682,0.008870547674330377,0.9368548876745598,1.000119810939357
pendigits,tanh,105,13,0.00809294332199185,0.9434918160561184,0.008644840991137463,0.9398907103825137,1.0032452781287526
pendigits,tanh,105,14,0.007890370651230142,0.944790854767472,0.008365583162566003,0.9423193685488768,0.9998053421431251
pendigits,tanh,105,15,0.007736164515574919,0.944790854767472,0.008360696034071993,0.941712204007286,1.0002189899477472
pendigits,tanh,105,16,0.007586600287076255,0.9455702779942843,0.008160185720806986,0.9429265330904675,1.001089643592667
pendigits,tanh,105,17,0.007468877700601096,0.9460898934788257,0.0080680234195877,0.9435336976320583,1.0000041026363957
pendigits,tanh,105,18,0.007287154743256393,0.9466095089633672,0.007851703096336664,0.9453551912568307,1.0000000037358276
pendigits,tanh,105,19,0.007149476305794188,0.9473889321901793,0.0077047675841223524,0.9447480267152398,1.0000020017233755
pendigits,tanh,105,20,0.007124168796878931,0.9479085476747207,0.00766499146061331,0.9453551912568307,1.0018036630625338
pendigits,tanh,105,21,0.006923858688469373,0.9481683554169914,0.007462729922088476,0.9459623557984214,1.0000031671652003
pendigits,tanh,105,22,0.0070183279509452665,0.94764873993245,0.007606526368090929,0.9447480267152398,1.0005700782024602
pendigits,tanh,105,23,0.006735742182591759,0.9486879709015329,0.007330649107094436,0.9447480267152398,1.000618130280576
pendigits,tanh,105,24,0.006739239154338413,0.9481683554169914,0.007283396709018362,0.9459623557984214,1.0000014904335415
pendigits,tanh,105,25,0.006591702635821288,0.9503767212262926,0.007150130206208952,0.9471766848816029,1.0010275853431574
pendigits,tanh,105,26,0.006576112246737708,0.9503767212262926,0.007137390660402893,0.9453551912568307,1.0000004346730975
pendigits,tanh,105,27,0.006465105335230536,0.950896336710834,0.0071074079756500074,0.9477838494231937,1.000167684610086
pendigits,tanh,105,28,0.006335381688148089,0.9525850870355936,0.00706308881461457,0.9465695203400122,1.0000142937349803
pendigits,tanh,105,29,0.006287630909329715,0.9519355676799168,0.0069208834476317685,0.9465695203400122,1.0000477534443257
pendigits,tanh,105,30,0.006150718614017457,0.9525850870355936,0.0068028173744080775,0.9483910139647844,1.0000000316402564
pendigits,tanh,105,31,0.006079858268078113,0.9534944141335412,0.006814303552400785,0.9483910139647844,0.9904395042664512
pendigits,tanh,105,32,0.006032404292740713,0.9531047025201351,0.006733365546182178,0.9483910139647844,1.0000076961869326
pendigits,tanh,105,33,0.005953051030674037,0.9536243180046765,0.006724437764595183,0.9483910139647844,1.000000000000007
pendigits,tanh,105,34,0.00591020413665079,0.9537542218758119,0.006667512394187935,0.9477838494231937,1.0000000006355632
pendigits,tanh,105,35,0.005874044278926408,0.9528448947778644,0.006589754895082292,0.9477838494231937,1.0000000000004237
pendigits,tanh,105,36,0.005816369676502068,0.9531047025201351,0.006573702571018773,0.9483910139647844,1.0002256196322525
pendigits,tanh,105,37,0.005795681743974386,0.954143933489218,0.006609466148786781,0.9483910139647844,1.000005213409969
pendigits,tanh,105,38,0.00578693508012432,0.9538841257469473,0.006516304077000214,0.9489981785063752,1.0
pendigits,tanh,105,39,0.005697459293380155,0.9542738373603533,0.006472901462112819,0.9483910139647844,0.6349988682736537
pendigits,tanh,105,40,0.005661444727994094,0.9544037412314887,0.006408680723367322,0.9489981785063752,0.8590347743397919
pendigits,tanh,105,41,0.005636230579627487,0.9547934528448948,0.0064253656819433964,0.9477838494231937,0.5462392024493241
pendigits,tanh,105,42,0.005708880170769205,0.9537542218758119,0.006546936163254236,0.9489981785063752,1.0000001167462058
pendigits,tanh,105,43,0.005568804119104779,0.9546635489737594,0.006387191833594433,0.9477838494231937,0.8433839133999265
pendigits,tanh,105,44,0.005589377425019629,0.9546635489737594,0.006429986186132791,0.9489981785063752,1.0000000924492702
pendigits,tanh,105,45,0.005543535523018238,0.9549233567160301,0.006373808164632471,0.9483910139647844,1.0000000027257894
pendigits,tanh,105,46,0.0055299347437339445,0.9549233567160301,0.0062912463132782336,0.9489981785063752,1.0000000000008238
pendigits,tanh,105,47,0.005462812063490631,0.9547934528448948,0.0062807857139585,0.9489981785063752,0.9011174162579488
pendigits,tanh,105,48,0.0054405868527041485,0.9547934528448948,0.006241129650256315,0.9489981785063752,0.5331492169877284
pendigits,tanh,105,49,0.005410048673519919,0.9546635489737594,0.006264024485098305,0.9489981785063752,1.0000000042921608
pendigits,tanh,105,50,0.005435046169469356,0.9549233567160301,0.00629594891071882,0.9489981785063752,1.000189205589966
pendigits,tanh,105,51,0.005390441091642063,0.9549233567160301,0.006214203456328644,0.9483910139647844,0.9506089138806408
pendigits,tanh,105,52,0.00537079526076888,0.9549233567160301,0.006220978668467151,0.9483910139647844,1.0000161342695355
pendigits,tanh,105,53,0.005397464654926326,0.9550532605871654,0.0062591002317195065,0.9489981785063752,0.9989445273341182
pendigits,tanh,105,54,0.005343367400334128,0.9549233567160301,0.006129743955496763,0.9489981785063752,1.0000450884675793
pendigits,tanh,105,55,0.005298574091564949,0.9553130683294362,0.0061772774018829775,0.9489981785063752,0.429712677017376
pendigits,tanh,105,56,0.0052871426419126635,0.9553130683294362,0.006161221819647296,0.9489981785063752,1.000008465067562
pendigits,tanh,105,57,0.005262652251084316,0.9554429722005716,0.006128116925211903,0.9489981785063752,1.0000000000000002
pendigits,tanh,105,58,0.005249594050719232,0.9554429722005716,0.006116659899084005,0.9489981785063752,1.0000024558558138
pendigits,tanh,105,59,0.005243828868777047,0.9554429722005716,0.006088799459788313,0.9489981785063752,0.2435211095709285
pendigits,tanh,105,60,0.005215218906932032,0.9555728760717069,0.006119677973746441,0.9489981785063752,1.0000000003227423
pendigits,tanh,105,61,0.005224436078584479,0.9555728760717069,0.006096348041018912,0.9489981785063752,0.988809252532661
pendigits,tanh,105,62,0.005207961598311993,0.9558326838139777,0.006057321904008714,0.949605343047966,0.9961757363962844
pendigits,tanh,105,63,0.005189669758686421,0.9555728760717069,0.006074215288951679,0.9502125075895568,0.8837249053479789
pendigits,tanh,105,64,0.005192155485360673,0.9555728760717069,0.0061132553518487235,0.9483910139647844,1.0023203430260819
pendigits,tanh,105,65,0.005299985413011622,0.9555728760717069,0.006296756089717074,0.9483910139647844,1.000003620031789
pendigits,tanh,105,66,0.005131552943971907,0.9560924915562484,0.0060398403748807,0.9489981785063752,1.000000000044359
pendigits,tanh,105,67,0.005117645227561433,0.9560924915562484,0.006016144753721526,0.9489981785063752,0.3089707457066042
pendigits,tanh,105,68,0.005120924079273617,0.9558326838139777,0.006061262187102792,0.9502125075895568,0.6416326513846557
pendigits,tanh,105,69,0.0050910146247299705,0.9564822031696545,0.005993874821105293,0.949605343047966,0.8971946894254941
pendigits,tanh,105,70,0.005083135361641993,0.9562223954273837,0.006028722466284777,0.949605343047966,0.6688451209528008
pendigits,tanh,105,71,0.005117819171180136,0.9560924915562484,0.006116009153276219,0.9483910139647844,0.9999066368210967
pendigits,tanh,105,72,0.0050494008484483046,0.9564822031696545,0.0059549800285565785,0.9502125075895568,0.7218900879074854
pendigits,tanh,105,73,0.005053897569163479,0.9563522992985191,0.00599306697242468,0.949605343047966,0.9951474610361779
pendigits,tanh,105,74,0.005112563286083228,0.9564822031696545,0.006075310169054364,0.949605343047966,1.0001532350280902
pendigits,tanh,105,75,0.0050611802963154,0.9563522992985191,0.006011038553205458,0.949605343047966,0.17852228665822528
pendigits,tanh,106,1,0.030396384214418534,0.8556767991686153,0.030764914684609627,0.8469945355191257,1.0010908695357752
pendigits,tanh,106,2,0.019655080609173706,0.8952974798648999,0.019786065058132803,0.8955676988463873,1.0001208376412107
pendigits,tanh,106,3,0.016225908658643807,0.9059495972979995,0.016546963162844142,0.9028536733454766,1.0000020757146189
pendigits,tanh,106,4,0.014400778435735943,0.9128345024681735,0.014682870698953947,0.9156041287188829,1.0000173042223153
pendigits,tanh,106,5,0.012559482191389281,0.923486619901273,0.013129507925188907,0.9210686095931998,1.0000004102801112
pendigits,tanh,106,6,0.012176766427819397,0.9233567160301377,0.012741946061994101,0.920461445051609,1.0000071637336483
pendigits,tanh,106,7,0.010888265843595124,0.9312808521693946,0.011341960610712848,0.9301760777170613,1.0021183986520337
pendigits,tanh,106,8,0.009900396492557924,0.9386853728241101,0.010250299295425218,0.9380692167577414,1.0006509235095704
pendigits,tanh,106,9,0.00936563419119063,0.9401143154065991,0.009786683074343503,0.9374620522161505,1.000382262335704
pendigits,tanh,106,10,0.008855846252998761,0.9407638347622759,0.00927398908030095,0.9411050394656952,1.001861859143238
pendigits,tanh,106,11,0.008636368261502029,0.9416731618602234,0.009009209779625355,0.9398907103825137,1.000003140417652
pendigits,tanh,106,12,0.008439318741840765,0.9424525850870356,0.008799189107055048,0.9423193685488768,1.0000196684825735
pendigits,tanh,106,13,0.00816388161812631,0.9438815276695246,0.008560510567994334,0.9435336976320583,1.0001194484914873
pendigits,tanh,106,14,0.008019861906808024,0.9438815276695246,0.008361108837030437,0.944140862173649,1.000114505451305
pendigits,tanh,106,15,0.007695956244354242,0.944401143154066,0.008123134711135073,0.9453551912568307,0.8928839366107667
pendigits,tanh,106,16,0.0076624271572435215,0.9450506625097428,0.008079832688999486,0.9447480267152398,1.0016614252746556
pendigits,tanh,106,17,0.007911848920401506,0.942972200571577,0.00839526830816644,0.9429265330904675,1.0000177675134998
pendigits,tanh,106,18,0.00735736347332349,0.9468693167056378,0.00780742793472652,0.9453551912568307,1.0000302841260882
pendigits,tanh,106,19,0.007201956796720601,0.9453104702520135,0.00760991326275648,0.9447480267152398,1.0000037206906476
pendigits,tanh,106,20,0.007213970115917541,0.9467394128345025,0.007630695615119016,0.9453551912568307,1.0001419614700207
pendigits,tanh,106,21,0.007031516588732932,0.9468693167056378,0.007440104731490822,0.9465695203400122,1.0000003004064721
pendigits,tanh,106,22,0.006984788716457954,0.9468693167056378,0.0074239849759991355,0.9483910139647844,1.0000000028382927
pendigits,tanh,106,23,0.006922032383115619,0.9473889321901793,0.007392053527961805,0.9477838494231937,1.0000001312406215
pendigits,tanh,106,24,0.006773510925372427,0.94764873993245,0.00713553860414838,0.9459623557984214,1.000314498900734
pendigits,tanh,106,25,0.0066947894594841986,0.9481683554169914,0.007072932768201217,0.9477838494231937,0.9999708585712306
pendigits,tanh,106,26,0.006638810431632589,0.9479085476747207,0.007030249389329646,0.9483910139647844,1.000400359137548
pendigits,tanh,106,27,0.006554718328474606,0.9485580670303975,0.0069939684637115385,0.9483910139647844,1.0003919985860215
pendigits,tanh,106,28,0.006482370257845769,0.9499870096128865,0.006878518390739576,0.9489981785063752,1.0003068141682574
pendigits,tanh,106,29,0.006449670567973691,0.9501169134840218,0.006880802321130429,0.9489981785063752,1.0000000000000004
pendigits,tanh,106,30,0.00646583066243191,0.9511561444531047,0.006906924701213289,0.949605343047966,1.000472290556985
pendigits,tanh,106,31,0.006303507289759131,0.9518056638087815,0.006797263139998044,0.9489981785063752,1.0023654775904942
pendigits,tanh,106,32,0.006216149189643491,0.9511561444531047,0.006664611550142336,0.949605343047966,0.9447125293343783
pendigits,tanh,106,33,0.006159584323361765,0.9518056638087815,0.006672143527693368,0.9489981785063752,0.648663901423337
pendigits,tanh,106,34,0.00610020832817913,0.9521953754221876,0.006591192573692648,0.949605343047966,1.0000000000153382
pendigits,tanh,106,35,0.006060054373691418,0.9533645102624059,0.006642955119562371,0.949605343047966,1.0000139671923993
pendigits,tanh,106,36,0.005980027571221213,0.9528448947778644,0.006592797243166511,0.9489981785063752,1.0000005324259198
pendigits,tanh,106,37,0.00590179214488736,0.9536243180046765,0.006484830040388741,0.9508196721311475,1.0000004568993532
pendigits,tanh,106,38,0.005853018482681796,0.9540140296180826,0.00648163444460454,0.9489981785063752,1.0005165773124267
pendigits,tanh,106,39,0.005885452225001687,0.9542738373603533,0.006524237801528305,0.9477838494231937,1.0001909840946408
pendigits,tanh,106,40,0.005774655490220613,0.9542738373603533,0.0064461711316684605,0.9508196721311475,1.0000000072404558
pendigits,tanh,106,41,0.005741493176850548,0.9545336451026241,0.0064345598517700974,0.9489981785063752,0.9896188226800473
pendigits,tanh,106,42,0.005674775419319906,0.9546635489737594,0.006306989443904258,0.9502125075895568,1.0000469181080807
pendigits,tanh,106,43,0.005633629851880807,0.9547934528448948,0.006298898815958284,0.949605343047966,0.9950894555418126
pendigits,tanh,106,44,0.005613500102559058,0.9547934528448948,0.006266724398532332,0.9502125075895568,1.000000067227356
pendigits,tanh,106,45,0.005569635351453371,0.9547934528448948,0.006232371434884402,0.949605343047966,0.43691422440960603
pendigits,tanh,106,46,0.005563572521719557,0.9550532605871654,0.00623005302748628,0.9508196721311475,1.000405048626592
pendigits,tanh,106,47,0.005511952718197347,0.9550532605871654,0.00620554117491189,0.9489981785063752,1.0000000000000864
pendigits,tanh,106,48,0.005478465493150489,0.9554429722005716,0.006193737694450535,0.949605343047966,0.8991936081904084
pendigits,tanh,106,49,0.005470476390567496,0.9553130683294362,0.006164230679823511,0.9502125075895568,0.933704148350151
pendigits,tanh,106,50,0.005437972955262575,0.9555728760717069,0.006121441429115186,0.9508196721311475,0.13954452011327392
pendigits,tanh,106,51,0.005436996929929183,0.9553130683294362,0.006215360581471395,0.9489981785063752,1.0000051242658416
pendigits,tanh,106,52,0.00538083933166399,0.9555728760717069,0.006115820589253648,0.949605343047966,1.0000001479832616
pendigits,tanh,106,53,0.00537183518488723,0.9557027799428423,0.006102428540673207,0.949605343047966,1.000000014917401
pendigits,tanh,106,54,0.005336942530872272,0.9560924915562484,0.006097126276409528,0.9489981785063752,0.9598709526010794
pendigits,tanh,106,55,0.005375510319134328,0.955962587685113,0.006109497511546611,0.9489981785063752,1.0003050629573877
pendigits,tanh,106,56,0.005315458670370715,0.9557027799428423,0.006097523653195023,0.949605343047966,1.0002105514063737
pendigits,tanh,106,57,0.005290560578952299,0.9558326838139777,0.006109436109879134,0.949605343047966,1.0000000006885155
pendigits,tanh,106,58,0.005261280847021522,0.9563522992985191,0.006010820062225672,0.949605343047966,0.9878127046328956
pendigits,tanh,106,59,0.005252952722198994,0.9560924915562484,0.006074989347794407,0.949605343047966,1.0000140851582875
pendigits,tanh,106,60,0.005234167207002786,0.9563522992985191,0.006003269815274592,0.9502125075895568,1.0000624960135396
pendigits,tanh,106,61,0.0052098044426753705,0.9562223954273837,0.005977280375624773,0.949605343047966,1.0000000552294173
pendigits,tanh,106,62,0.005270729395943704,0.9558326838139777,0.00600754440786023,0.9502125075895568,1.0000000323066078
pendigits,tanh,106,63,0.005194116065847688,0.9562223954273837,0.0060353620302196435,0.949605343047966,1.0000131347013608
pendigits,tanh,106,64,0.005190822770953976,0.9562223954273837,0.006042296151423543,0.9502125075895568,1.0000000515992369
pendigits,tanh,106,65,0.005154178286665673,0.9564822031696545,0.005990402080007379,0.949605343047966,1.001058112720282
pendigits,tanh,106,66,0.00513488488580533,0.9563522992985191,0.005932183886702901,0.9502125075895568,0.9844118989401545
pendigits,tanh,106,67,0.005126520550312981,0.9563522992985191,0.005966119865507419,0.949605343047966,1.0000000000000004
pendigits,tanh,106,68,0.005099104777222261,0.9566121070407898,0.005911839900431609,0.9502125075895568,0.6891469618276905
pendigits,tanh,106,69,0.005086613597159069,0.9564822031696545,0.005921555548685045,0.949605343047966,1.0000000000010825
pendigits,tanh,106,70,0.005105744599936825,0.9566121070407898,0.005895708241593734,0.9502125075895568,1.0000000000269154
pendigits,tanh,106,71,0.005066728002318714,0.9564822031696545,0.0059129564040918845,0.949605343047966,1.0000003553600514
pendigits,tanh,106,72,0.005050754539387948,0.9564822031696545,0.005903240057287181,0.949605343047966,1.0000000000639824
pendigits,tanh,106,73,0.005093296726117232,0.9560924915562484,0.006022158399163798,0.949605343047966,1.0000000075513493
pendigits,tanh,106,74,0.005032577713263331,0.9564822031696545,0.005922737954689264,0.949605343047966,1.0000002716598442
pendigits,tanh,106,75,0.00502727399230988,0.9566121070407898,0.005886667418046911,0.949605343047966,1.0000004515228
pendigits,tanh,107,1,0.030453259663369238,0.8674980514419329,0.030779538353745087,0.8494231936854888,1.000035235593834
pendigits,tanh,107,2,0.02010026748519626,0.8884125746947259,0.020311043372650366,0.8828172434729812,1.0001097460626447
pendigits,tanh,107,3,0.016826228033623342,0.8973759418030657,0.017024045760204984,0.899210686095932,1.0000055549812121
pendigits,tanh,107,4,0.014799510651701766,0.9078981553650298,0.015594136180004936,0.9004250151791136,1.0008431683713819
pendigits,tanh,107,5,0.013234160963988854,0.916991426344505,0.013621403699883542,0.9143897996357013,1.0000261745056012
pendigits,tanh,107,6,0.012369586157966671,0.921667965705378,0.013034912278089932,0.9192471159684275,1.0000263134182708
pendigits,tanh,107,7,0.01170373726061345,0.9264744089373863,0.01235564927367146,0.9241044323011536,1.0001383019780998
pendigits,tanh,107,8,0.01196853615579416,0.9286827747466875,0.012732632697970932,0.9289617486338798,1.0000000202710597
pendigits,tanh,107,9,0.009564915097584144,0.939724603793193,0.010195546079245905,0.936247723132969,1.0000002341114156
pendigits,tanh,107,10,0.009296502836661592,0.9419329696024942,0.009954962049744194,0.9380692167577414,1.0015466268334519
pendigits,tanh,107,11,0.008608795127141916,0.9428422967004416,0.009354481052717679,0.9380692167577414,1.0000600136044617
pendigits,tanh,107,12,0.008173414055104317,0.9445310470252013,0.008880738993927207,0.9392835458409229,1.00032483430243
pendigits,tanh,107,13,0.008410829636613151,0.9450506625097428,0.009112502669654226,0.9398907103825137,1.0001667224206932
pendigits,tanh,107,14,0.007727136549916998,0.9459599896076903,0.008532171957197878,0.9423193685488768,1.001528634767003
pendigits,tanh,107,15,0.00766525594015916,0.9457001818654196,0.00834352273189013,0.941712204007286,1.0333280945739403
pendigits,tanh,107,16,0.00730878912636765,0.9468693167056378,0.00812900923488307,0.9411050394656952,1.0000288501956642
pendigits,tanh,107,17,0.0072585140884398516,0.9468693167056378,0.008094930918039334,0.9411050394656952,1.0000007260517996
pendigits,tanh,107,18,0.007214004293190051,0.9485580670303975,0.008034738225471974,0.9423193685488768,1.000079935993532
pendigits,tanh,107,19,0.007002175877722619,0.9480384515458561,0.007814911223027769,0.9435336976320583,1.000000667039881
pendigits,tanh,107,20,0.006814166476510441,0.949467394128345,0.007675451279290539,0.9453551912568307,1.0000396652109693
pendigits,tanh,107,21,0.006721614350352213,0.9501169134840218,0.0075045162422104775,0.9453551912568307,1.0000056443818222
pendigits,tanh,107,22,0.006567379219859435,0.95128604832424,0.007375278683052454,0.9453551912568307,1.0007374427157776
pendigits,tanh,107,23,0.006492659695941866,0.9505066250974279,0.007337637774576613,0.9453551912568307,0.9999960430712002
pendigits,tanh,107,24,0.006415258278450765,0.950896336710834,0.0072857764808551915,0.9459623557984214,0.9947707846079692
pendigits,tanh,107,25,0.0063337313270739,0.9518056638087815,0.0072019557365141686,0.9459623557984214,0.9501556225372703
pendigits,tanh,107,26,0.0063242756568674795,0.95128604832424,0.007240614354582796,0.9465695203400122,1.0000000104768547
pendigits,tanh,107,27,0.006294540787101829,0.9533645102624059,0.007184003324929631,0.9465695203400122,0.9991983115018988
pendigits,tanh,107,28,0.006114537547828185,0.9525850870355936,0.007018711380130391,0.9471766848816029,0.9986332260335334
pendigits,tanh,107,29,0.006131009021054652,0.9528448947778644,0.007029055018049683,0.9471766848816029,1.0000008372638707
pendigits,tanh,107,30,0.006435067022479243,0.9518056638087815,0.007425887613490512,0.9447480267152398,1.0000003155651183
pendigits,tanh,107,31,0.00598552001064983,0.9533645102624059,0.006946689083800546,0.9465695203400122,0.936303644961861
pendigits,tanh,107,32,0.005932528756964188,0.9533645102624059,0.006851632438644719,0.9477838494231937,1.0000023320456886
pendigits,tanh,107,33,0.005926404007264772,0.9529747986489997,0.0069061150428657,0.9459623557984214,0.7316806527916541
pendigits,tanh,107,34,0.005888414234318855,0.9532346063912704,0.006823356991245294,0.9471766848816029,1.000044405789667
pendigits,tanh,107,35,0.005838439670099164,0.9534944141335412,0.006762068072828879,0.9471766848816029,1.0000320178882478
pendigits,tanh,107,36,0.005812144610233162,0.9534944141335412,0.006739617161327609,0.9477838494231937,1.0000000320616196
pendigits,tanh,107,37,0.0057756822064588,0.9534944141335412,0.006698679054167799,0.9465695203400122,0.9999999999999963
pendigits,tanh,107,38,0.006317235598649559,0.9524551831644583,0.007471857070823257,0.9471766848816029,1.0000002180110528
pendigits,tanh,107,39,0.005993068013840206,0.9529747986489997,0.007042500539827758,0.9477838494231937,1.0000003092219965
pendigits,tanh,107,40,0.0059064492507778085,0.9529747986489997,0.006954751737284089,0.9477838494231937,1.000000000000049
pendigits,tanh,107,41,0.005834684109234004,0.9540140296180826,0.006853812382790088,0.9477838494231937,0.9947668757707394
pendigits,tanh,107,42,0.005802936942579297,0.9540140296180826,0.006809695792109033,0.9483910139647844,1.000000008020125
pendigits,tanh,107,43,0.005783129654112378,0.9542738373603533,0.006813212325619693,0.9477838494231937,1.0000000003783647
pendigits,tanh,107,44,0.005679360329869473,0.954143933489218,0.006668632115748521,0.9477838494231937,0.6390088154564111
pendigits,tanh,107,45,0.005659840093693661,0.9537542218758119,0.006668850066371574,0.9483910139647844,1.0000000000667382
pendigits,tanh,107,46,0.005664764322949079,0.9544037412314887,0.006618385190016605,0.9483910139647844,0.2486943702308421
pendigits,tanh,107,47,0.005658723992634049,0.9538841257469473,0.006700538559320856,0.9483910139647844,1.00000004566768
pendigits,tanh,107,48,0.005557649697446863,0.9544037412314887,0.006589750919630211,0.9477838494231937,1.0000267538705554
pendigits,tanh,107,49,0.005509014271349593,0.9546635489737594,0.006512735946067947,0.9489981785063752,1.0000000050837325
pendigits,tanh,107,50,0.005516201944313829,0.9547934528448948,0.006547260003038342,0.9471766848816029,1.0000000001491887
pendigits,tanh,107,51,0.00557194619083363,0.9544037412314887,0.0065527877545167555,0.9471766848816029,0.9999935131010133
pendigits,tanh,107,52,0.0054489598343981805,0.9547934528448948,0.0064548100959923044,0.9483910139647844,0.9890500563673179
pendigits,tanh,107,53,0.005442037803004745,0.9550532605871654,0.0064137270867035195,0.9489981785063752,1.0000191535983158
pendigits,tanh,107,54,0.005392399650249048,0.9551831644583009,0.006397629188935214,0.9483910139647844,1.000114080084039
pendigits,tanh,107,55,0.005386838629853674,0.9550532605871654,0.006418922679786872,0.9483910139647844,1.0000001603156863
pendigits,tanh,107,56,0.005397414758468578,0.9547934528448948,0.006461197324790118,0.9483910139647844,0.999657123572685
pendigits,tanh,107,57,0.005336428885031472,0.9550532605871654,0.0063540971107559525,0.9489981785063752,1.00000238690372
pendigits,tanh,107,58,0.0053283170276094746,0.9550532605871654,0.0063272418761563766,0.9483910139647844,1.0000004837231107
pendigits,tanh,107,59,0.00538709047563821,0.9546635489737594,0.006341772744654111,0.9489981785063752,1.0000369788309804
pendigits,tanh,107,60,0.005288479798596601,0.9550532605871654,0.006296579808785613,0.9489981785063752,1.000031644319147
pendigits,tanh,107,61,0.005272231564460692,0.9551831644583009,0.00626191881087602,0.9483910139647844,1.0001385793166226
pendigits,tanh,107,62,0.005238059355396135,0.9554429722005716,0.006273793751668862,0.9483910139647844,1.0000002078384422
pendigits,tanh,107,63,0.005232669108874024,0.9553130683294362,0.006256391240089118,0.9483910139647844,0.9982043100951555
pendigits,tanh,107,64,0.005240514978571347,0.9554429722005716,0.006285369969525139,0.949605343047966,1.0000003879297166
pendigits,tanh,107,65,0.005215500572821991,0.9551831644583009,0.006247990560049629,0.949605343047966,1.0000151581603096
pendigits,tanh,107,66,0.005187487478435794,0.9554429722005716,0.006246180072443285,0.9489981785063752,1.000003846686012
pendigits,tanh,107,67,0.005170060584661633,0.9554429722005716,0.00622616608499008,0.9489981785063752,0.9917989930218203
pendigits,tanh,107,68,0.00514681761169837,0.9555728760717069,0.006172689874524667,0.9489981785063752,1.000002802731191
pendigits,tanh,107,69,0.005147022624220798,0.9554429722005716,0.006157213226969559,0.9489981785063752,0.34349464751712844
pendigits,tanh,107,70,0.0051356131361505,0.9553130683294362,0.00617140747485003,0.9483910139647844,1.000087230297357
pendigits,tanh,107,71,0.0051315244856812246,0.9554429722005716,0.00617501803114063,0.949605343047966,0.6905455566199808
pendigits,tanh,107,72,0.005116889680449049,0.9557027799428423,0.006181181724284787,0.9489981785063752,1.004253671521677
pendigits,tanh,107,73,0.005093880194790313,0.9557027799428423,0.006155891630675045,0.9483910139647844,1.000046299718858
pendigits,tanh,107,74,0.005092173917483876,0.9558326838139777,0.006170197528059244,0.9489981785063752,1.0011518405894964
pendigits,tanh,107,75,0.0050918881621444725,0.9557027799428423,0.006151625232109258,0.9483910139647844,1.0000000151186486
pendigits,tanh,108,1,0.03197323292352015,0.8435957391530268,0.03284660426923923,0.827565270188221,1.0000859763459147
pendigits,tanh,108,2,0.020185474379025972,0.8880228630813198,0.02086482640711865,0.8779599271402551,1.0031020214549777
pendigits,tanh,108,3,0.016294606710986703,0.9011431540659912,0.01707355095908836,0.8961748633879781,1.0002420023233722
pendigits,tanh,108,4,0.01470202507672288,0.9112756560145492,0.01560792641161584,0.9089253187613844,1.0000287343526435
pendigits,tanh,108,5,0.012988740419956176,0.9177708495713173,0.013893033052099754,0.9107468123861566,1.0000019973744696
pendigits,tanh,108,6,0.012322302225326603,0.9191997921538062,0.013115131497408606,0.914996964177292,1.0000430008874424
pendigits,tanh,108,7,0.012950272534899113,0.9180306573135879,0.01400181756793517,0.907103825136612,1.0000651177943007
pendigits,tanh,108,8,0.01064172062885925,0.9318004676539361,0.011423951415423968,0.9289617486338798,1.0009847981489854
pendigits,tanh,108,9,0.04395623820641353,0.7088854247856586,0.0451820323857909,0.6994535519125683,1.6321153217812567
pendigits,tanh,108,10,0.009634607192208816,0.9358274876591323,0.010604518784048236,0.930783242258652,1.0000000010534953
pendigits,tanh,108,11,0.00911054013065075,0.9380358534684333,0.010051337687009332,0.9332119004250152,1.0002673315573831
pendigits,tanh,108,12,0.008793561908502995,0.9398545076643284,0.009789459838227065,0.9356405585913783,0.9999998693318578
pendigits,tanh,108,13,0.008514580926843714,0.9412834502468174,0.009499888477146912,0.9344262295081968,1.000139195165736
pendigits,tanh,108,14,0.008286912725890714,0.9424525850870356,0.009252296793479409,0.9374620522161505,0.9999999776838978
pendigits,tanh,108,15,0.007860410826980779,0.9469992205767732,0.008660111353014689,0.9447480267152398,1.00009811125282
pendigits,tanh,108,16,0.007609527571548148,0.9469992205767732,0.008309120645437271,0.9435336976320583,1.0000010651197861
pendigits,tanh,108,17,0.007641043684094237,0.9479085476747207,0.008350020807814537,0.9429265330904675,1.0170104069526023
pendigits,tanh,108,18,0.007470143039923915,0.9471291244479085,0.008248251800761953,0.9435336976320583,1.0000000000043532
pendigits,tanh,108,19,0.007026259396600896,0.9485580670303975,0.0076982872243582315,0.9447480267152398,1.000061320610125
pendigits,tanh,108,20,0.006901037639681029,0.949077682514939,0.007539863629074794,0.9459623557984214,0.992900485376732
pendigits,tanh,108,21,0.006930894989453283,0.9489477786438035,0.007588866754029279,0.9453551912568307,1.0000000009057715
pendigits,tanh,108,22,0.00677470984681836,0.949467394128345,0.007395959291654741,0.9465695203400122,0.999998663914734
pendigits,tanh,108,23,0.006633000049016923,0.9505066250974279,0.007298847756223162,0.9465695203400122,1.000023910423289
pendigits,tanh,108,24,0.006542910746166518,0.9507664328396986,0.007179415641967455,0.9471766848816029,0.9843329762710078
pendigits,tanh,108,25,0.006465163385487096,0.9507664328396986,0.007067490123125955,0.9471766848816029,1.0038292094154813
pendigits,tanh,108,26,0.006443788686395589,0.9506365289685632,0.007067550763003594,0.9483910139647844,1.0058113230557597
pendigits,tanh,108,27,0.006333263807242766,0.9511561444531047,0.006953138000633734,0.9471766848816029,1.0000000002169025
pendigits,tanh,108,28,0.006312920026559348,0.9515458560665108,0.006965670132697793,0.9483910139647844,1.0000013770111271
pendigits,tanh,108,29,0.006204992033236194,0.9516757599376462,0.006798705572156296,0.9489981785063752,1.0000022395403267
pendigits,tanh,108,30,0.006143316623005094,0.9520654715510523,0.006760904374448047,0.9489981785063752,1.0000003888970619
pendigits,tanh,108,31,0.006103163378885243,0.9521953754221876,0.006732272846833611,0.9489981785063752,1.0
pendigits,tanh,108,32,0.006063245118617659,0.9523252792933229,0.006636708897816952,0.9489981785063752,0.9968954365044993
pendigits,tanh,108,33,0.006038688855080728,0.9523252792933229,0.006649992844868734,0.9483910139647844,1.000008245577405
pendigits,tanh,108,34,0.005984178021344417,0.9525850870355936,0.006631207479471945,0.9471766848816029,0.413535052750791
pendigits,tanh,108,35,0.005932550503776173,0.9528448947778644,0.006547598472017093,0.9483910139647844,0.40076610807984897
pendigits,tanh,108,36,0.005941115091996434,0.9528448947778644,0.006581039940271235,0.9489981785063752,1.000414253651781
pendigits,tanh,108,37,0.005871477192471299,0.9532346063912704,0.0064757632031368275,0.9502125075895568,1.000004242864436
pendigits,tanh,108,38,0.0059450360032911095,0.9533645102624059,0.00661900544985091,0.9483910139647844,1.000026033075899
pendigits,tanh,108,39,0.005787980067931432,0.9534944141335412,0.0063862130779468295,0.9502125075895568,1.0000000130969036
pendigits,tanh,108,40,0.005759342127977176,0.9534944141335412,0.006398366283099025,0.9489981785063752,0.9948395266288521
pendigits,tanh,108,41,0.005745482725731043,0.9537542218758119,0.006375178607696245,0.949605343047966,1.0000009581383942
pendigits,tanh,108,42,0.005715628611725983,0.9532346063912704,0.0062968208974363265,0.9502125075895568,1.00092055376631
pendigits,tanh,108,43,0.005647620873667298,0.9537542218758119,0.00627738162897362,0.9502125075895568,0.4004015083172434
pendigits,tanh,108,44,0.005629106203886675,0.9537542218758119,0.00628441079812834,0.949605343047966,1.000020495283902
pendigits,tanh,108,45,0.005613783963773518,0.9542738373603533,0.006247095251995196,0.949605343047966,0.9768491207472134
pendigits,tanh,108,46,0.005570465093419236,0.9542738373603533,0.006207025620437052,0.9502125075895568,0.9686080069429186
pendigits,tanh,108,47,0.0055505062790637185,0.9546635489737594,0.00623707765191831,0.9489981785063752,1.0093105172689412
pendigits,tanh,108,48,0.005499223070219922,0.9551831644583009,0.006230359522880079,0.949605343047966,1.0020570240489555
pendigits,tanh,108,49,0.005491400854826026,0.9550532605871654,0.006171395720577624,0.9508196721311475,1.0000000000071418
pendigits,tanh,108,50,0.005423720264765351,0.9555728760717069,0.0061849688650508225,0.9502125075895568,1.0000000003539853
pendigits,tanh,108,51,0.005436965351532368,0.9560924915562484,0.006274051937596466,0.9489981785063752,1.0000078864881639
pendigits,tanh,108,52,0.005373761946708684,0.9562223954273837,0.0062187053150282254,0.949605343047966,1.0002249658246225
pendigits,tanh,108,53,0.005333713616751773,0.9558326838139777,0.006156821681844806,0.9502125075895568,1.000115721051552
pendigits,tanh,108,54,0.005323006675824158,0.955962587685113,0.00611668158801609,0.9508196721311475,0.9992330663665725
pendigits,tanh,108,55,0.005285430734794019,0.9564822031696545,0.00613165228124254,0.9502125075895568,0.47149888277557067
pendigits,tanh,108,56,0.005259819379462281,0.9564822031696545,0.006095769024579147,0.9502125075895568,0.999887180249006
pendigits,tanh,108,57,0.005221957203293268,0.9570018186541959,0.006062606851681714,0.9502125075895568,1.0000946695924864
pendigits,tanh,108,58,0.005191178272083931,0.9572616263964666,0.006058412730233481,0.9508196721311475,1.0000000002618408
pendigits,tanh,108,59,0.005129051899833446,0.9570018186541959,0.006048814980810764,0.949605343047966,0.16996688293650286
pendigits,tanh,108,60,0.005098653887857871,0.9573915302676019,0.006013852084376802,0.9508196721311475,1.000003746690332
pendigits,tanh,108,61,0.005082244328135174,0.9576513380098727,0.006030466620467025,0.9502125075895568,1.000000005330739
pendigits,tanh,108,62,0.005070112845326102,0.9576513380098727,0.006011870504065783,0.949605343047966,1.0000269155425008
pendigits,tanh,108,63,0.005021445436511495,0.9580410496232787,0.005953521973281109,0.9508196721311475,0.9896758210259017
pendigits,tanh,108,64,0.0049861819549475534,0.9579111457521434,0.005933425688040287,0.9514268366727383,0.390499668486822
pendigits,tanh,108,65,0.0049744685880911965,0.9580410496232787,0.005996692282279391,0.9502125075895568,0.6406381063362285
pendigits,tanh,108,66,0.004957568317241946,0.9583008573655495,0.006004033770308589,0.9502125075895568,1.0011165833010345
pendigits,tanh,108,67,0.004943431216977243,0.9580410496232787,0.005931353165814852,0.9508196721311475,1.0000002546239974
pendigits,tanh,108,68,0.0049386528762756406,0.9584307612366848,0.006024953442439082,0.9502125075895568,0.46860376742760207
pendigits,tanh,108,69,0.0049017364464871115,0.9583008573655495,0.005939352615755469,0.9502125075895568,1.000447408333619
pendigits,tanh,108,70,0.0048883854975735695,0.9581709534944142,0.005936373508377094,0.9502125075895568,1.0000000034525078
pendigits,tanh,108,71,0.0048846463090421646,0.9584307612366848,0.005923265408151712,0.9502125075895568,1.0002926847096592
pendigits,tanh,108,72,0.004881140445535729,0.9583008573655495,0.005910025325061097,0.9502125075895568,1.0000004717593938
pendigits,tanh,108,73,0.004834093909645977,0.958820472850091,0.005849639752911297,0.9508196721311475,0.21776246231026355
pendigits,tanh,108,74,0.004846726674108977,0.9585606651078202,0.005952662500266948,0.949605343047966,1.0000131438425695
pendigits,tanh,108,75,0.004812862393375044,0.9583008573655495,0.00593543280017331,0.949605343047966,0.4160931164373121
pendigits,tanh,109,1,0.02950572519006865,0.8525591062613666,0.03002651808952288,0.843351548269581,1.000192843191705
pendigits,tanh,109,2,0.02064290955116204,0.8875032475967783,0.02085280849645238,0.8803885853066181,1.0000091026359845
pendigits,tanh,109,3,0.016644115558803508,0.9059495972979995,0.01722363653379826,0.9022465088038859,1.0006380505475614
pendigits,tanh,109,4,0.014414041703809694,0.9142634450506625,0.014836015995607356,0.9131754705525197,1.0206610696216518
pendigits,tanh,109,5,0.012874034706736748,0.919849311509483,0.013345264240574346,0.9192471159684275,1.0009333479079356
pendigits,tanh,109,6,0.012142697817374364,0.9271239282930631,0.012896581754340466,0.9198542805100182,1.0001276500671934
pendigits,tanh,109,7,0.010895043928837502,0.9323200831384775,0.011570811573135567,0.9319975713418336,1.0000001752973429
pendigits,tanh,109,8,0.010231556483763012,0.9380358534684333,0.010741072152467576,0.936247723132969,1.0006280653204687
pendigits,tanh,109,9,0.009631318962029583,0.9402442192777345,0.010142088495744895,0.9350333940497875,0.9999753818284072
pendigits,tanh,109,10,0.009022079171033478,0.941153546375682,0.009514669742726658,0.9392835458409229,1.0000000520219166
pendigits,tanh,109,11,0.008634865637446218,0.9418030657313587,0.009143428512838963,0.9392835458409229,0.9999997853698216
pendigits,tanh,109,12,0.008394396745735744,0.9440114315406599,0.008875441122032134,0.9398907103825137,1.000000000011018
pendigits,tanh,109,13,0.008077532968864105,0.9431021044427124,0.008544278118133181,0.9411050394656952,1.0000090275306754
pendigits,tanh,109,14,0.007891579102434999,0.9437516237983892,0.00835632439584333,0.9404978749241044,0.9999999811682642
pendigits,tanh,109,15,0.007687246557909383,0.9449207586386075,0.00821464506042446,0.9429265330904675,1.000000059824869
pendigits,tanh,109,16,0.007577112822250021,0.9450506625097428,0.008051906543039479,0.9435336976320583,1.0035356783560558
pendigits,tanh,109,17,0.007440736971855492,0.946219797349961,0.007972504224989775,0.9447480267152398,1.0000068744052864
pendigits,tanh,109,18,0.007321217363199101,0.9457001818654196,0.00782047762874161,0.944140862173649,1.000132204721864
pendigits,tanh,109,19,0.007149650633599096,0.9477786438035853,0.0076729587033335205,0.9459623557984214,1.0000024468770703
pendigits,tanh,109,20,0.007036198773738101,0.9482982592881268,0.007520491342611821,0.9453551912568307,1.0008247413571383
pendigits,tanh,109,21,0.006983153328839926,0.9482982592881268,0.0074845176303100225,0.9459623557984214,1.0000315915963152
pendigits,tanh,109,22,0.0068885958743359526,0.9488178747726682,0.007454319169194912,0.9465695203400122,0.9959844191421174
pendigits,tanh,109,23,0.006832920186603029,0.9495972979994803,0.007420158871443616,0.9459623557984214,1.0000213202662733
pendigits,tanh,109,24,0.006685202888830795,0.9489477786438035,0.007203938889193109,0.9477838494231937,0.9963159435467632
pendigits,tanh,109,25,0.006625262460073958,0.949467394128345,0.00715873768031033,0.9459623557984214,0.9827157488441916
pendigits,tanh,109,26,0.006587582062650113,0.9499870096128865,0.007158345753981155,0.9453551912568307,1.000070631668663
pendigits,tanh,109,27,0.0065440811029959306,0.9502468173551571,0.007130739713835675,0.9471766848816029,1.0005477457633263
pendigits,tanh,109,28,0.00646618090872274,0.949077682514939,0.006997163161663876,0.9471766848816029,0.7889374368984416
pendigits,tanh,109,29,0.006336788957534629,0.950896336710834,0.006883997444252414,0.9477838494231937,1.0000067492842841
pendigits,tanh,109,30,0.006284828444617894,0.9507664328396986,0.0068370237536195195,0.9483910139647844,1.0000382876439051
pendigits,tanh,109,31,0.006367829037833164,0.9507664328396986,0.006935277115103097,0.9477838494231937,1.0000004162278124
pendigits,tanh,109,32,0.006248324474387061,0.9501169134840218,0.006938964373003074,0.9477838494231937,1.0000181341702106
pendigits,tanh,109,33,0.006292676503447234,0.9511561444531047,0.006981241284917507,0.949605343047966,1.0000030744412405
pendigits,tanh,109,34,0.0061209890124270085,0.9514159521953754,0.006748245924425388,0.9483910139647844,1.0000000000000044
pendigits,tanh,109,35,0.0060529770646693005,0.9518056638087815,0.006628425028174895,0.949605343047966,0.9943988648947127
pendigits,tanh,109,36,0.0059885825036802886,0.9519355676799168,0.006629059598528476,0.9489981785063752,1.0000000000009583
pendigits,tanh,109,37,0.005974324383688432,0.9524551831644583,0.006561654748367945,0.9489981785063752,0.9981323790089782
pendigits,tanh,109,38,0.006008188435219752,0.9519355676799168,0.006586773342129398,0.9502125075895568,1.0000007370639095
pendigits,tanh,109,39,0.00585784281232628,0.9529747986489997,0.006492637390817843,0.949605343047966,0.9978851799123517
pendigits,tanh,109,40,0.005812273854275322,0.9537542218758119,0.006485372525115533,0.949605343047966,1.0000024790472952
pendigits,tanh,109,41,0.005859849680355465,0.9534944141335412,0.006599829367359381,0.9483910139647844,1.0000076647530425
pendigits,tanh,109,42,0.005698232612010567,0.9542738373603533,0.006466142415706346,0.9489981785063752,0.3467258502720342
pendigits,tanh,109,43,0.005681169416910279,0.9542738373603533,0.0064003599407585566,0.9502125075895568,1.0000292680857719
pendigits,tanh,109,44,0.005610742106874557,0.9549233567160301,0.006393387569849085,0.949605343047966,1.0001525972262164
pendigits,tanh,109,45,0.005587135260424772,0.9545336451026241,0.006380201193163861,0.949605343047966,0.9886329314917346
pendigits,tanh,109,46,0.005532450116692619,0.9547934528448948,0.006385456528073441,0.9489981785063752,0.9999998250934936
pendigits,tanh,109,47,0.005505356755326099,0.9553130683294362,0.006327037007125634,0.9489981785063752,1.0
pendigits,tanh,109,48,0.005469723373496305,0.9554429722005716,0.006329900185131827,0.9489981785063752,0.9980063645477033
pendigits,tanh,109,49,0.005437856636768168,0.9554429722005716,0.006330089532814279,0.9483910139647844,1.0000638641020676
pendigits,tanh,109,50,0.0054015575997576,0.9554429722005716,0.006263694923461675,0.9489981785063752,1.0000000007238352
pendigits,tanh,109,51,0.005408575691385108,0.9553130683294362,0.00625552281496244,0.9502125075895568,0.6811728765590804
pendigits,tanh,109,52,0.005399182211170549,0.9550532605871654,0.0063047005107736385,0.9502125075895568,1.000000000000068
pendigits,tanh,109,53,0.005331797664742692,0.9555728760717069,0.006229043455511535,0.9489981785063752,0.8606177820409272
pendigits,tanh,109,54,0.005545461066253752,0.9546635489737594,0.006447660473330035,0.9502125075895568,1.0000001450974265
pendigits,tanh,109,55,0.0053086538002420965,0.9557027799428423,0.006170893700734338,0.9502125075895568,1.0001658167553076
pendigits,tanh,109,56,0.0052752163861643974,0.9558326838139777,0.0061671351539570925,0.949605343047966,1.0000076176600483
pendigits,tanh,109,57,0.005343133322525436,0.9554429722005716,0.0062612266692087925,0.949605343047966,1.0000000108184763
pendigits,tanh,109,58,0.005237940680834944,0.9557027799428423,0.006145826472057605,0.949605343047966,1.0000000001136427
pendigits,tanh,109,59,0.0052210619407708336,0.9558326838139777,0.006140454382064464,0.9483910139647844,1.000000003269283
pendigits,tanh,109,60,0.005199789959017673,0.9558326838139777,0.006124167047120627,0.949605343047966,0.6405188235650681
pendigits,tanh,109,61,0.0051839489314075265,0.9558326838139777,0.006110609869295002,0.9489981785063752,1.000000009755575
pendigits,tanh,109,62,0.0051875691738118065,0.955962587685113,0.006109210261115365,0.949605343047966,1.000000003499932
pendigits,tanh,109,63,0.00516395089383625,0.9560924915562484,0.006064632621869446,0.949605343047966,0.9870300119781569
pendigits,tanh,109,64,0.0051476940462785335,0.9557027799428423,0.00612236768720653,0.9489981785063752,1.000393167477261
pendigits,tanh,109,65,0.0051248248158991695,0.9558326838139777,0.006050774459301605,0.949605343047966,0.08193024242401746
pendigits,tanh,109,66,0.005118764061924659,0.9560924915562484,0.006077653803485289,0.949605343047966,1.0000010021751375
pendigits,tanh,109,67,0.0051497449044298664,0.9558326838139777,0.006091948287478843,0.9502125075895568,1.0000568418999076
pendigits,tanh,109,68,0.005095932300650857,0.9562223954273837,0.006053749629835102,0.949605343047966,0.9991793120629919
pendigits,tanh,109,69,0.0050665691528895985,0.9560924915562484,0.006025759820179676,0.9489981785063752,0.8107657202571176
pendigits,tanh,109,70,0.005064727574547516,0.9560924915562484,0.006021727271093821,0.949605343047966,0.8982296373861205
pendigits,tanh,109,71,0.005048294604771985,0.9562223954273837,0.006029389060447904,0.949605343047966,1.0002119516297996
pendigits,tanh,109,72,0.0050426489745256774,0.9562223954273837,0.005977673567536309,0.9508196721311475,1.0000085647866752
pendigits,tanh,109,73,0.00502066876217126,0.9560924915562484,0.006016610954742337,0.949605343047966,1.0000000004714957
pendigits,tanh,109,74,0.005011356758580565,0.9560924915562484,0.006000442272113184,0.9502125075895568,0.996798325307072
pendigits,tanh,109,75,0.005000399430201601,0.9562223954273837,0.005981403796127165,0.949605343047966,1.000000040079104
pendigits,tanh,110,1,0.029668485736956896,0.8594440114315407,0.029846352972545804,0.8506375227686703,1.0000061941430651
pendigits,tanh,110,2,0.01948825535229978,0.8917900753442453,0.02006093488502057,0.8901032179720705,1.0004013319088745
pendigits,tanh,110,3,0.0166457657050295,0.9034814237464276,0.017243330922630837,0.8998178506375227,1.0006749666964683
pendigits,tanh,110,4,0.014364920165791323,0.9138737334372564,0.015123546430136163,0.9064966605950212,1.000122475056121
pendigits,tanh,110,5,0.01298131069016968,0.9223174850610548,0.013686543405834663,0.9180327868852459,1.0000058454633975
pendigits,tanh,110,6,0.011809916596281908,0.9302416212003117,0.012486505840818077,0.928354584092289,1.0000000003714613
pendigits,tanh,110,7,0.010715643698352898,0.9334892179786958,0.0113516481446102,0.9295689131754705,1.0000000425471895
pendigits,tanh,110,8,0.00993818188088052,0.9353078721745908,0.01048737531313754,0.930783242258652,1.000169486075267
pendigits,tanh,110,9,0.009415627255714782,0.9375162379838919,0.009893856832023274,0.9350333940497875,0.9999683071761337
pendigits,tanh,110,10,0.00954239664281102,0.9376461418550273,0.010007324567549056,0.9338190649666059,1.000202073709851
pendigits,tanh,110,11,0.008744174305434668,0.9395946999220577,0.009289148837640256,0.9374620522161505,1.0000027223700627
pendigits,tanh,110,12,0.008344118752499444,0.9407638347622759,0.008848914366101763,0.9398907103825137,1.001120176948285
pendigits,tanh,110,13,0.00818329569387303,0.9418030657313587,0.008728769317232501,0.9398907103825137,0.9927740855472211
pendigits,tanh,110,14,0.008042948444537233,0.9428422967004416,0.008519141192002202,0.9423193685488768,1.000003483161899
pendigits,tanh,110,15,0.007825307973777207,0.9428422967004416,0.008363489099668362,0.9404978749241044,1.006336750750198
pendigits,tanh,110,16,0.0076182063548742565,0.9449207586386075,0.008129206345845146,0.941712204007286,1.0036291378056401
pendigits,tanh,110,17,0.007584258255050676,0.9460898934788257,0.008016096879825593,0.9447480267152398,1.0000000000430083
pendigits,tanh,110,18,0.007501524258164455,0.9454403741231489,0.008011265108317742,0.9423193685488768,1.000000913467731
pendigits,tanh,110,19,0.007205289265551135,0.9464796050922317,0.00769603876204504,0.9453551912568307,0.9538990580232097
pendigits,tanh,110,20,0.007197709399618751,0.946219797349961,0.007663802588249406,0.9453551912568307,0.9749430848788001
pendigits,tanh,110,21,0.007223097632262255,0.9459599896076903,0.007687677975770626,0.9435336976320583,1.0000005989481453
pendigits,tanh,110,22,0.0070120616005185064,0.9480384515458561,0.007549088486388884,0.9459623557984214,1.0002101389863487
pendigits,tanh,110,23,0.006801812503675875,0.9477786438035853,0.007334004866343626,0.9459623557984214,1.0000000100802664
pendigits,tanh,110,24,0.0067076744624198865,0.9484281631592621,0.007192959129815449,0.9459623557984214,0.8554835754727181
pendigits,tanh,110,25,0.006634358993062659,0.9492075863860743,0.007166880298165917,0.9477838494231937,1.0000004220650476
pendigits,tanh,110,26,0.006667486795460422,0.9492075863860743,0.007140536585223231,0.9471766848816029,1.0000032232428326
pendigits,tanh,110,27,0.006501665469614346,0.9498571057417511,0.0069821516551716555,0.9471766848816029,0.9963059711737443
pendigits,tanh,110,28,0.006421919246488316,0.9497272018706158,0.006917777453434009,0.9471766848816029,1.0
pendigits,tanh,110,29,0.006502429097143713,0.9493374902572097,0.007061009068951992,0.9465695203400122,0.981568911449481
pendigits,tanh,110,30,0.0063323096465960635,0.9507664328396986,0.006834640347032808,0.9477838494231937,0.9517243599842234
pendigits,tanh,110,31,0.006246117757981022,0.95128604832424,0.006764517782755445,0.9483910139647844,1.000032283531728
pendigits,tanh,110,32,0.006246402408581423,0.9503767212262926,0.006755040134486746,0.9489981785063752,1.00014132098999
pendigits,tanh,110,33,0.0061418965336137435,0.9516757599376462,0.006668316670981128,0.949605343047966,1.0000292633407197
pendigits,tanh,110,34,0.006053759853779772,0.9519355676799168,0.0066110090437942835,0.949605343047966,0.5774097386139999
pendigits,tanh,110,35,0.006007784755651241,0.9524551831644583,0.006569908544105944,0.9489981785063752,1.0000000008729601
pendigits,tanh,110,36,0.005942395514592636,0.9533645102624059,0.006553679481486986,0.949605343047966,1.000000000094045
pendigits,tanh,110,37,0.005995775217281248,0.9529747986489997,0.006683240054438552,0.9489981785063752,1.0001208377346278
pendigits,tanh,110,38,0.005853485426764801,0.9537542218758119,0.00646384214445744,0.9489981785063752,1.000000420256177
pendigits,tanh,110,39,0.0058075649733423905,0.9538841257469473,0.006473465713599272,0.9489981785063752,1.0307282061928398
pendigits,tanh,110,40,0.005961742202650391,0.9518056638087815,0.00658924336503373,0.9483910139647844,1.000000539684084
pendigits,tanh,110,41,0.005711417697579108,0.9538841257469473,0.006391803120356183,0.949605343047966,1.0001580355622786
pendigits,tanh,110,42,0.005675123013417379,0.9542738373603533,0.0063797218196381235,0.949605343047966,1.0016517970602972
pendigits,tanh,110,43,0.005635923362742557,0.9544037412314887,0.006330899382728847,0.949605343047966,0.9976433104646244
pendigits,tanh,110,44,0.0056077374106296984,0.9547934528448948,0.006334680806527152,0.9502125075895568,0.6725667021831424
pendigits,tanh,110,45,0.005612266520562212,0.9544037412314887,0.006311638761006839,0.9489981785063752,1.0000000008862786
pendigits,tanh,110,46,0.005562992523604182,0.9545336451026241,0.006265771807814042,0.9514268366727383,1.0010342002546433
pendigits,tanh,110,47,0.0055208817373584,0.9553130683294362,0.0062636630646994195,0.9502125075895568,1.0000524233753127
pendigits,tanh,110,48,0.005552496841732338,0.9542738373603533,0.006278187598626454,0.949605343047966,1.00001989895056
pendigits,tanh,110,49,0.005478355440132334,0.9546635489737594,0.006212048077231296,0.9502125075895568,0.8896882431241052
pendigits,tanh,110,50,0.005477659308122819,0.9551831644583009,0.006168782594610442,0.9514268366727383,1.0000172682074457
pendigits,tanh,110,51,0.00541629475836092,0.9550532605871654,0.006158257196762764,0.949605343047966,0.5192650559387244
pendigits,tanh,110,52,0.0053869462062298605,0.9553130683294362,0.00613875519518803,0.9508196721311475,0.9764278502917959
pendigits,tanh,110,53,0.005414299413719588,0.9553130683294362,0.006202597784236839,0.9502125075895568,0.6178082694634008
pendigits,tanh,110,54,0.005378408760663114,0.9550532605871654,0.006130777900262781,0.9508196721311475,1.0000106691859096
pendigits,tanh,110,55,0.0053323059160306436,0.9555728760717069,0.00611640486217444,0.9508196721311475,1.0000000000000395
pendigits,tanh,110,56,0.005297830897103526,0.9554429722005716,0.006084196367279904,0.9508196721311475,0.6125232820721609
pendigits,tanh,110,57,0.0053061458268603935,0.9555728760717069,0.006092109923143989,0.9502125075895568,1.0
pendigits,tanh,110,58,0.005267337694399889,0.9555728760717069,0.006060414167880473,0.9508196721311475,0.97901295244375
pendigits,tanh,110,59,0.005254342609916178,0.9554429722005716,0.006057828369121205,0.9502125075895568,0.7004240015626017
pendigits,tanh,110,60,0.005238621102154513,0.9555728760717069,0.006033868014134234,0.9514268366727383,1.0000000000000062
pendigits,tanh,110,61,0.005222140435673732,0.9555728760717069,0.006019338115570493,0.9502125075895568,0.8951555859155977
pendigits,tanh,110,62,0.005188521058400512,0.9557027799428423,0.005993637165737999,0.9514268366727383,1.0000002532280843
pendigits,tanh,110,63,0.005175714624367716,0.9557027799428423,0.0059820097822818,0.9514268366727383,1.0000005651147512
pendigits,tanh,110,64,0.005162532863506311,0.9560924915562484,0.0059862695253339645,0.9508196721311475,0.8510859579186902
pendigits,tanh,110,65,0.005146669305743474,0.955962587685113,0.0060147879588862046,0.9508196721311475,1.0000000000000657
pendigits,tanh,110,66,0.005147775872733592,0.9557027799428423,0.005942515185077495,0.9514268366727383,0.4302472714719011
pendigits,tanh,110,67,0.005115577760965874,0.9558326838139777,0.005936673261572081,0.9508196721311475,0.7124556368265524
pendigits,tanh,110,68,0.00509360514704688,0.955962587685113,0.0059523110967074295,0.9508196721311475,0.7490754780727178
pendigits,tanh,110,69,0.005157456176370001,0.955962587685113,0.006012971997265267,0.9508196721311475,1.0000000027858043
pendigits,tanh,110,70,0.00513579699233673,0.9564822031696545,0.006005700359987868,0.9508196721311475,1.0000071443698408
pendigits,tanh,110,71,0.005120046500611488,0.9564822031696545,0.0060238950695835425,0.9502125075895568,1.0000000018234947
pendigits,tanh,110,72,0.005089409222447054,0.9564822031696545,0.005963545515710977,0.9514268366727383,0.9987389218986107
pendigits,tanh,110,73,0.005067413500136743,0.9562223954273837,0.0059311846617778755,0.9508196721311475,1.0000000221723442
pendigits,tanh,110,74,0.005047546073251852,0.9563522992985191,0.005923669731037287,0.9508196721311475,1.0000007537944826
pendigits,tanh,110,75,0.0050690412348456055,0.9564822031696545,0.005954747533731122,0.9508196721311475,1.0000000000000173
pendigits,tanh,111,1,0.030105558433954797,0.8602234346583528,0.030469125874735613,0.8439587128111719,1.015295970642905
pendigits,tanh,111,2,0.020555256563637006,0.8846453624318005,0.021243114130381057,0.8791742562234366,1.0000250988163077
pendigits,tanh,111,3,0.01712825380668516,0.89893478825669,0.01769584879236835,0.8979963570127505,1.0000000016605173
pendigits,tanh,111,4,0.014786398028799766,0.9123148869836322,0.015570959678319427,0.9083181542197936,1.0003109242960395
pendigits,tanh,111,5,0.013230734348322741,0.9215380618342427,0.013861179023181267,0.9216757741347905,1.0032666972810955
pendigits,tanh,111,6,0.011908112315023181,0.9276435437776046,0.01277548706246655,0.9265330904675168,1.0006446769967665
pendigits,tanh,111,7,0.011193077316489563,0.9312808521693946,0.012010501464008443,0.9271402550091075,1.000889550673069
pendigits,tanh,111,8,0.010034062059753551,0.9363471031436736,0.010756270105668217,0.9319975713418336,1.0000048875858039
pendigits,tanh,111,9,0.009557548870848143,0.9372564302416212,0.010346708615098534,0.9332119004250152,1.00056806989071
pendigits,tanh,111,10,0.0091127228212162,0.9393348921797869,0.009888283729424248,0.9344262295081968,1.000246140528654
pendigits,tanh,111,11,0.00873148207317585,0.9405040270200052,0.009408409658440657,0.9380692167577414,0.9999999999821845
pendigits,tanh,111,12,0.008379235089573271,0.9438815276695246,0.009097923217846015,0.9386763812993322,1.0000000000024138
pendigits,tanh,111,13,0.008399000441372692,0.9437516237983892,0.009047025645234037,0.9411050394656952,1.0014876766574863
pendigits,tanh,111,14,0.008060703998237283,0.9427123928293063,0.008802593726660719,0.9398907103825137,1.0000132014002656
pendigits,tanh,111,15,0.00810224253233731,0.9449207586386075,0.008710688547916328,0.9404978749241044,1.0003255168919043
pendigits,tanh,111,16,0.007771325311006254,0.9454403741231489,0.008411850198154856,0.941712204007286,1.000028411805865
pendigits,tanh,111,17,0.007543956700734268,0.9458300857365549,0.008217367311018183,0.9423193685488768,1.000147697264404
pendigits,tanh,111,18,0.007389585835887691,0.9468693167056378,0.008051406007210375,0.9447480267152398,1.0000808029562522
pendigits,tanh,111,19,0.007311233866234122,0.947259028319044,0.007924478674116409,0.944140862173649,1.0008426835903435
pendigits,tanh,111,20,0.0070821692638812815,0.94764873993245,0.007716922038476413,0.9453551912568307,1.0002226813576258
pendigits,tanh,111,21,0.006965509044707051,0.9480384515458561,0.007535771883629715,0.9459623557984214,0.9999880338708488
pendigits,tanh,111,22,0.0068862241389575935,0.9492075863860743,0.0074671761989664,0.9453551912568307,1.000001258914387
pendigits,tanh,111,23,0.006780650998385865,0.949467394128345,0.007396070447334424,0.944140862173649,1.0000000168894252
pendigits,tanh,111,24,0.006651699463450989,0.949077682514939,0.007237710350106893,0.9471766848816029,0.9962589176534364
pendigits,tanh,111,25,0.006568229195812151,0.9501169134840218,0.007173093350404409,0.9459623557984214,1.0000084997639995
pendigits,tanh,111,26,0.0064927295043157324,0.9502468173551571,0.007094547257664579,0.9465695203400122,1.0008672810696477
pendigits,tanh,111,27,0.006434151649672979,0.9505066250974279,0.007018324862572196,0.9477838494231937,0.6049342437061276
pendigits,tanh,111,28,0.006356237641469135,0.9510262405819694,0.006921615719131393,0.9465695203400122,1.000000000032964
pendigits,tanh,111,29,0.006284982359801392,0.9511561444531047,0.0069097973668342345,0.9471766848816029,1.0000038571106602
pendigits,tanh,111,30,0.006253097185973755,0.9506365289685632,0.006873172226425586,0.9465695203400122,1.0000000023889202
pendigits,tanh,111,31,0.006175703226231595,0.9518056638087815,0.006802872454982544,0.9477838494231937,1.000000643153904
pendigits,tanh,111,32,0.006119417550344576,0.9521953754221876,0.006746956883004949,0.9471766848816029,1.0000000000025024
pendigits,tanh,111,33,0.00607121134609675,0.9521953754221876,0.006717464191878975,0.9477838494231937,1.000000856373191
pendigits,tanh,111,34,0.006084854291143883,0.9520654715510523,0.006824269662742084,0.9465695203400122,1.0000000051791174
pendigits,tanh,111,35,0.005978828099268644,0.9525850870355936,0.006632714357315562,0.9477838494231937,0.8458304034902507
pendigits,tanh,111,36,0.005909005060833884,0.9531047025201351,0.006656434478386684,0.9471766848816029,1.0004450575530106
pendigits,tanh,111,37,0.005869854063437019,0.9531047025201351,0.006643450321935642,0.9471766848816029,0.9910666832650344
pendigits,tanh,111,38,0.005814864283956541,0.9532346063912704,0.006557197378458984,0.9477838494231937,1.0000006736656677
pendigits,tanh,111,39,0.005761105542566082,0.9538841257469473,0.006521460963699334,0.9477838494231937,1.0000000188061382
pendigits,tanh,111,40,0.005730336419422466,0.954143933489218,0.0065497766373573685,0.9477838494231937,1.0000000001943405
pendigits,tanh,111,41,0.005697605175981068,0.9545336451026241,0.006499090588378221,0.9483910139647844,0.9374327452973865
pendigits,tanh,111,42,0.0056483866567474264,0.9544037412314887,0.006519483500462516,0.9471766848816029,0.9674070054171638
pendigits,tanh,111,43,0.005594669917598184,0.9545336451026241,0.006480375629153219,0.9483910139647844,0.5998484990254527
pendigits,tanh,111,44,0.0055732526435770535,0.9546635489737594,0.006450062853449297,0.9477838494231937,1.000002414090909
pendigits,tanh,111,45,0.005539155799737757,0.9546635489737594,0.0064291312986056465,0.9465695203400122,1.0000000043360293
pendigits,tanh,111,46,0.0055163519507468485,0.9549233567160301,0.006446991586888279,0.9471766848816029,1.0000802895745873
pendigits,tanh,111,47,0.005494168664417213,0.9549233567160301,0.006390466470592205,0.9471766848816029,1.0000000061708556
pendigits,tanh,111,48,0.005445332968448987,0.9553130683294362,0.006311757629617801,0.9483910139647844,0.7745960037518195
pendigits,tanh,111,49,0.005430685065253996,0.9550532605871654,0.0063733492272439445,0.9471766848816029,0.7771773470377411
pendigits,tanh,111,50,0.005388827290036072,0.9554429722005716,0.006334797980133943,0.9483910139647844,0.473231485893426
pendigits,tanh,111,51,0.005360893566085675,0.9551831644583009,0.006289418364928076,0.9477838494231937,0.9980380543672214
pendigits,tanh,111,52,0.005361973916051298,0.9554429722005716,0.006244711881143523,0.9489981785063752,1.0000156217004927
pendigits,tanh,111,53,0.005448954801684567,0.9553130683294362,0.0064058346759253565,0.9465695203400122,1.0000028641508953
pendigits,tanh,111,54,0.005294501211356073,0.9555728760717069,0.006243605638045561,0.9477838494231937,0.7735414834648646
pendigits,tanh,111,55,0.005278745998444472,0.9557027799428423,0.006230043585210091,0.9477838494231937,1.0000000000773672
pendigits,tanh,111,56,0.005316309072505757,0.9554429722005716,0.006300046660356478,0.9477838494231937,1.01506233087973
pendigits,tanh,111,57,0.005258492634399318,0.9557027799428423,0.006206433002304794,0.9477838494231937,1.0023012539778786
pendigits,tanh,111,58,0.0052865437819646175,0.955962587685113,0.006298750614785321,0.9489981785063752,1.0001262899557435
pendigits,tanh,111,59,0.005207325595400547,0.955962587685113,0.0062077678805844685,0.9483910139647844,0.9974621863182288
pendigits,tanh,111,60,0.0052052422878442126,0.9558326838139777,0.006177622971909457,0.9477838494231937,0.37213869714182696
pendigits,tanh,111,61,0.0051752837942962504,0.9558326838139777,0.006124211103496073,0.9489981785063752,1.0000000026721203
pendigits,tanh,111,62,0.005154994547801428,0.9560924915562484,0.006173149009633105,0.9489981785063752,1.0000000003826732
pendigits,tanh,111,63,0.00513724434045573,0.9562223954273837,0.006091577118271724,0.9489981785063752,0.2862017067609905
pendigits,tanh,111,64,0.0051220760483624925,0.9562223954273837,0.006106344286222742,0.9489981785063752,0.9400394886242621
pendigits,tanh,111,65,0.00510875654878029,0.9562223954273837,0.006088928036699987,0.9483910139647844,1.000000000000708
pendigits,tanh,111,66,0.005094159817880721,0.9563522992985191,0.0060776954133706105,0.9489981785063752,1.0008859802558545
pendigits,tanh,111,67,0.005089362781663064,0.9563522992985191,0.0060465718955177395,0.9489981785063752,0.23624265583070142
pendigits,tanh,111,68,0.005071695169934703,0.9562223954273837,0.006050116717928938,0.949605343047966,1.0000002287200087
pendigits,tanh,111,69,0.0052170490859876975,0.955962587685113,0.006295480682252768,0.9489981785063752,0.9999986462664474
pendigits,tanh,111,70,0.005080419305708938,0.9560924915562484,0.006113177456916188,0.9483910139647844,0.9998578046231992
pendigits,tanh,111,71,0.005039846215022491,0.9563522992985191,0.006097277646546486,0.9483910139647844,0.998513104381818
pendigits,tanh,111,72,0.005030721560874802,0.9562223954273837,0.006081600247474566,0.9477838494231937,1.0
pendigits,tanh,111,73,0.005032456931636745,0.9564822031696545,0.006028800802792215,0.949605343047966,1.0000000048541111
pendigits,tanh,111,74,0.005001754379848267,0.9562223954273837,0.006032691331135663,0.9489981785063752,1.0000219171931082
pendigits,tanh,111,75,0.005003318704073722,0.9563522992985191,0.006098819232445607,0.9477838494231937,0.9999999270115884
pendigits,tanh,112,1,0.02800399690001031,0.8604832424006236,0.028567649651331056,0.8378870673952641,1.0027239446899472
pendigits,tanh,112,2,0.01945294538698992,0.892049883086516,0.019892982380849782,0.8882817243472981,1.0000000020868502
pendigits,tanh,112,3,0.016803108009465384,0.9011431540659912,0.017335422549161338,0.8961748633879781,1.0000760325889881
pendigits,tanh,112,4,0.015458602957313045,0.9095869056897895,0.015606606005417693,0.907103825136612,1.0006591343849025
pendigits,tanh,112,5,0.013412546023883904,0.9177708495713173,0.014280661181966386,0.9131754705525197,1.0005041760520255
pendigits,tanh,112,6,0.01153856841719063,0.926734216679657,0.012253098247408844,0.9247115968427444,1.0006445363709715
pendigits,tanh,112,7,0.010780638842246107,0.9315406599116653,0.011460304722166283,0.9241044323011536,1.000000137157576
pendigits,tanh,112,8,0.010165564460340564,0.934658352818914,0.010962881248009159,0.9271402550091075,0.9999986782801796
pendigits,tanh,112,9,0.009626962860625256,0.9380358534684333,0.010502972415049654,0.9338190649666059,1.0000000000704197
pendigits,tanh,112,10,0.009137858678984522,0.941153546375682,0.009838339708873083,0.9404978749241044,1.0000000000439129
pendigits,tanh,112,11,0.00874522876632693,0.9420628734736295,0.009372322271348942,0.9368548876745598,0.9988974879141501
pendigits,tanh,112,12,0.008981230769200689,0.9421927773447649,0.009760803448055142,0.9398907103825137,1.0000010434777937
pendigits,tanh,112,13,0.008354680287910919,0.9427123928293063,0.009012750143889244,0.9380692167577414,1.0131585644143979
pendigits,tanh,112,14,0.007870397546355603,0.9451805663808781,0.008499284449640978,0.9411050394656952,0.9800330439322205
pendigits,tanh,112,15,0.007723510661885944,0.9441413354117952,0.008277464465740384,0.9423193685488768,1.0000000063894354
pendigits,tanh,112,16,0.0075943059891001195,0.9453104702520135,0.008217178810794826,0.9423193685488768,0.9964955300469507
pendigits,tanh,112,17,0.0074419306691672895,0.9457001818654196,0.008121905484101655,0.941712204007286,0.9922010697120298
pendigits,tanh,112,18,0.007262588895954723,0.9460898934788257,0.007879677782950527,0.944140862173649,1.0000000024310192
pendigits,tanh,112,19,0.007148066876045421,0.9460898934788257,0.007756844894903164,0.9435336976320583,0.9709432661845295
pendigits,tanh,112,20,0.007043373529762009,0.9469992205767732,0.007642955661201001,0.9459623557984214,1.0000063024607198
pendigits,tanh,112,21,0.007089679551690787,0.9467394128345025,0.007688325852442129,0.9423193685488768,1.000443683383707
pendigits,tanh,112,22,0.006881403477609481,0.9480384515458561,0.007471323786812605,0.9453551912568307,1.0043584673300245
pendigits,tanh,112,23,0.006780553024089445,0.9467394128345025,0.007413736847097113,0.944140862173649,1.0001323024839308
pendigits,tanh,112,24,0.006687412786922336,0.9484281631592621,0.007305764949326206,0.9459623557984214,0.8254310299869643
pendigits,tanh,112,25,0.0066203235767127375,0.9485580670303975,0.007249101614151939,0.9465695203400122,1.0000029897766824
pendigits,tanh,112,26,0.006603691966704913,0.9486879709015329,0.007166744432177189,0.9471766848816029,1.0000001043927556
pendigits,tanh,112,27,0.0065983527973538245,0.949077682514939,0.007227788912461267,0.9465695203400122,1.0003096357249746
pendigits,tanh,112,28,0.006454724561159452,0.9493374902572097,0.007018296949213537,0.9471766848816029,0.876020143573753
pendigits,tanh,112,29,0.0063736117208684035,0.949077682514939,0.006967281852583968,0.9483910139647844,1.0
pendigits,tanh,112,30,0.006341956522027188,0.9497272018706158,0.007003948349884234,0.9471766848816029,1.0000000000000564
pendigits,tanh,112,31,0.006275473947910339,0.9499870096128865,0.006867337790775275,0.9477838494231937,1.0001003585611339
pendigits,tanh,112,32,0.0062365564045257635,0.9505066250974279,0.006857229732256786,0.9471766848816029,1.0000000000001144
pendigits,tanh,112,33,0.00624597965079415,0.9506365289685632,0.006812177417183123,0.9483910139647844,1.0000000000000004
pendigits,tanh,112,34,0.006181200224008087,0.9506365289685632,0.0068451999175826615,0.9477838494231937,1.000044061307287
pendigits,tanh,112,35,0.0062077996855750975,0.9505066250974279,0.006860357650453867,0.9465695203400122,0.999999776414873
pendigits,tanh,112,36,0.006062968731894596,0.9507664328396986,0.0066938644732960784,0.9483910139647844,0.9708898790636158
pendigits,tanh,112,37,0.006034944247227343,0.9516757599376462,0.00665423396317178,0.9483910139647844,1.0003343003776317
pendigits,tanh,112,38,0.006055242966021391,0.9516757599376462,0.006649742580483745,0.9489981785063752,1.0002092070995667
pendigits,tanh,112,39,0.005923240242448337,0.9521953754221876,0.006620680373287856,0.9477838494231937,1.0000000000079259
pendigits,tanh,112,40,0.0058852571394114065,0.9525850870355936,0.006531997768754584,0.9483910139647844,0.6166814329913203
pendigits,tanh,112,41,0.005902321224549115,0.9525850870355936,0.0065821903516000545,0.9483910139647844,1.0000001172571917
pendigits,tanh,112,42,0.005863039098827034,0.9532346063912704,0.006552143478056768,0.9483910139647844,1.0001413226393872
pendigits,tanh,112,43,0.0057715966432446714,0.9531047025201351,0.006504539420637413,0.9489981785063752,0.3681117571325612
pendigits,tanh,112,44,0.005742941322605201,0.9531047025201351,0.0064671258635857175,0.9489981785063752,0.2811123739629156
pendigits,tanh,112,45,0.005725023843320975,0.9538841257469473,0.006558047945115651,0.9483910139647844,1.0000006866944742
pendigits,tanh,112,46,0.005822932249223272,0.9529747986489997,0.006494272358842897,0.9483910139647844,1.0003858965716206
pendigits,tanh,112,47,0.005625234427545491,0.9540140296180826,0.006436512468878756,0.9489981785063752,1.0000000000003078
pendigits,tanh,112,48,0.005563801709941357,0.9549233567160301,0.006376494759873287,0.9483910139647844,0.880346936674607
pendigits,tanh,112,49,0.005538896380663282,0.9546635489737594,0.006347727969369948,0.9489981785063752,1.0000168377305678
pendigits,tanh,112,50,0.005490576411822751,0.9551831644583009,0.006294270698430454,0.9489981785063752,1.0000043797207059
pendigits,tanh,112,51,0.005456756338301466,0.9547934528448948,0.006316751859973838,0.9483910139647844,1.0013893230796014
pendigits,tanh,112,52,0.005433545223526917,0.9551831644583009,0.006317413579724373,0.9483910139647844,1.0000000512444338
pendigits,tanh,112,53,0.005417042791531947,0.9547934528448948,0.006338614147250691,0.9483910139647844,1.0005307787171047
pendigits,tanh,112,54,0.005375696641033311,0.9553130683294362,0.006233118357734237,0.9489981785063752,1.0000000000014229
pendigits,tanh,112,55,0.005377538770863227,0.9553130683294362,0.006288327703670691,0.9483910139647844,0.927782795688017
pendigits,tanh,112,56,0.005331682000290501,0.9553130683294362,0.006218429779059931,0.9483910139647844,1.000121025338226
pendigits,tanh,112,57,0.005299940708844038,0.9555728760717069,0.006184140861422678,0.9483910139647844,0.9999240800969489
pendigits,tanh,112,58,0.005309920774021048,0.9555728760717069,0.0061738409953517375,0.9489981785063752,0.9931250060253294
pendigits,tanh,112,59,0.005281302404535596,0.9551831644583009,0.006172455888480507,0.9489981785063752,1.0000265529818309
pendigits,tanh,112,60,0.005250360086869581,0.9555728760717069,0.006139931114897453,0.9483910139647844,0.46650301526877586
pendigits,tanh,112,61,0.005238559715828487,0.9558326838139777,0.006142420185941086,0.9489981785063752,1.000000000000002
pendigits,tanh,112,62,0.005226793602786161,0.9557027799428423,0.006151764473188617,0.9483910139647844,0.7924327692210882
pendigits,tanh,112,63,0.0052003862153227765,0.955962587685113,0.006101465523835529,0.9489981785063752,1.0000461485382963
pendigits,tanh,112,64,0.005256374874658913,0.9560924915562484,0.0060968700525188225,0.949605343047966,1.0000011017521464
pendigits,tanh,112,65,0.005168576836225661,0.9557027799428423,0.006039312061994937,0.9489981785063752,1.0000350447139505
pendigits,tanh,112,66,0.005197848530087786,0.9555728760717069,0.006097664870713236,0.9502125075895568,1.0000000000000924
pendigits,tanh,112,67,0.005147490472534874,0.955962587685113,0.006049745577574038,0.9489981785063752,0.4838700328750236
pendigits,tanh,112,68,0.005123569444240819,0.955962587685113,0.00602475143753007,0.949605343047966,0.6079581558970107
pendigits,tanh,112,69,0.005124906650930765,0.955962587685113,0.006035910602408101,0.9489981785063752,0.9635907349381855
pendigits,tanh,112,70,0.005102313238309762,0.955962587685113,0.00603129617525691,0.9489981785063752,0.7379071953467313
pendigits,tanh,112,71,0.00511053073646355,0.9555728760717069,0.005995981450506976,0.9502125075895568,0.8806614496112074
pendigits,tanh,112,72,0.005070262886021285,0.9558326838139777,0.005993945029958318,0.9489981785063752,0.9072108059139219
pendigits,tanh,112,73,0.005094483052705938,0.9560924915562484,0.0060437271819150755,0.9489981785063752,0.13482706156043653
pendigits,tanh,112,74,0.005066273620603454,0.9558326838139777,0.005988140405116737,0.9489981785063752,1.0000019117338028
pendigits,tanh,112,75,0.0050503954866382775,0.955962587685113,0.005997318736206316,0.949605343047966,0.7881782931249691
pendigits,tanh,113,1,0.03849843282046108,0.7948817874772668,0.038970765410976466,0.7911353976927747,1.0006216417387697
pendigits,tanh,113,2,0.020318619441758248,0.8977656534164719,0.02082464475993772,0.8870673952641166,1.0001781854217824
pendigits,tanh,113,3,0.01548930252488108,0.9134840218238504,0.016150377405242878,0.9077109896782027,1.0000027782927305
pendigits,tanh,113,4,0.014101160052106198,0.9180306573135879,0.014777273607515207,0.912568306010929,1.0000007386706753
pendigits,tanh,113,5,0.012277785715421806,0.9259547934528449,0.012877789349719669,0.9247115968427444,1.000395488157723
pendigits,tanh,113,6,0.011557747095132643,0.9288126786178228,0.012262034838742341,0.9234972677595629,1.0000573721480752
pendigits,tanh,113,7,0.010557710065619648,0.9330995063652897,0.011238531394066432,0.9289617486338798,1.0000102295925175
pendigits,tanh,113,8,0.009920555507942607,0.9364770070148091,0.01069189945927329,0.9319975713418336,1.0000107173074777
pendigits,tanh,113,9,0.00946727991937628,0.9393348921797869,0.010220812860932847,0.9398907103825137,1.0000014909935582
pendigits,tanh,113,10,0.008911233317616297,0.9428422967004416,0.009554086971166213,0.9435336976320583,1.0000456754699503
pendigits,tanh,113,11,0.008588653403555135,0.9418030657313587,0.00907489943019882,0.9404978749241044,1.000000001594704
pendigits,tanh,113,12,0.008175313003732348,0.9451805663808781,0.008731504268975288,0.944140862173649,0.9972068756593896
pendigits,tanh,113,13,0.008010985666520802,0.9446609508963367,0.008605364546847667,0.9429265330904675,1.0000187951464348
pendigits,tanh,113,14,0.007748024583326389,0.9457001818654196,0.008346112178075356,0.944140862173649,1.0000000000000482
pendigits,tanh,113,15,0.007594567428940344,0.9453104702520135,0.008114427585069174,0.944140862173649,1.000031453447333
pendigits,tanh,113,16,0.007353132738164427,0.9473889321901793,0.007912169885014019,0.9459623557984214,1.0000000043910497
pendigits,tanh,113,17,0.007230597198197419,0.9480384515458561,0.007784415599128881,0.9453551912568307,1.0000000868793695
pendigits,tanh,113,18,0.007099172711759276,0.949077682514939,0.007667482748600108,0.9477838494231937,0.9944926374389845
pendigits,tanh,113,19,0.007064595813153953,0.9480384515458561,0.007644111270359995,0.9465695203400122,1.0000000465867562
pendigits,tanh,113,20,0.007229444950004194,0.9475188360613146,0.00779239717061203,0.9459623557984214,1.0000000126934951
pendigits,tanh,113,21,0.006786457065762924,0.9495972979994803,0.007385038456107992,0.9471766848816029,0.933083827772245
pendigits,tanh,113,22,0.006689554283610474,0.9499870096128865,0.007289311580314977,0.9489981785063752,1.0000000295333453
pendigits,tanh,113,23,0.006607594520843547,0.9488178747726682,0.007163822799632127,0.9471766848816029,1.0000005616196792
pendigits,tanh,113,24,0.006651833652427615,0.9481683554169914,0.007263281360090573,0.9459623557984214,1.0000174791549317
pendigits,tanh,113,25,0.006486280226503028,0.9499870096128865,0.0070545989320979835,0.9483910139647844,1.0000316115978642
pendigits,tanh,113,26,0.0064089531804539645,0.9506365289685632,0.007024406049742749,0.9483910139647844,1.0000000010732883
pendigits,tanh,113,27,0.006338266316260986,0.9505066250974279,0.006949703339410326,0.9483910139647844,0.9898963730441714
pendigits,tanh,113,28,0.006316434081771178,0.9503767212262926,0.006987803305906869,0.9489981785063752,1.00002361821288
pendigits,tanh,113,29,0.006328795052758026,0.9497272018706158,0.006893315338391962,0.9477838494231937,0.9995906493406502
pendigits,tanh,113,30,0.00620900494004625,0.9514159521953754,0.006851894557453262,0.949605343047966,1.0000000000001872
pendigits,tanh,113,31,0.006126539627559288,0.9514159521953754,0.00674078038603451,0.949605343047966,1.000032808104383
pendigits,tanh,113,32,0.006106431891168859,0.9514159521953754,0.006705952195663236,0.9489981785063752,0.9962196860576615
pendigits,tanh,113,33,0.006080829784459089,0.9518056638087815,0.006683562322235748,0.9508196721311475,0.9860625048163932
pendigits,tanh,113,34,0.005982458544173977,0.9519355676799168,0.006585995073266951,0.9508196721311475,0.9677259353833623
pendigits,tanh,113,35,0.00607777741160727,0.9515458560665108,0.006721702727963189,0.9489981785063752,1.0000000043692543
pendigits,tanh,113,36,0.005971687020653279,0.9520654715510523,0.0066124414573928885,0.949605343047966,0.9588826471053065
pendigits,tanh,113,37,0.005910887225079771,0.9520654715510523,0.006551722712823351,0.9502125075895568,0.8746530260900461
pendigits,tanh,113,38,0.00585003709680442,0.9520654715510523,0.006491173012463992,0.9520340012143291,1.0000035522524835
pendigits,tanh,113,39,0.005829124047691368,0.9532346063912704,0.00645689751827955,0.9520340012143291,1.0000002151062464
pendigits,tanh,113,40,0.005933068856967941,0.9523252792933229,0.00655132272552081,0.9489981785063752,1.0000143163922053
pendigits,tanh,113,41,0.005757686013462542,0.9532346063912704,0.006425504370903465,0.9508196721311475,0.9597463017845237
pendigits,tanh,113,42,0.005781943267247178,0.9527149909067291,0.006393026514949743,0.9520340012143291,1.0000008886447223
pendigits,tanh,113,43,0.005702186749469897,0.9534944141335412,0.006350328632566281,0.9508196721311475,1.0000000000000004
pendigits,tanh,113,44,0.005657605157314156,0.9537542218758119,0.00631689288856018,0.9514268366727383,0.9491589678963523
pendigits,tanh,113,45,0.005640472744043112,0.9537542218758119,0.006299014311686748,0.9514268366727383,0.9863390901909173
pendigits,tanh,113,46,0.005601489419014311,0.9547934528448948,0.006312898941699393,0.9514268366727383,1.000000000000046
pendigits,tanh,113,47,0.005665025309796088,0.9544037412314887,0.006419657181378568,0.9489981785063752,1.0000000157550495
pendigits,tanh,113,48,0.005597444482950057,0.9542738373603533,0.0062925055639929854,0.9514268366727383,1.0000416112726311
pendigits,tanh,113,49,0.005486722751797479,0.9549233567160301,0.006223617600313029,0.9520340012143291,1.0000822536003755
pendigits,tanh,113,50,0.0054559020803203314,0.9544037412314887,0.006212786254289363,0.9520340012143291,1.000000015252197
pendigits,tanh,113,51,0.00544676688851685,0.9553130683294362,0.0062066590089443945,0.9532483302975107,1.0000001959293845
pendigits,tanh,113,52,0.005770364553838473,0.9545336451026241,0.00660704246441405,0.949605343047966,1.0005485607160665
pendigits,tanh,113,53,0.005351463032517536,0.9562223954273837,0.006201054502278714,0.9520340012143291,1.000045007275435
pendigits,tanh,113,54,0.00534448660316782,0.9564822031696545,0.006191305168023327,0.9514268366727383,1.0000042929613515
pendigits,tanh,113,55,0.00527949020415597,0.9566121070407898,0.006173425586541906,0.9520340012143291,1.0002337608204648
pendigits,tanh,113,56,0.005293586002286198,0.9570018186541959,0.006234539778712081,0.9514268366727383,1.0000001244719516
pendigits,tanh,113,57,0.005217401350970767,0.9567420109119251,0.006116689151850834,0.9520340012143291,1.000348503947628
pendigits,tanh,113,58,0.005545227682781847,0.9542738373603533,0.006395873064808948,0.9489981785063752,1.000771278741821
pendigits,tanh,113,59,0.00522127381116515,0.9572616263964666,0.006187244558417531,0.9508196721311475,1.0000000542760001
pendigits,tanh,113,60,0.005151227776119399,0.9571317225253313,0.006082056609102301,0.9520340012143291,1.0000000004291105
pendigits,tanh,113,61,0.005175854096642321,0.9572616263964666,0.006153397719655201,0.9520340012143291,1.0000000009175332
pendigits,tanh,113,62,0.005122668526335791,0.9572616263964666,0.00607379309375706,0.9514268366727383,1.0000000318030566
pendigits,tanh,113,63,0.005109255195466184,0.9575214341387374,0.006080696902496695,0.9520340012143291,1.000000001555683
pendigits,tanh,113,64,0.005089569423230598,0.9577812418810081,0.006057757034083319,0.9520340012143291,0.7950306864148219
pendigits,tanh,113,65,0.005113233484818057,0.9580410496232787,0.006096254178257577,0.9514268366727383,1.0
pendigits,tanh,113,66,0.00504103344789998,0.9577812418810081,0.005998469889281396,0.9520340012143291,0.5185495298016976
pendigits,tanh,113,67,0.005062185486707369,0.9572616263964666,0.006018428485816617,0.9520340012143291,1.0000001352870844
pendigits,tanh,113,68,0.005303195457502484,0.9566121070407898,0.006313608606085083,0.9508196721311475,0.9979552184794914
pendigits,tanh,113,69,0.005151761681084145,0.9573915302676019,0.006178212637037792,0.9502125075895568,1.0001982320165435
pendigits,tanh,113,70,0.005105442624994732,0.9572616263964666,0.006110608715658239,0.9514268366727383,1.0000679307397702
pendigits,tanh,113,71,0.005069169650335997,0.9575214341387374,0.006059467521446082,0.9520340012143291,1.0000092115982648
pendigits,tanh,113,72,0.005029209473965406,0.9579111457521434,0.006030857483047522,0.9520340012143291,1.0000003394228365
pendigits,tanh,113,73,0.005020407227219072,0.9583008573655495,0.006027487118020891,0.9520340012143291,0.49394708576928475
pendigits,tanh,113,74,0.004992611794020534,0.9581709534944142,0.005945987716493472,0.9520340012143291,1.0
pendigits,tanh,113,75,0.0049869949229716685,0.9581709534944142,0.005950720550538336,0.9520340012143291,0.9991476858851361
pendigits,tanh,114,1,0.030419379337413427,0.8529488178747726,0.030779546111583855,0.8421372191863995,1.000450737472092
pendigits,tanh,114,2,0.01996272555345027,0.8919199792153806,0.020224994061618824,0.8870673952641166,1.0003131734470432
pendigits,tanh,114,3,0.01643967139723343,0.905040270200052,0.01680514342373172,0.8979963570127505,1.0003070951709219
pendigits,tanh,114,4,0.014077111059938986,0.9167316186022344,0.014643844084254369,0.9095324833029751,1.000206890569201
pendigits,tanh,114,5,0.013748000625653862,0.913354117952715,0.014311687436377075,0.904675166970249,1.0000042600175263
pendigits,tanh,114,6,0.01183152083818482,0.9298519095869057,0.012407264393505047,0.922890103217972,1.015060755487009
pendigits,tanh,114,7,0.01067037596982615,0.9343985450766433,0.011321404607295667,0.9259259259259259,1.000586847848738
pendigits,tanh,114,8,0.010301452990659576,0.9355676799168615,0.010867713338289916,0.9289617486338798,1.000000033035509
pendigits,tanh,114,9,0.009997757742935385,0.9362171992725383,0.010522016309519001,0.9289617486338798,1.0000002750540304
pendigits,tanh,114,10,0.0089148118661724,0.9403741231488698,0.00939543662112606,0.9338190649666059,1.0000002352324258
pendigits,tanh,114,11,0.008531752881539621,0.9420628734736295,0.009073400467964834,0.9374620522161505,1.0000011503720305
pendigits,tanh,114,12,0.008297966785978456,0.9423226812159002,0.008792549881936743,0.9398907103825137,1.000018927299905
pendigits,tanh,114,13,0.008158863308927643,0.9432320083138478,0.008662387815763187,0.9423193685488768,0.999999992601909
pendigits,tanh,114,14,0.007919953322636232,0.9432320083138478,0.008450468303294482,0.9411050394656952,1.000057067969851
pendigits,tanh,114,15,0.00775436926256689,0.942972200571577,0.008264084526250279,0.9411050394656952,1.0000000130690276
pendigits,tanh,114,16,0.007597997461770208,0.944401143154066,0.00816784396132904,0.9423193685488768,1.0000061786976517
pendigits,tanh,114,17,0.007401452427017979,0.9441413354117952,0.00789197815978986,0.9429265330904675,1.0005805197301936
pendigits,tanh,114,18,0.007345881350373056,0.9458300857365549,0.007917041869079707,0.9459623557984214,1.0000000003360772
pendigits,tanh,114,19,0.007151921629149997,0.9455702779942843,0.007715831250621795,0.9447480267152398,1.0000010986781145
pendigits,tanh,114,20,0.00703669420599068,0.946219797349961,0.007623128887390711,0.9453551912568307,0.9751621480368136
pendigits,tanh,114,21,0.006963399828084632,0.9463497012210964,0.00753486221011923,0.9447480267152398,1.000087907831891
pendigits,tanh,114,22,0.006872301123253,0.947259028319044,0.0074924940056607815,0.9447480267152398,0.9977340204058959
pendigits,tanh,114,23,0.006878893071616872,0.9468693167056378,0.007456021801356923,0.9429265330904675,1.000085043574158
pendigits,tanh,114,24,0.006709681018907609,0.9479085476747207,0.0073299744518927476,0.9459623557984214,0.9796662888915781
pendigits,tanh,114,25,0.0066774835321972825,0.9481683554169914,0.0073076803304255,0.9465695203400122,1.000018453963714
pendigits,tanh,114,26,0.006657431170692802,0.9493374902572097,0.007261732025266435,0.9447480267152398,1.0000114629168786
pendigits,tanh,114,27,0.006500432828318475,0.949077682514939,0.007137939086897217,0.9465695203400122,1.0000000010527614
pendigits,tanh,114,28,0.006437471886196386,0.949467394128345,0.007058067598950493,0.9471766848816029,1.0
pendigits,tanh,114,29,0.006394630378094657,0.9498571057417511,0.007034300179556229,0.9459623557984214,0.9675308134974069
pendigits,tanh,114,30,0.00633415318455517,0.9493374902572097,0.00697385585321364,0.9465695203400122,0.9639666208076072
pendigits,tanh,114,31,0.006336733324592168,0.9498571057417511,0.007039345407989862,0.9459623557984214,1.0000000000001898
pendigits,tanh,114,32,0.006272628619106624,0.9495972979994803,0.006901917474147596,0.9477838494231937,1.000002960389181
pendigits,tanh,114,33,0.0061793910389414996,0.9506365289685632,0.0068405151709714255,0.9459623557984214,1.0000003001722337
pendigits,tanh,114,34,0.006133370930619703,0.950896336710834,0.00682039807182386,0.9453551912568307,1.0000000001353457
pendigits,tanh,114,35,0.006085383082173778,0.9511561444531047,0.006792687828155381,0.9465695203400122,1.0000000000001488
pendigits,tanh,114,36,0.0060482664162022845,0.9511561444531047,0.006780992457759279,0.9465695203400122,0.9997886783816458
pendigits,tanh,114,37,0.0059759535459264134,0.9516757599376462,0.006699868679499481,0.9471766848816029,1.0000000003419982
pendigits,tanh,114,38,0.005944782298948136,0.9524551831644583,0.00669301090507457,0.9471766848816029,1.0027188122322177
pendigits,tanh,114,39,0.00596356812118771,0.9515458560665108,0.006704559986016022,0.9477838494231937,1.000000022923597
pendigits,tanh,114,40,0.005841753942229933,0.9529747986489997,0.006603647600510075,0.9477838494231937,1.0000140074418449
pendigits,tanh,114,41,0.005802066660604948,0.9529747986489997,0.006585722111680538,0.9477838494231937,0.6933300825848095
pendigits,tanh,114,42,0.005798184589532079,0.9532346063912704,0.006587394524752784,0.9465695203400122,1.0002425245319
pendigits,tanh,114,43,0.005735748273698783,0.9531047025201351,0.006531598211242733,0.9477838494231937,0.41649882772786634
pendigits,tanh,114,44,0.0056956897797787705,0.9534944141335412,0.006553279632557737,0.9471766848816029,0.79453826800567
pendigits,tanh,114,45,0.005648990243151889,0.9540140296180826,0.006510455309859963,0.9477838494231937,0.9999510040274415
pendigits,tanh,114,46,0.005600009950931554,0.9544037412314887,0.0064804077780677635,0.9483910139647844,0.9135648771480301
pendigits,tanh,114,47,0.005574633901821389,0.954143933489218,0.0064449939154177065,0.9489981785063752,1.0000145022243339
pendigits,tanh,114,48,0.005550927877345624,0.9540140296180826,0.006472302017897822,0.9483910139647844,1.0000163373129818
pendigits,tanh,114,49,0.005491922608419467,0.9549233567160301,0.00643125159088426,0.9489981785063752,0.9459378661578569
pendigits,tanh,114,50,0.005469428614646312,0.9549233567160301,0.006400647710433193,0.9489981785063752,0.9998449687994179
pendigits,tanh,114,51,0.0054449094760862125,0.9547934528448948,0.006416581083172935,0.9483910139647844,1.000607071747506
pendigits,tanh,114,52,0.005422026987128506,0.9551831644583009,0.006404676497874807,0.9483910139647844,0.9992911653117993
pendigits,tanh,114,53,0.005403875044774412,0.9549233567160301,0.006357686566361203,0.9483910139647844,1.000000003559784
pendigits,tanh,114,54,0.005360276058705999,0.9551831644583009,0.006289886376576245,0.9489981785063752,0.9967660476374197
pendigits,tanh,114,55,0.005401312043871602,0.9547934528448948,0.006423849985261979,0.9489981785063752,1.000000005975597
pendigits,tanh,114,56,0.005301737042713555,0.9553130683294362,0.0062892753413195425,0.9489981785063752,0.9459211253236953
pendigits,tanh,114,57,0.005285810387321882,0.9553130683294362,0.006287402840916539,0.9489981785063752,0.42102012178875786
pendigits,tanh,114,58,0.005257631057028845,0.9555728760717069,0.0062543711054070215,0.949605343047966,1.0001573637997212
pendigits,tanh,114,59,0.005252970146003659,0.9554429722005716,0.006266391615959533,0.9502125075895568,0.4337139663382234
pendigits,tanh,114,60,0.005231641610075998,0.9557027799428423,0.006224106741026949,0.9502125075895568,0.6454165826501757
pendigits,tanh,114,61,0.005233004391504342,0.9558326838139777,0.006226131224809541,0.9489981785063752,1.0005915883053862
pendigits,tanh,114,62,0.005193903525073027,0.9558326838139777,0.006242154247099793,0.9489981785063752,1.000016497349685
pendigits,tanh,114,63,0.005170224550276583,0.9560924915562484,0.006193120982192124,0.949605343047966,1.000000000000016
pendigits,tanh,114,64,0.005174415454986388,0.955962587685113,0.006191226733829225,0.9489981785063752,1.0004491240111917
pendigits,tanh,114,65,0.0051341822087758214,0.9562223954273837,0.006192923586211957,0.9489981785063752,0.9895849670261638
pendigits,tanh,114,66,0.005118581984666034,0.9560924915562484,0.006179313769150463,0.9502125075895568,0.5943410751412802
pendigits,tanh,114,67,0.005105347373570932,0.9563522992985191,0.006178523576495196,0.9502125075895568,1.0000000000001343
pendigits,tanh,114,68,0.005086060801985617,0.9563522992985191,0.006181817662873263,0.9502125075895568,1.0000047198017301
pendigits,tanh,114,69,0.0050755822467078585,0.9563522992985191,0.006143793921588918,0.9489981785063752,0.29045241695719465
pendigits,tanh,114,70,0.005061288751863357,0.9566121070407898,0.006135723339167602,0.9483910139647844,1.0000000059102259
pendigits,tanh,114,71,0.005078854618055001,0.9564822031696545,0.006091078622953978,0.9502125075895568,1.0000000014946975
pendigits,tanh,114,72,0.005040850314778611,0.9564822031696545,0.006134660061178798,0.949605343047966,0.9998452262572063
pendigits,tanh,114,73,0.005033052139422518,0.9567420109119251,0.006108669900706313,0.9502125075895568,0.9999057980720638
pendigits,tanh,114,74,0.005104316458926248,0.9563522992985191,0.006257206307525979,0.9489981785063752,1.000000001589042
pendigits,tanh,114,75,0.004990950701306354,0.9566121070407898,0.006076043767241665,0.9502125075895568,1.000171807133285
pendigits,tanh,115,1,0.02866560963364866,0.8684073785398805,0.029052364529370538,0.8609593199757134,1.0001965599834242
pendigits,tanh,115,2,0.019389826002702608,0.8952974798648999,0.01986754376963909,0.8901032179720705,1.0015862712625212
pendigits,tanh,115,3,0.01596962400318642,0.9040010392309691,0.016765123410756134,0.8973891924711597,1.0000000042050208
pendigits,tanh,115,4,0.013978828189350869,0.9158222915042868,0.014756221305242697,0.9089253187613844,1.000001223629262
pendigits,tanh,115,5,0.01247225691000315,0.9251753702260327,0.01323917514773157,0.9186399514268366,1.0000117023182147
pendigits,tanh,115,6,0.011779010364220256,0.9282930631332814,0.012629375649666593,0.9198542805100182,1.0015653090168437
pendigits,tanh,115,7,0.010881360758362863,0.9324499870096129,0.011519034181190166,0.930783242258652,1.000307221581032
pendigits,tanh,115,8,0.010429416702920127,0.9372564302416212,0.011202617578513853,0.9332119004250152,1.0000456723010853
pendigits,tanh,115,9,0.009368024900313219,0.9392049883086516,0.009953657966515966,0.9356405585913783,1.0004866851921026
pendigits,tanh,115,10,0.00884644284151088,0.9415432579890881,0.009481303955082688,0.9374620522161505,1.0000093944565596
pendigits,tanh,115,11,0.008653547374849352,0.9418030657313587,0.00919523430599958,0.9392835458409229,1.0000035772709008
pendigits,tanh,115,12,0.008295776630509647,0.942972200571577,0.008879982774785482,0.9411050394656952,1.0000420284676048
pendigits,tanh,115,13,0.008040901440280567,0.9440114315406599,0.00866814827858072,0.9404978749241044,1.003998276079662
pendigits,tanh,115,14,0.008005407874274607,0.9423226812159002,0.0085687187135309,0.9392835458409229,1.0009838161245568
pendigits,tanh,115,15,0.0076619941036574135,0.9449207586386075,0.008203944320773229,0.9435336976320583,1.0000000172620715
pendigits,tanh,115,16,0.007466545033327161,0.9450506625097428,0.00806227600127819,0.941712204007286,0.9399982165057668
pendigits,tanh,115,17,0.007320671975866041,0.9473889321901793,0.007941125644869523,0.9429265330904675,0.9699777845008752
pendigits,tanh,115,18,0.007308408331008196,0.9469992205767732,0.007906700721833646,0.9435336976320583,1.0000748284411747
pendigits,tanh,115,19,0.00716104256760795,0.9477786438035853,0.0077544233563175404,0.944140862173649,1.0000008045033302
pendigits,tanh,115,20,0.007000346595306462,0.9482982592881268,0.0075538704760482545,0.9459623557984214,1.0000004212251785
pendigits,tanh,115,21,0.0068927181152040945,0.9480384515458561,0.007497367993940881,0.9447480267152398,1.0000000000357572
pendigits,tanh,115,22,0.006766873686674413,0.9493374902572097,0.007338914446286119,0.9459623557984214,1.0000317743515486
pendigits,tanh,115,23,0.006688181361237947,0.949077682514939,0.007239721390797378,0.9459623557984214,1.000002537752086
pendigits,tanh,115,24,0.00661042331469445,0.9484281631592621,0.007141360732126183,0.9453551912568307,1.000000031980692
pendigits,tanh,115,25,0.006597369168888019,0.9479085476747207,0.007154580963921585,0.9453551912568307,1.0000000047440978
pendigits,tanh,115,26,0.00658334256253008,0.949467394128345,0.0071280333807811425,0.9465695203400122,1.000093831758302
pendigits,tanh,115,27,0.006430042353324142,0.9502468173551571,0.006978363562031052,0.9465695203400122,1.0005308221099523
pendigits,tanh,115,28,0.006372884794909999,0.9507664328396986,0.006918921269571867,0.9465695203400122,1.0000000000064388
pendigits,tanh,115,29,0.006294424920527766,0.9510262405819694,0.006884194891620086,0.9471766848816029,0.988030295079974
pendigits,tanh,115,30,0.006212455984097649,0.950896336710834,0.006758327008678913,0.9477838494231937,0.8947330346431327
pendigits,tanh,115,31,0.006241157051972732,0.9514159521953754,0.006845132098578943,0.9465695203400122,0.9998063359758065
pendigits,tanh,115,32,0.00618001944551878,0.9514159521953754,0.006753689366036673,0.9471766848816029,0.9999999727386026
pendigits,tanh,115,33,0.00611673566187654,0.9516757599376462,0.006695854396958635,0.9471766848816029,1.0000000032875829
pendigits,tanh,115,34,0.006063085597123025,0.9521953754221876,0.006649125724622974,0.9477838494231937,0.9901674269612561
pendigits,tanh,115,35,0.005971633072340167,0.9527149909067291,0.0065466474733303776,0.9483910139647844,1.000000000016319
pendigits,tanh,115,36,0.0059494077682133535,0.9524551831644583,0.0065211679672832895,0.9483910139647844,1.0
pendigits,tanh,115,37,0.005892637302810665,0.9533645102624059,0.006555248917574041,0.9489981785063752,1.0000000000026361
pendigits,tanh,115,38,0.005857199494545916,0.9529747986489997,0.0064820884995385655,0.9477838494231937,1.0000001245428114
pendigits,tanh,115,39,0.005797387751638869,0.9532346063912704,0.006446505954457861,0.9502125075895568,0.9486580557316499
pendigits,tanh,115,40,0.005760046030880328,0.9537542218758119,0.006468293703746273,0.9483910139647844,1.0000004948237589
pendigits,tanh,115,41,0.005773530783578156,0.9540140296180826,0.006401885915033683,0.9502125075895568,0.9999280908072999
pendigits,tanh,115,42,0.005648781520575493,0.9540140296180826,0.006352339161420023,0.949605343047966,0.8957920235742465
pendigits,tanh,115,43,0.005675327865188063,0.9538841257469473,0.006390945342067206,0.9489981785063752,0.9999999996061048
pendigits,tanh,115,44,0.005576985125800833,0.954143933489218,0.006320586632588595,0.9489981785063752,1.0000884767008031
pendigits,tanh,115,45,0.005599837740680736,0.954143933489218,0.006314552220123601,0.949605343047966,1.0000028844556266
pendigits,tanh,115,46,0.005547628405804115,0.9544037412314887,0.006264291780748241,0.9508196721311475,1.0000000084145302
pendigits,tanh,115,47,0.005503686917030481,0.9546635489737594,0.006241123886558848,0.9508196721311475,0.714330610644218
pendigits,tanh,115,48,0.005485636169996817,0.9547934528448948,0.006213585865322067,0.9508196721311475,1.0000226652013093
pendigits,tanh,115,49,0.005481768861003695,0.9545336451026241,0.006170333989536667,0.9508196721311475,1.0000000017316995
pendigits,tanh,115,50,0.005441008528030469,0.9545336451026241,0.006225763302220143,0.9502125075895568,1.0
pendigits,tanh,115,51,0.005420837463067367,0.9547934528448948,0.006152011967534709,0.9508196721311475,1.000000000734169
pendigits,tanh,115,52,0.005387610867154793,0.9551831644583009,0.006158958580260349,0.9508196721311475,0.625542002471838
pendigits,tanh,115,53,0.005355066807604495,0.9546635489737594,0.006122252388860349,0.9502125075895568,1.000136162204937
pendigits,tanh,115,54,0.005343278545976077,0.9550532605871654,0.006124579679098107,0.9502125075895568,1.0003117960592713
pendigits,tanh,115,55,0.005409513105802567,0.9547934528448948,0.0062285037794250955,0.9502125075895568,1.0000931665190451
pendigits,tanh,115,56,0.005304192065130616,0.9551831644583009,0.006098987296432379,0.9502125075895568,1.000000012302512
pendigits,tanh,115,57,0.005301036070029156,0.9553130683294362,0.006046050427263318,0.9502125075895568,0.9999998063936908
pendigits,tanh,115,58,0.005270509024884729,0.9553130683294362,0.0060837388263283755,0.9502125075895568,0.9310292602563461
pendigits,tanh,115,59,0.005256238389449408,0.9555728760717069,0.006032059935669352,0.9508196721311475,0.9993171145634255
pendigits,tanh,115,60,0.005231639569418863,0.9554429722005716,0.006022305687795129,0.9502125075895568,1.0000525373392604
pendigits,tanh,115,61,0.005302697572665455,0.9550532605871654,0.006172576329310279,0.949605343047966,1.0000202353739156
pendigits,tanh,115,62,0.00519673167440114,0.9555728760717069,0.006019982785893623,0.9502125075895568,1.0000000347912024
pendigits,tanh,115,63,0.005184751875320043,0.9557027799428423,0.006039352104415895,0.949605343047966,1.0000462368826981
pendigits,tanh,115,64,0.005160301144392716,0.9557027799428423,0.006014272625783884,0.9502125075895568,0.9536713694688884
pendigits,tanh,115,65,0.005147710370892033,0.9557027799428423,0.006010045053209826,0.949605343047966,0.895500836874673
pendigits,tanh,115,66,0.00513465277562498,0.955962587685113,0.006026893566003882,0.949605343047966,1.0000003159299955
pendigits,tanh,115,67,0.005134614773510802,0.9555728760717069,0.0060352082402000675,0.949605343047966,1.0000000000000009
pendigits,tanh,115,68,0.0050929626047583245,0.9558326838139777,0.0059541160871148194,0.949605343047966,1.0003072732913432
pendigits,tanh,115,69,0.005082941935286171,0.955962587685113,0.005954652698283742,0.9502125075895568,1.0055549581330436
pendigits,tanh,115,70,0.0050796159830323855,0.955962587685113,0.005957242590428435,0.9502125075895568,1.0
pendigits,tanh,115,71,0.005055674538059318,0.9558326838139777,0.005925147232527201,0.9502125075895568,1.0000000032787766
pendigits,tanh,115,72,0.005052097462914778,0.955962587685113,0.005907154142350864,0.9502125075895568,1.0
pendigits,tanh,115,73,0.005029902062334676,0.955962587685113,0.005930917671473165,0.949605343047966,0.7384743180289104
pendigits,tanh,115,74,0.005059140731430217,0.9558326838139777,0.005961165232044404,0.949605343047966,1.0000000002988558
pendigits,tanh,115,75,0.00501296695929079,0.955962587685113,0.005902849648487446,0.9502125075895568,1.0001843322534754
pendigits,log,100,1,0.03750852297191168,0.8007274616783581,0.037571769746972135,0.7941712204007286,0.7549922579365709
pendigits,log,100,2,0.02432205103545139,0.8798389191997922,0.02469298538437478,0.8676381299332119,0.6551687115715643
pendigits,log,100,3,0.019791148548144753,0.8903611327617563,0.02023187904921873,0.8809957498482088,0.5742526391017759
pendigits,log,100,4,0.018011086908004653,0.8995843076123669,0.018640192863089985,0.8931390406800243,0.5439475509627882
pendigits,log,100,5,0.015862737602112487,0.9076383476227592,0.016485832742353452,0.9064966605950212,0.530090385510649
pendigits,log,100,6,0.014629347971753134,0.9160820992465576,0.015226021865376015,0.9107468123861566,0.5528371167216644
pendigits,log,100,7,0.013568722023197572,0.9206287347362951,0.01418750654706149,0.914996964177292,0.5078945881097484
pendigits,log,100,8,0.013124171253725633,0.9220576773187841,0.013842827952058694,0.9174256223436551,0.5875507750587448
pendigits,log,100,9,0.012329826380865395,0.9286827747466875,0.012924461933066948,0.9247115968427444,0.6499675585230524
pendigits,log,100,10,0.011576144267251117,0.9316705637828008,0.012124111272858385,0.9259259259259259,0.5219166988002494
pendigits,log,100,11,0.011036158131115472,0.9343985450766433,0.011600051649304138,0.9277474195506983,0.45288149893913016
pendigits,log,100,12,0.010642766157696779,0.9353078721745908,0.011277871638046244,0.9295689131754705,0.4103029359839711
pendigits,log,100,13,0.01031075000399138,0.9358274876591323,0.010847943814383523,0.9289617486338798,0.5081688959207179
pendigits,log,100,14,0.00993973392424787,0.9376461418550273,0.01055681561019711,0.9313904068002429,0.4015643256550266
pendigits,log,100,15,0.00972181867724334,0.9381657573395688,0.010394464147030618,0.9326047358834244,0.5040940333651366
pendigits,log,100,16,0.009451317586249161,0.9398545076643284,0.01010982847494651,0.9356405585913783,0.4023213414149695
pendigits,log,100,17,0.009188038454353417,0.9402442192777345,0.009800002102839087,0.9344262295081968,0.32930115632674467
pendigits,log,100,18,0.009002444244908077,0.9406339308911406,0.009596731228581186,0.9350333940497875,0.37460415245377193
pendigits,log,100,19,0.008830678834518886,0.941153546375682,0.009478397022974646,0.9350333940497875,0.4328397320374106
pendigits,log,100,20,0.008677793162089718,0.9415432579890881,0.009320083308919262,0.9374620522161505,0.27781890070774146
pendigits,log,100,21,0.008610930621135581,0.9431021044427124,0.009174343410558578,0.9398907103825137,0.633521928471748
pendigits,log,100,22,0.008461463731246278,0.9428422967004416,0.00914229802667121,0.941712204007286,0.5440873234117383
pendigits,log,100,23,0.00831026611031488,0.9433619121849831,0.008966311077097172,0.9411050394656952,0.4639295248040559
pendigits,log,100,24,0.00820455423941852,0.9431021044427124,0.008820476960987454,0.9429265330904675,0.489524574189598
pendigits,log,100,25,0.008100581056641461,0.9440114315406599,0.008704201659628697,0.9429265330904675,0.1899397621169733
pendigits,log,100,26,0.008001023390294919,0.9445310470252013,0.008629507414746032,0.944140862173649,0.455016803958384
pendigits,log,100,27,0.007968091746548916,0.944790854767472,0.008560567491746801,0.9435336976320583,0.5214130701057087
pendigits,log,100,28,0.007846034161749687,0.9449207586386075,0.008490994187283022,0.9435336976320583,0.47500390859944547
pendigits,log,100,29,0.007788300940451807,0.9457001818654196,0.008485016690240668,0.9435336976320583,0.5095390212328642
pendigits,log,100,30,0.0076721026296904275,0.9453104702520135,0.008289002133287138,0.944140862173649,0.24680596760910417
pendigits,log,100,31,0.0076172513582515615,0.9454403741231489,0.008236085117327463,0.9435336976320583,0.1696295004667576
pendigits,log,100,32,0.0075527175419656985,0.946219797349961,0.008200974084236524,0.9447480267152398,0.539397823358824
pendigits,log,100,33,0.0074892980761296765,0.9469992205767732,0.008094278161239202,0.9447480267152398,0.4558335634590714
pendigits,log,100,34,0.007438289722206956,0.9464796050922317,0.00803077637736061,0.944140862173649,0.5219334602605585
pendigits,log,100,35,0.007374226166120276,0.9473889321901793,0.007968179391643633,0.9471766848816029,0.18697046484423555
pendigits,log,100,36,0.007320384800738189,0.9477786438035853,0.007921483396558626,0.9453551912568307,0.10324981960183442
pendigits,log,100,37,0.0072654120702426404,0.9479085476747207,0.007857527031955398,0.9471766848816029,0.431921359849574
pendigits,log,100,38,0.007226649807289655,0.94764873993245,0.0078053021873275685,0.9465695203400122,0.43924375237280033
pendigits,log,100,39,0.007202437316947556,0.9481683554169914,0.00783088104162834,0.9459623557984214,0.6145293556245117
pendigits,log,100,40,0.0071360192652840165,0.9481683554169914,0.007720173434745658,0.9465695203400122,0.4202598505676671
pendigits,log,100,41,0.007093636603163105,0.9482982592881268,0.007677712106436342,0.9465695203400122,0.5302988876448579
pendigits,log,100,42,0.007043589621930664,0.9485580670303975,0.007645991571406706,0.9465695203400122,0.16046324428654965
pendigits,log,100,43,0.006999740448027415,0.9484281631592621,0.007579012152644526,0.9465695203400122,0.4554265217505662
pendigits,log,100,44,0.007033237903745806,0.9482982592881268,0.007594410366924501,0.9465695203400122,0.2422150387470988
pendigits,log,100,45,0.007050620718378878,0.9479085476747207,0.007613318441119194,0.9459623557984214,0.450192575946399
pendigits,log,100,46,0.006933308243317961,0.9486879709015329,0.00752831528724508,0.9459623557984214,0.4663411098189837
pendigits,log,100,47,0.006885565104241084,0.9488178747726682,0.007487238251611702,0.9465695203400122,0.44978889867823935
pendigits,log,100,48,0.006848875060841507,0.9488178747726682,0.0074315876793668,0.9465695203400122,0.5150075945567142
pendigits,log,100,49,0.006818558818582615,0.949077682514939,0.007407318255798195,0.9471766848816029,0.5130316802183941
pendigits,log,100,50,0.00677665277762677,0.949077682514939,0.00736608494783627,0.9471766848816029,0.1891672473554359
pendigits,log,100,51,0.006752989428616863,0.9493374902572097,0.007320584559117651,0.9477838494231937,0.15025416868819677
pendigits,log,100,52,0.006735863984831411,0.949467394128345,0.007329117132921004,0.9471766848816029,0.2693304286626555
pendigits,log,100,53,0.006679790781125261,0.9492075863860743,0.007260840148053243,0.9471766848816029,0.42238562074935876
pendigits,log,100,54,0.006653131747491837,0.949077682514939,0.007216851343785396,0.9471766848816029,0.419014329471354
pendigits,log,100,55,0.0066230551411370995,0.9495972979994803,0.0071945411753997525,0.9483910139647844,0.44137738547546396
pendigits,log,100,56,0.006599152829043718,0.949467394128345,0.007173345114440634,0.9477838494231937,0.1370870556451899
pendigits,log,100,57,0.006565853142917371,0.9493374902572097,0.007134525739555838,0.9477838494231937,0.4487921392068982
pendigits,log,100,58,0.00654633516086085,0.9495972979994803,0.00711974333633267,0.9489981785063752,0.5609246312517939
pendigits,log,100,59,0.006519532982408977,0.9493374902572097,0.007090767991177492,0.9477838494231937,0.4275137194800129
pendigits,log,100,60,0.00649240986994226,0.9495972979994803,0.007070648903439907,0.9483910139647844,0.42396872571174843
pendigits,log,100,61,0.006476813473349141,0.9495972979994803,0.007045091992256903,0.9483910139647844,0.329761820684491
pendigits,log,100,62,0.006445567175933648,0.9497272018706158,0.006996679841001532,0.9483910139647844,0.5096570755973509
pendigits,log,100,63,0.006429111206250026,0.949467394128345,0.006988846166346695,0.9477838494231937,0.48745203426516615
pendigits,log,100,64,0.006395717549447437,0.9495972979994803,0.0069588433094948466,0.9477838494231937,0.41852516006710944
pendigits,log,100,65,0.006374813780098138,0.9501169134840218,0.006939014382270896,0.9477838494231937,0.1437973906959235
pendigits,log,100,66,0.0063507585361005595,0.9503767212262926,0.0069051116181290595,0.9489981785063752,0.19166699224829975
pendigits,log,100,67,0.00633557871371769,0.9501169134840218,0.006902187726048843,0.9477838494231937,0.09849051676900417
pendigits,log,100,68,0.006331015526097807,0.9502468173551571,0.006905110128727455,0.9477838494231937,0.5195040143718346
pendigits,log,100,69,0.006321393569934983,0.9497272018706158,0.006907210722033648,0.9489981785063752,0.42137797276019406
pendigits,log,100,70,0.006274075634050348,0.9507664328396986,0.006825863670282375,0.9483910139647844,0.4290100063589724
pendigits,log,100,71,0.0062585364986047325,0.950896336710834,0.006809195831789684,0.9489981785063752,0.11878737149752998
pendigits,log,100,72,0.006243084422070697,0.9503767212262926,0.006815337900010989,0.9477838494231937,0.4350418936779901
pendigits,log,100,73,0.006220378251619371,0.9507664328396986,0.0067905087216774025,0.9483910139647844,0.10768956150804565
pendigits,log,100,74,0.006206877665492173,0.9506365289685632,0.006791569334277397,0.9483910139647844,0.45109830105878357
pendigits,log,100,75,0.006185293322550291,0.9505066250974279,0.006753835528047014,0.9483910139647844,0.40205352805165034
pendigits,log,101,1,0.037629551667930965,0.8026760197453884,0.03753735831408321,0.7935640558591378,0.7567038417109848
pendigits,log,101,2,0.028166384751349513,0.8389191997921538,0.028307296468478904,0.8397085610200364,0.6944607566654583
pendigits,log,101,3,0.022688213995384947,0.8733437256430242,0.022773147598542664,0.8809957498482088,0.6385230109545276
pendigits,log,101,4,0.017203390891566334,0.9134840218238504,0.017246577875720634,0.9198542805100182,0.5887343558173657
pendigits,log,101,5,0.01511586412600681,0.924915562483762,0.01536610980754493,0.9326047358834244,0.545668361586873
pendigits,log,101,6,0.013087346929135312,0.9389451805663809,0.013336994933475772,0.9423193685488768,0.5171925456130382
pendigits,log,101,7,0.011793260695650266,0.9432320083138478,0.01193563587345155,0.944140862173649,0.5155063773929839
pendigits,log,101,8,0.011123123312637108,0.9546635489737594,0.01128690979044327,0.9556769884638737,0.6211139607799063
pendigits,log,101,9,0.009812424320602316,0.9607690309171213,0.009976463675481502,0.9599271402550091,0.5353585738530638
pendigits,log,101,10,0.009142182022360128,0.9623278773707457,0.009256125207149192,0.9611414693381907,0.5431382015365994
pendigits,log,101,11,0.008571481300291676,0.9667446089893479,0.008702530101310191,0.9635701275045537,0.5400398916874141
pendigits,log,101,12,0.008050945963149076,0.9688230709275136,0.008148026959986768,0.9684274438372799,0.5073821169955801
pendigits,log,101,13,0.007683314821576604,0.9698623018965965,0.007816052871307863,0.9672131147540983,0.5123549841920051
pendigits,log,101,14,0.007294442150415656,0.9719407638347622,0.007372615097611531,0.9696417729204615,0.4746234893929017
pendigits,log,101,15,0.006974405337246986,0.972590283190439,0.007127192945874734,0.9720704310868246,0.43467573504501866
pendigits,log,101,16,0.006654639233627633,0.9734996102883866,0.0068358232481700015,0.9744990892531876,0.44431404434010957
pendigits,log,101,17,0.006437130996657747,0.9744089373863342,0.006588410707175102,0.9751062537947783,0.4155232729192012
pendigits,log,101,18,0.006247324361246896,0.9749285528708755,0.006431115606701533,0.9751062537947783,0.5158104979924418
pendigits,log,101,19,0.006042858296306068,0.9766173031956352,0.0062197811094530635,0.9781420765027322,0.41276034666328
pendigits,log,101,20,0.005844809974129816,0.976877110937906,0.00602817163853964,0.9769277474195507,0.43069900470625755
pendigits,log,101,21,0.005695165904453481,0.9771369186801767,0.005935357383148595,0.9781420765027322,0.3086378031181929
pendigits,log,101,22,0.005531800304121438,0.9783060535203949,0.005738197238357182,0.9781420765027322,0.4734601700478546
pendigits,log,101,23,0.005357386091469749,0.9780462457781242,0.005534502045132185,0.9805707346690953,0.261869841059167
pendigits,log,101,24,0.005283609131122293,0.9779163419069888,0.005459984932198551,0.978749241044323,0.4325840688480206
pendigits,log,101,25,0.005132068318840042,0.9783060535203949,0.005285151162935921,0.9799635701275046,0.2448460492709137
pendigits,log,101,26,0.005056482155621829,0.9785658612626656,0.005323218680814926,0.9805707346690953,0.4253838205808086
pendigits,log,101,27,0.005010338412969947,0.979085476747207,0.0050868189122980105,0.9799635701275046,0.49978231273095003
pendigits,log,101,28,0.004902661290395238,0.9798648999740193,0.0050577628732453965,0.9829993928354585,0.39444673401949626
pendigits,log,101,29,0.0049554651260356845,0.978695765133801,0.005254605640489279,0.9805707346690953,0.5743839095549333
pendigits,log,101,30,0.004641664071416492,0.9797349961028838,0.004860214786913091,0.9817850637522769,0.37320765499141995
pendigits,log,101,31,0.004606310220396616,0.9812938425565082,0.004825301760144881,0.9817850637522769,0.2658177491690259
pendigits,log,101,32,0.00451052267004403,0.9810340348142375,0.004737681411975156,0.9823922282938676,0.4083209440124189
pendigits,log,101,33,0.004410641956674858,0.9806443232008314,0.004658082470338456,0.9817850637522769,0.47672690357225056
pendigits,log,101,34,0.004309845318117728,0.9810340348142375,0.00455874529264908,0.9836065573770492,0.4348436927022716
pendigits,log,101,35,0.004245371514935431,0.9809041309431021,0.004504770767835565,0.9823922282938676,0.3299424994597123
pendigits,log,101,36,0.004185844447644787,0.9822031696544558,0.004416834582913274,0.9836065573770492,0.23955000906051677
pendigits,log,101,37,0.0041144451859263615,0.9820732657833203,0.0043714893650477656,0.98421372191864,0.3372047541289108
pendigits,log,101,38,0.004070491248886845,0.9824629773967264,0.004337655605284337,0.9829993928354585,0.3919526361713781
pendigits,log,101,39,0.003986814336727838,0.9831124967524032,0.004220362706513735,0.98421372191864,0.1526418667135855
pendigits,log,101,40,0.003932245879054965,0.9825928812678618,0.00419220914322028,0.9848208864602307,0.28041309441224005
pendigits,log,101,41,0.0038843902811803673,0.9825928812678618,0.004125400645550766,0.9836065573770492,0.2800406814165399
pendigits,log,101,42,0.003817002903273092,0.9836321122369447,0.004091533194606557,0.98421372191864,0.20419244044743626
pendigits,log,101,43,0.0037636177680082446,0.9840218238503508,0.004063452503762834,0.9836065573770492,0.16368960770431815
pendigits,log,101,44,0.0037194198656317254,0.9836321122369447,0.004004034314467062,0.9854280510018215,0.2830855237528258
pendigits,log,101,45,0.003700319609646964,0.9838919199792154,0.004022188409626928,0.9860352155434122,0.4157735360231512
pendigits,log,101,46,0.003614893603244598,0.9844115354637568,0.003946922351770073,0.9848208864602307,0.19561969186237838
pendigits,log,101,47,0.003614305931164074,0.9840218238503508,0.0038979027811269647,0.9854280510018215,0.33908292979857774
pendigits,log,101,48,0.003508820028731868,0.9850610548194336,0.003861482909838715,0.9860352155434122,0.12961069761430183
pendigits,log,101,49,0.0034714666402748586,0.9851909586905689,0.003807333363681113,0.9860352155434122,0.35082469111820275
pendigits,log,101,50,0.003429108676364611,0.9851909586905689,0.003814814363029912,0.9854280510018215,0.37281119032543325
pendigits,log,101,51,0.003379984036106409,0.985580670303975,0.0037575336298395615,0.9854280510018215,0.34433934287806667
pendigits,log,101,52,0.0033465333560909745,0.9857105741751104,0.0037594799945431974,0.9860352155434122,0.24214058530342283
pendigits,log,101,53,0.003302456197124113,0.9862301896596518,0.00373850475297064,0.9854280510018215,0.2862932902210131
pendigits,log,101,54,0.0032511698874098773,0.9863600935307872,0.0036569481919622583,0.9860352155434122,0.18112303360579998
pendigits,log,101,55,0.0032225189260408063,0.9864899974019226,0.0036131976845331505,0.9854280510018215,0.14818542739518573
pendigits,log,101,56,0.0031798423624507864,0.987009612886464,0.0035953479863702694,0.9854280510018215,0.4494662364599212
pendigits,log,101,57,0.0031701786168078913,0.9877890361132762,0.0035865335948660304,0.9860352155434122,0.4708917718339091
pendigits,log,101,58,0.0031039621206779312,0.9871395167575994,0.003544336667412315,0.9860352155434122,0.3485861070375199
pendigits,log,101,59,0.003070344991410805,0.987009612886464,0.0034938516806660314,0.986642380085003,0.2501459524775519
pendigits,log,101,60,0.0030402125401977845,0.9873993244998701,0.0034697354842893537,0.9854280510018215,0.1248559572327102
pendigits,log,101,61,0.0030241419333545435,0.9873993244998701,0.0034817543171369657,0.9860352155434122,0.3195549529383801
pendigits,log,101,62,0.002988919297064939,0.9880488438555469,0.0034213638849333785,0.9860352155434122,0.40296502510599413
pendigits,log,101,63,0.003005187805469082,0.9864899974019226,0.003438157045391991,0.986642380085003,0.45719188641540554
pendigits,log,101,64,0.002926921354199641,0.988438555468953,0.0033762406289817148,0.9878567091681846,0.3158353678224807
pendigits,log,101,65,0.0028988408006531854,0.9879189399844115,0.003359851329995043,0.986642380085003,0.12114575396775767
pendigits,log,101,66,0.0028635724664104736,0.9879189399844115,0.0033217137098752463,0.9860352155434122,0.13344274381539917
pendigits,log,101,67,0.0028435638298011994,0.9881787477266822,0.0032860233647609787,0.9878567091681846,0.14983185563871246
pendigits,log,101,68,0.002813532656197843,0.988828267082359,0.0032817814341232565,0.9878567091681846,0.2648212767841157
pendigits,log,101,69,0.002794224143252087,0.9885684593400883,0.003257138701831861,0.9890710382513661,0.36435690205802757
pendigits,log,101,70,0.0027658365240881104,0.9890880748246298,0.003251791565037859,0.9878567091681846,0.13766290450811278
pendigits,log,101,71,0.0027694126162250035,0.9890880748246298,0.003253646481195289,0.9884638737097754,0.3140415611261924
pendigits,log,101,72,0.0027327286321056545,0.9894777864380359,0.003171839914382961,0.9878567091681846,0.2877218300436681
pendigits,log,101,73,0.0027045393287040676,0.9893478825669005,0.003145370521071643,0.9878567091681846,0.21247374517097048
pendigits,log,101,74,0.0026776416077575835,0.9893478825669005,0.0031568946252446273,0.9890710382513661,0.1349921144011885
pendigits,log,101,75,0.002659734842495513,0.9896076903091712,0.0031472872373536007,0.9890710382513661,0.16459989459740784
pendigits,log,102,1,0.047106719221895986,0.6966744608989348,0.04708327346723559,0.6903460837887068,0.7916540029675088
pendigits,log,102,2,0.02723190986416627,0.8680176669264744,0.02778451750363633,0.8554948391013965,0.7556422525617034
pendigits,log,102,3,0.020193599158331407,0.8926994024421928,0.02052279380961218,0.8901032179720705,0.4548007355878687
pendigits,log,102,4,0.017715123356488942,0.8990646921278254,0.018079707659481786,0.899210686095932,0.7198954577984847
pendigits,log,102,5,0.016134187232200906,0.9062094050402703,0.0165146201026992,0.907103825136612,0.5850033692721788
pendigits,log,102,6,0.015124099100497002,0.91517277214861,0.015770535917346184,0.9083181542197936,0.5259186893622169
pendigits,log,102,7,0.013800679187533433,0.9204988308651598,0.014277313776931744,0.9156041287188829,0.5718386234932819
pendigits,log,102,8,0.013046125341776172,0.9229670044167316,0.013598380395933047,0.9174256223436551,0.6507459035132513
pendigits,log,102,9,0.012471039884037725,0.9277734476487399,0.013100127505194655,0.9247115968427444,0.44864694426329405
pendigits,log,102,10,0.011742504796717814,0.9312808521693946,0.012283819188981911,0.9301760777170613,0.5244687411157266
pendigits,log,102,11,0.011332107889741047,0.9329696024941543,0.012026390561310291,0.9265330904675168,0.5466904454962725
pendigits,log,102,12,0.010733048591295084,0.9363471031436736,0.011339121619892329,0.9313904068002429,0.27683854708846406
pendigits,log,102,13,0.010249233762072919,0.937905949597298,0.010828488985133165,0.9301760777170613,0.36401681536828895
pendigits,log,102,14,0.009945258794077908,0.9380358534684333,0.010519658497113367,0.930783242258652,0.4280923535510434
pendigits,log,102,15,0.00960045040408773,0.9395946999220577,0.010223576915055085,0.9350333940497875,0.47870709663607425
pendigits,log,102,16,0.009371935365918807,0.9405040270200052,0.009996102842917572,0.9344262295081968,0.33196778171848973
pendigits,log,102,17,0.009179539569741105,0.941153546375682,0.009769884134022968,0.9350333940497875,0.46623529804438746
pendigits,log,102,18,0.008951263858556904,0.9419329696024942,0.009647784715542066,0.9374620522161505,0.26806008219795374
pendigits,log,102,19,0.008868214355882384,0.9432320083138478,0.009498769301626178,0.9386763812993322,0.2469859187716806
pendigits,log,102,20,0.008636719663916314,0.942582488958171,0.009311662912736517,0.9380692167577414,0.466063765314902
pendigits,log,102,21,0.008513128736188888,0.9427123928293063,0.009154181371824372,0.9386763812993322,0.3021108215410629
pendigits,log,102,22,0.008374626507129607,0.9434918160561184,0.009124610208851696,0.9386763812993322,0.5065760710349049
pendigits,log,102,23,0.00822904117422803,0.9440114315406599,0.008930357792935485,0.9398907103825137,0.45175206781203336
pendigits,log,102,24,0.00811766578612838,0.9441413354117952,0.008841647963706284,0.9398907103825137,0.3650536026294388
pendigits,log,102,25,0.00800748097580346,0.9440114315406599,0.008713590431744845,0.9392835458409229,0.5292958074246196
pendigits,log,102,26,0.00791142560726428,0.9450506625097428,0.008614380250434343,0.9404978749241044,0.304931671193446
pendigits,log,102,27,0.0078210491770301,0.9449207586386075,0.00854030918883504,0.9398907103825137,0.33959252992564604
pendigits,log,102,28,0.0077854868018871716,0.9442712392829307,0.00845741857040166,0.9398907103825137,0.43562962059939797
pendigits,log,102,29,0.007729962795127979,0.9454403741231489,0.008488935367547969,0.9404978749241044,0.572008974895873
pendigits,log,102,30,0.007602347397827485,0.9450506625097428,0.008327708296592044,0.9404978749241044,0.1974159177129073
pendigits,log,102,31,0.007543386103618073,0.9455702779942843,0.00826542525690257,0.9423193685488768,0.5597441971938193
pendigits,log,102,32,0.007501932366728006,0.944790854767472,0.00821167544320846,0.9411050394656952,0.44313444217109915
pendigits,log,102,33,0.007594310519075205,0.9460898934788257,0.008248544827688057,0.9435336976320583,0.5381155530334587
pendigits,log,102,34,0.0073429545348042856,0.9468693167056378,0.00806552331057975,0.944140862173649,0.41869821094021925
pendigits,log,102,35,0.007298682244674903,0.9469992205767732,0.008017650094557752,0.9435336976320583,0.4453994618673884
pendigits,log,102,36,0.00724410301620028,0.9468693167056378,0.007957051321984227,0.9423193685488768,0.16273730066999967
pendigits,log,102,37,0.007198783283261651,0.9471291244479085,0.007884126921324557,0.9447480267152398,0.24930632580671783
pendigits,log,102,38,0.007133147269839024,0.947259028319044,0.007864412301813157,0.944140862173649,0.5242045892667309
pendigits,log,102,39,0.007103776857270832,0.9471291244479085,0.0078060528091312645,0.944140862173649,0.46987347267398033
pendigits,log,102,40,0.007044003449694629,0.9475188360613146,0.007739604130715439,0.9447480267152398,0.4362437223122682
pendigits,log,102,41,0.0070702333094449085,0.9475188360613146,0.007848672781891079,0.941712204007286,0.5111940251246376
pendigits,log,102,42,0.0069656596895843,0.9479085476747207,0.007664167212409449,0.9453551912568307,0.41622941289130183
pendigits,log,102,43,0.006914245209546435,0.9480384515458561,0.007636931633182971,0.944140862173649,0.24132890679659283
pendigits,log,102,44,0.006873629631389254,0.9486879709015329,0.007614760382931031,0.9447480267152398,0.5243874564141348
pendigits,log,102,45,0.006836762289403272,0.9486879709015329,0.007575489347258129,0.9447480267152398,0.4349839386305515
pendigits,log,102,46,0.0068057760592383516,0.9486879709015329,0.0075201785564782365,0.944140862173649,0.5716256259716601
pendigits,log,102,47,0.006756209607062627,0.9493374902572097,0.0074958657851778585,0.944140862173649,0.24331872321872597
pendigits,log,102,48,0.00673521963982666,0.9493374902572097,0.007465876143874291,0.9453551912568307,0.5355083997908403
pendigits,log,102,49,0.0067106535412570344,0.9505066250974279,0.0075107707512014465,0.9447480267152398,0.5352829362087215
pendigits,log,102,50,0.006638588534145506,0.9505066250974279,0.007410164990036359,0.9453551912568307,0.12639869579717017
pendigits,log,102,51,0.00661858024756616,0.9506365289685632,0.007391354306722351,0.9459623557984214,0.20411451338291747
pendigits,log,102,52,0.0065543942064336756,0.9519355676799168,0.007402034062644866,0.944140862173649,0.2796492959788725
pendigits,log,102,53,0.006500393716390681,0.9519355676799168,0.00736487329526357,0.9447480267152398,0.5071655511391228
pendigits,log,102,54,0.0064573403333527965,0.9519355676799168,0.00730099654553036,0.9459623557984214,0.31956380087420216
pendigits,log,102,55,0.006423386027276855,0.9520654715510523,0.007327236424413772,0.9447480267152398,0.18678277688649572
pendigits,log,102,56,0.006436690984966978,0.9521953754221876,0.007359582403443761,0.9459623557984214,0.5183488374797682
pendigits,log,102,57,0.006349020929970701,0.9523252792933229,0.007265240919192276,0.9459623557984214,0.4648590608744805
pendigits,log,102,58,0.006302735850314808,0.9523252792933229,0.007202590705071365,0.9465695203400122,0.3030034407564544
pendigits,log,102,59,0.0062991587449987155,0.9520654715510523,0.007209173346339788,0.9465695203400122,0.4179650309343315
pendigits,log,102,60,0.006244578128672811,0.9521953754221876,0.0071548482733612235,0.9465695203400122,0.4279404950618912
pendigits,log,102,61,0.006212730413071704,0.9527149909067291,0.007119848459823259,0.9465695203400122,0.06778414531880217
pendigits,log,102,62,0.006203470904755644,0.9528448947778644,0.00709266707812818,0.9465695203400122,0.36114105142903513
pendigits,log,102,63,0.006170527946231035,0.9523252792933229,0.0070710220968547765,0.9465695203400122,0.25500014134832644
pendigits,log,102,64,0.006184040253827838,0.9527149909067291,0.007083282878829167,0.9477838494231937,0.5650856467681015
pendigits,log,102,65,0.006104170920147237,0.9533645102624059,0.007042376945849275,0.9471766848816029,0.5047087642158902
pendigits,log,102,66,0.006086922984800435,0.9533645102624059,0.006990473250702092,0.9471766848816029,0.42993496480817556
pendigits,log,102,67,0.006080385201640441,0.9532346063912704,0.0069654396484649175,0.9471766848816029,0.4321116139145906
pendigits,log,102,68,0.006046985689882848,0.9532346063912704,0.006993599443387039,0.9459623557984214,0.4250310118875952
pendigits,log,102,69,0.006023360619315152,0.9540140296180826,0.006954831046407299,0.9471766848816029,0.563820532624371
pendigits,log,102,70,0.005990916621270012,0.9536243180046765,0.00692727842739596,0.9471766848816029,0.4100007476292127
pendigits,log,102,71,0.005969657189041452,0.9537542218758119,0.006905150388748835,0.9459623557984214,0.29674783917075714
pendigits,log,102,72,0.00595776152535995,0.9536243180046765,0.006927006906719408,0.9465695203400122,0.13420121914331928
pendigits,log,102,73,0.005932200590729533,0.954143933489218,0.006889354265381188,0.9465695203400122,0.2056572826665899
pendigits,log,102,74,0.005924448483499455,0.9536243180046765,0.006842648265666012,0.9477838494231937,0.4416280224838302
pendigits,log,102,75,0.005897145631466024,0.9540140296180826,0.006825560105711219,0.9465695203400122,0.2259440466393776
pendigits,log,103,1,0.049901263033014426,0.7144712912444791,0.050343498566194765,0.7055251973284761,0.8487282128244287
pendigits,log,103,2,0.024521687962477896,0.8752922837100545,0.024816951755930013,0.8688524590163934,0.6186974876460857
pendigits,log,103,3,0.020201656497602284,0.8990646921278254,0.020667410593687145,0.8955676988463873,0.6283169736598888
pendigits,log,103,4,0.01727298838933503,0.9020524811639387,0.017835630206412968,0.9016393442622951,0.5618032047900132
pendigits,log,103,5,0.01570332273973631,0.9107560405300078,0.016179461830679778,0.9101396478445659,0.467398508946169
pendigits,log,103,6,0.014655682490171802,0.9106261366588725,0.015224156782701172,0.9119611414693382,0.552917118904891
pendigits,log,103,7,0.013737283711496599,0.9195895037672123,0.014283170886740106,0.9180327868852459,0.6204799093234462
pendigits,log,103,8,0.012910621279183656,0.923096908287867,0.013508390680407639,0.9192471159684275,0.5396614145724479
pendigits,log,103,9,0.012205443628862984,0.9260846973239802,0.012794723855598506,0.9247115968427444,0.39105753561069345
pendigits,log,103,10,0.01184605032051553,0.9301117173291764,0.01249416499004757,0.9259259259259259,0.5801827485047514
pendigits,log,103,11,0.011334777538816789,0.9298519095869057,0.011963862458138207,0.9247115968427444,0.5544427153321279
pendigits,log,103,12,0.010958892796764937,0.9334892179786958,0.01159895628151022,0.9319975713418336,0.6026399169709146
pendigits,log,103,13,0.010486467983642679,0.9356975837879968,0.01110256891871124,0.9344262295081968,0.36031556127937386
pendigits,log,103,14,0.010122113684083868,0.9382956612107041,0.010720618305617572,0.9374620522161505,0.48856914081059816
pendigits,log,103,15,0.00986312490779352,0.9388152766952456,0.010411099734629278,0.936247723132969,0.5535492084151024
pendigits,log,103,16,0.009490287617531405,0.9402442192777345,0.010020047469315839,0.9374620522161505,0.37265582824090915
pendigits,log,103,17,0.009234331771283731,0.9405040270200052,0.009716549773097998,0.9374620522161505,0.46764297620893636
pendigits,log,103,18,0.009016779943344202,0.9415432579890881,0.0095194981812417,0.9398907103825137,0.4418996063069604
pendigits,log,103,19,0.008864661005799,0.9420628734736295,0.009327930200881464,0.9398907103825137,0.29859620728359
pendigits,log,103,20,0.008657745735626601,0.942972200571577,0.009157443889593645,0.941712204007286,0.3685290508514178
pendigits,log,103,21,0.008617188870850718,0.9436217199272539,0.0091292098008823,0.941712204007286,0.5548681572563116
pendigits,log,103,22,0.008350979266794293,0.9433619121849831,0.00888547680528446,0.9404978749241044,0.46534941993403434
pendigits,log,103,23,0.008263738685612582,0.9437516237983892,0.008786071752739953,0.941712204007286,0.23564150157722508
pendigits,log,103,24,0.008132877874494153,0.9437516237983892,0.008630959663896936,0.9398907103825137,0.49250154679367864
pendigits,log,103,25,0.008019769531224123,0.9445310470252013,0.008516919925414939,0.941712204007286,0.2221397264333192
pendigits,log,103,26,0.007919643143462168,0.9449207586386075,0.008411464984472256,0.9411050394656952,0.5359453530493118
pendigits,log,103,27,0.00781903588086589,0.9451805663808781,0.00833243149659612,0.9411050394656952,0.15197691841326197
pendigits,log,103,28,0.007735219649606914,0.9454403741231489,0.008217222968420987,0.941712204007286,0.5774494234714477
pendigits,log,103,29,0.007662682834819676,0.9455702779942843,0.008144835858389524,0.9429265330904675,0.4273989143181787
pendigits,log,103,30,0.00765982965096334,0.946219797349961,0.00813107554231642,0.9423193685488768,0.5720438301011204
pendigits,log,103,31,0.007528455895550042,0.9458300857365549,0.00802083185794683,0.9429265330904675,0.4785186986347646
pendigits,log,103,32,0.007445995176030683,0.9454403741231489,0.007944317610790452,0.9423193685488768,0.30508315045535045
pendigits,log,103,33,0.00738413951243624,0.9457001818654196,0.007887407531120287,0.9435336976320583,0.4600512239826699
pendigits,log,103,34,0.007334587297963959,0.9466095089633672,0.007843571423609816,0.9435336976320583,0.1961657331149398
pendigits,log,103,35,0.007293914496856102,0.947259028319044,0.007832305056176811,0.9447480267152398,0.5823583868470664
pendigits,log,103,36,0.007228921121928463,0.9471291244479085,0.007734947788247296,0.9447480267152398,0.49446227730271397
pendigits,log,103,37,0.00716303425516874,0.9477786438035853,0.007676468335670791,0.9435336976320583,0.2063801569292633
pendigits,log,103,38,0.007148364684678217,0.947259028319044,0.007624383788476095,0.9453551912568307,0.42838497070077736
pendigits,log,103,39,0.00706320110097587,0.9480384515458561,0.007580645730393206,0.9453551912568307,0.20069909646023773
pendigits,log,103,40,0.0070180451870019795,0.9482982592881268,0.007530964826920069,0.9447480267152398,0.5003388759070933
pendigits,log,103,41,0.006970215260383174,0.9484281631592621,0.007488697534816824,0.9459623557984214,0.23240192409507623
pendigits,log,103,42,0.006930809149143904,0.9492075863860743,0.00745217685133177,0.9459623557984214,0.24941407136681368
pendigits,log,103,43,0.00688585498202992,0.9492075863860743,0.0074037292308168,0.9459623557984214,0.562413552170963
pendigits,log,103,44,0.006869680600157048,0.949467394128345,0.007407590475137141,0.9459623557984214,0.3685347677703823
pendigits,log,103,45,0.006802266790705462,0.9501169134840218,0.007348761138166539,0.9459623557984214,0.08648342199230788
pendigits,log,103,46,0.0068476613589175915,0.9502468173551571,0.007444670494128011,0.9453551912568307,0.4060399283253593
pendigits,log,103,47,0.006726041012332286,0.9505066250974279,0.007307057204770812,0.9465695203400122,0.14081671018553354
pendigits,log,103,48,0.0066835175600600556,0.9502468173551571,0.007255892182657581,0.9459623557984214,0.4247781006444675
pendigits,log,103,49,0.006666425352880313,0.9502468173551571,0.007256021455827317,0.9465695203400122,0.5370869728775917
pendigits,log,103,50,0.006600609420210941,0.9511561444531047,0.007210580430028412,0.9471766848816029,0.28585327840660135
pendigits,log,103,51,0.006566088958960258,0.95128604832424,0.007194862671648035,0.9483910139647844,0.43407345302443234
pendigits,log,103,52,0.0065115628701039735,0.9516757599376462,0.007162277764328935,0.9471766848816029,0.5074594754423265
pendigits,log,103,53,0.006479394480995805,0.9515458560665108,0.007127191795229171,0.9471766848816029,0.33257562480772945
pendigits,log,103,54,0.006479473375795321,0.9514159521953754,0.007147074235189801,0.9459623557984214,0.4160808873923192
pendigits,log,103,55,0.006409865471075797,0.9515458560665108,0.0070647596603353215,0.9471766848816029,0.4239239331072619
pendigits,log,103,56,0.0063939112085971425,0.95128604832424,0.007050895644465305,0.9471766848816029,0.24932546542553996
pendigits,log,103,57,0.00633784457519706,0.9519355676799168,0.007023531098688256,0.9477838494231937,0.46553565783348544
pendigits,log,103,58,0.006345678260661669,0.9520654715510523,0.007063886207404362,0.9477838494231937,0.43125664194140406
pendigits,log,103,59,0.0063150883327305635,0.9523252792933229,0.007021660970138126,0.9477838494231937,0.5326112595448881
pendigits,log,103,60,0.006260833397005596,0.9518056638087815,0.006945223560923147,0.9483910139647844,0.4649040441793678
pendigits,log,103,61,0.006247774483553126,0.9516757599376462,0.006956583116921431,0.9465695203400122,0.44320349533599507
pendigits,log,103,62,0.00621964077772232,0.9524551831644583,0.006943795790132302,0.9477838494231937,0.26705024059301224
pendigits,log,103,63,0.006187406063083727,0.9524551831644583,0.006899687293740744,0.9477838494231937,0.5330097260753008
pendigits,log,103,64,0.0061541016847428505,0.9523252792933229,0.006876693270820498,0.9483910139647844,0.17795236307812407
pendigits,log,103,65,0.006137615167417101,0.9524551831644583,0.006850316241521012,0.9489981785063752,0.3166803031646551
pendigits,log,103,66,0.006109063301767134,0.9527149909067291,0.0068339210267568,0.9489981785063752,0.4247705466713783
pendigits,log,103,67,0.006143338913233077,0.9528448947778644,0.006891881247467211,0.9465695203400122,0.5235171636121665
pendigits,log,103,68,0.006070392511151979,0.9531047025201351,0.006805899822633812,0.9483910139647844,0.4226706417235165
pendigits,log,103,69,0.006065044194793836,0.9532346063912704,0.006788447575958167,0.9483910139647844,0.41666404390392625
pendigits,log,103,70,0.006036227787794231,0.9533645102624059,0.0067790466627572115,0.9483910139647844,0.4134383530819661
pendigits,log,103,71,0.006009617478315359,0.9532346063912704,0.006733502114888262,0.9483910139647844,0.30898109116258793
pendigits,log,103,72,0.006000686383810569,0.9533645102624059,0.0067222481043340936,0.9489981785063752,0.08612843928471105
pendigits,log,103,73,0.005976267634886192,0.9531047025201351,0.006699922054625241,0.9483910139647844,0.05428662447227163
pendigits,log,103,74,0.005961260571421559,0.9533645102624059,0.006691748790741276,0.9489981785063752,0.12851127530757103
pendigits,log,103,75,0.005949806633691512,0.9533645102624059,0.006678752314132476,0.9483910139647844,0.43927174637753474
pendigits,log,104,1,0.04390038917485352,0.753442452585087,0.043688192215435524,0.74802671523983,0.8030995810172609
pendigits,log,104,2,0.028641847374176004,0.8493115094829826,0.029012439230906083,0.8439587128111719,0.7600372344202404
pendigits,log,104,3,0.020407027811278962,0.8854247856586126,0.021030402782972787,0.8779599271402551,0.4827526638376387
pendigits,log,104,4,0.017787657226620072,0.9014029618082618,0.01825974213844052,0.8998178506375227,0.6585046170071727
pendigits,log,104,5,0.01599063469680849,0.9107560405300078,0.016515119839731276,0.9119611414693382,0.6525313404605066
pendigits,log,104,6,0.015007421794238363,0.9153026760197454,0.01564231774211886,0.912568306010929,0.6033003777077122
pendigits,log,104,7,0.013755054329988126,0.9221875811899195,0.0143541472026397,0.9186399514268366,0.46027228843551365
pendigits,log,104,8,0.013013349143848076,0.9269940244219278,0.013563309787535964,0.9277474195506983,0.5443226086959632
pendigits,log,104,9,0.012090548653967987,0.9321901792673422,0.012655510877702756,0.9289617486338798,0.5091879854902966
pendigits,log,104,10,0.011397808688571364,0.9347882566900494,0.011897204809910548,0.9326047358834244,0.5743182089683313
pendigits,log,104,11,0.010871153692961627,0.9364770070148091,0.011330917774604456,0.9319975713418336,0.5574533013026979
pendigits,log,104,12,0.01046762656023713,0.9376461418550273,0.010983389831729053,0.9350333940497875,0.5075487172118835
pendigits,log,104,13,0.010215241816601817,0.9386853728241101,0.010843663457737265,0.9326047358834244,0.6085903487302314
pendigits,log,104,14,0.009723142753386508,0.9406339308911406,0.01029179439368558,0.936247723132969,0.27206407039512187
pendigits,log,104,15,0.00950706343144361,0.9418030657313587,0.010063320293406324,0.9356405585913783,0.524509359509123
pendigits,log,104,16,0.009248948936381866,0.9423226812159002,0.009797260420739378,0.936247723132969,0.3131406849295619
pendigits,log,104,17,0.009023586128893516,0.9432320083138478,0.0096240607381063,0.9380692167577414,0.3883311694563048
pendigits,log,104,18,0.008896895669856532,0.9432320083138478,0.00951386529110683,0.9392835458409229,0.4950984913253379
pendigits,log,104,19,0.008745935523511293,0.9437516237983892,0.009320223031817978,0.9398907103825137,0.6099028957096366
pendigits,log,104,20,0.008518961831649331,0.944401143154066,0.009114668809199424,0.9398907103825137,0.38200685955257513
pendigits,log,104,21,0.008377261736609787,0.944790854767472,0.008962525007196086,0.9411050394656952,0.4880680595701247
pendigits,log,104,22,0.00825935505254738,0.9455702779942843,0.008872281510245744,0.9429265330904675,0.2836533706904722
pendigits,log,104,23,0.008146899484494418,0.9458300857365549,0.008753334382313878,0.941712204007286,0.5209335994585514
pendigits,log,104,24,0.008030390555785655,0.9463497012210964,0.008650552357061688,0.9429265330904675,0.5165995819704943
pendigits,log,104,25,0.007934744531423295,0.9468693167056378,0.008564358333636998,0.9429265330904675,0.2904082920011784
pendigits,log,104,26,0.007895627543856809,0.9463497012210964,0.00853791105325379,0.941712204007286,0.57100419715602
pendigits,log,104,27,0.007747737464870217,0.9466095089633672,0.00837682786955843,0.9429265330904675,0.4664451097358413
pendigits,log,104,28,0.007686356769148416,0.946219797349961,0.008287385451938988,0.944140862173649,0.5584572662375767
pendigits,log,104,29,0.007633056719540289,0.9468693167056378,0.008212313558131828,0.944140862173649,0.45010093752839275
pendigits,log,104,30,0.0075423509432546625,0.9463497012210964,0.008154433099221252,0.9435336976320583,0.4343213355372662
pendigits,log,104,31,0.007455385107168839,0.9473889321901793,0.008061501974977832,0.944140862173649,0.1563925558808837
pendigits,log,104,32,0.00745616586276204,0.947259028319044,0.00813734652200243,0.9429265330904675,0.5989709003459316
pendigits,log,104,33,0.007329341525461762,0.9485580670303975,0.007938407777866687,0.9453551912568307,0.4255361008207921
pendigits,log,104,34,0.007271737937680281,0.9482982592881268,0.007868959902240565,0.9453551912568307,0.1344804991407298
pendigits,log,104,35,0.007233047214084231,0.9493374902572097,0.007826895005915031,0.9459623557984214,0.26977864832203824
pendigits,log,104,36,0.007162379443845199,0.9486879709015329,0.00773090602544169,0.9453551912568307,0.12983675968184819
pendigits,log,104,37,0.007106539450250067,0.9495972979994803,0.007689086048209954,0.9465695203400122,0.5014760844077089
pendigits,log,104,38,0.007059552717139712,0.9495972979994803,0.007632530642132289,0.9471766848816029,0.1934072287313285
pendigits,log,104,39,0.007088734178127271,0.9493374902572097,0.0077008313227598145,0.9459623557984214,0.6159272524034449
pendigits,log,104,40,0.006959517112817761,0.949077682514939,0.007558008694155173,0.9465695203400122,0.4443666792849493
pendigits,log,104,41,0.006938421150415016,0.9493374902572097,0.007533288603237295,0.9465695203400122,0.5330829183684263
pendigits,log,104,42,0.006876140595398709,0.9503767212262926,0.0074665703192402415,0.9483910139647844,0.4386543283877739
pendigits,log,104,43,0.006844243365940824,0.9506365289685632,0.007405253994753232,0.9471766848816029,0.31795432848864985
pendigits,log,104,44,0.006786900909460034,0.9505066250974279,0.007349578974646215,0.9477838494231937,0.3572513607039291
pendigits,log,104,45,0.006758095033315765,0.9502468173551571,0.007350617037418024,0.9471766848816029,0.15988373333692696
pendigits,log,104,46,0.006717867030566424,0.95128604832424,0.007292529325599333,0.9477838494231937,0.44436319651221395
pendigits,log,104,47,0.006679306907068806,0.9506365289685632,0.007258179499815651,0.9477838494231937,0.5121181203324591
pendigits,log,104,48,0.006657355523587464,0.9507664328396986,0.0072418397806324345,0.9471766848816029,0.20244208343676695
pendigits,log,104,49,0.0068088255584640035,0.9507664328396986,0.0072307789596598,0.9489981785063752,0.4526649957842915
pendigits,log,104,50,0.006727957944586697,0.9515458560665108,0.007196701028247492,0.9477838494231937,0.20885681440538348
pendigits,log,104,51,0.006645708836819146,0.9516757599376462,0.007114380000841896,0.9483910139647844,0.07740417915990302
pendigits,log,104,52,0.006600204587176431,0.9518056638087815,0.0070816820747911695,0.9483910139647844,0.4262195560892592
pendigits,log,104,53,0.006547494708470571,0.9515458560665108,0.007014436064635729,0.9483910139647844,0.5626634478300498
pendigits,log,104,54,0.006510005326910128,0.9520654715510523,0.006993612154172872,0.9483910139647844,0.4313449630528419
pendigits,log,104,55,0.006474176437984072,0.9516757599376462,0.006976772416239968,0.9489981785063752,0.4316788825394385
pendigits,log,104,56,0.006442639342106568,0.9521953754221876,0.006941812076428441,0.9489981785063752,0.21314629608938296
pendigits,log,104,57,0.006426437247609364,0.9515458560665108,0.00693183776540315,0.9489981785063752,0.21964785233736228
pendigits,log,104,58,0.0063792740081283225,0.9523252792933229,0.0068897916963183686,0.949605343047966,0.5168527283257648
pendigits,log,104,59,0.0063473619615777655,0.9524551831644583,0.00683436118846124,0.949605343047966,0.4272785737419153
pendigits,log,104,60,0.006323480265515292,0.9528448947778644,0.006823028174018346,0.9483910139647844,0.5077334082561773
pendigits,log,104,61,0.006311324276605425,0.9529747986489997,0.006846126914877472,0.949605343047966,0.17674178208712105
pendigits,log,104,62,0.006275600794807837,0.9528448947778644,0.006798780754941814,0.949605343047966,0.4183075028579088
pendigits,log,104,63,0.00626062005960675,0.9533645102624059,0.006781632758032699,0.949605343047966,0.190053780911826
pendigits,log,104,64,0.006222357654638322,0.9529747986489997,0.006747038904338533,0.9502125075895568,0.14827930113747342
pendigits,log,104,65,0.00620024927315546,0.9527149909067291,0.006730757407344549,0.9502125075895568,0.4448876595436435
pendigits,log,104,66,0.0061843327062992195,0.9529747986489997,0.006738473972912302,0.9502125075895568,0.47983144851770926
pendigits,log,104,67,0.006148334926317659,0.9528448947778644,0.006683747542655983,0.949605343047966,0.5137818901743837
pendigits,log,104,68,0.006136355530858643,0.9534944141335412,0.006692883965232868,0.9502125075895568,0.46635748276172484
pendigits,log,104,69,0.006103456631369363,0.9531047025201351,0.0066697834490467055,0.9508196721311475,0.4616782562991543
pendigits,log,104,70,0.006088134008225193,0.9532346063912704,0.006650093048244604,0.9502125075895568,0.07291784135383834
pendigits,log,104,71,0.006067397757360502,0.9533645102624059,0.0066354803021077356,0.9508196721311475,0.2141360855445916
pendigits,log,104,72,0.006056320554444182,0.9536243180046765,0.006633354747852208,0.9508196721311475,0.5235414080205827
pendigits,log,104,73,0.006026196298959474,0.9533645102624059,0.006577353009973886,0.9502125075895568,0.11909606153918463
pendigits,log,104,74,0.006024893720755568,0.9534944141335412,0.006608114165835351,0.9508196721311475,0.4288229767441809
pendigits,log,104,75,0.005985293558721599,0.9534944141335412,0.006542714017159092,0.9514268366727383,0.5694287117422788
pendigits,log,105,1,0.056263735384696485,0.6114575214341388,0.05681946434119592,0.6089860352155434,0.8345504983805258
pendigits,log,105,2,0.02645302177330112,0.8677578591842037,0.026712342725033908,0.8536733454766242,0.6828245609009771
pendigits,log,105,3,0.020754774124262545,0.8906209405040271,0.021220727884925274,0.8834244080145719,0.6595302019869729
pendigits,log,105,4,0.017805135934633936,0.9020524811639387,0.01842415256447925,0.8937462052216151,0.5462827876408854
pendigits,log,105,5,0.015955022194062515,0.9121849831124967,0.01645177111790678,0.9107468123861566,0.38149558423358976
pendigits,log,105,6,0.01525078873486883,0.9149129644063393,0.015727591366846344,0.9113539769277474,0.5511719257736444
pendigits,log,105,7,0.013608576870795527,0.9246557547414913,0.014054471706650046,0.9216757741347905,0.534872293901503
pendigits,log,105,8,0.013033806812534042,0.9294621979734996,0.013403573040156961,0.9271402550091075,0.6039201453497874
pendigits,log,105,9,0.012042922392188961,0.9319303715250714,0.012470430406518313,0.928354584092289,0.6137768411928238
pendigits,log,105,10,0.011451978449777533,0.9325798908807482,0.011850217489256675,0.930783242258652,0.4846358170620329
pendigits,log,105,11,0.01094575098436774,0.9341387373343726,0.01139703923507705,0.9326047358834244,0.30060433630953015
pendigits,log,105,12,0.01066139732181312,0.9342686412055079,0.010962830127504122,0.9319975713418336,0.5640832716601234
pendigits,log,105,13,0.010260600522287317,0.9355676799168615,0.010656559263055582,0.9313904068002429,0.5239991288654562
pendigits,log,105,14,0.009956077905120524,0.9375162379838919,0.010309913909083623,0.9338190649666059,0.3568423892171227
pendigits,log,105,15,0.009719773246596012,0.9385554689529748,0.010168038988110598,0.9356405585913783,0.6441680581942739
pendigits,log,105,16,0.009524256243479388,0.9384255650818394,0.009929725537140653,0.9356405585913783,0.5701166929814876
pendigits,log,105,17,0.0093270316452985,0.9403741231488698,0.009790949523845073,0.9356405585913783,0.40758954605083714
pendigits,log,105,18,0.00910559910297294,0.9401143154065991,0.009557536028038183,0.936247723132969,0.5051138042476454
pendigits,log,105,19,0.008947327096421074,0.941153546375682,0.009399715149545492,0.9380692167577414,0.5608554039018397
pendigits,log,105,20,0.008768695959038184,0.9421927773447649,0.009163903580198677,0.9392835458409229,0.5274882199532558
pendigits,log,105,21,0.008635712840681873,0.942582488958171,0.009074219323484635,0.9380692167577414,0.541074976278983
pendigits,log,105,22,0.008515557389540738,0.9432320083138478,0.00897873278778878,0.9411050394656952,0.41791797093652194
pendigits,log,105,23,0.00838881295574377,0.9427123928293063,0.008838881153713063,0.9404978749241044,0.4412648138380654
pendigits,log,105,24,0.008299297846993734,0.9436217199272539,0.008735281284540042,0.9398907103825137,0.5650076128721767
pendigits,log,105,25,0.00819180063381714,0.9434918160561184,0.008651968844617006,0.9404978749241044,0.5705360808020105
pendigits,log,105,26,0.008092896061267014,0.9440114315406599,0.008506421989800403,0.941712204007286,0.4440999998425586
pendigits,log,105,27,0.008041005004679,0.9445310470252013,0.008510396308516292,0.9423193685488768,0.46614109027022954
pendigits,log,105,28,0.007910837917515052,0.9446609508963367,0.008392763907793685,0.9423193685488768,0.4354784840579645
pendigits,log,105,29,0.007845271352426289,0.944790854767472,0.008266294586413508,0.9429265330904675,0.4324621810608486
pendigits,log,105,30,0.007749819155647672,0.9458300857365549,0.008211400002114047,0.9423193685488768,0.4530313815097036
pendigits,log,105,31,0.007668554473159267,0.9458300857365549,0.008145838101191981,0.9435336976320583,0.2777843559297205
pendigits,log,105,32,0.007628276661670918,0.9458300857365549,0.008067281424910991,0.9429265330904675,0.5138767565497747
pendigits,log,105,33,0.007539599781262265,0.9466095089633672,0.008033148462034314,0.9453551912568307,0.5316555143288836
pendigits,log,105,34,0.007498318981613507,0.9471291244479085,0.007968153153658505,0.9447480267152398,0.4648764875984622
pendigits,log,105,35,0.007432845349858246,0.9469992205767732,0.007902116984312299,0.9453551912568307,0.4493207049483122
pendigits,log,105,36,0.007374455900897563,0.9471291244479085,0.007846258604259984,0.9453551912568307,0.43497865956468174
pendigits,log,105,37,0.007331148044532979,0.94764873993245,0.007838403025171808,0.9459623557984214,0.4438548440478238
pendigits,log,105,38,0.007287858112278554,0.9475188360613146,0.007750317030023866,0.9453551912568307,0.5105335383865615
pendigits,log,105,39,0.00722248859297186,0.94764873993245,0.007704287781291996,0.9453551912568307,0.10901033470957279
pendigits,log,105,40,0.007158598906341816,0.9482982592881268,0.007632950566990419,0.9453551912568307,0.18149915264546324
pendigits,log,105,41,0.00710424064907816,0.9484281631592621,0.0075984771175110445,0.9447480267152398,0.1382806423057285
pendigits,log,105,42,0.007082206216543128,0.9481683554169914,0.007608061559676395,0.9453551912568307,0.39081882335887147
pendigits,log,105,43,0.007018936896808437,0.9488178747726682,0.007513036278214181,0.9453551912568307,0.32022771612999035
pendigits,log,105,44,0.006977696582837714,0.9486879709015329,0.007469664557789753,0.9453551912568307,0.3964895898487339
pendigits,log,105,45,0.006952064370186109,0.9495972979994803,0.007442738328936551,0.9465695203400122,0.4578573728695196
pendigits,log,105,46,0.0069214997045462,0.9486879709015329,0.007394637152477773,0.9465695203400122,0.4992735897389885
pendigits,log,105,47,0.006854227826677681,0.949467394128345,0.0073406990783647895,0.9471766848816029,0.20956643884025916
pendigits,log,105,48,0.006823252229863505,0.9492075863860743,0.007314637818019703,0.9465695203400122,0.18234948306670642
pendigits,log,105,49,0.00677927840383379,0.9497272018706158,0.007288553287546589,0.9471766848816029,0.46141364000355195
pendigits,log,105,50,0.006784298168653655,0.9493374902572097,0.007259530554096258,0.9477838494231937,0.5548234721885161
pendigits,log,105,51,0.006713403045630463,0.9501169134840218,0.007187039291896264,0.9471766848816029,0.17451539395979807
pendigits,log,105,52,0.0066934366618378194,0.9499870096128865,0.007173877996078195,0.9465695203400122,0.4230271222734605
pendigits,log,105,53,0.006675642863245488,0.949467394128345,0.007178305366221761,0.9459623557984214,0.31135486979731414
pendigits,log,105,54,0.0066410849209460774,0.9501169134840218,0.007088685251908518,0.9477838494231937,0.47847750954335067
pendigits,log,105,55,0.006583769648586433,0.9507664328396986,0.00708757460819196,0.9483910139647844,0.14224192950450987
pendigits,log,105,56,0.006554465667695531,0.9505066250974279,0.007067007852687358,0.9483910139647844,0.5095612683786647
pendigits,log,105,57,0.006526526944227944,0.950896336710834,0.007023935704231247,0.9483910139647844,0.4339789353439289
pendigits,log,105,58,0.00650990206406077,0.9506365289685632,0.0070202153822201165,0.9483910139647844,0.5133732957363396
pendigits,log,105,59,0.006476849438253813,0.9510262405819694,0.0069486657094050604,0.9483910139647844,0.0718281964107071
pendigits,log,105,60,0.00643915237748638,0.9510262405819694,0.006944786301362852,0.9483910139647844,0.41390808964375814
pendigits,log,105,61,0.006410321581560097,0.9515458560665108,0.006893846667756242,0.9483910139647844,0.21988451231770537
pendigits,log,105,62,0.006389568277725755,0.950896336710834,0.006900927688750978,0.9483910139647844,0.2914437056364677
pendigits,log,105,63,0.006363765797974919,0.9516757599376462,0.0068891132232405655,0.9483910139647844,0.41595889591520396
pendigits,log,105,64,0.006338616432681267,0.9520654715510523,0.006867449019185132,0.9489981785063752,0.5167018532253456
pendigits,log,105,65,0.006385580246510309,0.9520654715510523,0.006967325649953466,0.9477838494231937,0.5755310903572042
pendigits,log,105,66,0.006266943786495821,0.9520654715510523,0.006826376415964304,0.9483910139647844,0.4316582953124592
pendigits,log,105,67,0.006236228424644982,0.9521953754221876,0.006800328907576498,0.9489981785063752,0.16486024670131794
pendigits,log,105,68,0.006216015266750337,0.9521953754221876,0.006798494903327805,0.9489981785063752,0.20071013658966108
pendigits,log,105,69,0.006178052876796611,0.9527149909067291,0.006750082316079056,0.9483910139647844,0.1809105303505806
pendigits,log,105,70,0.006162630938086554,0.9528448947778644,0.0067541734835217795,0.9489981785063752,0.15810324852757174
pendigits,log,105,71,0.006131691568118084,0.9528448947778644,0.0067464221934932225,0.9489981785063752,0.2912053999842151
pendigits,log,105,72,0.006098214071542916,0.9529747986489997,0.006699027181742824,0.9489981785063752,0.1306058807150307
pendigits,log,105,73,0.006073116855609797,0.9531047025201351,0.006694819594918845,0.949605343047966,0.29516845257552904
pendigits,log,105,74,0.006117068346355691,0.9529747986489997,0.006779684048933087,0.9477838494231937,0.5065514367062166
pendigits,log,105,75,0.006032644157299601,0.9534944141335412,0.006656951770724072,0.9489981785063752,0.05655817103568504
pendigits,log,106,1,0.06068712114641758,0.49649259547934527,0.06104445864092293,0.49058894960534305,0.8803935861006291
pendigits,log,106,2,0.04044032015182021,0.7013510002598078,0.040408943674944936,0.7006678809957498,0.622143815841962
pendigits,log,106,3,0.023870601682407684,0.8903611327617563,0.024194843824244295,0.8785670916818458,0.6473423707467855
pendigits,log,106,4,0.018665410807236108,0.9030917121330215,0.018996233665377213,0.8986035215543412,0.6801803127026362
pendigits,log,106,5,0.016043132149734542,0.9114055598856846,0.016650332207244437,0.9089253187613844,0.5716392252929452
pendigits,log,106,6,0.014837388302224884,0.9145232527929332,0.015357855508024537,0.9131754705525197,0.6660994271638367
pendigits,log,106,7,0.013674515540386867,0.9211483502208366,0.014270955964878842,0.9143897996357013,0.427993215696599
pendigits,log,106,8,0.01276127529029069,0.9258248895817095,0.013341053574759959,0.9216757741347905,0.5481440501352278
pendigits,log,106,9,0.01209064211505434,0.9288126786178228,0.012654128362386689,0.9277474195506983,0.6241946066449124
pendigits,log,106,10,0.01141202576480306,0.9319303715250714,0.012013530120501499,0.9289617486338798,0.39111226655735537
pendigits,log,106,11,0.010956177985111431,0.9358274876591323,0.011503569151766318,0.9344262295081968,0.5657807325551594
pendigits,log,106,12,0.010544242320124174,0.9373863341127565,0.01102279630716434,0.936247723132969,0.5753851794794854
pendigits,log,106,13,0.010090358860040952,0.9392049883086516,0.010609457605680479,0.9386763812993322,0.42618406780700363
pendigits,log,106,14,0.009876925719955132,0.9395946999220577,0.010308375957507297,0.9380692167577414,0.5114706970516414
pendigits,log,106,15,0.009493400287861956,0.9401143154065991,0.01001421072204222,0.9386763812993322,0.21170243236790787
pendigits,log,106,16,0.00941299656639785,0.9407638347622759,0.009970549743216362,0.9404978749241044,0.35103747691608594
pendigits,log,106,17,0.00925857965013723,0.941153546375682,0.009809923068425454,0.9386763812993322,0.5704673896527106
pendigits,log,106,18,0.008970216733934763,0.9420628734736295,0.00955522714580737,0.941712204007286,0.6067076804632463
pendigits,log,106,19,0.0087455810348349,0.9418030657313587,0.009276966273731955,0.941712204007286,0.49317973542374677
pendigits,log,106,20,0.008634150441119233,0.9433619121849831,0.009157790610944728,0.941712204007286,0.5344172214620063
pendigits,log,106,21,0.00847689606708234,0.942972200571577,0.008997982052498578,0.941712204007286,0.4594646638310332
pendigits,log,106,22,0.008359464169062272,0.9432320083138478,0.008930825409103204,0.9423193685488768,0.49797437059708854
pendigits,log,106,23,0.008288561876841991,0.9436217199272539,0.008882899065295904,0.9423193685488768,0.598303899768831
pendigits,log,106,24,0.008132638451794343,0.9445310470252013,0.008651904420093566,0.944140862173649,0.5918892539346661
pendigits,log,106,25,0.008039500172145633,0.9440114315406599,0.008556379973358022,0.9423193685488768,0.3342629037010211
pendigits,log,106,26,0.007977439726555917,0.9436217199272539,0.008509912680448234,0.9435336976320583,0.4672897384661556
pendigits,log,106,27,0.007883034806584175,0.9446609508963367,0.008431777033668156,0.9447480267152398,0.47010637298429697
pendigits,log,106,28,0.007799545494853046,0.9438815276695246,0.008331747675121128,0.944140862173649,0.4563188755251287
pendigits,log,106,29,0.007718924333605435,0.9453104702520135,0.008238056180459393,0.9453551912568307,0.46276611902835196
pendigits,log,106,30,0.007710249584013706,0.9451805663808781,0.008276916879571144,0.9447480267152398,0.48033374014254143
pendigits,log,106,31,0.00761409676318849,0.946219797349961,0.008182115538780742,0.9459623557984214,0.5274387333859417
pendigits,log,106,32,0.007534930116344054,0.9450506625097428,0.008054937837635662,0.9459623557984214,0.18775809697238557
pendigits,log,106,33,0.00748036007342203,0.9455702779942843,0.007997672297655701,0.9459623557984214,0.15706229403687225
pendigits,log,106,34,0.007424030540755005,0.9454403741231489,0.007935516314798512,0.9453551912568307,0.5450938650999199
pendigits,log,106,35,0.0074016396329069836,0.9467394128345025,0.007960915396768128,0.9471766848816029,0.40560043356764924
pendigits,log,106,36,0.007314864584627794,0.947259028319044,0.007858354831582232,0.9465695203400122,0.4292022511081329
pendigits,log,106,37,0.007259023826733329,0.9468693167056378,0.007790851522774928,0.9465695203400122,0.42547235133184
pendigits,log,106,38,0.007224627283430119,0.9468693167056378,0.007748838733157283,0.9471766848816029,0.4266026553344761
pendigits,log,106,39,0.0072074988969692295,0.9471291244479085,0.007712410474397105,0.9471766848816029,0.4106234023489951
pendigits,log,106,40,0.007150155669387418,0.9475188360613146,0.007703333784115929,0.9471766848816029,0.3982630595414814
pendigits,log,106,41,0.007110395420956205,0.9475188360613146,0.007662190250353049,0.9471766848816029,0.4487955468402962
pendigits,log,106,42,0.0070487491801591775,0.947259028319044,0.007571171724992132,0.9471766848816029,0.45029843790749485
pendigits,log,106,43,0.0070051846486063486,0.9473889321901793,0.007549630590368694,0.9471766848816029,0.24263075279527407
pendigits,log,106,44,0.006969800348829522,0.9473889321901793,0.007505519685343345,0.9471766848816029,0.44922384759752226
pendigits,log,106,45,0.00693379004517986,0.9479085476747207,0.007471525305063241,0.9471766848816029,0.2079158576901136
pendigits,log,106,46,0.006907171019865798,0.9473889321901793,0.007455815968510886,0.9471766848816029,0.47149530534634404
pendigits,log,106,47,0.006860031912126091,0.94764873993245,0.00740547060133413,0.9471766848816029,0.4379422078587066
pendigits,log,106,48,0.0068283506443539204,0.9485580670303975,0.007378357023817615,0.9483910139647844,0.2573911829498385
pendigits,log,106,49,0.006803972187246907,0.9482982592881268,0.007346732118125219,0.9483910139647844,0.2255663647063889
pendigits,log,106,50,0.0067716964304548434,0.9484281631592621,0.007321630290460901,0.9483910139647844,0.058234476145322664
pendigits,log,106,51,0.0067566679374423495,0.9488178747726682,0.0073248686976710425,0.9483910139647844,0.45372729018725516
pendigits,log,106,52,0.0067045039701435685,0.949077682514939,0.0072759402617986685,0.9483910139647844,0.5107761715788195
pendigits,log,106,53,0.00669224846514117,0.949077682514939,0.007252152263303609,0.9483910139647844,0.46534239980697967
pendigits,log,106,54,0.006657998449731581,0.949467394128345,0.007242870931137271,0.9483910139647844,0.2647752746660341
pendigits,log,106,55,0.006652394271628444,0.9495972979994803,0.007228726595198697,0.9477838494231937,0.4717791937602499
pendigits,log,106,56,0.0066065451888720145,0.9495972979994803,0.007178180121602301,0.9477838494231937,0.4314224515320198
pendigits,log,106,57,0.006572888561037221,0.9498571057417511,0.007153692667375868,0.9471766848816029,0.4442845731627835
pendigits,log,106,58,0.006544269206501491,0.9499870096128865,0.007112915308357192,0.9483910139647844,0.24122204520553508
pendigits,log,106,59,0.006519322161489295,0.9506365289685632,0.007116444901566557,0.9477838494231937,0.41566063746331366
pendigits,log,106,60,0.006488097976749043,0.9502468173551571,0.007056616362800878,0.9483910139647844,0.42121451995150366
pendigits,log,106,61,0.006466588367802786,0.9501169134840218,0.0070293489125578135,0.9471766848816029,0.47464860555105964
pendigits,log,106,62,0.00645655213270126,0.9499870096128865,0.007051285140113625,0.9483910139647844,0.5076155475062929
pendigits,log,106,63,0.006419069498080318,0.9507664328396986,0.007014643012347337,0.9471766848816029,0.6294406100541701
pendigits,log,106,64,0.006408631023725254,0.9505066250974279,0.007042641566102573,0.9471766848816029,0.431443873788002
pendigits,log,106,65,0.006365255119843948,0.9506365289685632,0.006980359870618834,0.9483910139647844,0.4184797332618547
pendigits,log,106,66,0.006338912281281002,0.9506365289685632,0.0069493156807053985,0.9483910139647844,0.25313587497799933
pendigits,log,106,67,0.006326765657112323,0.9506365289685632,0.006950509473505865,0.9471766848816029,0.49544080210091623
pendigits,log,106,68,0.006291242900319004,0.9507664328396986,0.00691726262214712,0.9483910139647844,0.17636501579953046
pendigits,log,106,69,0.006272276976430899,0.9511561444531047,0.006902033995385189,0.9465695203400122,0.4176323378334631
pendigits,log,106,70,0.006268977146149919,0.9516757599376462,0.006920472723026191,0.9477838494231937,0.5693801333216253
pendigits,log,106,71,0.0062385560603352395,0.9507664328396986,0.006875088361952931,0.9471766848816029,0.4462054962462724
pendigits,log,106,72,0.006205179239729565,0.9516757599376462,0.00685860795964254,0.9471766848816029,0.5185222808507277
pendigits,log,106,73,0.006189844594853275,0.9515458560665108,0.006851845672146396,0.9471766848816029,0.4290862923539608
pendigits,log,106,74,0.006158379071194878,0.9516757599376462,0.00681930353905535,0.9459623557984214,0.4509304255261134
pendigits,log,106,75,0.006137990520856813,0.9516757599376462,0.006810687067028616,0.9471766848816029,0.43566663560320984
pendigits,log,107,1,0.041564430679173675,0.7772148610028579,0.0416553675037247,0.7656344869459624,0.7763967490552395
pendigits,log,107,2,0.02394226508794472,0.8817874772668226,0.024132829631427235,0.8755312689738919,0.7245823456090356
pendigits,log,107,3,0.019897120960430635,0.889191997921538,0.02031223253742842,0.8852459016393442,0.5663183395052561
pendigits,log,107,4,0.017593165580039198,0.8977656534164719,0.018090452969967155,0.8961748633879781,0.47909707245270866
pendigits,log,107,5,0.01607332789166524,0.9055598856845934,0.016486926684887312,0.9016393442622951,0.4839168228276753
pendigits,log,107,6,0.014982706207791211,0.9137438295661211,0.015646859191668264,0.9052823315118397,0.5587580962637446
pendigits,log,107,7,0.014112461830139917,0.9160820992465576,0.014694337715072165,0.9143897996357013,0.6686473977811054
pendigits,log,107,8,0.013138084155468525,0.9242660431280852,0.01379795525216136,0.9192471159684275,0.5197345885783569
pendigits,log,107,9,0.012353333243858853,0.9268641205507924,0.012898129010028339,0.9222829386763813,0.6181114558160213
pendigits,log,107,10,0.011806415747873247,0.9324499870096129,0.012443753444814347,0.9326047358834244,0.4815681929355851
pendigits,log,107,11,0.011197693639317836,0.9342686412055079,0.01182295920821977,0.930783242258652,0.4849875719366522
pendigits,log,107,12,0.010681973896340008,0.9369966224993505,0.011194246596192793,0.9326047358834244,0.4657632067199488
pendigits,log,107,13,0.010429261041235285,0.9382956612107041,0.011008768095714985,0.9356405585913783,0.41319375005618325
pendigits,log,107,14,0.009980107685409394,0.939724603793193,0.010562145416869055,0.9386763812993322,0.45426793514031794
pendigits,log,107,15,0.00966406616302599,0.9398545076643284,0.010158889125056256,0.9356405585913783,0.49963405741911543
pendigits,log,107,16,0.009379448436089384,0.9412834502468174,0.009999338699011324,0.9392835458409229,0.5282406511461867
pendigits,log,107,17,0.009227179548508352,0.9405040270200052,0.009802939795673387,0.9374620522161505,0.5990997108917415
pendigits,log,107,18,0.009038240855332974,0.942582488958171,0.009627558816244998,0.9404978749241044,0.5996815519703211
pendigits,log,107,19,0.008784684565930921,0.9434918160561184,0.00939403938281422,0.941712204007286,0.4583232251662801
pendigits,log,107,20,0.008601674490751963,0.9427123928293063,0.00923392441145014,0.941712204007286,0.48636039231325184
pendigits,log,107,21,0.00849636370408744,0.9436217199272539,0.009118267853977834,0.9404978749241044,0.5210243333363833
pendigits,log,107,22,0.0083081038725808,0.9440114315406599,0.008917953996220817,0.9429265330904675,0.5448378063761397
pendigits,log,107,23,0.008194457583132362,0.9438815276695246,0.008819871385495868,0.941712204007286,0.35011158769100104
pendigits,log,107,24,0.008106876197188797,0.9440114315406599,0.00873576055748687,0.9423193685488768,0.3239147516312896
pendigits,log,107,25,0.007991024032936979,0.9450506625097428,0.00863771970969305,0.9429265330904675,0.24056957390670272
pendigits,log,107,26,0.007941058298778657,0.9446609508963367,0.00860097302402725,0.944140862173649,0.609087356959646
pendigits,log,107,27,0.00800192276533745,0.9451805663808781,0.008641665025192037,0.9429265330904675,0.4676920326667177
pendigits,log,107,28,0.007850643642224566,0.9454403741231489,0.008509299166230298,0.9447480267152398,0.3130497723965705
pendigits,log,107,29,0.007786752721867139,0.9466095089633672,0.00842875027586928,0.9435336976320583,0.5081169750174286
pendigits,log,107,30,0.007772599755554233,0.9460898934788257,0.008397259518542075,0.9435336976320583,0.45811564840754476
pendigits,log,107,31,0.00760468136626582,0.9468693167056378,0.008261042936371064,0.9453551912568307,0.29406885697201524
pendigits,log,107,32,0.007536169694391106,0.9468693167056378,0.008224012498602407,0.9447480267152398,0.5582707295316117
pendigits,log,107,33,0.007479504777001248,0.9468693167056378,0.008156987542048924,0.9447480267152398,0.18250507667079297
pendigits,log,107,34,0.007411822117068777,0.9469992205767732,0.008092180411506448,0.9453551912568307,0.5323889064800352
pendigits,log,107,35,0.00734923959533833,0.9481683554169914,0.008018889075653738,0.9447480267152398,0.5263767587099073
pendigits,log,107,36,0.007278946177842688,0.9477786438035853,0.007954881174742686,0.9453551912568307,0.5771422975999236
pendigits,log,107,37,0.007265705906679936,0.9475188360613146,0.007896968845803667,0.9435336976320583,0.4237024626635447
pendigits,log,107,38,0.007166681202068416,0.9485580670303975,0.007825657077245423,0.9453551912568307,0.43179760416562163
pendigits,log,107,39,0.007116160736785484,0.9482982592881268,0.00776363235884599,0.9459623557984214,0.5018129000276145
pendigits,log,107,40,0.007070497232068308,0.9482982592881268,0.0077491120980055965,0.9465695203400122,0.4534724621024663
pendigits,log,107,41,0.007023987374720517,0.9492075863860743,0.007671693552327501,0.9453551912568307,0.24157115014070787
pendigits,log,107,42,0.006983392754089618,0.9486879709015329,0.0076507915129908925,0.9453551912568307,0.4662896593770111
pendigits,log,107,43,0.006981933457411065,0.9489477786438035,0.007671303913349651,0.9465695203400122,0.489863508931308
pendigits,log,107,44,0.006902443456470052,0.9489477786438035,0.007544533234906435,0.9459623557984214,0.15507573298760208
pendigits,log,107,45,0.006869716024796427,0.949077682514939,0.007554184784054111,0.9471766848816029,0.4415708672431753
pendigits,log,107,46,0.0068337853541821595,0.9493374902572097,0.007483926250141195,0.9459623557984214,0.08772219413642895
pendigits,log,107,47,0.006866486259547941,0.9485580670303975,0.007558324384719026,0.9465695203400122,0.4572100565552301
pendigits,log,107,48,0.006750986892738922,0.9495972979994803,0.007414863006191087,0.9453551912568307,0.38248786723524647
pendigits,log,107,49,0.006724846366809721,0.9498571057417511,0.0073853921121394975,0.9465695203400122,0.5278567067378248
pendigits,log,107,50,0.006698135436182844,0.9499870096128865,0.007371544867247376,0.9459623557984214,0.5147474025513418
pendigits,log,107,51,0.006667918632334083,0.9503767212262926,0.0073304557203055535,0.9465695203400122,0.3212027444822101
pendigits,log,107,52,0.006622897217350172,0.9502468173551571,0.007279252159695718,0.9459623557984214,0.24300227236861185
pendigits,log,107,53,0.006631526563215201,0.9499870096128865,0.007274911739668032,0.9465695203400122,0.46164627658502166
pendigits,log,107,54,0.006568268850080074,0.9505066250974279,0.007225333961968031,0.9459623557984214,0.509047443567785
pendigits,log,107,55,0.0065445895088987955,0.9498571057417511,0.007223829962519427,0.9471766848816029,0.4301566098802651
pendigits,log,107,56,0.00652670395464305,0.9502468173551571,0.007228701671605346,0.9453551912568307,0.29910563407532254
pendigits,log,107,57,0.006486163573923177,0.9503767212262926,0.0071671610971220925,0.9465695203400122,0.4134207069838362
pendigits,log,107,58,0.006477431803491589,0.9503767212262926,0.007125421229401631,0.9471766848816029,0.4473679390669282
pendigits,log,107,59,0.006455565251878131,0.9510262405819694,0.007111149481739522,0.9471766848816029,0.48054096882114977
pendigits,log,107,60,0.006419056228626067,0.9505066250974279,0.007064959726453373,0.9471766848816029,0.4145109032008897
pendigits,log,107,61,0.006386741992321098,0.950896336710834,0.007036187170925239,0.9477838494231937,0.4281113479772375
pendigits,log,107,62,0.006354963873369638,0.9510262405819694,0.007037620035427865,0.9471766848816029,0.5088019276170543
pendigits,log,107,63,0.006334666395924044,0.9510262405819694,0.00701445349777084,0.9471766848816029,0.2594839468951135
pendigits,log,107,64,0.006316861131984607,0.9511561444531047,0.007012836800345192,0.9477838494231937,0.393545478846187
pendigits,log,107,65,0.006293240208888206,0.95128604832424,0.006991996602318008,0.9471766848816029,0.4400078243415858
pendigits,log,107,66,0.006270549950883905,0.9518056638087815,0.006993557349870005,0.9483910139647844,0.5692177932863947
pendigits,log,107,67,0.006244438351855715,0.9514159521953754,0.006954174475049482,0.9477838494231937,0.2092611586693476
pendigits,log,107,68,0.006225132925010523,0.9518056638087815,0.006932111800878953,0.9477838494231937,0.5176135224233914
pendigits,log,107,69,0.006196766046109139,0.9521953754221876,0.00688470636088304,0.9477838494231937,0.07564016043058859
pendigits,log,107,70,0.006174637063175671,0.9523252792933229,0.006893041009644854,0.9489981785063752,0.4137130584090296
pendigits,log,107,71,0.006146458885440243,0.9523252792933229,0.006860490134157813,0.9483910139647844,0.1517085729939985
pendigits,log,107,72,0.00615247248190688,0.9521953754221876,0.006904903182407656,0.9465695203400122,0.4615683096976344
pendigits,log,107,73,0.006104839522361109,0.9521953754221876,0.006837845505626538,0.9477838494231937,0.5580655546168571
pendigits,log,107,74,0.006088659771411995,0.9524551831644583,0.006843865717793706,0.9483910139647844,0.5195537919934862
pendigits,log,107,75,0.0061053821823734014,0.9523252792933229,0.006845461351103951,0.9465695203400122,0.4113231345666969
pendigits,log,108,1,0.04494898371734548,0.733567160301377,0.045323570315834595,0.72434729811779,0.7918236108233191
pendigits,log,108,2,0.03017021465193409,0.8148869836321122,0.030327711452035697,0.8136004857316332,0.653453166943999
pendigits,log,108,3,0.01974658172618282,0.8937386334112757,0.0202570791459644,0.8907103825136612,0.6533210068892052
pendigits,log,108,4,0.01736260469809258,0.900753442452585,0.01806980129046619,0.896782027929569,0.6977236437454356
pendigits,log,108,5,0.015566978326692033,0.9085476747207066,0.016302160395067336,0.8998178506375227,0.6246799402214588
pendigits,log,108,6,0.014505731199026031,0.9128345024681735,0.015132101075266313,0.9107468123861566,0.5430337390672609
pendigits,log,108,7,0.01487224641775931,0.9072486360093531,0.015787417500393832,0.899210686095932,0.6987273502153915
pendigits,log,108,8,0.012677537620165616,0.9229670044167316,0.013419298378484113,0.9162112932604736,0.4782951287814212
pendigits,log,108,9,0.012266452263419436,0.9259547934528449,0.013092581513717253,0.9180327868852459,0.48601077729189596
pendigits,log,108,10,0.011551689114703846,0.9293322941023643,0.01244832014182098,0.9234972677595629,0.5433166359224666
pendigits,log,108,11,0.011137324441970312,0.9319303715250714,0.01204456429787503,0.9259259259259259,0.3491892647918052
pendigits,log,108,12,0.010808036162613817,0.933229410236425,0.011727890526614559,0.9259259259259259,0.4435992518053602
pendigits,log,108,13,0.010481824099775775,0.934658352818914,0.011407138369951475,0.9277474195506983,0.5170761906518204
pendigits,log,108,14,0.010210933361310267,0.9350480644323201,0.011120044941066314,0.9277474195506983,0.40949989529397135
pendigits,log,108,15,0.009930060454759443,0.9381657573395688,0.010833520008803749,0.9326047358834244,0.3258303511227929
pendigits,log,108,16,0.009713695240875517,0.9385554689529748,0.010603959274010899,0.9350333940497875,0.4259086613782368
pendigits,log,108,17,0.009522882936261015,0.9412834502468174,0.010333603513292709,0.9398907103825137,0.46633253271882685
pendigits,log,108,18,0.009417122048961018,0.9410236425045466,0.010248645923527798,0.9386763812993322,0.6403537626864281
pendigits,log,108,19,0.00899513101424492,0.9433619121849831,0.00975266806884241,0.9380692167577414,0.4914935868378098
pendigits,log,108,20,0.008802196028291622,0.9438815276695246,0.009487587460954025,0.9398907103825137,0.2777372124694117
pendigits,log,108,21,0.0087066961240728,0.944790854767472,0.009407564127997486,0.9423193685488768,0.5401734318182366
pendigits,log,108,22,0.008502553634674724,0.9449207586386075,0.009176705040726226,0.9404978749241044,0.3885125646867469
pendigits,log,108,23,0.008354333200641951,0.9451805663808781,0.009070972891821424,0.9411050394656952,0.5416036347737884
pendigits,log,108,24,0.008217815410751058,0.9454403741231489,0.008909894487569311,0.9404978749241044,0.3058374915885864
pendigits,log,108,25,0.008116400418647767,0.9460898934788257,0.00877653783227692,0.941712204007286,0.4477723911717265
pendigits,log,108,26,0.008067169181023423,0.9460898934788257,0.008772074549227394,0.941712204007286,0.5857192727902382
pendigits,log,108,27,0.00792512639156983,0.9459599896076903,0.00860996280911279,0.941712204007286,0.5159803098630187
pendigits,log,108,28,0.007846031570911783,0.9466095089633672,0.008554588154279502,0.941712204007286,0.5308473451681095
pendigits,log,108,29,0.007743622854321919,0.9463497012210964,0.008422316375674949,0.941712204007286,0.516323912099655
pendigits,log,108,30,0.007661790701001543,0.9471291244479085,0.00833615383017886,0.944140862173649,0.5345777179021354
pendigits,log,108,31,0.007582623786536918,0.9475188360613146,0.008254230450980213,0.941712204007286,0.5353030470983474
pendigits,log,108,32,0.007501712422924324,0.947259028319044,0.008135705141639412,0.944140862173649,0.3116397833411757
pendigits,log,108,33,0.007445247511977764,0.9486879709015329,0.008087241702839242,0.9453551912568307,0.4169686264942208
pendigits,log,108,34,0.007379167265169926,0.949077682514939,0.008033878374344956,0.9465695203400122,0.1650442021877549
pendigits,log,108,35,0.007312910542750352,0.9485580670303975,0.00794722350244269,0.9459623557984214,0.08883751486273127
pendigits,log,108,36,0.007256291896768326,0.9486879709015329,0.007875400217956383,0.9459623557984214,0.21992287058999324
pendigits,log,108,37,0.007200219238151342,0.9486879709015329,0.007859659441099178,0.9453551912568307,0.43292395557502955
pendigits,log,108,38,0.0073060365378412075,0.9493374902572097,0.007935112626165112,0.9459623557984214,0.44016470425532594
pendigits,log,108,39,0.00708471801237699,0.9493374902572097,0.007716476400397786,0.9465695203400122,0.5422091730878487
pendigits,log,108,40,0.007031419013158676,0.9499870096128865,0.007629950437178976,0.9471766848816029,0.39646447494842607
pendigits,log,108,41,0.006989188228845101,0.9497272018706158,0.007594749664900646,0.9459623557984214,0.5793317627647804
pendigits,log,108,42,0.00696230253718588,0.9495972979994803,0.007548481186955476,0.9459623557984214,0.5406257583310826
pendigits,log,108,43,0.0068810605092209575,0.9505066250974279,0.007488557671710758,0.9459623557984214,0.16590338251549902
pendigits,log,108,44,0.0068510346343680865,0.9507664328396986,0.007464889459061391,0.9465695203400122,0.5172535402608708
pendigits,log,108,45,0.0068032113888416845,0.950896336710834,0.007391064601727773,0.9465695203400122,0.3047495487902538
pendigits,log,108,46,0.006769892753275356,0.9501169134840218,0.007356745972936336,0.9465695203400122,0.2644085553462277
pendigits,log,108,47,0.006736854362634064,0.950896336710834,0.007321291265324849,0.9471766848816029,0.43589978025511666
pendigits,log,108,48,0.006695088849372842,0.9510262405819694,0.007305630957278968,0.9483910139647844,0.5165834529472444
pendigits,log,108,49,0.0066530792381166584,0.9505066250974279,0.00724666014596398,0.9477838494231937,0.47369512637771327
pendigits,log,108,50,0.006613257500968898,0.9510262405819694,0.007203798259015867,0.9489981785063752,0.4486250092255391
pendigits,log,108,51,0.006619351283589742,0.9515458560665108,0.007228491417726299,0.9489981785063752,0.4797341674621841
pendigits,log,108,52,0.006565598939111629,0.9516757599376462,0.007161175047699472,0.9489981785063752,0.43596783771278735
pendigits,log,108,53,0.006532040375238086,0.9518056638087815,0.007131571408464853,0.9489981785063752,0.46046678928818185
pendigits,log,108,54,0.006502679309028718,0.95128604832424,0.007083107694225898,0.949605343047966,0.31325403452503264
pendigits,log,108,55,0.006473467292910551,0.9516757599376462,0.007048303219052281,0.9508196721311475,0.154209816918234
pendigits,log,108,56,0.006435495118264126,0.9515458560665108,0.0070017796803980015,0.9502125075895568,0.25892933518970357
pendigits,log,108,57,0.006434845912467663,0.9516757599376462,0.006990835022984696,0.9508196721311475,0.4772660907592996
pendigits,log,108,58,0.0064259993914681564,0.9514159521953754,0.006990926067810582,0.9502125075895568,0.480825125315088
pendigits,log,108,59,0.0063412430735258095,0.9527149909067291,0.006915051027249838,0.949605343047966,0.07732702552769256
pendigits,log,108,60,0.006326646926523706,0.9519355676799168,0.006905511394757213,0.9502125075895568,0.5135640509084094
pendigits,log,108,61,0.006296295479164698,0.9525850870355936,0.006890167606479574,0.949605343047966,0.4390272641285785
pendigits,log,108,62,0.006269353333986064,0.9527149909067291,0.00685323370580038,0.949605343047966,0.43091046114698217
pendigits,log,108,63,0.0062566464054982915,0.9523252792933229,0.006830517439500763,0.9502125075895568,0.3268624850101383
pendigits,log,108,64,0.006219318074052147,0.9525850870355936,0.00679246323106089,0.9502125075895568,0.0896084243539949
pendigits,log,108,65,0.006194547534357554,0.9527149909067291,0.006770311536617246,0.949605343047966,0.1343750291136121
pendigits,log,108,66,0.006182733189834899,0.9524551831644583,0.0067403102199943814,0.9502125075895568,0.4073281738104745
pendigits,log,108,67,0.006178444574876243,0.9527149909067291,0.00672523064871332,0.9502125075895568,0.5127542365010245
pendigits,log,108,68,0.0061447790048535875,0.9529747986489997,0.0067314740877566235,0.949605343047966,0.12161325617269121
pendigits,log,108,69,0.006119591111526743,0.9527149909067291,0.006696963663150103,0.949605343047966,0.5001642712793379
pendigits,log,108,70,0.006112541395121376,0.9528448947778644,0.0067179035869747074,0.9508196721311475,0.5389642031063996
pendigits,log,108,71,0.006084079156611513,0.9531047025201351,0.006650299402019489,0.9502125075895568,0.42284985171580936
pendigits,log,108,72,0.006078697436833395,0.9528448947778644,0.0066623517491190744,0.949605343047966,0.48198764815566175
pendigits,log,108,73,0.006043143392324484,0.9529747986489997,0.0066002560955005065,0.9502125075895568,0.06382002429824847
pendigits,log,108,74,0.00602854491317664,0.9532346063912704,0.006618446540292604,0.949605343047966,0.5557352332514501
pendigits,log,108,75,0.0060105692772326105,0.9532346063912704,0.006620292633569642,0.949605343047966,0.1038551900716404
pendigits,log,109,1,0.044901008875910024,0.7544816835541699,0.045573160646456716,0.7370977534911961,0.8293614753174744
pendigits,log,109,2,0.02535623038119888,0.8767212262925436,0.0256283928849401,0.8639951426836673,0.674691736755339
pendigits,log,109,3,0.02032209421875864,0.8895817095349441,0.02084321184902445,0.8816029143897997,0.61344336163947
pendigits,log,109,4,0.018078441357755253,0.9002338269680437,0.018515751341093983,0.896782027929569,0.7013234839868484
pendigits,log,109,5,0.015967539080080955,0.906858924395947,0.016381725239786152,0.9083181542197936,0.6365982145501928
pendigits,log,109,6,0.014935530491385317,0.9142634450506625,0.01559484249507648,0.9083181542197936,0.6432604254578944
pendigits,log,109,7,0.013742496135212686,0.9197194076383476,0.014394345282842868,0.914996964177292,0.6153798294397581
pendigits,log,109,8,0.013126087889184745,0.921667965705378,0.013715785579072944,0.9198542805100182,0.5297228743644712
pendigits,log,109,9,0.012399652943570504,0.9242660431280852,0.013075272467884888,0.9210686095931998,0.39966226577194597
pendigits,log,109,10,0.011833890562589747,0.9286827747466875,0.012541085958621394,0.9234972677595629,0.5231829745081585
pendigits,log,109,11,0.011346282481493627,0.9315406599116653,0.012045890625481264,0.9265330904675168,0.45457949283361065
pendigits,log,109,12,0.010979975441602906,0.9353078721745908,0.011542588566080253,0.9350333940497875,0.4583724567157098
pendigits,log,109,13,0.010477533811936442,0.9355676799168615,0.010982914138234368,0.9326047358834244,0.5345304478976866
pendigits,log,109,14,0.010118399675695519,0.9369966224993505,0.010660033888256492,0.9332119004250152,0.4136176963597173
pendigits,log,109,15,0.009798859451228988,0.9395946999220577,0.010358537158986892,0.9344262295081968,0.4634841631686098
pendigits,log,109,16,0.009663801367588607,0.9392049883086516,0.01021628607039604,0.9356405585913783,0.5153148741702391
pendigits,log,109,17,0.009379156844965215,0.9395946999220577,0.009991676955428281,0.9350333940497875,0.46578307720906875
pendigits,log,109,18,0.00913305218729908,0.9407638347622759,0.00972052433012041,0.9386763812993322,0.6148004237750626
pendigits,log,109,19,0.008921690482393876,0.9423226812159002,0.009533451037327998,0.9386763812993322,0.45408190720993163
pendigits,log,109,20,0.00874122106839484,0.9424525850870356,0.009319461626435105,0.9386763812993322,0.4714730802041903
pendigits,log,109,21,0.008623138112863936,0.9436217199272539,0.009222962773571227,0.9404978749241044,0.47020298793011805
pendigits,log,109,22,0.008500607571796687,0.9428422967004416,0.009132528956439541,0.9398907103825137,0.3214492800808338
pendigits,log,109,23,0.008345179551964054,0.9433619121849831,0.008980762460872899,0.9398907103825137,0.4674791701159229
pendigits,log,109,24,0.008214313874754919,0.9434918160561184,0.008829118238561152,0.9398907103825137,0.29514436993859294
pendigits,log,109,25,0.008116903679636134,0.9442712392829307,0.008753318593454969,0.9411050394656952,0.2906446858052321
pendigits,log,109,26,0.008075754250244108,0.9445310470252013,0.008714918522847727,0.9411050394656952,0.5225125524715366
pendigits,log,109,27,0.008013814838041368,0.9438815276695246,0.008656375665598477,0.941712204007286,0.5966343360202613
pendigits,log,109,28,0.00788560898148523,0.9436217199272539,0.008482484688026362,0.941712204007286,0.14619059241608257
pendigits,log,109,29,0.007762114124198612,0.9450506625097428,0.008393482498363565,0.9423193685488768,0.49606183580039015
pendigits,log,109,30,0.007691700546414121,0.9449207586386075,0.008330972629229069,0.941712204007286,0.44646713153799245
pendigits,log,109,31,0.007682627781731065,0.9458300857365549,0.008320506462805115,0.9429265330904675,0.5493802676294921
pendigits,log,109,32,0.007560638388065638,0.9453104702520135,0.008215917555797059,0.9423193685488768,0.4659866866602917
pendigits,log,109,33,0.007553820839296045,0.9459599896076903,0.008188720534535026,0.944140862173649,0.6353108369070887
pendigits,log,109,34,0.007426680197915823,0.9458300857365549,0.008082390812567366,0.9429265330904675,0.5638872112860206
pendigits,log,109,35,0.007357140480548195,0.9466095089633672,0.007978761969603025,0.9429265330904675,0.2778313996767406
pendigits,log,109,36,0.0072941364425433254,0.9466095089633672,0.007939245754463645,0.9435336976320583,0.4272670292710903
pendigits,log,109,37,0.007243517141612872,0.9468693167056378,0.00786056956173182,0.9435336976320583,0.25864460035764186
pendigits,log,109,38,0.007283188350247255,0.947259028319044,0.00790804734246394,0.9447480267152398,0.4758635581918947
pendigits,log,109,39,0.007127466797928034,0.94764873993245,0.007785499034752513,0.944140862173649,0.22393856208566676
pendigits,log,109,40,0.0070921375119629825,0.947259028319044,0.007742729720181068,0.9453551912568307,0.4683010859185001
pendigits,log,109,41,0.007089854813611062,0.9477786438035853,0.0077227829569905745,0.9471766848816029,0.5371810514649791
pendigits,log,109,42,0.006993738025193881,0.9489477786438035,0.0076645940381922465,0.9471766848816029,0.14432288752073974
pendigits,log,109,43,0.006952480181701397,0.9480384515458561,0.007609332238546802,0.9477838494231937,0.450295514645699
pendigits,log,109,44,0.0068946807673120865,0.9489477786438035,0.007561598138055591,0.9471766848816029,0.46111434675615603
pendigits,log,109,45,0.006858944664166502,0.9488178747726682,0.007554968571783411,0.9465695203400122,0.2481348424816271
pendigits,log,109,46,0.0068043678897625765,0.9498571057417511,0.007501762186124516,0.9483910139647844,0.3583289376709014
pendigits,log,109,47,0.006769451127970398,0.9501169134840218,0.007440432565312628,0.9489981785063752,0.47518488463002084
pendigits,log,109,48,0.006733873575484883,0.9501169134840218,0.007435932495743971,0.9483910139647844,0.33636235784803287
pendigits,log,109,49,0.006678216913831392,0.9507664328396986,0.007420006130032752,0.9489981785063752,0.42934230689725095
pendigits,log,109,50,0.006638914954967025,0.9511561444531047,0.007361806738074241,0.9483910139647844,0.5736293861430348
pendigits,log,109,51,0.0066050012607039976,0.9510262405819694,0.007353949394678911,0.9483910139647844,0.22079447325020304
pendigits,log,109,52,0.006595613098232787,0.9510262405819694,0.007397136564714723,0.9471766848816029,0.5049687937358389
pendigits,log,109,53,0.006515636580508196,0.9515458560665108,0.007299252266195177,0.9489981785063752,0.21236896542978004
pendigits,log,109,54,0.006657487458518138,0.9514159521953754,0.007484209520118739,0.9465695203400122,0.5730073361357023
pendigits,log,109,55,0.006453582148117028,0.9516757599376462,0.007252902798695296,0.9489981785063752,0.4407015822966037
pendigits,log,109,56,0.00641255311425196,0.9516757599376462,0.007201110495268749,0.9489981785063752,0.42252588037204686
pendigits,log,109,57,0.0064390800984405385,0.95128604832424,0.007238502008452761,0.9471766848816029,0.497848126670881
pendigits,log,109,58,0.006342577471878934,0.9523252792933229,0.007153211287009982,0.9483910139647844,0.4496904894965081
pendigits,log,109,59,0.006324342588879409,0.9523252792933229,0.007153793888232618,0.9483910139647844,0.47209416091373907
pendigits,log,109,60,0.0062747442432776615,0.9529747986489997,0.007106533745915598,0.9489981785063752,0.1848106552758031
pendigits,log,109,61,0.006244537253944322,0.9525850870355936,0.007074187389404459,0.9489981785063752,0.43108213965744513
pendigits,log,109,62,0.006226528521354143,0.9531047025201351,0.007072116971772003,0.9489981785063752,0.5511318958453102
pendigits,log,109,63,0.0061873871913266055,0.9531047025201351,0.007028077130966953,0.9489981785063752,0.23357065418943418
pendigits,log,109,64,0.006191343522068974,0.9529747986489997,0.007040475396747728,0.9477838494231937,0.46374001515782215
pendigits,log,109,65,0.006134917265587913,0.9528448947778644,0.00698616388165913,0.9489981785063752,0.06861389986447768
pendigits,log,109,66,0.006121869703592001,0.9534944141335412,0.006999993277532544,0.9489981785063752,0.4313735157573228
pendigits,log,109,67,0.0060952635961567065,0.9534944141335412,0.006980305265953078,0.9489981785063752,0.4134319802810618
pendigits,log,109,68,0.00607040574094546,0.9532346063912704,0.0069372006448067194,0.949605343047966,0.3975150860656479
pendigits,log,109,69,0.006040326779369298,0.9536243180046765,0.00689688561629391,0.9483910139647844,0.1684231472182732
pendigits,log,109,70,0.006022370025913991,0.9532346063912704,0.00686494415858142,0.9483910139647844,0.22310949004631653
pendigits,log,109,71,0.00599684651406606,0.9533645102624059,0.006858872691597275,0.9489981785063752,0.4200557731701106
pendigits,log,109,72,0.005981469487843767,0.9534944141335412,0.006838211320807244,0.9489981785063752,0.5053448052464612
pendigits,log,109,73,0.0059583444870765145,0.9534944141335412,0.006822469921449567,0.949605343047966,0.4739089116672776
pendigits,log,109,74,0.005936577752663083,0.9537542218758119,0.006786348753572675,0.949605343047966,0.25810696032602687
pendigits,log,109,75,0.005919801512739023,0.9540140296180826,0.00679374728519964,0.949605343047966,0.4136254460917187
pendigits,log,110,1,0.04890921250985883,0.6579631073005976,0.048931054830404254,0.6533090467516697,0.8650532962662503
pendigits,log,110,2,0.024918393759860033,0.8793193037152507,0.02535993599068672,0.8749241044323012,0.7499250026443607
pendigits,log,110,3,0.020378878873209494,0.8912704598597038,0.02083286005369746,0.8852459016393442,0.5732418023746058
pendigits,log,110,4,0.01777776746723184,0.900363730839179,0.018376272769290835,0.896782027929569,0.5477751263534231
pendigits,log,110,5,0.016111839296378182,0.9086775785918421,0.016679884262000195,0.904675166970249,0.6617990605598435
pendigits,log,110,6,0.014796775921402668,0.9149129644063393,0.015430936318603476,0.9119611414693382,0.6904803351948455
pendigits,log,110,7,0.013804574507697214,0.9172512340867758,0.014419498882510874,0.9143897996357013,0.4819632229265537
pendigits,log,110,8,0.013015097549823992,0.921667965705378,0.013662608238789078,0.9198542805100182,0.5771925399662944
pendigits,log,110,9,0.012356865095373842,0.9256949857105742,0.012977360464921308,0.9234972677595629,0.3456851100343835
pendigits,log,110,10,0.011997846273412546,0.9271239282930631,0.012625000039447857,0.922890103217972,0.4764457287522701
pendigits,log,110,11,0.01135090548336892,0.9319303715250714,0.01200513403698788,0.9295689131754705,0.6332335760066701
pendigits,log,110,12,0.010820875359456219,0.9334892179786958,0.01139517156020666,0.930783242258652,0.3422158944720281
pendigits,log,110,13,0.010455467086449895,0.9351779683034555,0.011024915754321907,0.9332119004250152,0.3369181349804582
pendigits,log,110,14,0.010123457847426087,0.9364770070148091,0.010643190748724309,0.9338190649666059,0.44869911774577215
pendigits,log,110,15,0.009888053134265497,0.9368667186282151,0.010437233786047771,0.9350333940497875,0.5333009185952103
pendigits,log,110,16,0.009587178223974533,0.9384255650818394,0.010147404905366007,0.936247723132969,0.6315927263382322
pendigits,log,110,17,0.009365996067014742,0.9394647960509224,0.009860949922605838,0.9380692167577414,0.5803695994251821
pendigits,log,110,18,0.009180765334255136,0.9394647960509224,0.009665492984087356,0.9374620522161505,0.5270174358285431
pendigits,log,110,19,0.008960323079719024,0.9405040270200052,0.00946074329541406,0.9392835458409229,0.2760440568532661
pendigits,log,110,20,0.00887221964132198,0.9402442192777345,0.00934724809557981,0.9386763812993322,0.2798897803456296
pendigits,log,110,21,0.00877419363737761,0.941153546375682,0.009237251568144101,0.9392835458409229,0.5115678685582017
pendigits,log,110,22,0.008580899586978481,0.9424525850870356,0.009096633966460831,0.941712204007286,0.35729649692460247
pendigits,log,110,23,0.00844513914112764,0.9416731618602234,0.008992529374265486,0.9411050394656952,0.6055723275635937
pendigits,log,110,24,0.008304368855984545,0.9424525850870356,0.008785142233959691,0.9411050394656952,0.16252415522416827
pendigits,log,110,25,0.008188552106129851,0.9433619121849831,0.008673847321883293,0.9423193685488768,0.4317163238335136
pendigits,log,110,26,0.008157217950386358,0.9442712392829307,0.008600164138732368,0.9435336976320583,0.39560449387274865
pendigits,log,110,27,0.00801675104526352,0.9432320083138478,0.008484495056793504,0.9423193685488768,0.24666186884841662
pendigits,log,110,28,0.007929780659420795,0.9437516237983892,0.008408311403708874,0.941712204007286,0.45506698087562214
pendigits,log,110,29,0.007902176571944584,0.9441413354117952,0.008375174829869375,0.941712204007286,0.29037554258994913
pendigits,log,110,30,0.0077953270445105674,0.9445310470252013,0.008271605024735073,0.9435336976320583,0.1935121766951287
pendigits,log,110,31,0.007706966841163969,0.9454403741231489,0.008169040562574736,0.9429265330904675,0.5411271853151599
pendigits,log,110,32,0.007656856297091142,0.9446609508963367,0.008150463068406234,0.9423193685488768,0.6301090067884613
pendigits,log,110,33,0.007562031854402275,0.9450506625097428,0.008021605265979328,0.9429265330904675,0.478935632440751
pendigits,log,110,34,0.007484308189014119,0.9460898934788257,0.007925975833917125,0.9435336976320583,0.14235698037559885
pendigits,log,110,35,0.007435692652945833,0.9464796050922317,0.007903064619098803,0.9447480267152398,0.435700029806459
pendigits,log,110,36,0.0073655552016079935,0.9467394128345025,0.007849360749196564,0.9447480267152398,0.43643184864734536
pendigits,log,110,37,0.007357237149824306,0.9466095089633672,0.007888943198771557,0.9447480267152398,0.5566579844119914
pendigits,log,110,38,0.0072430736604210755,0.94764873993245,0.00772840995610874,0.9459623557984214,0.5196061342013558
pendigits,log,110,39,0.007221155652095399,0.9468693167056378,0.0077299536164325815,0.9447480267152398,0.22162047965230885
pendigits,log,110,40,0.007221423081362054,0.9464796050922317,0.0077192190325120185,0.9435336976320583,0.525720562202997
pendigits,log,110,41,0.007095349069376049,0.9477786438035853,0.007592005102958867,0.9459623557984214,0.43766686378676684
pendigits,log,110,42,0.0070444764013447994,0.9486879709015329,0.007545288217068128,0.9465695203400122,0.5312020470229163
pendigits,log,110,43,0.006992135313964979,0.9488178747726682,0.0074852803367649635,0.9471766848816029,0.29695579812511014
pendigits,log,110,44,0.006959116704813263,0.9485580670303975,0.0074787949982886345,0.9465695203400122,0.24345751473135693
pendigits,log,110,45,0.006921989805448102,0.949077682514939,0.007430238321341418,0.9471766848816029,0.5273639524444772
pendigits,log,110,46,0.0068901815439385535,0.9482982592881268,0.007409182333264548,0.9471766848816029,0.5836885881215237
pendigits,log,110,47,0.006824876297008949,0.9493374902572097,0.0073443011135643525,0.9471766848816029,0.5756748788367838
pendigits,log,110,48,0.0068453261791725116,0.9485580670303975,0.0073857340030592114,0.9453551912568307,0.5213200821805918
pendigits,log,110,49,0.006767618781983964,0.949077682514939,0.007298554858495138,0.9477838494231937,0.16335894852011879
pendigits,log,110,50,0.006723572223354613,0.949467394128345,0.007233872951806353,0.9477838494231937,0.44570343116326716
pendigits,log,110,51,0.006683554768800558,0.9499870096128865,0.007197306160702871,0.9465695203400122,0.11206033613597544
pendigits,log,110,52,0.006643960969970407,0.9495972979994803,0.007167718666205753,0.9465695203400122,0.1743350939309662
pendigits,log,110,53,0.006640002206738511,0.9492075863860743,0.007172823074217361,0.9477838494231937,0.33845497642557354
pendigits,log,110,54,0.00661027240642851,0.9492075863860743,0.007119660227310952,0.9471766848816029,0.4265857055434289
pendigits,log,110,55,0.006569466433648054,0.9495972979994803,0.007092078721285071,0.9477838494231937,0.44093239075510804
pendigits,log,110,56,0.00652012336225399,0.9497272018706158,0.007029446760581908,0.9477838494231937,0.15088133477862561
pendigits,log,110,57,0.006502416830896458,0.9495972979994803,0.007015303547777084,0.9477838494231937,0.538786249118692
pendigits,log,110,58,0.006471263213546684,0.9499870096128865,0.00698842721099713,0.9483910139647844,0.2770265890308646
pendigits,log,110,59,0.006451456175077946,0.9499870096128865,0.0069551898274955665,0.9483910139647844,0.25280500735789835
pendigits,log,110,60,0.006434359767316523,0.9499870096128865,0.006942447647530311,0.9483910139647844,0.48680055893675556
pendigits,log,110,61,0.00638862186196931,0.9505066250974279,0.0069092389009864814,0.9483910139647844,0.21328272604634682
pendigits,log,110,62,0.006364201320412359,0.9503767212262926,0.006885101344538876,0.9483910139647844,0.5162036016680719
pendigits,log,110,63,0.006332686293300967,0.950896336710834,0.006868516512689298,0.9489981785063752,0.422383119084825
pendigits,log,110,64,0.0063100059689618175,0.9510262405819694,0.006832448392179708,0.9483910139647844,0.18643479757259798
pendigits,log,110,65,0.006293032544823945,0.9511561444531047,0.006848829431877585,0.9483910139647844,0.5186911472277259
pendigits,log,110,66,0.006302074720480577,0.950896336710834,0.006892572604691351,0.9471766848816029,0.08768138186913468
pendigits,log,110,67,0.006261133522377775,0.9515458560665108,0.00686122438545412,0.9477838494231937,0.11031233790725536
pendigits,log,110,68,0.006225842571987234,0.9518056638087815,0.0068173166053167086,0.9477838494231937,0.19622518228963273
pendigits,log,110,69,0.00620127600562878,0.9519355676799168,0.006780852542690274,0.949605343047966,0.44848927646357956
pendigits,log,110,70,0.006178295229404401,0.9524551831644583,0.006770757224173073,0.9489981785063752,0.42388740006725784
pendigits,log,110,71,0.006154787138859468,0.9524551831644583,0.006743392717319295,0.9483910139647844,0.5713348123689223
pendigits,log,110,72,0.006129127269488218,0.9528448947778644,0.006736581362073481,0.9489981785063752,0.4283325235320367
pendigits,log,110,73,0.0061030566292166145,0.9523252792933229,0.006701057367994784,0.9502125075895568,0.5107183506699655
pendigits,log,110,74,0.006076288809388649,0.9528448947778644,0.006683900666716835,0.9502125075895568,0.5088928286414723
pendigits,log,110,75,0.0060770312035993675,0.9528448947778644,0.006687636073998232,0.9502125075895568,0.5163590819476415
pendigits,log,111,1,0.05263291267877195,0.6687451286048324,0.05272343779106019,0.668488160291439,0.8387672988471374
pendigits,log,111,2,0.031858184245131614,0.8096908287866978,0.03208821652985622,0.8032786885245902,0.7758950783892855
pendigits,log,111,3,0.02204090194704185,0.8812678617822811,0.022351152849404133,0.8718882817243473,0.5476172473354689
pendigits,log,111,4,0.01841566414638341,0.8950376721226293,0.01894617473418364,0.8907103825136612,0.614550430263058
pendigits,log,111,5,0.016575926132603364,0.9056897895557288,0.017111935263488448,0.9022465088038859,0.48992308418825836
pendigits,log,111,6,0.01524118910639663,0.9120550792413614,0.01593244954374394,0.9058894960534305,0.5553429544615767
pendigits,log,111,7,0.01446388605713396,0.9149129644063393,0.01518859787660745,0.9107468123861566,0.47894148305166573
pendigits,log,111,8,0.013425369524641429,0.9208885424785659,0.014137292814677207,0.9168184578020644,0.5005681765875634
pendigits,log,111,9,0.012789640020266474,0.9241361392569498,0.013547313257574486,0.922890103217972,0.6036221448319801
pendigits,log,111,10,0.012191756848413648,0.9272538321641985,0.01291756071974549,0.9241044323011536,0.618499986099269
pendigits,log,111,11,0.011639209365308595,0.9312808521693946,0.012279641999119361,0.9277474195506983,0.49229620446519606
pendigits,log,111,12,0.011207228203267966,0.9345284489477786,0.011960918497561448,0.9295689131754705,0.6096582868529867
pendigits,log,111,13,0.010996323755525752,0.9347882566900494,0.011584070500998743,0.9301760777170613,0.6461843520198671
pendigits,log,111,14,0.010566144075526746,0.9349181605611847,0.011202520053952558,0.9301760777170613,0.5891179144710671
pendigits,log,111,15,0.010106924584931126,0.9382956612107041,0.010807155428693704,0.9350333940497875,0.4587381108591113
pendigits,log,111,16,0.009918507716178382,0.9385554689529748,0.010596913450200536,0.9344262295081968,0.49913275599932366
pendigits,log,111,17,0.009623950503732938,0.9394647960509224,0.010347836620457568,0.9380692167577414,0.5171296624219824
pendigits,log,111,18,0.009405073400871317,0.9405040270200052,0.010084137216253291,0.9368548876745598,0.4328885321010467
pendigits,log,111,19,0.009251988740329998,0.9408937386334113,0.009911875629926752,0.9374620522161505,0.5326014508100146
pendigits,log,111,20,0.009031279207035784,0.9416731618602234,0.009703527641826044,0.9368548876745598,0.45810389237122506
pendigits,log,111,21,0.008863071882797705,0.9420628734736295,0.00950037554066401,0.9374620522161505,0.3875217748002934
pendigits,log,111,22,0.008740712348825055,0.9421927773447649,0.009414646244495313,0.9374620522161505,0.4979699199240089
pendigits,log,111,23,0.008588773426927725,0.9427123928293063,0.009272968282697849,0.9404978749241044,0.46081329063279686
pendigits,log,111,24,0.008441654622246051,0.942582488958171,0.009116290252096886,0.9386763812993322,0.30004183617206354
pendigits,log,111,25,0.008438066882392594,0.942972200571577,0.009180461995067151,0.9380692167577414,0.441758293264694
pendigits,log,111,26,0.00827551013677716,0.9431021044427124,0.008999176982324683,0.9386763812993322,0.4310336337643563
pendigits,log,111,27,0.008138346080194578,0.9445310470252013,0.00880609215662195,0.941712204007286,0.10612503445786448
pendigits,log,111,28,0.008058057418035865,0.9437516237983892,0.008712484757453842,0.9423193685488768,0.5740958449386568
pendigits,log,111,29,0.007935618200320264,0.9441413354117952,0.008608331540219515,0.9411050394656952,0.45596192634087046
pendigits,log,111,30,0.007858941106987743,0.944401143154066,0.008552962886113236,0.9429265330904675,0.42666049223084274
pendigits,log,111,31,0.007764619365740495,0.9449207586386075,0.008408577956297838,0.9423193685488768,0.4436753052271782
pendigits,log,111,32,0.007691222561571063,0.9449207586386075,0.00834503781060316,0.9435336976320583,0.4364287954888403
pendigits,log,111,33,0.007626206433293579,0.9450506625097428,0.008291540636533768,0.944140862173649,0.4895518640914711
pendigits,log,111,34,0.0075940800215293265,0.9460898934788257,0.008274963192254453,0.9435336976320583,0.4303812980729929
pendigits,log,111,35,0.007501468408397487,0.9454403741231489,0.008116855790724391,0.944140862173649,0.20734030166815104
pendigits,log,111,36,0.0074330439833309725,0.9466095089633672,0.008101455890891021,0.9423193685488768,0.520430465629897
pendigits,log,111,37,0.0073660639347785115,0.9464796050922317,0.008030920407372102,0.9429265330904675,0.3240040798959312
pendigits,log,111,38,0.007315434474103213,0.9460898934788257,0.007954405139850969,0.9453551912568307,0.5768337128604406
pendigits,log,111,39,0.007266386507555704,0.9466095089633672,0.00790161991771025,0.944140862173649,0.569600060135947
pendigits,log,111,40,0.007216417335063278,0.9460898934788257,0.007870323423857689,0.9453551912568307,0.432955996531654
pendigits,log,111,41,0.007162782687387185,0.9469992205767732,0.007805924375027538,0.9453551912568307,0.21264231018552412
pendigits,log,111,42,0.007144313888769232,0.9475188360613146,0.007816052626945931,0.9447480267152398,0.3368528297462084
pendigits,log,111,43,0.007067940942473653,0.94764873993245,0.007726199945576735,0.944140862173649,0.1696849442714949
pendigits,log,111,44,0.0070477678047516255,0.9475188360613146,0.007717495891840491,0.9459623557984214,0.44041545579469504
pendigits,log,111,45,0.0069970524852419926,0.9486879709015329,0.007658301709855294,0.9471766848816029,0.548010109730327
pendigits,log,111,46,0.006945278121401054,0.9484281631592621,0.007608769364937837,0.9459623557984214,0.4238582398526407
pendigits,log,111,47,0.006905322856611247,0.9481683554169914,0.00756499082804347,0.9453551912568307,0.4540293160791971
pendigits,log,111,48,0.0069507973993198375,0.9479085476747207,0.007666496485838759,0.944140862173649,0.22537442261566537
pendigits,log,111,49,0.006888483971022478,0.9489477786438035,0.007584752726224713,0.9465695203400122,0.24887099735991253
pendigits,log,111,50,0.006828058867894028,0.949077682514939,0.007535778903720499,0.9459623557984214,0.11023560255010435
pendigits,log,111,51,0.006780433865350423,0.9493374902572097,0.007457380695254029,0.9465695203400122,0.30229235851159
pendigits,log,111,52,0.006749780632113237,0.9495972979994803,0.0074057736718731015,0.9465695203400122,0.47951499983764406
pendigits,log,111,53,0.006802240469799921,0.9507664328396986,0.007458682308284153,0.9459623557984214,0.591597919064515
pendigits,log,111,54,0.00665621319765096,0.9501169134840218,0.007362999321378818,0.9465695203400122,0.12147936021104334
pendigits,log,111,55,0.006619094159836043,0.9503767212262926,0.007338687404478978,0.9453551912568307,0.5132196530245721
pendigits,log,111,56,0.0066031956631394705,0.9505066250974279,0.007331664322095594,0.9459623557984214,0.4959887608049189
pendigits,log,111,57,0.00655048615405314,0.950896336710834,0.007233547610996594,0.9459623557984214,0.4475368183448659
pendigits,log,111,58,0.006533437003963206,0.9506365289685632,0.007256193554750642,0.9459623557984214,0.46856803091184207
pendigits,log,111,59,0.006491170311060387,0.9515458560665108,0.007281123075036249,0.9465695203400122,0.4369897058104759
pendigits,log,111,60,0.0064325076179405465,0.9510262405819694,0.007175452270608734,0.9465695203400122,0.08152274655951156
pendigits,log,111,61,0.006393886587850581,0.9511561444531047,0.007143701632726296,0.9471766848816029,0.5627477786133944
pendigits,log,111,62,0.00637212544596198,0.9516757599376462,0.007149896160159635,0.9471766848816029,0.42131996512627135
pendigits,log,111,63,0.006330793254961507,0.9514159521953754,0.007078169948362713,0.9483910139647844,0.13641742275592195
pendigits,log,111,64,0.006291277357684427,0.9518056638087815,0.0070683585627499546,0.9483910139647844,0.23103832841043667
pendigits,log,111,65,0.006261891623153379,0.9520654715510523,0.007020648347807499,0.9483910139647844,0.4501628872506411
pendigits,log,111,66,0.006245413709105814,0.9515458560665108,0.007023339858218881,0.9489981785063752,0.4555315606313923
pendigits,log,111,67,0.006215717434590212,0.9523252792933229,0.007008238836553687,0.9483910139647844,0.08453975086046628
pendigits,log,111,68,0.0061761982923239514,0.9532346063912704,0.006972805203134752,0.9477838494231937,0.4236869316278952
pendigits,log,111,69,0.006226565034277878,0.9528448947778644,0.007084000063167148,0.9471766848816029,0.3952460113965519
pendigits,log,111,70,0.0061352639972542585,0.9527149909067291,0.0069919831121632746,0.9477838494231937,0.31650248417622445
pendigits,log,111,71,0.006090153120406407,0.9533645102624059,0.006903849924249251,0.9489981785063752,0.20152795241542498
pendigits,log,111,72,0.006126151619139477,0.9534944141335412,0.007027477566266848,0.9471766848816029,0.5887603434610069
pendigits,log,111,73,0.006061156882441972,0.9529747986489997,0.0068478699521566586,0.9483910139647844,0.4252908705815431
pendigits,log,111,74,0.0060274174428321765,0.9532346063912704,0.006874300863359212,0.9483910139647844,0.5087076706800373
pendigits,log,111,75,0.006211125587396711,0.9529747986489997,0.0069138220583820735,0.9477838494231937,0.33289582538889
pendigits,log,112,1,0.03833580377468864,0.7702000519615485,0.0384867142352412,0.7547055251973285,0.6828081040132085
pendigits,log,112,2,0.029127847273436654,0.8334632372044687,0.029182472996986807,0.835458409228901,0.7036196239524073
pendigits,log,112,3,0.02029753953311733,0.889191997921538,0.020644752973171667,0.8876745598057073,0.6395357050583613
pendigits,log,112,4,0.01859446823121658,0.8968563263185243,0.018695199691695526,0.8973891924711597,0.681222608766009
pendigits,log,112,5,0.01633912400755794,0.9065991166536763,0.016956440646325247,0.899210686095932,0.6347206953150213
pendigits,log,112,6,0.014731988126781042,0.9127045985970382,0.015322972294104748,0.9095324833029751,0.5962351079953507
pendigits,log,112,7,0.01390639657129483,0.9150428682774747,0.014445876232178216,0.9131754705525197,0.4764181478014323
pendigits,log,112,8,0.013273008779449225,0.9217978695765133,0.013893825622992663,0.9174256223436551,0.4172693485870253
pendigits,log,112,9,0.012633996945389858,0.9242660431280852,0.013322592623213938,0.9174256223436551,0.6000749276038237
pendigits,log,112,10,0.01208588725002153,0.926344505066251,0.012729973187039874,0.9234972677595629,0.5073718910132955
pendigits,log,112,11,0.011677300300303924,0.9279033515198752,0.012336398061846903,0.9210686095931998,0.37947397951289324
pendigits,log,112,12,0.011320815844355736,0.9312808521693946,0.012016589647395161,0.9247115968427444,0.48275268203200145
pendigits,log,112,13,0.011073115428855076,0.9307612366848532,0.01177764654389634,0.9234972677595629,0.5813854882899796
pendigits,log,112,14,0.010610640479363855,0.9351779683034555,0.011293576050280252,0.930783242258652,0.2961089162776033
pendigits,log,112,15,0.01031867227457729,0.9354377760457262,0.010984303431725392,0.9332119004250152,0.6492880418157947
pendigits,log,112,16,0.010042502278233683,0.9373863341127565,0.010647297755321914,0.9374620522161505,0.4703214736768283
pendigits,log,112,17,0.009781487713698593,0.9386853728241101,0.01046575636582242,0.9356405585913783,0.3951396999632027
pendigits,log,112,18,0.009459057004130115,0.9395946999220577,0.010038913986546468,0.9368548876745598,0.5659373549426928
pendigits,log,112,19,0.009229701535187833,0.9405040270200052,0.009826887944309973,0.9374620522161505,0.2895682367642754
pendigits,log,112,20,0.009050515024335648,0.9410236425045466,0.009669357398163356,0.9398907103825137,0.3285210876884793
pendigits,log,112,21,0.008984942910553788,0.9407638347622759,0.009532160173871816,0.9392835458409229,0.5352426153946089
pendigits,log,112,22,0.008755453890890146,0.9424525850870356,0.009346805802953159,0.9398907103825137,0.5839528139744141
pendigits,log,112,23,0.00860434441775739,0.9419329696024942,0.009199568598684295,0.9392835458409229,0.4640770029162513
pendigits,log,112,24,0.008461761965277363,0.9431021044427124,0.009096423389060509,0.9392835458409229,0.19714409066116387
pendigits,log,112,25,0.008359673460906016,0.9434918160561184,0.008999469481680747,0.9398907103825137,0.4626730180460802
pendigits,log,112,26,0.008280497136342494,0.942972200571577,0.008879370065054164,0.9404978749241044,0.5930724234836933
pendigits,log,112,27,0.008178476020188119,0.9441413354117952,0.008827641375458623,0.941712204007286,0.5795585184017149
pendigits,log,112,28,0.008076993922886229,0.9437516237983892,0.008681027754909539,0.941712204007286,0.23103028712568918
pendigits,log,112,29,0.007964426101834407,0.9440114315406599,0.008615530695720155,0.941712204007286,0.43558191188877315
pendigits,log,112,30,0.007904332050555221,0.944401143154066,0.008597281133639632,0.941712204007286,0.4402026233827379
pendigits,log,112,31,0.007831082577799941,0.9441413354117952,0.008486217270084036,0.941712204007286,0.47405380655547924
pendigits,log,112,32,0.007761579798751694,0.9449207586386075,0.008440803626965811,0.9423193685488768,0.5751116083141312
pendigits,log,112,33,0.007706731711866714,0.9445310470252013,0.008365345680761808,0.941712204007286,0.6040023476627234
pendigits,log,112,34,0.0076312768267814395,0.9455702779942843,0.008314192672494287,0.9423193685488768,0.5259646111050054
pendigits,log,112,35,0.0075714322967648275,0.9463497012210964,0.008232298955307282,0.9429265330904675,0.36212105672333694
pendigits,log,112,36,0.007492727602399481,0.9464796050922317,0.008158361837929751,0.9435336976320583,0.2422718110161911
pendigits,log,112,37,0.007448103237629843,0.9458300857365549,0.008113625180923841,0.9435336976320583,0.5180118600403851
pendigits,log,112,38,0.007392335021136073,0.9468693167056378,0.008067682631389007,0.9429265330904675,0.3073085696955107
pendigits,log,112,39,0.007348171005032488,0.9464796050922317,0.008030850658326134,0.9429265330904675,0.5971659669415224
pendigits,log,112,40,0.0072892820232845915,0.9467394128345025,0.007949687429213299,0.9429265330904675,0.2034529205349134
pendigits,log,112,41,0.007339075689635663,0.9460898934788257,0.008043014690585281,0.9423193685488768,0.5609571994938392
pendigits,log,112,42,0.007210230473660216,0.9475188360613146,0.007887888158586173,0.9435336976320583,0.5230986195046987
pendigits,log,112,43,0.007159421972107699,0.9475188360613146,0.007853210130901142,0.9429265330904675,0.259158969967528
pendigits,log,112,44,0.0071245545007490646,0.947259028319044,0.007796253102469251,0.944140862173649,0.15181265355585305
pendigits,log,112,45,0.00708586850854708,0.9479085476747207,0.007797631508357363,0.9447480267152398,0.4491511224669463
pendigits,log,112,46,0.007133615084156148,0.9468693167056378,0.007803964247259774,0.9435336976320583,0.4248903042045997
pendigits,log,112,47,0.0070057002061944505,0.9480384515458561,0.007686694667864937,0.944140862173649,0.43554260813816714
pendigits,log,112,48,0.006962542764958828,0.9479085476747207,0.007661604269124596,0.9453551912568307,0.24740006842286424
pendigits,log,112,49,0.006930162400659137,0.9480384515458561,0.007618308529237271,0.9453551912568307,0.5143991934734657
pendigits,log,112,50,0.00689350087054751,0.9481683554169914,0.007585509491094117,0.9453551912568307,0.51045440696508
pendigits,log,112,51,0.006859203115853418,0.9480384515458561,0.007545635322926741,0.9453551912568307,0.28765884806413405
pendigits,log,112,52,0.006824177347593167,0.9484281631592621,0.00753292524833202,0.9453551912568307,0.43911515787758776
pendigits,log,112,53,0.006809762188080666,0.9486879709015329,0.007538775521075873,0.9453551912568307,0.5773457691459453
pendigits,log,112,54,0.006769057832512663,0.9485580670303975,0.007474336173607308,0.9453551912568307,0.5136134319433658
pendigits,log,112,55,0.006754342037176239,0.9488178747726682,0.007470016704474627,0.9453551912568307,0.22803509351538995
pendigits,log,112,56,0.0067010457952852666,0.9488178747726682,0.007405181071331977,0.9447480267152398,0.499253607348949
pendigits,log,112,57,0.006674371552694278,0.9488178747726682,0.00738862047631854,0.9447480267152398,0.28909696941596863
pendigits,log,112,58,0.0066637392056314235,0.9489477786438035,0.007393726425284883,0.9453551912568307,0.30507424157236945
pendigits,log,112,59,0.0066292597389649155,0.9497272018706158,0.007326910194021244,0.9447480267152398,0.5173459840359818
pendigits,log,112,60,0.006590586754892791,0.949467394128345,0.0072938407929389396,0.9447480267152398,0.12197274914247062
pendigits,log,112,61,0.00657153802097708,0.9497272018706158,0.007290580241685778,0.9447480267152398,0.4469104987729599
pendigits,log,112,62,0.006553348767206448,0.9501169134840218,0.007273001861536204,0.9459623557984214,0.20733806785178824
pendigits,log,112,63,0.006514670654996528,0.9501169134840218,0.007230448384632113,0.9459623557984214,0.43665479509983535
pendigits,log,112,64,0.0065137970577676604,0.9502468173551571,0.007218893480682953,0.9447480267152398,0.2649895378917401
pendigits,log,112,65,0.006460112416952774,0.9502468173551571,0.007167694386868144,0.9459623557984214,0.5139000563913404
pendigits,log,112,66,0.006450391235465372,0.9502468173551571,0.007181628285327459,0.9459623557984214,0.465573874252928
pendigits,log,112,67,0.006416053889790594,0.9503767212262926,0.007128680576751465,0.9459623557984214,0.10877816164269986
pendigits,log,112,68,0.006389649459941354,0.9501169134840218,0.00710864164620541,0.9453551912568307,0.2267416559301639
pendigits,log,112,69,0.006381363480641176,0.9505066250974279,0.007088374243357723,0.9453551912568307,0.2357832258400144
pendigits,log,112,70,0.00635583835005952,0.9502468173551571,0.007100432578169457,0.9465695203400122,0.09963253192949677
pendigits,log,112,71,0.006336803347495828,0.9501169134840218,0.007059210571039635,0.9459623557984214,0.3046624886030349
pendigits,log,112,72,0.006298231996523866,0.9506365289685632,0.007028981734446744,0.9465695203400122,0.1720700669519164
pendigits,log,112,73,0.006282969814669797,0.9505066250974279,0.007018283995691898,0.9465695203400122,0.05019782727955638
pendigits,log,112,74,0.006268314706412877,0.9507664328396986,0.007004407403245862,0.9459623557984214,0.5070767777089917
pendigits,log,112,75,0.0062392105461083645,0.9507664328396986,0.0069932296407609305,0.9459623557984214,0.242122339088013
pendigits,log,113,1,0.0634350089816145,0.5098726942062873,0.06363145523468537,0.5088038858530661,0.8701138042490508
pendigits,log,113,2,0.0496301496791629,0.6153546375681995,0.04973854114274379,0.6138433515482696,0.8072599095172729
pendigits,log,113,3,0.03777335614508231,0.7152507144712913,0.03790791277286081,0.7134183363691561,0.7184217199231216
pendigits,log,113,4,0.028375469758027835,0.8148869836321122,0.028846953376130743,0.8081360048573163,0.7481292866678418
pendigits,log,113,5,0.025462533948186962,0.8200831384775267,0.025876694334971282,0.8172434729811779,0.5477384795857485
pendigits,log,113,6,0.0247282075088383,0.8207326578332035,0.025294811123867292,0.8142076502732241,0.7102921357882581
pendigits,log,113,7,0.023053616044149773,0.8264484281631592,0.023531437089269556,0.8221007893139041,0.6698981586870127
pendigits,log,113,8,0.022257389147950783,0.8281371784879189,0.02280312292677384,0.8227079538554949,0.5703873665346854
pendigits,log,113,9,0.021696232184154517,0.8308651597817615,0.022274530885442432,0.8245294474802671,0.5757908742030899
pendigits,log,113,10,0.021175589588808174,0.833593141075604,0.021790437247660503,0.8287795992714025,0.6290009023914948
pendigits,log,113,11,0.020687819312691005,0.836840737853988,0.021149047390556078,0.835458409228901,0.7224214540313657
pendigits,log,113,12,0.02024244510869413,0.8385294881787477,0.02065533781276404,0.8378870673952641,0.5539562722122474
pendigits,log,113,13,0.019875826479535025,0.8399584307612367,0.02028407731502088,0.8378870673952641,0.6094840662163835
pendigits,log,113,14,0.019581839856180144,0.8408677578591842,0.019998416075434327,0.8378870673952641,0.5446299229057594
pendigits,log,113,15,0.019328462210685078,0.8413873733437256,0.019698961308568644,0.8378870673952641,0.6369389366032587
pendigits,log,113,16,0.01900503126552562,0.8408677578591842,0.01939645966638537,0.8391013964784456,0.5503697585177028
pendigits,log,113,17,0.018847204819514015,0.8416471810859963,0.019244316119152206,0.8384942319368549,0.5537795320070453
pendigits,log,113,18,0.01867512357197195,0.8424266043128085,0.019066595391030297,0.8391013964784456,0.30314013015463226
pendigits,log,113,19,0.018619834480220216,0.8420368926994024,0.019019665341237908,0.8403157255616271,0.6762994595019756
pendigits,log,113,20,0.018477164069248944,0.8420368926994024,0.018944964447980852,0.8397085610200364,0.6368011155308321
pendigits,log,113,21,0.01829762430461633,0.8421667965705378,0.018730002370421623,0.8397085610200364,0.5328774826393488
pendigits,log,113,22,0.018168167807639767,0.8434658352818915,0.018602716153601817,0.8415300546448088,0.4436756254210715
pendigits,log,113,23,0.018079572643469415,0.8425565081839439,0.018474784959704373,0.8403157255616271,0.645829580227087
pendigits,log,113,24,0.018016405091135595,0.84294621979735,0.018479480441179866,0.8403157255616271,0.6741217329496604
pendigits,log,113,25,0.017859869818848625,0.8438555468952975,0.018259646115154165,0.8421372191863995,0.5992330043777178
pendigits,log,113,26,0.01782911846661276,0.8441153546375681,0.01824250342567597,0.8421372191863995,0.6502672402818924
pendigits,log,113,27,0.017711214497086656,0.8439854507664328,0.01813582723533582,0.8421372191863995,0.4470871729229153
pendigits,log,113,28,0.017662487290858633,0.8441153546375681,0.018110904634995966,0.8421372191863995,0.5187938126582275
pendigits,log,113,29,0.017640314566145236,0.8446349701221096,0.018023074226095646,0.8427443837279903,0.6183712541151959
pendigits,log,113,30,0.01754669595812415,0.8451545856066511,0.017964102142311224,0.8439587128111719,0.5359693956981966
pendigits,log,113,31,0.017466050248956675,0.844764873993245,0.01782732282975789,0.843351548269581,0.616523149406456
pendigits,log,113,32,0.01740642460769218,0.8451545856066511,0.017814504257674585,0.8439587128111719,0.4823277591098749
pendigits,log,113,33,0.017341157689544303,0.8448947778643804,0.017740528034122002,0.843351548269581,0.527689332925543
pendigits,log,113,34,0.0172851855028266,0.8451545856066511,0.017667680244026228,0.843351548269581,0.43285353175930685
pendigits,log,113,35,0.017253246923124906,0.8448947778643804,0.017671797871867394,0.843351548269581,0.5610123694686524
pendigits,log,113,36,0.01723504199286919,0.844764873993245,0.017646784142036718,0.843351548269581,0.27991921665655156
pendigits,log,113,37,0.017165488547158925,0.8454143933489218,0.01756888921361379,0.8439587128111719,0.255762383288879
pendigits,log,113,38,0.017108582115427772,0.8454143933489218,0.017518171404190076,0.8439587128111719,0.5729117978611603
pendigits,log,113,39,0.017105453958939046,0.8456742010911925,0.01752195375914344,0.8439587128111719,0.6154104522887797
pendigits,log,113,40,0.017039831748002266,0.8458041049623278,0.01740551243451706,0.8445658773527626,0.5231839564681053
pendigits,log,113,41,0.017001823794177022,0.8456742010911925,0.01740665685581544,0.8439587128111719,0.5152320847916234
pendigits,log,113,42,0.016958569023123655,0.8458041049623278,0.017326615330141924,0.8445658773527626,0.5812525474728831
pendigits,log,113,43,0.01692479601364094,0.8460639127045986,0.01732296633075843,0.8451730418943534,0.6144389329456329
pendigits,log,113,44,0.01688857064753488,0.846193816575734,0.017271552211894067,0.8457802064359441,0.6369620828512544
pendigits,log,113,45,0.016859479108614128,0.8463237204468693,0.017239221131154666,0.8451730418943534,0.24541316956405126
pendigits,log,113,46,0.016837131099180995,0.8464536243180046,0.0172420286565493,0.8451730418943534,0.5114647652335029
pendigits,log,113,47,0.016837243131360036,0.8465835281891401,0.01724464064244135,0.8439587128111719,0.5796114488869332
pendigits,log,113,48,0.016807449860621798,0.8460639127045986,0.017220714440040717,0.8451730418943534,0.5775166498904143
pendigits,log,113,49,0.016742448321708243,0.8464536243180046,0.017136599074883643,0.8457802064359441,0.5123219149659659
pendigits,log,113,50,0.016709394129247622,0.8472330475448169,0.017114640981320397,0.8457802064359441,0.6033685890034441
pendigits,log,113,51,0.016709539120137135,0.8468433359314107,0.017124075106910483,0.8451730418943534,0.6072094083433216
pendigits,log,113,52,0.016692145877792105,0.8476227591582229,0.01712454968139142,0.8451730418943534,0.5033517503682513
pendigits,log,113,53,0.01663220364576129,0.8476227591582229,0.017044738993950287,0.8463873709775349,0.6011905286773134
pendigits,log,113,54,0.01663080715784013,0.8474928552870875,0.01702339136044849,0.8463873709775349,0.6570151908716395
pendigits,log,113,55,0.016581862413361945,0.8473629514159522,0.016992236424551627,0.8463873709775349,0.6326515277449102
pendigits,log,113,56,0.01657143185635326,0.8478825669004937,0.01700327691057497,0.8463873709775349,0.5640427256949755
pendigits,log,113,57,0.01654305363677995,0.8478825669004937,0.016970849276842198,0.8463873709775349,0.6387537129956594
pendigits,log,113,58,0.016549033551306172,0.8476227591582229,0.016958866474997485,0.8463873709775349,0.5354723135285056
pendigits,log,113,59,0.01651673094351064,0.8485320862561704,0.016969684065232304,0.8457802064359441,0.5828405510004118
pendigits,log,113,60,0.016462709167918792,0.8481423746427643,0.01689836951277978,0.8463873709775349,0.8081594194226009
pendigits,log,113,61,0.01648145489301897,0.8486619901273058,0.01696904344449911,0.8457802064359441,0.5676873922357853
pendigits,log,113,62,0.01644309488381213,0.8485320862561704,0.016903293198112252,0.8463873709775349,0.635521768867121
pendigits,log,113,63,0.016399860142561087,0.8487918939984411,0.016865322268984528,0.8463873709775349,0.41504116377511524
pendigits,log,113,64,0.0163894080463083,0.8487918939984411,0.01686689499348978,0.8463873709775349,0.42586620382445306
pendigits,log,113,65,0.016369158296345533,0.8486619901273058,0.016845410330145708,0.8463873709775349,0.5145498065772207
pendigits,log,113,66,0.016340807484570535,0.8487918939984411,0.016829533386482336,0.8463873709775349,0.5650992487189973
pendigits,log,113,67,0.016319378938431217,0.8491816056118472,0.016819552794838,0.8463873709775349,0.5600481048682822
pendigits,log,113,68,0.016302825640867158,0.8489217978695766,0.01681859662678432,0.8463873709775349,0.5090638266077745
pendigits,log,113,69,0.016268028982885242,0.8494414133541179,0.016771517554950204,0.8463873709775349,0.4230962133006732
pendigits,log,113,70,0.01625032294391203,0.8491816056118472,0.016768591744572934,0.8463873709775349,0.42555349578742313
pendigits,log,113,71,0.016239167673759224,0.849831124967524,0.016737023117831786,0.8463873709775349,0.5734137072091621
pendigits,log,113,72,0.01621021550545993,0.8500909327097947,0.016749651554734468,0.8463873709775349,0.5046010627576671
pendigits,log,113,73,0.016196227677563582,0.8499610288386594,0.016743346284470287,0.8463873709775349,0.5632441307161936
pendigits,log,113,74,0.016166236063919686,0.8500909327097947,0.016707139156420466,0.8463873709775349,0.6578361149524055
pendigits,log,113,75,0.016147190047656097,0.8500909327097947,0.016691144374566196,0.8469945355191257,0.5151281628438827
pendigits,log,114,1,0.046339890082447065,0.7268121590023383,0.046063911364745413,0.7194899817850637,0.850021257669303
pendigits,log,114,2,0.031398671376705295,0.7873473629514159,0.03157102158465638,0.7856709168184578,0.713489691556318
pendigits,log,114,3,0.02804304640670263,0.7995583268381398,0.02812173669864654,0.8026715239829993,0.7368136832181179
pendigits,log,114,4,0.025491717450705633,0.8099506365289686,0.02579832532045057,0.8123861566484517,0.6789752211888446
pendigits,log,114,5,0.02442358842580494,0.8131982333073525,0.02476748275299246,0.8123861566484517,0.5284827717856432
pendigits,log,114,6,0.023178440652296798,0.8229410236425045,0.023543578340322432,0.8227079538554949,0.677055410801033
pendigits,log,114,7,0.02195512714899971,0.8287866978435957,0.022371773250197922,0.8245294474802671,0.6529694793392735
pendigits,log,114,8,0.0215325758352362,0.8286567939724604,0.02194956772309077,0.8263509411050395,0.5967598192293485
pendigits,log,114,9,0.02128983735680448,0.829566121070408,0.02172212594974221,0.8239222829386764,0.6376305280573608
pendigits,log,114,10,0.020078240112727238,0.8391790075344245,0.02042083547736365,0.8360655737704918,0.6358181364873009
pendigits,log,114,11,0.019594883410130267,0.841517277214861,0.019939832364019576,0.8372799028536734,0.6683439570818595
pendigits,log,114,12,0.019230995385532218,0.8422967004416732,0.019533066534312134,0.8391013964784456,0.5453132653639768
pendigits,log,114,13,0.01900419644722295,0.8438555468952975,0.01932278423247672,0.8403157255616271,0.5215545542115619
pendigits,log,114,14,0.018827990546870142,0.8439854507664328,0.019177804677218174,0.8384942319368549,0.6009390469784032
pendigits,log,114,15,0.018459842806785722,0.8442452585087036,0.018847418012304062,0.840922890103218,0.6355706573474086
pendigits,log,114,16,0.018249048629033492,0.8460639127045986,0.0186415417896176,0.8421372191863995,0.5676507183830664
pendigits,log,114,17,0.018097836458974642,0.846193816575734,0.0184321389757224,0.8421372191863995,0.612918947740026
pendigits,log,114,18,0.01793271279145752,0.8468433359314107,0.018302997246729426,0.8439587128111719,0.6249125535041329
pendigits,log,114,19,0.017762765778217244,0.8468433359314107,0.018147987595368578,0.843351548269581,0.658751733308053
pendigits,log,114,20,0.017631593980116007,0.8474928552870875,0.018056681882315906,0.8439587128111719,0.5862788319158214
pendigits,log,114,21,0.01758874882775471,0.848012470771629,0.01801458851370713,0.8451730418943534,0.6939915868543338
pendigits,log,114,22,0.017476445656606374,0.8482722785138997,0.017931973710330965,0.8445658773527626,0.546423385807523
pendigits,log,114,23,0.01738797552725721,0.8482722785138997,0.017808052445551788,0.8451730418943534,0.5842030849866569
pendigits,log,114,24,0.017210752872071532,0.8491816056118472,0.017669517489966643,0.8463873709775349,0.6188906872287214
pendigits,log,114,25,0.017125938853124682,0.8497012210963887,0.017570378529757746,0.8457802064359441,0.6467845714330771
pendigits,log,114,26,0.017098936441521898,0.8503507404520655,0.017504954554196192,0.8482088646023073,0.716232316759585
pendigits,log,114,27,0.016961730741870715,0.8507404520654716,0.017411296549889307,0.8476017000607164,0.5766410023359412
pendigits,log,114,28,0.016970516209867913,0.8499610288386594,0.017425132755136574,0.8469945355191257,0.625870157959089
pendigits,log,114,29,0.016916347805196633,0.8499610288386594,0.01735739276419988,0.8476017000607164,0.21319163244201342
pendigits,log,114,30,0.01683472647367998,0.8503507404520655,0.01729193212764742,0.848816029143898,0.4384472029076156
pendigits,log,114,31,0.016818844954450386,0.8510002598077423,0.017303634751053468,0.8494231936854888,0.6306302186291715
pendigits,log,114,32,0.016703641907000116,0.8508703559366069,0.017145936060394624,0.8500303582270795,0.5715523319070206
pendigits,log,114,33,0.016673845032619188,0.8508703559366069,0.01711125277146002,0.851244687310261,0.6166456285511224
pendigits,log,114,34,0.016595528344645796,0.8515198752922837,0.01703950823268034,0.8518518518518519,0.43460487113546875
pendigits,log,114,35,0.016536758850550025,0.8510002598077423,0.016982326159226034,0.8506375227686703,0.5864670548275778
pendigits,log,114,36,0.016590328277399636,0.8524292023902312,0.017032850999133247,0.8518518518518519,0.5431412641716596
pendigits,log,114,37,0.01647441055445188,0.852689010132502,0.016898727378871204,0.8518518518518519,0.6680295354241064
pendigits,log,114,38,0.016452166953172965,0.8525591062613666,0.016879763907804712,0.8524590163934426,0.5715206108200488
pendigits,log,114,39,0.016423427673426323,0.8517796830345544,0.016846900601523048,0.851244687310261,0.6526876716613857
pendigits,log,114,40,0.016325619970012733,0.8520394907768252,0.01673454240653689,0.851244687310261,0.6076228356699305
pendigits,log,114,41,0.016280112369665138,0.853078721745908,0.01669595552221563,0.8518518518518519,0.6630200050675131
pendigits,log,114,42,0.01624684682372811,0.8532086256170434,0.016648073756892756,0.8536733454766242,0.5391197910677237
pendigits,log,114,43,0.016158635232840866,0.854897375941803,0.01659337134537138,0.8554948391013965,0.5139849146237526
pendigits,log,114,44,0.016103415349070123,0.8550272798129385,0.016536986914592666,0.8542805100182149,0.5199911666159983
pendigits,log,114,45,0.016079905461916174,0.8556767991686153,0.01652241604668539,0.8548876745598057,0.5939958425704469
pendigits,log,114,46,0.01597646036813407,0.8556767991686153,0.01639274072499083,0.8554948391013965,0.5727656483638969
pendigits,log,114,47,0.015941259033635153,0.8558067030397506,0.016352029399079322,0.8561020036429873,0.44242748474121313
pendigits,log,114,48,0.015929199447480804,0.8550272798129385,0.016360963823435416,0.8554948391013965,0.5310424852488386
pendigits,log,114,49,0.015870640759259744,0.8554169914263445,0.016282329760521096,0.8561020036429873,0.16742209149901469
pendigits,log,114,50,0.015841469737818623,0.8560665107820213,0.016262680278478922,0.8561020036429873,0.6149847248054776
pendigits,log,114,51,0.01579738530626951,0.8564562223954274,0.016223762948376706,0.8561020036429873,0.5546238553862334
pendigits,log,114,52,0.015799044382916943,0.8559366069108859,0.016215631815202497,0.8561020036429873,0.6184065663983734
pendigits,log,114,53,0.015747428537404694,0.8561964146531567,0.016166446906003763,0.856709168184578,0.5137829685864134
pendigits,log,114,54,0.015712537102117213,0.8564562223954274,0.016121702366526137,0.8561020036429873,0.5802660526314092
pendigits,log,114,55,0.015752548764967646,0.8561964146531567,0.01621115412376157,0.856709168184578,0.5930188816107401
pendigits,log,114,56,0.015647846134874212,0.8567160301376981,0.016054045133012132,0.856709168184578,0.42956860434303856
pendigits,log,114,57,0.015623506795295722,0.8571057417511042,0.016046247271644602,0.8561020036429873,0.6375894239399176
pendigits,log,114,58,0.015590098637721646,0.8572356456222395,0.016001752322086955,0.856709168184578,0.514007701230503
pendigits,log,114,59,0.015567114668778732,0.8576253572356456,0.01597503539147437,0.856709168184578,0.5106704136826935
pendigits,log,114,60,0.015549269422004953,0.857755261106781,0.01595850135322846,0.856709168184578,0.1052258926714999
pendigits,log,114,61,0.01552219428307024,0.857365549493375,0.015924648888770605,0.856709168184578,0.633446726278088
pendigits,log,114,62,0.015482707864955321,0.8576253572356456,0.0158876083802181,0.8579234972677595,0.613369000980777
pendigits,log,114,63,0.015473283154785989,0.8582748765913224,0.015911534057331006,0.8573163327261688,0.4412622105032813
pendigits,log,114,64,0.015476919814866182,0.857755261106781,0.015895190098973614,0.8573163327261688,0.5692082123840272
pendigits,log,114,65,0.015418067719322467,0.8585346843335931,0.01585289985504242,0.8573163327261688,0.5176180705025099
pendigits,log,114,66,0.015394414766127447,0.8587944920758639,0.015825595625590654,0.8573163327261688,0.42519119730394733
pendigits,log,114,67,0.015376183675916168,0.8589243959469992,0.015813568345108137,0.8573163327261688,0.6026812153222758
pendigits,log,114,68,0.015355191439130356,0.85918420368927,0.01578853562447101,0.856709168184578,0.4310508669373088
pendigits,log,114,69,0.015323344886710248,0.85918420368927,0.015741100378849668,0.8573163327261688,0.5131598464827076
pendigits,log,114,70,0.015315533086970664,0.8587944920758639,0.01574011351117631,0.856709168184578,0.5633956001934843
pendigits,log,114,71,0.015298171567313756,0.8586645882047285,0.015686042556399517,0.8573163327261688,0.5502216754905465
pendigits,log,114,72,0.0152713109293542,0.85918420368927,0.01569762352809278,0.856709168184578,0.5256863858759444
pendigits,log,114,73,0.015250477785969744,0.8589243959469992,0.0156715401631845,0.8573163327261688,0.6047394060756509
pendigits,log,114,74,0.015256235824255879,0.8590542998181345,0.015692204512623778,0.8573163327261688,0.5793749689344548
pendigits,log,114,75,0.015195370509622138,0.859573915302676,0.015627751256774885,0.8573163327261688,0.5081660155144673
pendigits,log,115,1,0.04349570739064054,0.7624058196934269,0.04373431282461403,0.7601700060716454,0.7320169773240806
pendigits,log,115,2,0.024738825296732894,0.8837360353338529,0.025147499004391692,0.8731026108075288,0.635960310170424
pendigits,log,115,3,0.01978203321019635,0.8934788256690049,0.020353143441266326,0.8876745598057073,0.5921659191350579
pendigits,log,115,4,0.017500311238417172,0.8997142114835022,0.01809891501802087,0.8973891924711597,0.6033823659350441
pendigits,log,115,5,0.01585187019523385,0.9069888282670824,0.0163922557478226,0.9064966605950212,0.582908649034906
pendigits,log,115,6,0.015047928337368352,0.9097168095609249,0.015662301360549004,0.9064966605950212,0.6131025481390311
pendigits,log,115,7,0.013927455796796459,0.9193296960249415,0.014458405534563425,0.9174256223436551,0.6209522074407937
pendigits,log,115,8,0.013382808212508947,0.9240062353858145,0.014172803870429638,0.9168184578020644,0.4787664407331957
pendigits,log,115,9,0.01284839580517334,0.9254351779683034,0.013498038343872478,0.9234972677595629,0.6385783092899177
pendigits,log,115,10,0.012081768484408874,0.926734216679657,0.012774594281532792,0.922890103217972,0.5371980278493217
pendigits,log,115,11,0.011671443835157122,0.9299818134580411,0.012244141503010097,0.9289617486338798,0.6109759944435128
pendigits,log,115,12,0.011082626986426578,0.9324499870096129,0.01168514894279254,0.9313904068002429,0.5587317582778659
pendigits,log,115,13,0.010712762758881588,0.9349181605611847,0.011342105871663134,0.9319975713418336,0.5218135699565248
pendigits,log,115,14,0.010404304404546049,0.9338789295921018,0.010873111236003832,0.9332119004250152,0.4768719237007744
pendigits,log,115,15,0.009981635783496224,0.9363471031436736,0.01043718259493097,0.9350333940497875,0.5411009601979371
pendigits,log,115,16,0.009735266040118543,0.9371265263704859,0.010231360505697402,0.9368548876745598,0.3163763785248427
pendigits,log,115,17,0.009530133252867631,0.9390750844375162,0.010087475394832323,0.9374620522161505,0.23656395359584195
pendigits,log,115,18,0.009364102263154449,0.9394647960509224,0.009864462226609872,0.9386763812993322,0.45369657452329254
pendigits,log,115,19,0.00922405813157006,0.9399844115354637,0.009782659164753812,0.9374620522161505,0.4493453130086931
pendigits,log,115,20,0.008995859317145648,0.9395946999220577,0.009472098786754039,0.9398907103825137,0.42703296701217774
pendigits,log,115,21,0.008824883841297258,0.9398545076643284,0.009304054389675758,0.9398907103825137,0.47315843824973725
pendigits,log,115,22,0.008695821187005561,0.9408937386334113,0.009205416573529414,0.9411050394656952,0.5627100571720012
pendigits,log,115,23,0.00855315778983491,0.9408937386334113,0.009049249668383903,0.9411050394656952,0.586502431051509
pendigits,log,115,24,0.008450730014785213,0.9407638347622759,0.008912575370422516,0.941712204007286,0.5775563053883427
pendigits,log,115,25,0.008351362184359388,0.9410236425045466,0.00883407782161382,0.941712204007286,0.5759421909747404
pendigits,log,115,26,0.008262037688879637,0.9428422967004416,0.008724011882194663,0.941712204007286,0.3604523500117354
pendigits,log,115,27,0.008184109221078128,0.9431021044427124,0.008622406174022119,0.9423193685488768,0.5458837086087746
pendigits,log,115,28,0.008096672285530921,0.9424525850870356,0.008541048150645401,0.9429265330904675,0.575716668798165
pendigits,log,115,29,0.008009883299628063,0.9431021044427124,0.0085172838811791,0.9423193685488768,0.24766415015512308
pendigits,log,115,30,0.007897981423009414,0.9433619121849831,0.008336588359450996,0.9423193685488768,0.22988964603539236
pendigits,log,115,31,0.007868484443865034,0.9438815276695246,0.008356468800207826,0.9429265330904675,0.354076613286311
pendigits,log,115,32,0.007771331538042247,0.9436217199272539,0.008224830615483555,0.9435336976320583,0.35090773512639734
pendigits,log,115,33,0.0077138571365097455,0.9445310470252013,0.008164456896568435,0.944140862173649,0.43367719438146046
pendigits,log,115,34,0.007661407529893808,0.9446609508963367,0.008110754029350083,0.944140862173649,0.2099892589600688
pendigits,log,115,35,0.007582611893641418,0.9440114315406599,0.00801083836783225,0.944140862173649,0.567523411253723
pendigits,log,115,36,0.007544400509599986,0.9442712392829307,0.007956548376339943,0.9435336976320583,0.4230891361293718
pendigits,log,115,37,0.007481523700715582,0.9453104702520135,0.007911061079750075,0.9453551912568307,0.43775507966206945
pendigits,log,115,38,0.007474357071917579,0.9442712392829307,0.00785146438580245,0.944140862173649,0.5303368685877484
pendigits,log,115,39,0.007383823492663314,0.9445310470252013,0.0078007328963433775,0.9453551912568307,0.427957595441945
pendigits,log,115,40,0.007358833741272059,0.944790854767472,0.00776709663373044,0.9447480267152398,0.5604107122178809
pendigits,log,115,41,0.007324762733292728,0.9453104702520135,0.007679147621101588,0.9447480267152398,0.3328122011653439
pendigits,log,115,42,0.0072355583089133415,0.9458300857365549,0.007628991413980592,0.9447480267152398,0.18248367777357485
pendigits,log,115,43,0.00722223873610571,0.9458300857365549,0.007644502521599226,0.9459623557984214,0.33834879689043823
pendigits,log,115,44,0.007153472244520385,0.9464796050922317,0.007561527339520213,0.9453551912568307,0.4282582935035626
pendigits,log,115,45,0.007135661921273149,0.9463497012210964,0.0075426251418979524,0.9459623557984214,0.4368965577380629
pendigits,log,115,46,0.007094986714441389,0.9454403741231489,0.00749103228396565,0.9459623557984214,0.4270655770533404
pendigits,log,115,47,0.00704690404452306,0.9464796050922317,0.007424957942740825,0.9447480267152398,0.18858772223788248
pendigits,log,115,48,0.007019644859090293,0.9471291244479085,0.0073955513850917165,0.9447480267152398,0.522157532339891
pendigits,log,115,49,0.006987617218469842,0.9459599896076903,0.007350609474421094,0.9459623557984214,0.5809748832425521
pendigits,log,115,50,0.006955298115406208,0.94764873993245,0.007353117981558627,0.9447480267152398,0.42465642197342984
pendigits,log,115,51,0.006908893335974578,0.9471291244479085,0.007265500970359717,0.9459623557984214,0.4222918712722939
pendigits,log,115,52,0.006872339848831623,0.9477786438035853,0.007233944183291837,0.9459623557984214,0.14512864142196708
pendigits,log,115,53,0.006832578967900265,0.9482982592881268,0.007210979274331609,0.9471766848816029,0.43872655164374086
pendigits,log,115,54,0.00680429833821349,0.9484281631592621,0.007206761964472906,0.9471766848816029,0.4426651574488354
pendigits,log,115,55,0.006843935024331848,0.9480384515458561,0.007259565068327051,0.9459623557984214,0.49129716178660143
pendigits,log,115,56,0.006742327502414726,0.9489477786438035,0.007137904924369071,0.9471766848816029,0.4342526045421342
pendigits,log,115,57,0.006698358687139529,0.949077682514939,0.007086938641720853,0.9477838494231937,0.31058850526208004
pendigits,log,115,58,0.006674582159988533,0.949467394128345,0.007090448958400032,0.9471766848816029,0.18163272176822443
pendigits,log,115,59,0.00663761352972588,0.949467394128345,0.007015007769373537,0.9477838494231937,0.2621813694734763
pendigits,log,115,60,0.006594695858290226,0.9502468173551571,0.0069903895250472735,0.9477838494231937,0.45248500379823686
pendigits,log,115,61,0.006578555478634037,0.9501169134840218,0.007002028382656242,0.9471766848816029,0.3398824091001587
pendigits,log,115,62,0.006540901411620863,0.9503767212262926,0.006957433714872423,0.9471766848816029,0.4260161593226899
pendigits,log,115,63,0.006502137485094353,0.950896336710834,0.006933990077782454,0.9477838494231937,0.45107203026302195
pendigits,log,115,64,0.006483770548854119,0.9506365289685632,0.006923148875057495,0.9471766848816029,0.21425134853559205
pendigits,log,115,65,0.006453038930485198,0.9511561444531047,0.006914883540149483,0.9471766848816029,0.2206453185952113
pendigits,log,115,66,0.006428298036286615,0.95128604832424,0.0068928185242722135,0.9477838494231937,0.42513581125215305
pendigits,log,115,67,0.0063925591001318454,0.9511561444531047,0.006860551309205675,0.9471766848816029,0.44944548330529793
pendigits,log,115,68,0.006353163882757942,0.95128604832424,0.006824722620971209,0.9477838494231937,0.43157388019921766
pendigits,log,115,69,0.006329752203044189,0.95128604832424,0.006806018297215733,0.9483910139647844,0.4176040824181189
pendigits,log,115,70,0.006297613756756921,0.9516757599376462,0.0067917694916915005,0.9477838494231937,0.4295505844172006
pendigits,log,115,71,0.006268891533316154,0.9518056638087815,0.006763646744012572,0.9477838494231937,0.5594502690629753
pendigits,log,115,72,0.006249511189049391,0.9516757599376462,0.006744135861759721,0.9483910139647844,0.44066674707255576
pendigits,log,115,73,0.006217281842919477,0.9520654715510523,0.006725992875984641,0.9489981785063752,0.14189129032950515
pendigits,log,115,74,0.006207640049968511,0.9516757599376462,0.006749374621105743,0.9477838494231937,0.4175477287944108
pendigits,log,115,75,0.006174225154053542,0.9520654715510523,0.0067031825538024815,0.9477838494231937,0.5175275127592218
