stage,dataset,split,method,shape,scale,val,test,diverged,grid_edge,seed,alpha,power_scale,sgd_lr,mean_difference,seed_se,n_seeds,n_favouring_power,n_tied,n_splits,between_split_sd,min_difference,max_difference,n_splits_favouring_power
tune,vehicle,0,gradient descent,,0.03,0.703125,0.6640625,False,,,,,,,,,,,,,,,
tune,vehicle,0,gradient descent,,0.0625,0.71875,0.71875,False,,,,,,,,,,,,,,,
tune,vehicle,0,gradient descent,,0.125,0.7578125,0.734375,False,,,,,,,,,,,,,,,
tune,vehicle,0,gradient descent,,0.25,0.7890625,0.7421875,False,,,,,,,,,,,,,,,
tune,vehicle,0,gradient descent,,0.5,0.84375,0.78125,False,,,,,,,,,,,,,,,
tune,vehicle,0,gradient descent,,1,0.828125,0.8125,False,,,,,,,,,,,,,,,
tune,vehicle,0,gradient descent,,2,0.828125,0.828125,False,,,,,,,,,,,,,,,
tune,vehicle,0,gradient descent,,4,0.828125,0.8125,False,,,,,,,,,,,,,,,
tune,vehicle,0,gradient descent,,8,0.8203125,0.8046875,False,,,,,,,,,,,,,,,
tune,vehicle,0,gradient descent,,16,0.8203125,0.8046875,False,,,,,,,,,,,,,,,
tune,vehicle,0,gradient descent,,32,0.65625,0.65625,False,,,,,,,,,,,,,,,
tune,vehicle,0,gradient descent,,64,0.3046875,0.359375,False,,,,,,,,,,,,,,,
tune,vehicle,0,gradient descent,,128,0.3125,0.3828125,False,,,,,,,,,,,,,,,
tune,vehicle,0,power,-1.5,0.03,0.8125,0.765625,False,,,,,,,,,,,,,,,
tune,vehicle,0,power,-1.5,0.0625,0.734375,0.71875,False,,,,,,,,,,,,,,,
tune,vehicle,0,power,-1.5,0.125,0.71875,0.7421875,False,,,,,,,,,,,,,,,
tune,vehicle,0,power,-1.5,0.25,0.734375,0.6953125,False,,,,,,,,,,,,,,,
tune,vehicle,0,power,-1.5,0.5,0.7109375,0.7109375,False,,,,,,,,,,,,,,,
tune,vehicle,0,power,-1.5,1,0.6875,0.65625,False,,,,,,,,,,,,,,,
tune,vehicle,0,power,-1.5,2,0.53125,0.5078125,False,,,,,,,,,,,,,,,
tune,vehicle,0,power,-1.5,4,0.4921875,0.4609375,False,,,,,,,,,,,,,,,
tune,vehicle,0,power,-1.5,8,0.234375,0.25,False,,,,,,,,,,,,,,,
tune,vehicle,0,power,-1.5,16,0.1953125,0.21875,False,,,,,,,,,,,,,,,
tune,vehicle,0,power,-1.5,32,0.2578125,0.2578125,False,,,,,,,,,,,,,,,
tune,vehicle,0,power,-1.5,64,0.2734375,0.28125,False,,,,,,,,,,,,,,,
tune,vehicle,0,power,-1.5,128,0.2578125,0.2578125,False,,,,,,,,,,,,,,,
tune,vehicle,0,power,-1.0,0.03,0.75,0.71875,False,,,,,,,,,,,,,,,
tune,vehicle,0,power,-1.0,0.0625,0.8125,0.75,False,,,,,,,,,,,,,,,
tune,vehicle,0,power,-1.0,0.125,0.7890625,0.7578125,False,,,,,,,,,,,,,,,
tune,vehicle,0,power,-1.0,0.25,0.703125,0.734375,False,,,,,,,,,,,,,,,
tune,vehicle,0,power,-1.0,0.5,0.7265625,0.703125,False,,,,,,,,,,,,,,,
tune,vehicle,0,power,-1.0,1,0.765625,0.6875,False,,,,,,,,,,,,,,,
tune,vehicle,0,power,-1.0,2,0.6796875,0.7421875,False,,,,,,,,,,,,,,,
tune,vehicle,0,power,-1.0,4,0.765625,0.75,False,,,,,,,,,,,,,,,
tune,vehicle,0,power,-1.0,8,0.40625,0.40625,False,,,,,,,,,,,,,,,
tune,vehicle,0,power,-1.0,16,0.71875,0.640625,False,,,,,,,,,,,,,,,
tune,vehicle,0,power,-1.0,32,0.46875,0.4296875,False,,,,,,,,,,,,,,,
tune,vehicle,0,power,-1.0,64,0.234375,0.234375,False,,,,,,,,,,,,,,,
tune,vehicle,0,power,-1.0,128,0.2578125,0.2578125,False,,,,,,,,,,,,,,,
tune,vehicle,0,power,-0.8,0.03,0.734375,0.703125,False,,,,,,,,,,,,,,,
tune,vehicle,0,power,-0.8,0.0625,0.796875,0.7421875,False,,,,,,,,,,,,,,,
tune,vehicle,0,power,-0.8,0.125,0.828125,0.7890625,False,,,,,,,,,,,,,,,
tune,vehicle,0,power,-0.8,0.25,0.765625,0.7578125,False,,,,,,,,,,,,,,,
tune,vehicle,0,power,-0.8,0.5,0.703125,0.7578125,False,,,,,,,,,,,,,,,
tune,vehicle,0,power,-0.8,1,0.7109375,0.7734375,False,,,,,,,,,,,,,,,
tune,vehicle,0,power,-0.8,2,0.71875,0.671875,False,,,,,,,,,,,,,,,
tune,vehicle,0,power,-0.8,4,0.7109375,0.7109375,False,,,,,,,,,,,,,,,
tune,vehicle,0,power,-0.8,8,0.7734375,0.703125,False,,,,,,,,,,,,,,,
tune,vehicle,0,power,-0.8,16,0.7265625,0.7109375,False,,,,,,,,,,,,,,,
tune,vehicle,0,power,-0.8,32,0.5703125,0.59375,False,,,,,,,,,,,,,,,
tune,vehicle,0,power,-0.8,64,0.21875,0.28125,False,,,,,,,,,,,,,,,
tune,vehicle,0,power,-0.8,128,0.2578125,0.2578125,False,,,,,,,,,,,,,,,
tune,vehicle,0,power,-0.6,0.03,0.7109375,0.6796875,False,,,,,,,,,,,,,,,
tune,vehicle,0,power,-0.6,0.0625,0.78125,0.7265625,False,,,,,,,,,,,,,,,
tune,vehicle,0,power,-0.6,0.125,0.8125,0.7578125,False,,,,,,,,,,,,,,,
tune,vehicle,0,power,-0.6,0.25,0.8203125,0.8046875,False,,,,,,,,,,,,,,,
tune,vehicle,0,power,-0.6,0.5,0.7890625,0.8125,False,,,,,,,,,,,,,,,
tune,vehicle,0,power,-0.6,1,0.7578125,0.828125,False,,,,,,,,,,,,,,,
tune,vehicle,0,power,-0.6,2,0.765625,0.75,False,,,,,,,,,,,,,,,
tune,vehicle,0,power,-0.6,4,0.7265625,0.75,False,,,,,,,,,,,,,,,
tune,vehicle,0,power,-0.6,8,0.7578125,0.75,False,,,,,,,,,,,,,,,
tune,vehicle,0,power,-0.6,16,0.7890625,0.7890625,False,,,,,,,,,,,,,,,
tune,vehicle,0,power,-0.6,32,0.6640625,0.6953125,False,,,,,,,,,,,,,,,
tune,vehicle,0,power,-0.6,64,0.2578125,0.2734375,False,,,,,,,,,,,,,,,
tune,vehicle,0,power,-0.6,128,0.2578125,0.2578125,False,,,,,,,,,,,,,,,
tune,vehicle,0,power,-0.4,0.03,0.7109375,0.65625,False,,,,,,,,,,,,,,,
tune,vehicle,0,power,-0.4,0.0625,0.765625,0.7421875,False,,,,,,,,,,,,,,,
tune,vehicle,0,power,-0.4,0.125,0.7890625,0.7421875,False,,,,,,,,,,,,,,,
tune,vehicle,0,power,-0.4,0.25,0.828125,0.796875,False,,,,,,,,,,,,,,,
tune,vehicle,0,power,-0.4,0.5,0.7890625,0.859375,False,,,,,,,,,,,,,,,
tune,vehicle,0,power,-0.4,1,0.78125,0.8515625,False,,,,,,,,,,,,,,,
tune,vehicle,0,power,-0.4,2,0.78125,0.828125,False,,,,,,,,,,,,,,,
tune,vehicle,0,power,-0.4,4,0.828125,0.8125,False,,,,,,,,,,,,,,,
tune,vehicle,0,power,-0.4,8,0.7421875,0.7421875,False,,,,,,,,,,,,,,,
tune,vehicle,0,power,-0.4,16,0.796875,0.828125,False,,,,,,,,,,,,,,,
tune,vehicle,0,power,-0.4,32,0.6875,0.6875,False,,,,,,,,,,,,,,,
tune,vehicle,0,power,-0.4,64,0.296875,0.296875,False,,,,,,,,,,,,,,,
tune,vehicle,0,power,-0.4,128,0.2734375,0.3046875,False,,,,,,,,,,,,,,,
tune,vehicle,0,power,-0.2,0.03,0.703125,0.65625,False,,,,,,,,,,,,,,,
tune,vehicle,0,power,-0.2,0.0625,0.7421875,0.7265625,False,,,,,,,,,,,,,,,
tune,vehicle,0,power,-0.2,0.125,0.7734375,0.734375,False,,,,,,,,,,,,,,,
tune,vehicle,0,power,-0.2,0.25,0.8125,0.7578125,False,,,,,,,,,,,,,,,
tune,vehicle,0,power,-0.2,0.5,0.8671875,0.8125,False,,,,,,,,,,,,,,,
tune,vehicle,0,power,-0.2,1,0.8359375,0.8125,False,,,,,,,,,,,,,,,
tune,vehicle,0,power,-0.2,2,0.828125,0.8046875,False,,,,,,,,,,,,,,,
tune,vehicle,0,power,-0.2,4,0.78125,0.8203125,False,,,,,,,,,,,,,,,
tune,vehicle,0,power,-0.2,8,0.796875,0.7890625,False,,,,,,,,,,,,,,,
tune,vehicle,0,power,-0.2,16,0.796875,0.8125,False,,,,,,,,,,,,,,,
tune,vehicle,0,power,-0.2,32,0.7890625,0.8125,False,,,,,,,,,,,,,,,
tune,vehicle,0,power,-0.2,64,0.28125,0.328125,False,,,,,,,,,,,,,,,
tune,vehicle,0,power,-0.2,128,0.3046875,0.359375,False,,,,,,,,,,,,,,,
tune,vehicle,0,power,0.2,0.03,0.6953125,0.6640625,False,,,,,,,,,,,,,,,
tune,vehicle,0,power,0.2,0.0625,0.71875,0.71875,False,,,,,,,,,,,,,,,
tune,vehicle,0,power,0.2,0.125,0.7578125,0.734375,False,,,,,,,,,,,,,,,
tune,vehicle,0,power,0.2,0.25,0.7890625,0.734375,False,,,,,,,,,,,,,,,
tune,vehicle,0,power,0.2,0.5,0.828125,0.7578125,False,,,,,,,,,,,,,,,
tune,vehicle,0,power,0.2,1,0.8359375,0.78125,False,,,,,,,,,,,,,,,
tune,vehicle,0,power,0.2,2,0.8203125,0.8046875,False,,,,,,,,,,,,,,,
tune,vehicle,0,power,0.2,4,0.8125,0.8359375,False,,,,,,,,,,,,,,,
tune,vehicle,0,power,0.2,8,0.8203125,0.8046875,False,,,,,,,,,,,,,,,
tune,vehicle,0,power,0.2,16,0.8203125,0.8515625,False,,,,,,,,,,,,,,,
tune,vehicle,0,power,0.2,32,0.3125,0.359375,False,,,,,,,,,,,,,,,
tune,vehicle,0,power,0.2,64,0.359375,0.375,False,,,,,,,,,,,,,,,
tune,vehicle,0,power,0.2,128,0.375,0.3828125,False,,,,,,,,,,,,,,,
tune,vehicle,0,power,0.5,0.03,0.6953125,0.671875,False,,,,,,,,,,,,,,,
tune,vehicle,0,power,0.5,0.0625,0.703125,0.6953125,False,,,,,,,,,,,,,,,
tune,vehicle,0,power,0.5,0.125,0.7421875,0.75,False,,,,,,,,,,,,,,,
tune,vehicle,0,power,0.5,0.25,0.7734375,0.7421875,False,,,,,,,,,,,,,,,
tune,vehicle,0,power,0.5,0.5,0.8203125,0.7421875,False,,,,,,,,,,,,,,,
tune,vehicle,0,power,0.5,1,0.8515625,0.7734375,False,,,,,,,,,,,,,,,
tune,vehicle,0,power,0.5,2,0.84375,0.7890625,False,,,,,,,,,,,,,,,
tune,vehicle,0,power,0.5,4,0.828125,0.7890625,False,,,,,,,,,,,,,,,
tune,vehicle,0,power,0.5,8,0.8046875,0.828125,False,,,,,,,,,,,,,,,
tune,vehicle,0,power,0.5,16,0.5546875,0.578125,False,,,,,,,,,,,,,,,
tune,vehicle,0,power,0.5,32,0.3828125,0.390625,False,,,,,,,,,,,,,,,
tune,vehicle,0,power,0.5,64,0.375,0.3828125,False,,,,,,,,,,,,,,,
tune,vehicle,0,power,0.5,128,0.3828125,0.3984375,False,,,,,,,,,,,,,,,
tune,vehicle,0,power,1.0,0.03,0.6796875,0.6484375,False,,,,,,,,,,,,,,,
tune,vehicle,0,power,1.0,0.0625,0.6796875,0.6875,False,,,,,,,,,,,,,,,
tune,vehicle,0,power,1.0,0.125,0.7265625,0.71875,False,,,,,,,,,,,,,,,
tune,vehicle,0,power,1.0,0.25,0.75,0.7265625,False,,,,,,,,,,,,,,,
tune,vehicle,0,power,1.0,0.5,0.78125,0.734375,False,,,,,,,,,,,,,,,
tune,vehicle,0,power,1.0,1,0.8125,0.734375,False,,,,,,,,,,,,,,,
tune,vehicle,0,power,1.0,2,0.8125,0.765625,False,,,,,,,,,,,,,,,
tune,vehicle,0,power,1.0,4,0.8125,0.7578125,False,,,,,,,,,,,,,,,
tune,vehicle,0,power,1.0,8,0.3125,0.3828125,False,,,,,,,,,,,,,,,
tune,vehicle,0,power,1.0,16,0.3359375,0.3515625,False,,,,,,,,,,,,,,,
tune,vehicle,0,power,1.0,32,0.359375,0.3828125,False,,,,,,,,,,,,,,,
tune,vehicle,0,power,1.0,64,0.4296875,0.4140625,False,,,,,,,,,,,,,,,
tune,vehicle,0,power,1.0,128,0.4375,0.4140625,False,,,,,,,,,,,,,,,
tune,vehicle,0,power,1.5,0.03,0.609375,0.5703125,False,,,,,,,,,,,,,,,
tune,vehicle,0,power,1.5,0.0625,0.7265625,0.6640625,False,,,,,,,,,,,,,,,
tune,vehicle,0,power,1.5,0.125,0.6875,0.6328125,False,,,,,,,,,,,,,,,
tune,vehicle,0,power,1.5,0.25,0.7109375,0.71875,False,,,,,,,,,,,,,,,
tune,vehicle,0,power,1.5,0.5,0.6796875,0.6484375,False,,,,,,,,,,,,,,,
tune,vehicle,0,power,1.5,1,0.6015625,0.6015625,False,,,,,,,,,,,,,,,
tune,vehicle,0,power,1.5,2,0.359375,0.390625,False,,,,,,,,,,,,,,,
tune,vehicle,0,power,1.5,4,0.3203125,0.34375,False,,,,,,,,,,,,,,,
tune,vehicle,0,power,1.5,8,0.3203125,0.375,False,,,,,,,,,,,,,,,
tune,vehicle,0,power,1.5,16,0.359375,0.375,False,,,,,,,,,,,,,,,
tune,vehicle,0,power,1.5,32,0.390625,0.3984375,False,,,,,,,,,,,,,,,
tune,vehicle,0,power,1.5,64,0.328125,0.3125,False,,,,,,,,,,,,,,,
tune,vehicle,0,power,1.5,128,0.265625,0.3046875,False,,,,,,,,,,,,,,,
best,vehicle,0,gradient descent,,0.5,0.84375,0.78125,False,0,,,,,,,,,,,,,,
best,vehicle,0,power,-0.2,0.5,0.8671875,0.8125,False,0,,,,,,,,,,,,,,
seed,vehicle,0,power,-0.2,0.5,0.875,0.7890625,False,,100,,,,,,,,,,,,,
seed,vehicle,0,gradient descent,,0.5,0.8515625,0.78125,False,,100,,,,,,,,,,,,,
seed,vehicle,0,power,-0.2,0.5,0.890625,0.78125,False,,101,,,,,,,,,,,,,
seed,vehicle,0,gradient descent,,0.5,0.8671875,0.7578125,False,,101,,,,,,,,,,,,,
seed,vehicle,0,power,-0.2,0.5,0.8515625,0.8203125,False,,102,,,,,,,,,,,,,
seed,vehicle,0,gradient descent,,0.5,0.8515625,0.7734375,False,,102,,,,,,,,,,,,,
seed,vehicle,0,power,-0.2,0.5,0.859375,0.7734375,False,,103,,,,,,,,,,,,,
seed,vehicle,0,gradient descent,,0.5,0.8671875,0.7734375,False,,103,,,,,,,,,,,,,
seed,vehicle,0,power,-0.2,0.5,0.8515625,0.7890625,False,,104,,,,,,,,,,,,,
seed,vehicle,0,gradient descent,,0.5,0.8515625,0.765625,False,,104,,,,,,,,,,,,,
seed,vehicle,0,power,-0.2,0.5,0.8671875,0.7890625,False,,105,,,,,,,,,,,,,
seed,vehicle,0,gradient descent,,0.5,0.8671875,0.765625,False,,105,,,,,,,,,,,,,
seed,vehicle,0,power,-0.2,0.5,0.8828125,0.7890625,False,,106,,,,,,,,,,,,,
seed,vehicle,0,gradient descent,,0.5,0.875,0.78125,False,,106,,,,,,,,,,,,,
seed,vehicle,0,power,-0.2,0.5,0.875,0.78125,False,,107,,,,,,,,,,,,,
seed,vehicle,0,gradient descent,,0.5,0.84375,0.7734375,False,,107,,,,,,,,,,,,,
split_summary,vehicle,0,,,,,,,,,0.8,0.5,0.5,1.7578125,0.5271887172904905,8,7,1,,,,,
tune,vehicle,1,gradient descent,,0.03,0.6484375,0.671875,False,,,,,,,,,,,,,,,
tune,vehicle,1,gradient descent,,0.0625,0.75,0.703125,False,,,,,,,,,,,,,,,
tune,vehicle,1,gradient descent,,0.125,0.796875,0.78125,False,,,,,,,,,,,,,,,
tune,vehicle,1,gradient descent,,0.25,0.8203125,0.8046875,False,,,,,,,,,,,,,,,
tune,vehicle,1,gradient descent,,0.5,0.84375,0.8203125,False,,,,,,,,,,,,,,,
tune,vehicle,1,gradient descent,,1,0.84375,0.84375,False,,,,,,,,,,,,,,,
tune,vehicle,1,gradient descent,,2,0.859375,0.8515625,False,,,,,,,,,,,,,,,
tune,vehicle,1,gradient descent,,4,0.8515625,0.8671875,False,,,,,,,,,,,,,,,
tune,vehicle,1,gradient descent,,8,0.84375,0.828125,False,,,,,,,,,,,,,,,
tune,vehicle,1,gradient descent,,16,0.8359375,0.8359375,False,,,,,,,,,,,,,,,
tune,vehicle,1,gradient descent,,32,0.8828125,0.7890625,False,,,,,,,,,,,,,,,
tune,vehicle,1,gradient descent,,64,0.2578125,0.28125,False,,,,,,,,,,,,,,,
tune,vehicle,1,gradient descent,,128,0.234375,0.234375,False,,,,,,,,,,,,,,,
tune,vehicle,1,power,-1.5,0.03,0.8203125,0.7734375,False,,,,,,,,,,,,,,,
tune,vehicle,1,power,-1.5,0.0625,0.75,0.7421875,False,,,,,,,,,,,,,,,
tune,vehicle,1,power,-1.5,0.125,0.734375,0.7265625,False,,,,,,,,,,,,,,,
tune,vehicle,1,power,-1.5,0.25,0.6953125,0.6875,False,,,,,,,,,,,,,,,
tune,vehicle,1,power,-1.5,0.5,0.703125,0.734375,False,,,,,,,,,,,,,,,
tune,vehicle,1,power,-1.5,1,0.6953125,0.7109375,False,,,,,,,,,,,,,,,
tune,vehicle,1,power,-1.5,2,0.234375,0.234375,False,,,,,,,,,,,,,,,
tune,vehicle,1,power,-1.5,4,0.3359375,0.40625,False,,,,,,,,,,,,,,,
tune,vehicle,1,power,-1.5,8,0.34375,0.359375,False,,,,,,,,,,,,,,,
tune,vehicle,1,power,-1.5,16,0.265625,0.21875,False,,,,,,,,,,,,,,,
tune,vehicle,1,power,-1.5,32,0.453125,0.359375,False,,,,,,,,,,,,,,,
tune,vehicle,1,power,-1.5,64,0.2421875,0.2890625,False,,,,,,,,,,,,,,,
tune,vehicle,1,power,-1.5,128,0.2578125,0.2578125,False,,,,,,,,,,,,,,,
tune,vehicle,1,power,-1.0,0.03,0.765625,0.7578125,False,,,,,,,,,,,,,,,
tune,vehicle,1,power,-1.0,0.0625,0.828125,0.8046875,False,,,,,,,,,,,,,,,
tune,vehicle,1,power,-1.0,0.125,0.84375,0.796875,False,,,,,,,,,,,,,,,
tune,vehicle,1,power,-1.0,0.25,0.78125,0.8125,False,,,,,,,,,,,,,,,
tune,vehicle,1,power,-1.0,0.5,0.7578125,0.7578125,False,,,,,,,,,,,,,,,
tune,vehicle,1,power,-1.0,1,0.625,0.6875,False,,,,,,,,,,,,,,,
tune,vehicle,1,power,-1.0,2,0.8046875,0.7890625,False,,,,,,,,,,,,,,,
tune,vehicle,1,power,-1.0,4,0.7265625,0.7734375,False,,,,,,,,,,,,,,,
tune,vehicle,1,power,-1.0,8,0.671875,0.703125,False,,,,,,,,,,,,,,,
tune,vehicle,1,power,-1.0,16,0.6015625,0.6640625,False,,,,,,,,,,,,,,,
tune,vehicle,1,power,-1.0,32,0.578125,0.59375,False,,,,,,,,,,,,,,,
tune,vehicle,1,power,-1.0,64,0.2578125,0.2578125,False,,,,,,,,,,,,,,,
tune,vehicle,1,power,-1.0,128,0.375,0.359375,False,,,,,,,,,,,,,,,
tune,vehicle,1,power,-0.8,0.03,0.7109375,0.7265625,False,,,,,,,,,,,,,,,
tune,vehicle,1,power,-0.8,0.0625,0.8203125,0.8046875,False,,,,,,,,,,,,,,,
tune,vehicle,1,power,-0.8,0.125,0.8359375,0.7890625,False,,,,,,,,,,,,,,,
tune,vehicle,1,power,-0.8,0.25,0.859375,0.8046875,False,,,,,,,,,,,,,,,
tune,vehicle,1,power,-0.8,0.5,0.78125,0.7734375,False,,,,,,,,,,,,,,,
tune,vehicle,1,power,-0.8,1,0.7890625,0.78125,False,,,,,,,,,,,,,,,
tune,vehicle,1,power,-0.8,2,0.84375,0.78125,False,,,,,,,,,,,,,,,
tune,vehicle,1,power,-0.8,4,0.734375,0.7890625,False,,,,,,,,,,,,,,,
tune,vehicle,1,power,-0.8,8,0.7265625,0.765625,False,,,,,,,,,,,,,,,
tune,vehicle,1,power,-0.8,16,0.703125,0.71875,False,,,,,,,,,,,,,,,
tune,vehicle,1,power,-0.8,32,0.5703125,0.609375,False,,,,,,,,,,,,,,,
tune,vehicle,1,power,-0.8,64,0.46875,0.40625,False,,,,,,,,,,,,,,,
tune,vehicle,1,power,-0.8,128,0.3828125,0.34375,False,,,,,,,,,,,,,,,
tune,vehicle,1,power,-0.6,0.03,0.6796875,0.6953125,False,,,,,,,,,,,,,,,
tune,vehicle,1,power,-0.6,0.0625,0.796875,0.7890625,False,,,,,,,,,,,,,,,
tune,vehicle,1,power,-0.6,0.125,0.8515625,0.796875,False,,,,,,,,,,,,,,,
tune,vehicle,1,power,-0.6,0.25,0.828125,0.78125,False,,,,,,,,,,,,,,,
tune,vehicle,1,power,-0.6,0.5,0.8671875,0.828125,False,,,,,,,,,,,,,,,
tune,vehicle,1,power,-0.6,1,0.8203125,0.8125,False,,,,,,,,,,,,,,,
tune,vehicle,1,power,-0.6,2,0.8046875,0.78125,False,,,,,,,,,,,,,,,
tune,vehicle,1,power,-0.6,4,0.796875,0.78125,False,,,,,,,,,,,,,,,
tune,vehicle,1,power,-0.6,8,0.78125,0.7578125,False,,,,,,,,,,,,,,,
tune,vehicle,1,power,-0.6,16,0.7421875,0.75,False,,,,,,,,,,,,,,,
tune,vehicle,1,power,-0.6,32,0.7578125,0.7734375,False,,,,,,,,,,,,,,,
tune,vehicle,1,power,-0.6,64,0.671875,0.65625,False,,,,,,,,,,,,,,,
tune,vehicle,1,power,-0.6,128,0.375,0.375,False,,,,,,,,,,,,,,,
tune,vehicle,1,power,-0.4,0.03,0.6484375,0.6796875,False,,,,,,,,,,,,,,,
tune,vehicle,1,power,-0.4,0.0625,0.7734375,0.734375,False,,,,,,,,,,,,,,,
tune,vehicle,1,power,-0.4,0.125,0.84375,0.8203125,False,,,,,,,,,,,,,,,
tune,vehicle,1,power,-0.4,0.25,0.828125,0.796875,False,,,,,,,,,,,,,,,
tune,vehicle,1,power,-0.4,0.5,0.859375,0.8125,False,,,,,,,,,,,,,,,
tune,vehicle,1,power,-0.4,1,0.8515625,0.828125,False,,,,,,,,,,,,,,,
tune,vehicle,1,power,-0.4,2,0.828125,0.8359375,False,,,,,,,,,,,,,,,
tune,vehicle,1,power,-0.4,4,0.875,0.78125,False,,,,,,,,,,,,,,,
tune,vehicle,1,power,-0.4,8,0.828125,0.796875,False,,,,,,,,,,,,,,,
tune,vehicle,1,power,-0.4,16,0.8046875,0.765625,False,,,,,,,,,,,,,,,
tune,vehicle,1,power,-0.4,32,0.765625,0.765625,False,,,,,,,,,,,,,,,
tune,vehicle,1,power,-0.4,64,0.3828125,0.3203125,False,,,,,,,,,,,,,,,
tune,vehicle,1,power,-0.4,128,0.234375,0.234375,False,,,,,,,,,,,,,,,
tune,vehicle,1,power,-0.2,0.03,0.6484375,0.671875,False,,,,,,,,,,,,,,,
tune,vehicle,1,power,-0.2,0.0625,0.75,0.7109375,False,,,,,,,,,,,,,,,
tune,vehicle,1,power,-0.2,0.125,0.78125,0.796875,False,,,,,,,,,,,,,,,
tune,vehicle,1,power,-0.2,0.25,0.84375,0.7890625,False,,,,,,,,,,,,,,,
tune,vehicle,1,power,-0.2,0.5,0.8359375,0.8046875,False,,,,,,,,,,,,,,,
tune,vehicle,1,power,-0.2,1,0.84375,0.84375,False,,,,,,,,,,,,,,,
tune,vehicle,1,power,-0.2,2,0.8515625,0.828125,False,,,,,,,,,,,,,,,
tune,vehicle,1,power,-0.2,4,0.828125,0.8046875,False,,,,,,,,,,,,,,,
tune,vehicle,1,power,-0.2,8,0.8203125,0.7890625,False,,,,,,,,,,,,,,,
tune,vehicle,1,power,-0.2,16,0.8125,0.796875,False,,,,,,,,,,,,,,,
tune,vehicle,1,power,-0.2,32,0.84375,0.78125,False,,,,,,,,,,,,,,,
tune,vehicle,1,power,-0.2,64,0.859375,0.796875,False,,,,,,,,,,,,,,,
tune,vehicle,1,power,-0.2,128,0.234375,0.234375,False,,,,,,,,,,,,,,,
tune,vehicle,1,power,0.2,0.03,0.65625,0.6796875,False,,,,,,,,,,,,,,,
tune,vehicle,1,power,0.2,0.0625,0.703125,0.703125,False,,,,,,,,,,,,,,,
tune,vehicle,1,power,0.2,0.125,0.796875,0.765625,False,,,,,,,,,,,,,,,
tune,vehicle,1,power,0.2,0.25,0.796875,0.8125,False,,,,,,,,,,,,,,,
tune,vehicle,1,power,0.2,0.5,0.8203125,0.8203125,False,,,,,,,,,,,,,,,
tune,vehicle,1,power,0.2,1,0.828125,0.8359375,False,,,,,,,,,,,,,,,
tune,vehicle,1,power,0.2,2,0.875,0.8515625,False,,,,,,,,,,,,,,,
tune,vehicle,1,power,0.2,4,0.859375,0.8671875,False,,,,,,,,,,,,,,,
tune,vehicle,1,power,0.2,8,0.8203125,0.8125,False,,,,,,,,,,,,,,,
tune,vehicle,1,power,0.2,16,0.859375,0.828125,False,,,,,,,,,,,,,,,
tune,vehicle,1,power,0.2,32,0.3125,0.3828125,False,,,,,,,,,,,,,,,
tune,vehicle,1,power,0.2,64,0.234375,0.234375,False,,,,,,,,,,,,,,,
tune,vehicle,1,power,0.2,128,0.234375,0.234375,False,,,,,,,,,,,,,,,
tune,vehicle,1,power,0.5,0.03,0.6484375,0.6796875,False,,,,,,,,,,,,,,,
tune,vehicle,1,power,0.5,0.0625,0.703125,0.7109375,False,,,,,,,,,,,,,,,
tune,vehicle,1,power,0.5,0.125,0.78125,0.7421875,False,,,,,,,,,,,,,,,
tune,vehicle,1,power,0.5,0.25,0.78125,0.8046875,False,,,,,,,,,,,,,,,
tune,vehicle,1,power,0.5,0.5,0.8125,0.8203125,False,,,,,,,,,,,,,,,
tune,vehicle,1,power,0.5,1,0.8359375,0.8125,False,,,,,,,,,,,,,,,
tune,vehicle,1,power,0.5,2,0.8359375,0.8125,False,,,,,,,,,,,,,,,
tune,vehicle,1,power,0.5,4,0.828125,0.8203125,False,,,,,,,,,,,,,,,
tune,vehicle,1,power,0.5,8,0.859375,0.828125,False,,,,,,,,,,,,,,,
tune,vehicle,1,power,0.5,16,0.3671875,0.34375,False,,,,,,,,,,,,,,,
tune,vehicle,1,power,0.5,32,0.234375,0.234375,False,,,,,,,,,,,,,,,
tune,vehicle,1,power,0.5,64,0.234375,0.234375,False,,,,,,,,,,,,,,,
tune,vehicle,1,power,0.5,128,0.234375,0.234375,False,,,,,,,,,,,,,,,
tune,vehicle,1,power,1.0,0.03,0.6171875,0.640625,False,,,,,,,,,,,,,,,
tune,vehicle,1,power,1.0,0.0625,0.671875,0.7421875,False,,,,,,,,,,,,,,,
tune,vehicle,1,power,1.0,0.125,0.7890625,0.7578125,False,,,,,,,,,,,,,,,
tune,vehicle,1,power,1.0,0.25,0.7890625,0.765625,False,,,,,,,,,,,,,,,
tune,vehicle,1,power,1.0,0.5,0.8046875,0.78125,False,,,,,,,,,,,,,,,
tune,vehicle,1,power,1.0,1,0.71875,0.7109375,False,,,,,,,,,,,,,,,
tune,vehicle,1,power,1.0,2,0.8359375,0.78125,False,,,,,,,,,,,,,,,
tune,vehicle,1,power,1.0,4,0.7265625,0.7109375,False,,,,,,,,,,,,,,,
tune,vehicle,1,power,1.0,8,0.2734375,0.2578125,False,,,,,,,,,,,,,,,
tune,vehicle,1,power,1.0,16,0.234375,0.234375,False,,,,,,,,,,,,,,,
tune,vehicle,1,power,1.0,32,0.234375,0.234375,False,,,,,,,,,,,,,,,
tune,vehicle,1,power,1.0,64,0.234375,0.234375,False,,,,,,,,,,,,,,,
tune,vehicle,1,power,1.0,128,0.234375,0.234375,False,,,,,,,,,,,,,,,
tune,vehicle,1,power,1.5,0.03,0.234375,0.234375,False,,,,,,,,,,,,,,,
tune,vehicle,1,power,1.5,0.0625,0.65625,0.6484375,False,,,,,,,,,,,,,,,
tune,vehicle,1,power,1.5,0.125,0.25,0.25,False,,,,,,,,,,,,,,,
tune,vehicle,1,power,1.5,0.25,0.6796875,0.6875,False,,,,,,,,,,,,,,,
tune,vehicle,1,power,1.5,0.5,0.546875,0.5078125,False,,,,,,,,,,,,,,,
tune,vehicle,1,power,1.5,1,0.40625,0.40625,False,,,,,,,,,,,,,,,
tune,vehicle,1,power,1.5,2,0.453125,0.4453125,False,,,,,,,,,,,,,,,
tune,vehicle,1,power,1.5,4,0.234375,0.2265625,False,,,,,,,,,,,,,,,
tune,vehicle,1,power,1.5,8,0.2421875,0.2109375,False,,,,,,,,,,,,,,,
tune,vehicle,1,power,1.5,16,0.21875,0.2109375,False,,,,,,,,,,,,,,,
tune,vehicle,1,power,1.5,32,0.2421875,0.2265625,False,,,,,,,,,,,,,,,
tune,vehicle,1,power,1.5,64,0.234375,0.171875,False,,,,,,,,,,,,,,,
tune,vehicle,1,power,1.5,128,0.21875,0.171875,False,,,,,,,,,,,,,,,
best,vehicle,1,gradient descent,,32,0.8828125,0.7890625,False,0,,,,,,,,,,,,,,
best,vehicle,1,power,-0.4,4,0.875,0.78125,False,0,,,,,,,,,,,,,,
seed,vehicle,1,power,-0.4,4,0.828125,0.8046875,False,,100,,,,,,,,,,,,,
seed,vehicle,1,gradient descent,,32,0.375,0.390625,False,,100,,,,,,,,,,,,,
seed,vehicle,1,power,-0.4,4,0.828125,0.765625,False,,101,,,,,,,,,,,,,
seed,vehicle,1,gradient descent,,32,0.796875,0.828125,False,,101,,,,,,,,,,,,,
seed,vehicle,1,power,-0.4,4,0.8125,0.796875,False,,102,,,,,,,,,,,,,
seed,vehicle,1,gradient descent,,32,0.25,0.25,False,,102,,,,,,,,,,,,,
seed,vehicle,1,power,-0.4,4,0.8359375,0.7734375,False,,103,,,,,,,,,,,,,
seed,vehicle,1,gradient descent,,32,0.2578125,0.2578125,False,,103,,,,,,,,,,,,,
seed,vehicle,1,power,-0.4,4,0.828125,0.8046875,False,,104,,,,,,,,,,,,,
seed,vehicle,1,gradient descent,,32,0.84375,0.8046875,False,,104,,,,,,,,,,,,,
seed,vehicle,1,power,-0.4,4,0.8359375,0.78125,False,,105,,,,,,,,,,,,,
seed,vehicle,1,gradient descent,,32,0.609375,0.6015625,False,,105,,,,,,,,,,,,,
seed,vehicle,1,power,-0.4,4,0.828125,0.8046875,False,,106,,,,,,,,,,,,,
seed,vehicle,1,gradient descent,,32,0.6171875,0.5859375,False,,106,,,,,,,,,,,,,
seed,vehicle,1,power,-0.4,4,0.875,0.796875,False,,107,,,,,,,,,,,,,
seed,vehicle,1,gradient descent,,32,0.859375,0.8046875,False,,107,,,,,,,,,,,,,
split_summary,vehicle,1,,,,,,,,,0.6,4,32,22.55859375,8.591768110551255,8,5,1,,,,,
tune,vehicle,2,gradient descent,,0.03,0.6015625,0.7109375,False,,,,,,,,,,,,,,,
tune,vehicle,2,gradient descent,,0.0625,0.703125,0.7890625,False,,,,,,,,,,,,,,,
tune,vehicle,2,gradient descent,,0.125,0.734375,0.828125,False,,,,,,,,,,,,,,,
tune,vehicle,2,gradient descent,,0.25,0.75,0.8359375,False,,,,,,,,,,,,,,,
tune,vehicle,2,gradient descent,,0.5,0.734375,0.84375,False,,,,,,,,,,,,,,,
tune,vehicle,2,gradient descent,,1,0.796875,0.859375,False,,,,,,,,,,,,,,,
tune,vehicle,2,gradient descent,,2,0.8046875,0.875,False,,,,,,,,,,,,,,,
tune,vehicle,2,gradient descent,,4,0.796875,0.8671875,False,,,,,,,,,,,,,,,
tune,vehicle,2,gradient descent,,8,0.828125,0.875,False,,,,,,,,,,,,,,,
tune,vehicle,2,gradient descent,,16,0.7890625,0.859375,False,,,,,,,,,,,,,,,
tune,vehicle,2,gradient descent,,32,0.7890625,0.8828125,False,,,,,,,,,,,,,,,
tune,vehicle,2,gradient descent,,64,0.234375,0.234375,False,,,,,,,,,,,,,,,
tune,vehicle,2,gradient descent,,128,0.234375,0.234375,False,,,,,,,,,,,,,,,
tune,vehicle,2,power,-1.5,0.03,0.7421875,0.796875,False,,,,,,,,,,,,,,,
tune,vehicle,2,power,-1.5,0.0625,0.7109375,0.828125,False,,,,,,,,,,,,,,,
tune,vehicle,2,power,-1.5,0.125,0.78125,0.8125,False,,,,,,,,,,,,,,,
tune,vehicle,2,power,-1.5,0.25,0.3046875,0.3046875,False,,,,,,,,,,,,,,,
tune,vehicle,2,power,-1.5,0.5,0.7578125,0.7734375,False,,,,,,,,,,,,,,,
tune,vehicle,2,power,-1.5,1,0.5078125,0.515625,False,,,,,,,,,,,,,,,
tune,vehicle,2,power,-1.5,2,0.5546875,0.640625,False,,,,,,,,,,,,,,,
tune,vehicle,2,power,-1.5,4,0.5859375,0.59375,False,,,,,,,,,,,,,,,
tune,vehicle,2,power,-1.5,8,0.2578125,0.2578125,False,,,,,,,,,,,,,,,
tune,vehicle,2,power,-1.5,16,0.3203125,0.2265625,False,,,,,,,,,,,,,,,
tune,vehicle,2,power,-1.5,32,0.21875,0.2109375,False,,,,,,,,,,,,,,,
tune,vehicle,2,power,-1.5,64,0.25,0.25,False,,,,,,,,,,,,,,,
tune,vehicle,2,power,-1.5,128,0.234375,0.234375,False,,,,,,,,,,,,,,,
tune,vehicle,2,power,-1.0,0.03,0.6953125,0.78125,False,,,,,,,,,,,,,,,
tune,vehicle,2,power,-1.0,0.0625,0.7109375,0.828125,False,,,,,,,,,,,,,,,
tune,vehicle,2,power,-1.0,0.125,0.703125,0.84375,False,,,,,,,,,,,,,,,
tune,vehicle,2,power,-1.0,0.25,0.7421875,0.7890625,False,,,,,,,,,,,,,,,
tune,vehicle,2,power,-1.0,0.5,0.7421875,0.8125,False,,,,,,,,,,,,,,,
tune,vehicle,2,power,-1.0,1,0.6875,0.828125,False,,,,,,,,,,,,,,,
tune,vehicle,2,power,-1.0,2,0.703125,0.7734375,False,,,,,,,,,,,,,,,
tune,vehicle,2,power,-1.0,4,0.7421875,0.765625,False,,,,,,,,,,,,,,,
tune,vehicle,2,power,-1.0,8,0.6328125,0.6484375,False,,,,,,,,,,,,,,,
tune,vehicle,2,power,-1.0,16,0.359375,0.40625,False,,,,,,,,,,,,,,,
tune,vehicle,2,power,-1.0,32,0.3515625,0.46875,False,,,,,,,,,,,,,,,
tune,vehicle,2,power,-1.0,64,0.21875,0.25,False,,,,,,,,,,,,,,,
tune,vehicle,2,power,-1.0,128,0.234375,0.234375,False,,,,,,,,,,,,,,,
tune,vehicle,2,power,-0.8,0.03,0.6875,0.7734375,False,,,,,,,,,,,,,,,
tune,vehicle,2,power,-0.8,0.0625,0.7109375,0.828125,False,,,,,,,,,,,,,,,
tune,vehicle,2,power,-0.8,0.125,0.7265625,0.828125,False,,,,,,,,,,,,,,,
tune,vehicle,2,power,-0.8,0.25,0.765625,0.859375,False,,,,,,,,,,,,,,,
tune,vehicle,2,power,-0.8,0.5,0.765625,0.84375,False,,,,,,,,,,,,,,,
tune,vehicle,2,power,-0.8,1,0.7265625,0.8671875,False,,,,,,,,,,,,,,,
tune,vehicle,2,power,-0.8,2,0.7734375,0.8046875,False,,,,,,,,,,,,,,,
tune,vehicle,2,power,-0.8,4,0.75,0.7890625,False,,,,,,,,,,,,,,,
tune,vehicle,2,power,-0.8,8,0.71875,0.7890625,False,,,,,,,,,,,,,,,
tune,vehicle,2,power,-0.8,16,0.7109375,0.765625,False,,,,,,,,,,,,,,,
tune,vehicle,2,power,-0.8,32,0.484375,0.4765625,False,,,,,,,,,,,,,,,
tune,vehicle,2,power,-0.8,64,0.1875,0.140625,False,,,,,,,,,,,,,,,
tune,vehicle,2,power,-0.8,128,0.234375,0.234375,False,,,,,,,,,,,,,,,
tune,vehicle,2,power,-0.6,0.03,0.6796875,0.75,False,,,,,,,,,,,,,,,
tune,vehicle,2,power,-0.6,0.0625,0.7265625,0.8203125,False,,,,,,,,,,,,,,,
tune,vehicle,2,power,-0.6,0.125,0.734375,0.8515625,False,,,,,,,,,,,,,,,
tune,vehicle,2,power,-0.6,0.25,0.734375,0.84375,False,,,,,,,,,,,,,,,
tune,vehicle,2,power,-0.6,0.5,0.8125,0.8671875,False,,,,,,,,,,,,,,,
tune,vehicle,2,power,-0.6,1,0.7890625,0.890625,False,,,,,,,,,,,,,,,
tune,vehicle,2,power,-0.6,2,0.75,0.8203125,False,,,,,,,,,,,,,,,
tune,vehicle,2,power,-0.6,4,0.7421875,0.8203125,False,,,,,,,,,,,,,,,
tune,vehicle,2,power,-0.6,8,0.71875,0.796875,False,,,,,,,,,,,,,,,
tune,vehicle,2,power,-0.6,16,0.7265625,0.734375,False,,,,,,,,,,,,,,,
tune,vehicle,2,power,-0.6,32,0.6640625,0.7421875,False,,,,,,,,,,,,,,,
tune,vehicle,2,power,-0.6,64,0.2578125,0.2578125,False,,,,,,,,,,,,,,,
tune,vehicle,2,power,-0.6,128,0.234375,0.234375,False,,,,,,,,,,,,,,,
tune,vehicle,2,power,-0.4,0.03,0.6328125,0.7265625,False,,,,,,,,,,,,,,,
tune,vehicle,2,power,-0.4,0.0625,0.7265625,0.8125,False,,,,,,,,,,,,,,,
tune,vehicle,2,power,-0.4,0.125,0.71875,0.8515625,False,,,,,,,,,,,,,,,
tune,vehicle,2,power,-0.4,0.25,0.7109375,0.84375,False,,,,,,,,,,,,,,,
tune,vehicle,2,power,-0.4,0.5,0.78125,0.8515625,False,,,,,,,,,,,,,,,
tune,vehicle,2,power,-0.4,1,0.796875,0.875,False,,,,,,,,,,,,,,,
tune,vehicle,2,power,-0.4,2,0.7578125,0.859375,False,,,,,,,,,,,,,,,
tune,vehicle,2,power,-0.4,4,0.7890625,0.875,False,,,,,,,,,,,,,,,
tune,vehicle,2,power,-0.4,8,0.7265625,0.8203125,False,,,,,,,,,,,,,,,
tune,vehicle,2,power,-0.4,16,0.703125,0.78125,False,,,,,,,,,,,,,,,
tune,vehicle,2,power,-0.4,32,0.7421875,0.78125,False,,,,,,,,,,,,,,,
tune,vehicle,2,power,-0.4,64,0.6875,0.7578125,False,,,,,,,,,,,,,,,
tune,vehicle,2,power,-0.4,128,0.234375,0.234375,False,,,,,,,,,,,,,,,
tune,vehicle,2,power,-0.2,0.03,0.59375,0.71875,False,,,,,,,,,,,,,,,
tune,vehicle,2,power,-0.2,0.0625,0.7109375,0.8046875,False,,,,,,,,,,,,,,,
tune,vehicle,2,power,-0.2,0.125,0.734375,0.828125,False,,,,,,,,,,,,,,,
tune,vehicle,2,power,-0.2,0.25,0.7265625,0.8359375,False,,,,,,,,,,,,,,,
tune,vehicle,2,power,-0.2,0.5,0.75,0.8203125,False,,,,,,,,,,,,,,,
tune,vehicle,2,power,-0.2,1,0.78125,0.8984375,False,,,,,,,,,,,,,,,
tune,vehicle,2,power,-0.2,2,0.7890625,0.8828125,False,,,,,,,,,,,,,,,
tune,vehicle,2,power,-0.2,4,0.7890625,0.8515625,False,,,,,,,,,,,,,,,
tune,vehicle,2,power,-0.2,8,0.75,0.875,False,,,,,,,,,,,,,,,
tune,vehicle,2,power,-0.2,16,0.828125,0.875,False,,,,,,,,,,,,,,,
tune,vehicle,2,power,-0.2,32,0.7421875,0.8515625,False,,,,,,,,,,,,,,,
tune,vehicle,2,power,-0.2,64,0.234375,0.234375,False,,,,,,,,,,,,,,,
tune,vehicle,2,power,-0.2,128,0.234375,0.234375,False,,,,,,,,,,,,,,,
tune,vehicle,2,power,0.2,0.03,0.6015625,0.7109375,False,,,,,,,,,,,,,,,
tune,vehicle,2,power,0.2,0.0625,0.6953125,0.796875,False,,,,,,,,,,,,,,,
tune,vehicle,2,power,0.2,0.125,0.71875,0.8125,False,,,,,,,,,,,,,,,
tune,vehicle,2,power,0.2,0.25,0.734375,0.8359375,False,,,,,,,,,,,,,,,
tune,vehicle,2,power,0.2,0.5,0.7265625,0.8515625,False,,,,,,,,,,,,,,,
tune,vehicle,2,power,0.2,1,0.7578125,0.8125,False,,,,,,,,,,,,,,,
tune,vehicle,2,power,0.2,2,0.7890625,0.875,False,,,,,,,,,,,,,,,
tune,vehicle,2,power,0.2,4,0.796875,0.8828125,False,,,,,,,,,,,,,,,
tune,vehicle,2,power,0.2,8,0.7734375,0.8515625,False,,,,,,,,,,,,,,,
tune,vehicle,2,power,0.2,16,0.796875,0.890625,False,,,,,,,,,,,,,,,
tune,vehicle,2,power,0.2,32,0.5234375,0.5703125,False,,,,,,,,,,,,,,,
tune,vehicle,2,power,0.2,64,0.234375,0.234375,False,,,,,,,,,,,,,,,
tune,vehicle,2,power,0.2,128,0.234375,0.234375,False,,,,,,,,,,,,,,,
tune,vehicle,2,power,0.5,0.03,0.59375,0.71875,False,,,,,,,,,,,,,,,
tune,vehicle,2,power,0.5,0.0625,0.6875,0.78125,False,,,,,,,,,,,,,,,
tune,vehicle,2,power,0.5,0.125,0.7265625,0.8203125,False,,,,,,,,,,,,,,,
tune,vehicle,2,power,0.5,0.25,0.7265625,0.8203125,False,,,,,,,,,,,,,,,
tune,vehicle,2,power,0.5,0.5,0.75,0.8203125,False,,,,,,,,,,,,,,,
tune,vehicle,2,power,0.5,1,0.7421875,0.84375,False,,,,,,,,,,,,,,,
tune,vehicle,2,power,0.5,2,0.7578125,0.828125,False,,,,,,,,,,,,,,,
tune,vehicle,2,power,0.5,4,0.8046875,0.8828125,False,,,,,,,,,,,,,,,
tune,vehicle,2,power,0.5,8,0.8203125,0.875,False,,,,,,,,,,,,,,,
tune,vehicle,2,power,0.5,16,0.4296875,0.421875,False,,,,,,,,,,,,,,,
tune,vehicle,2,power,0.5,32,0.234375,0.234375,False,,,,,,,,,,,,,,,
tune,vehicle,2,power,0.5,64,0.234375,0.234375,False,,,,,,,,,,,,,,,
tune,vehicle,2,power,0.5,128,0.234375,0.234375,False,,,,,,,,,,,,,,,
tune,vehicle,2,power,1.0,0.03,0.6171875,0.6953125,False,,,,,,,,,,,,,,,
tune,vehicle,2,power,1.0,0.0625,0.6796875,0.765625,False,,,,,,,,,,,,,,,
tune,vehicle,2,power,1.0,0.125,0.71875,0.828125,False,,,,,,,,,,,,,,,
tune,vehicle,2,power,1.0,0.25,0.7109375,0.765625,False,,,,,,,,,,,,,,,
tune,vehicle,2,power,1.0,0.5,0.703125,0.8359375,False,,,,,,,,,,,,,,,
tune,vehicle,2,power,1.0,1,0.75,0.84375,False,,,,,,,,,,,,,,,
tune,vehicle,2,power,1.0,2,0.7265625,0.8359375,False,,,,,,,,,,,,,,,
tune,vehicle,2,power,1.0,4,0.6875,0.7421875,False,,,,,,,,,,,,,,,
tune,vehicle,2,power,1.0,8,0.2734375,0.2421875,False,,,,,,,,,,,,,,,
tune,vehicle,2,power,1.0,16,0.3203125,0.34375,False,,,,,,,,,,,,,,,
tune,vehicle,2,power,1.0,32,0.2734375,0.3046875,False,,,,,,,,,,,,,,,
tune,vehicle,2,power,1.0,64,0.234375,0.234375,False,,,,,,,,,,,,,,,
tune,vehicle,2,power,1.0,128,0.234375,0.234375,False,,,,,,,,,,,,,,,
tune,vehicle,2,power,1.5,0.03,0.625,0.703125,False,,,,,,,,,,,,,,,
tune,vehicle,2,power,1.5,0.0625,0.4765625,0.5546875,False,,,,,,,,,,,,,,,
tune,vehicle,2,power,1.5,0.125,0.546875,0.625,False,,,,,,,,,,,,,,,
tune,vehicle,2,power,1.5,0.25,0.640625,0.7109375,False,,,,,,,,,,,,,,,
tune,vehicle,2,power,1.5,0.5,0.546875,0.640625,False,,,,,,,,,,,,,,,
tune,vehicle,2,power,1.5,1,0.484375,0.5390625,False,,,,,,,,,,,,,,,
tune,vehicle,2,power,1.5,2,0.234375,0.265625,False,,,,,,,,,,,,,,,
tune,vehicle,2,power,1.5,4,0.3671875,0.40625,False,,,,,,,,,,,,,,,
tune,vehicle,2,power,1.5,8,0.3359375,0.375,False,,,,,,,,,,,,,,,
tune,vehicle,2,power,1.5,16,0.3125,0.3671875,False,,,,,,,,,,,,,,,
tune,vehicle,2,power,1.5,32,0.296875,0.3515625,False,,,,,,,,,,,,,,,
tune,vehicle,2,power,1.5,64,0.2734375,0.34375,False,,,,,,,,,,,,,,,
tune,vehicle,2,power,1.5,128,0.3359375,0.3359375,False,,,,,,,,,,,,,,,
best,vehicle,2,gradient descent,,8,0.828125,0.875,False,0,,,,,,,,,,,,,,
best,vehicle,2,power,-0.2,16,0.828125,0.875,False,0,,,,,,,,,,,,,,
seed,vehicle,2,power,-0.2,16,0.7578125,0.8671875,False,,100,,,,,,,,,,,,,
seed,vehicle,2,gradient descent,,8,0.7890625,0.8828125,False,,100,,,,,,,,,,,,,
seed,vehicle,2,power,-0.2,16,0.8046875,0.890625,False,,101,,,,,,,,,,,,,
seed,vehicle,2,gradient descent,,8,0.796875,0.8671875,False,,101,,,,,,,,,,,,,
seed,vehicle,2,power,-0.2,16,0.765625,0.828125,False,,102,,,,,,,,,,,,,
seed,vehicle,2,gradient descent,,8,0.8515625,0.8984375,False,,102,,,,,,,,,,,,,
seed,vehicle,2,power,-0.2,16,0.75,0.8515625,False,,103,,,,,,,,,,,,,
seed,vehicle,2,gradient descent,,8,0.8203125,0.90625,False,,103,,,,,,,,,,,,,
seed,vehicle,2,power,-0.2,16,0.703125,0.8359375,False,,104,,,,,,,,,,,,,
seed,vehicle,2,gradient descent,,8,0.7890625,0.8828125,False,,104,,,,,,,,,,,,,
seed,vehicle,2,power,-0.2,16,0.7421875,0.828125,False,,105,,,,,,,,,,,,,
seed,vehicle,2,gradient descent,,8,0.7890625,0.859375,False,,105,,,,,,,,,,,,,
seed,vehicle,2,power,-0.2,16,0.7734375,0.859375,False,,106,,,,,,,,,,,,,
seed,vehicle,2,gradient descent,,8,0.78125,0.8828125,False,,106,,,,,,,,,,,,,
seed,vehicle,2,power,-0.2,16,0.8046875,0.8984375,False,,107,,,,,,,,,,,,,
seed,vehicle,2,gradient descent,,8,0.8203125,0.9140625,False,,107,,,,,,,,,,,,,
split_summary,vehicle,2,,,,,,,,,0.8,16,8,-2.9296875,1.0202290903338291,8,1,0,,,,,
tune,vehicle,3,gradient descent,,0.03,0.609375,0.671875,False,,,,,,,,,,,,,,,
tune,vehicle,3,gradient descent,,0.0625,0.7109375,0.71875,False,,,,,,,,,,,,,,,
tune,vehicle,3,gradient descent,,0.125,0.8203125,0.75,False,,,,,,,,,,,,,,,
tune,vehicle,3,gradient descent,,0.25,0.8125,0.828125,False,,,,,,,,,,,,,,,
tune,vehicle,3,gradient descent,,0.5,0.7890625,0.8046875,False,,,,,,,,,,,,,,,
tune,vehicle,3,gradient descent,,1,0.7890625,0.765625,False,,,,,,,,,,,,,,,
tune,vehicle,3,gradient descent,,2,0.8046875,0.75,False,,,,,,,,,,,,,,,
tune,vehicle,3,gradient descent,,4,0.8515625,0.8046875,False,,,,,,,,,,,,,,,
tune,vehicle,3,gradient descent,,8,0.8359375,0.78125,False,,,,,,,,,,,,,,,
tune,vehicle,3,gradient descent,,16,0.796875,0.8046875,False,,,,,,,,,,,,,,,
tune,vehicle,3,gradient descent,,32,0.8359375,0.78125,False,,,,,,,,,,,,,,,
tune,vehicle,3,gradient descent,,64,0.234375,0.234375,False,,,,,,,,,,,,,,,
tune,vehicle,3,gradient descent,,128,0.234375,0.234375,False,,,,,,,,,,,,,,,
tune,vehicle,3,power,-1.5,0.03,0.8125,0.8125,False,,,,,,,,,,,,,,,
tune,vehicle,3,power,-1.5,0.0625,0.765625,0.7734375,False,,,,,,,,,,,,,,,
tune,vehicle,3,power,-1.5,0.125,0.78125,0.7578125,False,,,,,,,,,,,,,,,
tune,vehicle,3,power,-1.5,0.25,0.75,0.75,False,,,,,,,,,,,,,,,
tune,vehicle,3,power,-1.5,0.5,0.7578125,0.7421875,False,,,,,,,,,,,,,,,
tune,vehicle,3,power,-1.5,1,0.625,0.6640625,False,,,,,,,,,,,,,,,
tune,vehicle,3,power,-1.5,2,0.6875,0.625,False,,,,,,,,,,,,,,,
tune,vehicle,3,power,-1.5,4,0.5234375,0.5390625,False,,,,,,,,,,,,,,,
tune,vehicle,3,power,-1.5,8,0.46875,0.3828125,False,,,,,,,,,,,,,,,
tune,vehicle,3,power,-1.5,16,0.28125,0.28125,False,,,,,,,,,,,,,,,
tune,vehicle,3,power,-1.5,32,0.3359375,0.34375,False,,,,,,,,,,,,,,,
tune,vehicle,3,power,-1.5,64,0.28125,0.2734375,False,,,,,,,,,,,,,,,
tune,vehicle,3,power,-1.5,128,0.234375,0.234375,False,,,,,,,,,,,,,,,
tune,vehicle,3,power,-1.0,0.03,0.7578125,0.734375,False,,,,,,,,,,,,,,,
tune,vehicle,3,power,-1.0,0.0625,0.828125,0.8125,False,,,,,,,,,,,,,,,
tune,vehicle,3,power,-1.0,0.125,0.8125,0.8046875,False,,,,,,,,,,,,,,,
tune,vehicle,3,power,-1.0,0.25,0.7890625,0.75,False,,,,,,,,,,,,,,,
tune,vehicle,3,power,-1.0,0.5,0.8046875,0.765625,False,,,,,,,,,,,,,,,
tune,vehicle,3,power,-1.0,1,0.8046875,0.7734375,False,,,,,,,,,,,,,,,
tune,vehicle,3,power,-1.0,2,0.7421875,0.71875,False,,,,,,,,,,,,,,,
tune,vehicle,3,power,-1.0,4,0.734375,0.7109375,False,,,,,,,,,,,,,,,
tune,vehicle,3,power,-1.0,8,0.6796875,0.671875,False,,,,,,,,,,,,,,,
tune,vehicle,3,power,-1.0,16,0.5,0.5,False,,,,,,,,,,,,,,,
tune,vehicle,3,power,-1.0,32,0.390625,0.421875,False,,,,,,,,,,,,,,,
tune,vehicle,3,power,-1.0,64,0.25,0.2421875,False,,,,,,,,,,,,,,,
tune,vehicle,3,power,-1.0,128,0.234375,0.234375,False,,,,,,,,,,,,,,,
tune,vehicle,3,power,-0.8,0.03,0.6796875,0.7109375,False,,,,,,,,,,,,,,,
tune,vehicle,3,power,-0.8,0.0625,0.8125,0.7890625,False,,,,,,,,,,,,,,,
tune,vehicle,3,power,-0.8,0.125,0.78125,0.8125,False,,,,,,,,,,,,,,,
tune,vehicle,3,power,-0.8,0.25,0.8125,0.75,False,,,,,,,,,,,,,,,
tune,vehicle,3,power,-0.8,0.5,0.734375,0.78125,False,,,,,,,,,,,,,,,
tune,vehicle,3,power,-0.8,1,0.8046875,0.765625,False,,,,,,,,,,,,,,,
tune,vehicle,3,power,-0.8,2,0.7421875,0.765625,False,,,,,,,,,,,,,,,
tune,vehicle,3,power,-0.8,4,0.8125,0.765625,False,,,,,,,,,,,,,,,
tune,vehicle,3,power,-0.8,8,0.7734375,0.7421875,False,,,,,,,,,,,,,,,
tune,vehicle,3,power,-0.8,16,0.71875,0.71875,False,,,,,,,,,,,,,,,
tune,vehicle,3,power,-0.8,32,0.6875,0.6015625,False,,,,,,,,,,,,,,,
tune,vehicle,3,power,-0.8,64,0.609375,0.5625,False,,,,,,,,,,,,,,,
tune,vehicle,3,power,-0.8,128,0.234375,0.234375,False,,,,,,,,,,,,,,,
tune,vehicle,3,power,-0.6,0.03,0.65625,0.6875,False,,,,,,,,,,,,,,,
tune,vehicle,3,power,-0.6,0.0625,0.796875,0.75,False,,,,,,,,,,,,,,,
tune,vehicle,3,power,-0.6,0.125,0.8125,0.8203125,False,,,,,,,,,,,,,,,
tune,vehicle,3,power,-0.6,0.25,0.8046875,0.765625,False,,,,,,,,,,,,,,,
tune,vehicle,3,power,-0.6,0.5,0.8125,0.765625,False,,,,,,,,,,,,,,,
tune,vehicle,3,power,-0.6,1,0.8359375,0.75,False,,,,,,,,,,,,,,,
tune,vehicle,3,power,-0.6,2,0.796875,0.796875,False,,,,,,,,,,,,,,,
tune,vehicle,3,power,-0.6,4,0.7421875,0.7265625,False,,,,,,,,,,,,,,,
tune,vehicle,3,power,-0.6,8,0.765625,0.75,False,,,,,,,,,,,,,,,
tune,vehicle,3,power,-0.6,16,0.7421875,0.703125,False,,,,,,,,,,,,,,,
tune,vehicle,3,power,-0.6,32,0.6953125,0.6640625,False,,,,,,,,,,,,,,,
tune,vehicle,3,power,-0.6,64,0.6484375,0.640625,False,,,,,,,,,,,,,,,
tune,vehicle,3,power,-0.6,128,0.234375,0.234375,False,,,,,,,,,,,,,,,
tune,vehicle,3,power,-0.4,0.03,0.6328125,0.6796875,False,,,,,,,,,,,,,,,
tune,vehicle,3,power,-0.4,0.0625,0.7890625,0.75,False,,,,,,,,,,,,,,,
tune,vehicle,3,power,-0.4,0.125,0.84375,0.8046875,False,,,,,,,,,,,,,,,
tune,vehicle,3,power,-0.4,0.25,0.7890625,0.8046875,False,,,,,,,,,,,,,,,
tune,vehicle,3,power,-0.4,0.5,0.8203125,0.765625,False,,,,,,,,,,,,,,,
tune,vehicle,3,power,-0.4,1,0.8203125,0.78125,False,,,,,,,,,,,,,,,
tune,vehicle,3,power,-0.4,2,0.828125,0.7734375,False,,,,,,,,,,,,,,,
tune,vehicle,3,power,-0.4,4,0.8359375,0.78125,False,,,,,,,,,,,,,,,
tune,vehicle,3,power,-0.4,8,0.796875,0.734375,False,,,,,,,,,,,,,,,
tune,vehicle,3,power,-0.4,16,0.7734375,0.7890625,False,,,,,,,,,,,,,,,
tune,vehicle,3,power,-0.4,32,0.765625,0.78125,False,,,,,,,,,,,,,,,
tune,vehicle,3,power,-0.4,64,0.6796875,0.7421875,False,,,,,,,,,,,,,,,
tune,vehicle,3,power,-0.4,128,0.234375,0.234375,False,,,,,,,,,,,,,,,
tune,vehicle,3,power,-0.2,0.03,0.625,0.671875,False,,,,,,,,,,,,,,,
tune,vehicle,3,power,-0.2,0.0625,0.7421875,0.7421875,False,,,,,,,,,,,,,,,
tune,vehicle,3,power,-0.2,0.125,0.8359375,0.796875,False,,,,,,,,,,,,,,,
tune,vehicle,3,power,-0.2,0.25,0.8046875,0.8125,False,,,,,,,,,,,,,,,
tune,vehicle,3,power,-0.2,0.5,0.8046875,0.796875,False,,,,,,,,,,,,,,,
tune,vehicle,3,power,-0.2,1,0.7890625,0.7734375,False,,,,,,,,,,,,,,,
tune,vehicle,3,power,-0.2,2,0.8046875,0.8125,False,,,,,,,,,,,,,,,
tune,vehicle,3,power,-0.2,4,0.859375,0.796875,False,,,,,,,,,,,,,,,
tune,vehicle,3,power,-0.2,8,0.8203125,0.7890625,False,,,,,,,,,,,,,,,
tune,vehicle,3,power,-0.2,16,0.84375,0.8125,False,,,,,,,,,,,,,,,
tune,vehicle,3,power,-0.2,32,0.8671875,0.7890625,False,,,,,,,,,,,,,,,
tune,vehicle,3,power,-0.2,64,0.234375,0.234375,False,,,,,,,,,,,,,,,
tune,vehicle,3,power,-0.2,128,0.234375,0.234375,False,,,,,,,,,,,,,,,
tune,vehicle,3,power,0.2,0.03,0.609375,0.6796875,False,,,,,,,,,,,,,,,
tune,vehicle,3,power,0.2,0.0625,0.7109375,0.7265625,False,,,,,,,,,,,,,,,
tune,vehicle,3,power,0.2,0.125,0.8203125,0.75,False,,,,,,,,,,,,,,,
tune,vehicle,3,power,0.2,0.25,0.8359375,0.8125,False,,,,,,,,,,,,,,,
tune,vehicle,3,power,0.2,0.5,0.7890625,0.8046875,False,,,,,,,,,,,,,,,
tune,vehicle,3,power,0.2,1,0.796875,0.7734375,False,,,,,,,,,,,,,,,
tune,vehicle,3,power,0.2,2,0.8203125,0.7578125,False,,,,,,,,,,,,,,,
tune,vehicle,3,power,0.2,4,0.8046875,0.8046875,False,,,,,,,,,,,,,,,
tune,vehicle,3,power,0.2,8,0.84375,0.7734375,False,,,,,,,,,,,,,,,
tune,vehicle,3,power,0.2,16,0.796875,0.8046875,False,,,,,,,,,,,,,,,
tune,vehicle,3,power,0.2,32,0.4921875,0.4921875,False,,,,,,,,,,,,,,,
tune,vehicle,3,power,0.2,64,0.234375,0.234375,False,,,,,,,,,,,,,,,
tune,vehicle,3,power,0.2,128,0.234375,0.234375,False,,,,,,,,,,,,,,,
tune,vehicle,3,power,0.5,0.03,0.609375,0.6796875,False,,,,,,,,,,,,,,,
tune,vehicle,3,power,0.5,0.0625,0.71875,0.71875,False,,,,,,,,,,,,,,,
tune,vehicle,3,power,0.5,0.125,0.78125,0.7421875,False,,,,,,,,,,,,,,,
tune,vehicle,3,power,0.5,0.25,0.8359375,0.78125,False,,,,,,,,,,,,,,,
tune,vehicle,3,power,0.5,0.5,0.8125,0.796875,False,,,,,,,,,,,,,,,
tune,vehicle,3,power,0.5,1,0.7890625,0.796875,False,,,,,,,,,,,,,,,
tune,vehicle,3,power,0.5,2,0.8125,0.75,False,,,,,,,,,,,,,,,
tune,vehicle,3,power,0.5,4,0.8125,0.765625,False,,,,,,,,,,,,,,,
tune,vehicle,3,power,0.5,8,0.8515625,0.7578125,False,,,,,,,,,,,,,,,
tune,vehicle,3,power,0.5,16,0.484375,0.484375,False,,,,,,,,,,,,,,,
tune,vehicle,3,power,0.5,32,0.234375,0.234375,False,,,,,,,,,,,,,,,
tune,vehicle,3,power,0.5,64,0.234375,0.234375,False,,,,,,,,,,,,,,,
tune,vehicle,3,power,0.5,128,0.234375,0.234375,False,,,,,,,,,,,,,,,
tune,vehicle,3,power,1.0,0.03,0.6953125,0.7109375,False,,,,,,,,,,,,,,,
tune,vehicle,3,power,1.0,0.0625,0.7265625,0.703125,False,,,,,,,,,,,,,,,
tune,vehicle,3,power,1.0,0.125,0.78125,0.734375,False,,,,,,,,,,,,,,,
tune,vehicle,3,power,1.0,0.25,0.8046875,0.7578125,False,,,,,,,,,,,,,,,
tune,vehicle,3,power,1.0,0.5,0.828125,0.8046875,False,,,,,,,,,,,,,,,
tune,vehicle,3,power,1.0,1,0.796875,0.828125,False,,,,,,,,,,,,,,,
tune,vehicle,3,power,1.0,2,0.7265625,0.7109375,False,,,,,,,,,,,,,,,
tune,vehicle,3,power,1.0,4,0.7578125,0.75,False,,,,,,,,,,,,,,,
tune,vehicle,3,power,1.0,8,0.234375,0.2421875,False,,,,,,,,,,,,,,,
tune,vehicle,3,power,1.0,16,0.28125,0.2734375,False,,,,,,,,,,,,,,,
tune,vehicle,3,power,1.0,32,0.2734375,0.2578125,False,,,,,,,,,,,,,,,
tune,vehicle,3,power,1.0,64,0.21875,0.203125,False,,,,,,,,,,,,,,,
tune,vehicle,3,power,1.0,128,0.1875,0.203125,False,,,,,,,,,,,,,,,
tune,vehicle,3,power,1.5,0.03,0.515625,0.546875,False,,,,,,,,,,,,,,,
tune,vehicle,3,power,1.5,0.0625,0.7265625,0.609375,False,,,,,,,,,,,,,,,
tune,vehicle,3,power,1.5,0.125,0.703125,0.7421875,False,,,,,,,,,,,,,,,
tune,vehicle,3,power,1.5,0.25,0.453125,0.4453125,False,,,,,,,,,,,,,,,
tune,vehicle,3,power,1.5,0.5,0.2890625,0.2421875,False,,,,,,,,,,,,,,,
tune,vehicle,3,power,1.5,1,0.2109375,0.2109375,False,,,,,,,,,,,,,,,
tune,vehicle,3,power,1.5,2,0.2578125,0.2578125,False,,,,,,,,,,,,,,,
tune,vehicle,3,power,1.5,4,0.2734375,0.2578125,False,,,,,,,,,,,,,,,
tune,vehicle,3,power,1.5,8,0.265625,0.2578125,False,,,,,,,,,,,,,,,
tune,vehicle,3,power,1.5,16,0.2109375,0.2109375,False,,,,,,,,,,,,,,,
tune,vehicle,3,power,1.5,32,0.1875,0.203125,False,,,,,,,,,,,,,,,
tune,vehicle,3,power,1.5,64,0.1796875,0.1953125,False,,,,,,,,,,,,,,,
tune,vehicle,3,power,1.5,128,0.1484375,0.1875,False,,,,,,,,,,,,,,,
best,vehicle,3,gradient descent,,4,0.8515625,0.8046875,False,0,,,,,,,,,,,,,,
best,vehicle,3,power,-0.2,32,0.8671875,0.7890625,False,0,,,,,,,,,,,,,,
seed,vehicle,3,power,-0.2,32,0.7890625,0.75,False,,100,,,,,,,,,,,,,
seed,vehicle,3,gradient descent,,4,0.8125,0.7890625,False,,100,,,,,,,,,,,,,
seed,vehicle,3,power,-0.2,32,0.8359375,0.7890625,False,,101,,,,,,,,,,,,,
seed,vehicle,3,gradient descent,,4,0.8046875,0.796875,False,,101,,,,,,,,,,,,,
seed,vehicle,3,power,-0.2,32,0.8359375,0.78125,False,,102,,,,,,,,,,,,,
seed,vehicle,3,gradient descent,,4,0.8203125,0.796875,False,,102,,,,,,,,,,,,,
seed,vehicle,3,power,-0.2,32,0.859375,0.765625,False,,103,,,,,,,,,,,,,
seed,vehicle,3,gradient descent,,4,0.84375,0.7890625,False,,103,,,,,,,,,,,,,
seed,vehicle,3,power,-0.2,32,0.84375,0.78125,False,,104,,,,,,,,,,,,,
seed,vehicle,3,gradient descent,,4,0.828125,0.8125,False,,104,,,,,,,,,,,,,
seed,vehicle,3,power,-0.2,32,0.78125,0.8046875,False,,105,,,,,,,,,,,,,
seed,vehicle,3,gradient descent,,4,0.828125,0.8046875,False,,105,,,,,,,,,,,,,
seed,vehicle,3,power,-0.2,32,0.8046875,0.78125,False,,106,,,,,,,,,,,,,
seed,vehicle,3,gradient descent,,4,0.859375,0.796875,False,,106,,,,,,,,,,,,,
seed,vehicle,3,power,-0.2,32,0.8203125,0.8046875,False,,107,,,,,,,,,,,,,
seed,vehicle,3,gradient descent,,4,0.828125,0.8203125,False,,107,,,,,,,,,,,,,
split_summary,vehicle,3,,,,,,,,,0.8,32,4,-1.85546875,0.44138649608137204,8,0,1,,,,,
tune,vehicle,4,gradient descent,,0.03,0.609375,0.71875,False,,,,,,,,,,,,,,,
tune,vehicle,4,gradient descent,,0.0625,0.65625,0.75,False,,,,,,,,,,,,,,,
tune,vehicle,4,gradient descent,,0.125,0.7109375,0.8046875,False,,,,,,,,,,,,,,,
tune,vehicle,4,gradient descent,,0.25,0.7578125,0.8359375,False,,,,,,,,,,,,,,,
tune,vehicle,4,gradient descent,,0.5,0.7734375,0.8671875,False,,,,,,,,,,,,,,,
tune,vehicle,4,gradient descent,,1,0.8203125,0.8828125,False,,,,,,,,,,,,,,,
tune,vehicle,4,gradient descent,,2,0.828125,0.890625,False,,,,,,,,,,,,,,,
tune,vehicle,4,gradient descent,,4,0.8359375,0.875,False,,,,,,,,,,,,,,,
tune,vehicle,4,gradient descent,,8,0.8203125,0.8671875,False,,,,,,,,,,,,,,,
tune,vehicle,4,gradient descent,,16,0.8203125,0.8671875,False,,,,,,,,,,,,,,,
tune,vehicle,4,gradient descent,,32,0.828125,0.8359375,False,,,,,,,,,,,,,,,
tune,vehicle,4,gradient descent,,64,0.234375,0.234375,False,,,,,,,,,,,,,,,
tune,vehicle,4,gradient descent,,128,0.234375,0.234375,False,,,,,,,,,,,,,,,
tune,vehicle,4,power,-1.5,0.03,0.75,0.8359375,False,,,,,,,,,,,,,,,
tune,vehicle,4,power,-1.5,0.0625,0.78125,0.8203125,False,,,,,,,,,,,,,,,
tune,vehicle,4,power,-1.5,0.125,0.8046875,0.7734375,False,,,,,,,,,,,,,,,
tune,vehicle,4,power,-1.5,0.25,0.71875,0.796875,False,,,,,,,,,,,,,,,
tune,vehicle,4,power,-1.5,0.5,0.546875,0.6015625,False,,,,,,,,,,,,,,,
tune,vehicle,4,power,-1.5,1,0.4453125,0.5078125,False,,,,,,,,,,,,,,,
tune,vehicle,4,power,-1.5,2,0.6953125,0.7578125,False,,,,,,,,,,,,,,,
tune,vehicle,4,power,-1.5,4,0.5078125,0.59375,False,,,,,,,,,,,,,,,
tune,vehicle,4,power,-1.5,8,0.234375,0.2578125,False,,,,,,,,,,,,,,,
tune,vehicle,4,power,-1.5,16,0.28125,0.2890625,False,,,,,,,,,,,,,,,
tune,vehicle,4,power,-1.5,32,0.2734375,0.3125,False,,,,,,,,,,,,,,,
tune,vehicle,4,power,-1.5,64,0.3359375,0.3671875,False,,,,,,,,,,,,,,,
tune,vehicle,4,power,-1.5,128,0.234375,0.234375,False,,,,,,,,,,,,,,,
tune,vehicle,4,power,-1.0,0.03,0.6796875,0.765625,False,,,,,,,,,,,,,,,
tune,vehicle,4,power,-1.0,0.0625,0.75,0.8359375,False,,,,,,,,,,,,,,,
tune,vehicle,4,power,-1.0,0.125,0.8046875,0.8359375,False,,,,,,,,,,,,,,,
tune,vehicle,4,power,-1.0,0.25,0.7890625,0.84375,False,,,,,,,,,,,,,,,
tune,vehicle,4,power,-1.0,0.5,0.8046875,0.7890625,False,,,,,,,,,,,,,,,
tune,vehicle,4,power,-1.0,1,0.7109375,0.7421875,False,,,,,,,,,,,,,,,
tune,vehicle,4,power,-1.0,2,0.6328125,0.609375,False,,,,,,,,,,,,,,,
tune,vehicle,4,power,-1.0,4,0.7734375,0.8046875,False,,,,,,,,,,,,,,,
tune,vehicle,4,power,-1.0,8,0.671875,0.5859375,False,,,,,,,,,,,,,,,
tune,vehicle,4,power,-1.0,16,0.4296875,0.40625,False,,,,,,,,,,,,,,,
tune,vehicle,4,power,-1.0,32,0.3671875,0.4609375,False,,,,,,,,,,,,,,,
tune,vehicle,4,power,-1.0,64,0.2578125,0.2578125,False,,,,,,,,,,,,,,,
tune,vehicle,4,power,-1.0,128,0.234375,0.234375,False,,,,,,,,,,,,,,,
tune,vehicle,4,power,-0.8,0.03,0.6640625,0.75,False,,,,,,,,,,,,,,,
tune,vehicle,4,power,-0.8,0.0625,0.7265625,0.8125,False,,,,,,,,,,,,,,,
tune,vehicle,4,power,-0.8,0.125,0.78125,0.84375,False,,,,,,,,,,,,,,,
tune,vehicle,4,power,-0.8,0.25,0.7578125,0.8515625,False,,,,,,,,,,,,,,,
tune,vehicle,4,power,-0.8,0.5,0.7890625,0.8515625,False,,,,,,,,,,,,,,,
tune,vehicle,4,power,-0.8,1,0.7890625,0.7890625,False,,,,,,,,,,,,,,,
tune,vehicle,4,power,-0.8,2,0.734375,0.765625,False,,,,,,,,,,,,,,,
tune,vehicle,4,power,-0.8,4,0.765625,0.8125,False,,,,,,,,,,,,,,,
tune,vehicle,4,power,-0.8,8,0.7109375,0.78125,False,,,,,,,,,,,,,,,
tune,vehicle,4,power,-0.8,16,0.6640625,0.6953125,False,,,,,,,,,,,,,,,
tune,vehicle,4,power,-0.8,32,0.6015625,0.6171875,False,,,,,,,,,,,,,,,
tune,vehicle,4,power,-0.8,64,0.5625,0.5859375,False,,,,,,,,,,,,,,,
tune,vehicle,4,power,-0.8,128,0.234375,0.234375,False,,,,,,,,,,,,,,,
tune,vehicle,4,power,-0.6,0.03,0.625,0.7265625,False,,,,,,,,,,,,,,,
tune,vehicle,4,power,-0.6,0.0625,0.703125,0.8046875,False,,,,,,,,,,,,,,,
tune,vehicle,4,power,-0.6,0.125,0.75,0.8359375,False,,,,,,,,,,,,,,,
tune,vehicle,4,power,-0.6,0.25,0.78125,0.859375,False,,,,,,,,,,,,,,,
tune,vehicle,4,power,-0.6,0.5,0.7734375,0.8515625,False,,,,,,,,,,,,,,,
tune,vehicle,4,power,-0.6,1,0.78125,0.8125,False,,,,,,,,,,,,,,,
tune,vehicle,4,power,-0.6,2,0.75,0.7421875,False,,,,,,,,,,,,,,,
tune,vehicle,4,power,-0.6,4,0.7421875,0.8359375,False,,,,,,,,,,,,,,,
tune,vehicle,4,power,-0.6,8,0.6953125,0.7265625,False,,,,,,,,,,,,,,,
tune,vehicle,4,power,-0.6,16,0.75,0.71875,False,,,,,,,,,,,,,,,
tune,vehicle,4,power,-0.6,32,0.7421875,0.75,False,,,,,,,,,,,,,,,
tune,vehicle,4,power,-0.6,64,0.234375,0.234375,False,,,,,,,,,,,,,,,
tune,vehicle,4,power,-0.6,128,0.234375,0.234375,False,,,,,,,,,,,,,,,
tune,vehicle,4,power,-0.4,0.03,0.6015625,0.71875,False,,,,,,,,,,,,,,,
tune,vehicle,4,power,-0.4,0.0625,0.6875,0.7734375,False,,,,,,,,,,,,,,,
tune,vehicle,4,power,-0.4,0.125,0.7421875,0.8203125,False,,,,,,,,,,,,,,,
tune,vehicle,4,power,-0.4,0.25,0.765625,0.8359375,False,,,,,,,,,,,,,,,
tune,vehicle,4,power,-0.4,0.5,0.8046875,0.890625,False,,,,,,,,,,,,,,,
tune,vehicle,4,power,-0.4,1,0.8203125,0.84375,False,,,,,,,,,,,,,,,
tune,vehicle,4,power,-0.4,2,0.8125,0.8359375,False,,,,,,,,,,,,,,,
tune,vehicle,4,power,-0.4,4,0.8359375,0.875,False,,,,,,,,,,,,,,,
tune,vehicle,4,power,-0.4,8,0.8203125,0.8359375,False,,,,,,,,,,,,,,,
tune,vehicle,4,power,-0.4,16,0.765625,0.8359375,False,,,,,,,,,,,,,,,
tune,vehicle,4,power,-0.4,32,0.7890625,0.7578125,False,,,,,,,,,,,,,,,
tune,vehicle,4,power,-0.4,64,0.234375,0.234375,False,,,,,,,,,,,,,,,
tune,vehicle,4,power,-0.4,128,0.234375,0.234375,False,,,,,,,,,,,,,,,
tune,vehicle,4,power,-0.2,0.03,0.609375,0.71875,False,,,,,,,,,,,,,,,
tune,vehicle,4,power,-0.2,0.0625,0.671875,0.75,False,,,,,,,,,,,,,,,
tune,vehicle,4,power,-0.2,0.125,0.7109375,0.828125,False,,,,,,,,,,,,,,,
tune,vehicle,4,power,-0.2,0.25,0.765625,0.8515625,False,,,,,,,,,,,,,,,
tune,vehicle,4,power,-0.2,0.5,0.8125,0.8984375,False,,,,,,,,,,,,,,,
tune,vehicle,4,power,-0.2,1,0.8359375,0.875,False,,,,,,,,,,,,,,,
tune,vehicle,4,power,-0.2,2,0.8515625,0.875,False,,,,,,,,,,,,,,,
tune,vehicle,4,power,-0.2,4,0.8359375,0.90625,False,,,,,,,,,,,,,,,
tune,vehicle,4,power,-0.2,8,0.8125,0.8359375,False,,,,,,,,,,,,,,,
tune,vehicle,4,power,-0.2,16,0.8125,0.828125,False,,,,,,,,,,,,,,,
tune,vehicle,4,power,-0.2,32,0.796875,0.84375,False,,,,,,,,,,,,,,,
tune,vehicle,4,power,-0.2,64,0.234375,0.234375,False,,,,,,,,,,,,,,,
tune,vehicle,4,power,-0.2,128,0.234375,0.234375,False,,,,,,,,,,,,,,,
tune,vehicle,4,power,0.2,0.03,0.6015625,0.71875,False,,,,,,,,,,,,,,,
tune,vehicle,4,power,0.2,0.0625,0.65625,0.7578125,False,,,,,,,,,,,,,,,
tune,vehicle,4,power,0.2,0.125,0.703125,0.78125,False,,,,,,,,,,,,,,,
tune,vehicle,4,power,0.2,0.25,0.7421875,0.84375,False,,,,,,,,,,,,,,,
tune,vehicle,4,power,0.2,0.5,0.7578125,0.8515625,False,,,,,,,,,,,,,,,
tune,vehicle,4,power,0.2,1,0.7734375,0.859375,False,,,,,,,,,,,,,,,
tune,vehicle,4,power,0.2,2,0.8203125,0.8828125,False,,,,,,,,,,,,,,,
tune,vehicle,4,power,0.2,4,0.8359375,0.875,False,,,,,,,,,,,,,,,
tune,vehicle,4,power,0.2,8,0.8203125,0.84375,False,,,,,,,,,,,,,,,
tune,vehicle,4,power,0.2,16,0.8046875,0.84375,False,,,,,,,,,,,,,,,
tune,vehicle,4,power,0.2,32,0.234375,0.234375,False,,,,,,,,,,,,,,,
tune,vehicle,4,power,0.2,64,0.234375,0.234375,False,,,,,,,,,,,,,,,
tune,vehicle,4,power,0.2,128,0.234375,0.234375,False,,,,,,,,,,,,,,,
tune,vehicle,4,power,0.5,0.03,0.6328125,0.7109375,False,,,,,,,,,,,,,,,
tune,vehicle,4,power,0.5,0.0625,0.6640625,0.7578125,False,,,,,,,,,,,,,,,
tune,vehicle,4,power,0.5,0.125,0.703125,0.78125,False,,,,,,,,,,,,,,,
tune,vehicle,4,power,0.5,0.25,0.7421875,0.828125,False,,,,,,,,,,,,,,,
tune,vehicle,4,power,0.5,0.5,0.765625,0.8515625,False,,,,,,,,,,,,,,,
tune,vehicle,4,power,0.5,1,0.7734375,0.8671875,False,,,,,,,,,,,,,,,
tune,vehicle,4,power,0.5,2,0.8046875,0.859375,False,,,,,,,,,,,,,,,
tune,vehicle,4,power,0.5,4,0.7734375,0.8671875,False,,,,,,,,,,,,,,,
tune,vehicle,4,power,0.5,8,0.8203125,0.8828125,False,,,,,,,,,,,,,,,
tune,vehicle,4,power,0.5,16,0.4921875,0.484375,False,,,,,,,,,,,,,,,
tune,vehicle,4,power,0.5,32,0.234375,0.234375,False,,,,,,,,,,,,,,,
tune,vehicle,4,power,0.5,64,0.234375,0.234375,False,,,,,,,,,,,,,,,
tune,vehicle,4,power,0.5,128,0.234375,0.234375,False,,,,,,,,,,,,,,,
tune,vehicle,4,power,1.0,0.03,0.6328125,0.71875,False,,,,,,,,,,,,,,,
tune,vehicle,4,power,1.0,0.0625,0.6640625,0.7265625,False,,,,,,,,,,,,,,,
tune,vehicle,4,power,1.0,0.125,0.6953125,0.7734375,False,,,,,,,,,,,,,,,
tune,vehicle,4,power,1.0,0.25,0.7265625,0.78125,False,,,,,,,,,,,,,,,
tune,vehicle,4,power,1.0,0.5,0.75,0.828125,False,,,,,,,,,,,,,,,
tune,vehicle,4,power,1.0,1,0.75,0.8203125,False,,,,,,,,,,,,,,,
tune,vehicle,4,power,1.0,2,0.7578125,0.8515625,False,,,,,,,,,,,,,,,
tune,vehicle,4,power,1.0,4,0.7265625,0.7265625,False,,,,,,,,,,,,,,,
tune,vehicle,4,power,1.0,8,0.2578125,0.3203125,False,,,,,,,,,,,,,,,
tune,vehicle,4,power,1.0,16,0.28125,0.328125,False,,,,,,,,,,,,,,,
tune,vehicle,4,power,1.0,32,0.2109375,0.2265625,False,,,,,,,,,,,,,,,
tune,vehicle,4,power,1.0,64,0.1875,0.1796875,False,,,,,,,,,,,,,,,
tune,vehicle,4,power,1.0,128,0.1953125,0.1796875,False,,,,,,,,,,,,,,,
tune,vehicle,4,power,1.5,0.03,0.625,0.703125,False,,,,,,,,,,,,,,,
tune,vehicle,4,power,1.5,0.0625,0.625,0.578125,False,,,,,,,,,,,,,,,
tune,vehicle,4,power,1.5,0.125,0.6953125,0.765625,False,,,,,,,,,,,,,,,
tune,vehicle,4,power,1.5,0.25,0.4765625,0.4296875,False,,,,,,,,,,,,,,,
tune,vehicle,4,power,1.5,0.5,0.328125,0.2578125,False,,,,,,,,,,,,,,,
tune,vehicle,4,power,1.5,1,0.359375,0.3515625,False,,,,,,,,,,,,,,,
tune,vehicle,4,power,1.5,2,0.421875,0.4609375,False,,,,,,,,,,,,,,,
tune,vehicle,4,power,1.5,4,0.3046875,0.28125,False,,,,,,,,,,,,,,,
tune,vehicle,4,power,1.5,8,0.2890625,0.2578125,False,,,,,,,,,,,,,,,
tune,vehicle,4,power,1.5,16,0.2734375,0.21875,False,,,,,,,,,,,,,,,
tune,vehicle,4,power,1.5,32,0.21875,0.1796875,False,,,,,,,,,,,,,,,
tune,vehicle,4,power,1.5,64,0.1875,0.1953125,False,,,,,,,,,,,,,,,
tune,vehicle,4,power,1.5,128,0.2265625,0.21875,False,,,,,,,,,,,,,,,
best,vehicle,4,gradient descent,,4,0.8359375,0.875,False,0,,,,,,,,,,,,,,
best,vehicle,4,power,-0.2,2,0.8515625,0.875,False,0,,,,,,,,,,,,,,
seed,vehicle,4,power,-0.2,2,0.8203125,0.84375,False,,100,,,,,,,,,,,,,
seed,vehicle,4,gradient descent,,4,0.8203125,0.859375,False,,100,,,,,,,,,,,,,
seed,vehicle,4,power,-0.2,2,0.8671875,0.859375,False,,101,,,,,,,,,,,,,
seed,vehicle,4,gradient descent,,4,0.8359375,0.8828125,False,,101,,,,,,,,,,,,,
seed,vehicle,4,power,-0.2,2,0.84375,0.84375,False,,102,,,,,,,,,,,,,
seed,vehicle,4,gradient descent,,4,0.84375,0.8671875,False,,102,,,,,,,,,,,,,
seed,vehicle,4,power,-0.2,2,0.8046875,0.84375,False,,103,,,,,,,,,,,,,
seed,vehicle,4,gradient descent,,4,0.828125,0.890625,False,,103,,,,,,,,,,,,,
seed,vehicle,4,power,-0.2,2,0.8671875,0.8828125,False,,104,,,,,,,,,,,,,
seed,vehicle,4,gradient descent,,4,0.8671875,0.8828125,False,,104,,,,,,,,,,,,,
seed,vehicle,4,power,-0.2,2,0.8515625,0.8828125,False,,105,,,,,,,,,,,,,
seed,vehicle,4,gradient descent,,4,0.828125,0.875,False,,105,,,,,,,,,,,,,
seed,vehicle,4,power,-0.2,2,0.8671875,0.875,False,,106,,,,,,,,,,,,,
seed,vehicle,4,gradient descent,,4,0.8203125,0.8828125,False,,106,,,,,,,,,,,,,
seed,vehicle,4,power,-0.2,2,0.8515625,0.8515625,False,,107,,,,,,,,,,,,,
seed,vehicle,4,gradient descent,,4,0.859375,0.8515625,False,,107,,,,,,,,,,,,,
split_summary,vehicle,4,,,,,,,,,0.8,2,4,-1.3671875,0.6220283708037934,8,1,2,,,,,
tune,vehicle,5,gradient descent,,0.03,0.6328125,0.6015625,False,,,,,,,,,,,,,,,
tune,vehicle,5,gradient descent,,0.0625,0.6875,0.703125,False,,,,,,,,,,,,,,,
tune,vehicle,5,gradient descent,,0.125,0.7578125,0.7578125,False,,,,,,,,,,,,,,,
tune,vehicle,5,gradient descent,,0.25,0.78125,0.7734375,False,,,,,,,,,,,,,,,
tune,vehicle,5,gradient descent,,0.5,0.796875,0.7734375,False,,,,,,,,,,,,,,,
tune,vehicle,5,gradient descent,,1,0.8359375,0.8125,False,,,,,,,,,,,,,,,
tune,vehicle,5,gradient descent,,2,0.8828125,0.8359375,False,,,,,,,,,,,,,,,
tune,vehicle,5,gradient descent,,4,0.8671875,0.8203125,False,,,,,,,,,,,,,,,
tune,vehicle,5,gradient descent,,8,0.8828125,0.828125,False,,,,,,,,,,,,,,,
tune,vehicle,5,gradient descent,,16,0.8515625,0.7890625,False,,,,,,,,,,,,,,,
tune,vehicle,5,gradient descent,,32,0.84375,0.78125,False,,,,,,,,,,,,,,,
tune,vehicle,5,gradient descent,,64,0.5,0.4765625,False,,,,,,,,,,,,,,,
tune,vehicle,5,gradient descent,,128,0.234375,0.234375,False,,,,,,,,,,,,,,,
tune,vehicle,5,power,-1.5,0.03,0.765625,0.78125,False,,,,,,,,,,,,,,,
tune,vehicle,5,power,-1.5,0.0625,0.7734375,0.78125,False,,,,,,,,,,,,,,,
tune,vehicle,5,power,-1.5,0.125,0.53125,0.5234375,False,,,,,,,,,,,,,,,
tune,vehicle,5,power,-1.5,0.25,0.5859375,0.6171875,False,,,,,,,,,,,,,,,
tune,vehicle,5,power,-1.5,0.5,0.6875,0.734375,False,,,,,,,,,,,,,,,
tune,vehicle,5,power,-1.5,1,0.5078125,0.515625,False,,,,,,,,,,,,,,,
tune,vehicle,5,power,-1.5,2,0.46875,0.4453125,False,,,,,,,,,,,,,,,
tune,vehicle,5,power,-1.5,4,0.5625,0.578125,False,,,,,,,,,,,,,,,
tune,vehicle,5,power,-1.5,8,0.34375,0.3515625,False,,,,,,,,,,,,,,,
tune,vehicle,5,power,-1.5,16,0.2109375,0.25,False,,,,,,,,,,,,,,,
tune,vehicle,5,power,-1.5,32,0.25,0.25,False,,,,,,,,,,,,,,,
tune,vehicle,5,power,-1.5,64,0.28125,0.3359375,False,,,,,,,,,,,,,,,
tune,vehicle,5,power,-1.5,128,0.2578125,0.2578125,False,,,,,,,,,,,,,,,
tune,vehicle,5,power,-1.0,0.03,0.734375,0.703125,False,,,,,,,,,,,,,,,
tune,vehicle,5,power,-1.0,0.0625,0.765625,0.7734375,False,,,,,,,,,,,,,,,
tune,vehicle,5,power,-1.0,0.125,0.8125,0.765625,False,,,,,,,,,,,,,,,
tune,vehicle,5,power,-1.0,0.25,0.765625,0.765625,False,,,,,,,,,,,,,,,
tune,vehicle,5,power,-1.0,0.5,0.7890625,0.75,False,,,,,,,,,,,,,,,
tune,vehicle,5,power,-1.0,1,0.8125,0.75,False,,,,,,,,,,,,,,,
tune,vehicle,5,power,-1.0,2,0.7890625,0.8203125,False,,,,,,,,,,,,,,,
tune,vehicle,5,power,-1.0,4,0.765625,0.78125,False,,,,,,,,,,,,,,,
tune,vehicle,5,power,-1.0,8,0.6875,0.703125,False,,,,,,,,,,,,,,,
tune,vehicle,5,power,-1.0,16,0.5546875,0.5234375,False,,,,,,,,,,,,,,,
tune,vehicle,5,power,-1.0,32,0.5234375,0.515625,False,,,,,,,,,,,,,,,
tune,vehicle,5,power,-1.0,64,0.2421875,0.234375,False,,,,,,,,,,,,,,,
tune,vehicle,5,power,-1.0,128,0.1875,0.140625,False,,,,,,,,,,,,,,,
tune,vehicle,5,power,-0.8,0.03,0.6953125,0.65625,False,,,,,,,,,,,,,,,
tune,vehicle,5,power,-0.8,0.0625,0.734375,0.765625,False,,,,,,,,,,,,,,,
tune,vehicle,5,power,-0.8,0.125,0.796875,0.765625,False,,,,,,,,,,,,,,,
tune,vehicle,5,power,-0.8,0.25,0.8203125,0.7890625,False,,,,,,,,,,,,,,,
tune,vehicle,5,power,-0.8,0.5,0.8046875,0.8125,False,,,,,,,,,,,,,,,
tune,vehicle,5,power,-0.8,1,0.7890625,0.75,False,,,,,,,,,,,,,,,
tune,vehicle,5,power,-0.8,2,0.765625,0.7734375,False,,,,,,,,,,,,,,,
tune,vehicle,5,power,-0.8,4,0.8203125,0.7734375,False,,,,,,,,,,,,,,,
tune,vehicle,5,power,-0.8,8,0.6875,0.7265625,False,,,,,,,,,,,,,,,
tune,vehicle,5,power,-0.8,16,0.6796875,0.6953125,False,,,,,,,,,,,,,,,
tune,vehicle,5,power,-0.8,32,0.6171875,0.6171875,False,,,,,,,,,,,,,,,
tune,vehicle,5,power,-0.8,64,0.5390625,0.5625,False,,,,,,,,,,,,,,,
tune,vehicle,5,power,-0.8,128,0.234375,0.234375,False,,,,,,,,,,,,,,,
tune,vehicle,5,power,-0.6,0.03,0.6640625,0.6328125,False,,,,,,,,,,,,,,,
tune,vehicle,5,power,-0.6,0.0625,0.734375,0.75,False,,,,,,,,,,,,,,,
tune,vehicle,5,power,-0.6,0.125,0.7890625,0.7890625,False,,,,,,,,,,,,,,,
tune,vehicle,5,power,-0.6,0.25,0.8515625,0.8046875,False,,,,,,,,,,,,,,,
tune,vehicle,5,power,-0.6,0.5,0.8515625,0.84375,False,,,,,,,,,,,,,,,
tune,vehicle,5,power,-0.6,1,0.8203125,0.8515625,False,,,,,,,,,,,,,,,
tune,vehicle,5,power,-0.6,2,0.8203125,0.78125,False,,,,,,,,,,,,,,,
tune,vehicle,5,power,-0.6,4,0.8046875,0.78125,False,,,,,,,,,,,,,,,
tune,vehicle,5,power,-0.6,8,0.84375,0.78125,False,,,,,,,,,,,,,,,
tune,vehicle,5,power,-0.6,16,0.7734375,0.7578125,False,,,,,,,,,,,,,,,
tune,vehicle,5,power,-0.6,32,0.703125,0.6953125,False,,,,,,,,,,,,,,,
tune,vehicle,5,power,-0.6,64,0.5859375,0.6640625,False,,,,,,,,,,,,,,,
tune,vehicle,5,power,-0.6,128,0.234375,0.234375,False,,,,,,,,,,,,,,,
tune,vehicle,5,power,-0.4,0.03,0.6328125,0.609375,False,,,,,,,,,,,,,,,
tune,vehicle,5,power,-0.4,0.0625,0.734375,0.71875,False,,,,,,,,,,,,,,,
tune,vehicle,5,power,-0.4,0.125,0.7734375,0.7578125,False,,,,,,,,,,,,,,,
tune,vehicle,5,power,-0.4,0.25,0.8046875,0.7890625,False,,,,,,,,,,,,,,,
tune,vehicle,5,power,-0.4,0.5,0.8515625,0.828125,False,,,,,,,,,,,,,,,
tune,vehicle,5,power,-0.4,1,0.890625,0.796875,False,,,,,,,,,,,,,,,
tune,vehicle,5,power,-0.4,2,0.8203125,0.8359375,False,,,,,,,,,,,,,,,
tune,vehicle,5,power,-0.4,4,0.8125,0.7578125,False,,,,,,,,,,,,,,,
tune,vehicle,5,power,-0.4,8,0.8203125,0.765625,False,,,,,,,,,,,,,,,
tune,vehicle,5,power,-0.4,16,0.859375,0.8125,False,,,,,,,,,,,,,,,
tune,vehicle,5,power,-0.4,32,0.8046875,0.7578125,False,,,,,,,,,,,,,,,
tune,vehicle,5,power,-0.4,64,0.7265625,0.734375,False,,,,,,,,,,,,,,,
tune,vehicle,5,power,-0.4,128,0.234375,0.234375,False,,,,,,,,,,,,,,,
tune,vehicle,5,power,-0.2,0.03,0.6328125,0.609375,False,,,,,,,,,,,,,,,
tune,vehicle,5,power,-0.2,0.0625,0.703125,0.7109375,False,,,,,,,,,,,,,,,
tune,vehicle,5,power,-0.2,0.125,0.75,0.7734375,False,,,,,,,,,,,,,,,
tune,vehicle,5,power,-0.2,0.25,0.78125,0.796875,False,,,,,,,,,,,,,,,
tune,vehicle,5,power,-0.2,0.5,0.8359375,0.8203125,False,,,,,,,,,,,,,,,
tune,vehicle,5,power,-0.2,1,0.859375,0.8359375,False,,,,,,,,,,,,,,,
tune,vehicle,5,power,-0.2,2,0.8671875,0.796875,False,,,,,,,,,,,,,,,
tune,vehicle,5,power,-0.2,4,0.828125,0.796875,False,,,,,,,,,,,,,,,
tune,vehicle,5,power,-0.2,8,0.875,0.8046875,False,,,,,,,,,,,,,,,
tune,vehicle,5,power,-0.2,16,0.859375,0.7890625,False,,,,,,,,,,,,,,,
tune,vehicle,5,power,-0.2,32,0.8359375,0.828125,False,,,,,,,,,,,,,,,
tune,vehicle,5,power,-0.2,64,0.6875,0.671875,False,,,,,,,,,,,,,,,
tune,vehicle,5,power,-0.2,128,0.234375,0.234375,False,,,,,,,,,,,,,,,
tune,vehicle,5,power,0.2,0.03,0.640625,0.6015625,False,,,,,,,,,,,,,,,
tune,vehicle,5,power,0.2,0.0625,0.6875,0.6875,False,,,,,,,,,,,,,,,
tune,vehicle,5,power,0.2,0.125,0.75,0.7421875,False,,,,,,,,,,,,,,,
tune,vehicle,5,power,0.2,0.25,0.7890625,0.7734375,False,,,,,,,,,,,,,,,
tune,vehicle,5,power,0.2,0.5,0.796875,0.7734375,False,,,,,,,,,,,,,,,
tune,vehicle,5,power,0.2,1,0.8203125,0.7890625,False,,,,,,,,,,,,,,,
tune,vehicle,5,power,0.2,2,0.8203125,0.796875,False,,,,,,,,,,,,,,,
tune,vehicle,5,power,0.2,4,0.859375,0.796875,False,,,,,,,,,,,,,,,
tune,vehicle,5,power,0.2,8,0.8359375,0.8046875,False,,,,,,,,,,,,,,,
tune,vehicle,5,power,0.2,16,0.8515625,0.796875,False,,,,,,,,,,,,,,,
tune,vehicle,5,power,0.2,32,0.609375,0.5625,False,,,,,,,,,,,,,,,
tune,vehicle,5,power,0.2,64,0.234375,0.234375,False,,,,,,,,,,,,,,,
tune,vehicle,5,power,0.2,128,0.234375,0.234375,False,,,,,,,,,,,,,,,
tune,vehicle,5,power,0.5,0.03,0.6328125,0.6015625,False,,,,,,,,,,,,,,,
tune,vehicle,5,power,0.5,0.0625,0.7109375,0.671875,False,,,,,,,,,,,,,,,
tune,vehicle,5,power,0.5,0.125,0.734375,0.71875,False,,,,,,,,,,,,,,,
tune,vehicle,5,power,0.5,0.25,0.7734375,0.765625,False,,,,,,,,,,,,,,,
tune,vehicle,5,power,0.5,0.5,0.78125,0.7734375,False,,,,,,,,,,,,,,,
tune,vehicle,5,power,0.5,1,0.8046875,0.78125,False,,,,,,,,,,,,,,,
tune,vehicle,5,power,0.5,2,0.8203125,0.7890625,False,,,,,,,,,,,,,,,
tune,vehicle,5,power,0.5,4,0.828125,0.8125,False,,,,,,,,,,,,,,,
tune,vehicle,5,power,0.5,8,0.84375,0.78125,False,,,,,,,,,,,,,,,
tune,vehicle,5,power,0.5,16,0.40625,0.4140625,False,,,,,,,,,,,,,,,
tune,vehicle,5,power,0.5,32,0.2421875,0.234375,False,,,,,,,,,,,,,,,
tune,vehicle,5,power,0.5,64,0.234375,0.234375,False,,,,,,,,,,,,,,,
tune,vehicle,5,power,0.5,128,0.234375,0.234375,False,,,,,,,,,,,,,,,
tune,vehicle,5,power,1.0,0.03,0.65625,0.6015625,False,,,,,,,,,,,,,,,
tune,vehicle,5,power,1.0,0.0625,0.6640625,0.6484375,False,,,,,,,,,,,,,,,
tune,vehicle,5,power,1.0,0.125,0.7265625,0.7109375,False,,,,,,,,,,,,,,,
tune,vehicle,5,power,1.0,0.25,0.2734375,0.2578125,False,,,,,,,,,,,,,,,
tune,vehicle,5,power,1.0,0.5,0.765625,0.75,False,,,,,,,,,,,,,,,
tune,vehicle,5,power,1.0,1,0.7890625,0.7734375,False,,,,,,,,,,,,,,,
tune,vehicle,5,power,1.0,2,0.8203125,0.796875,False,,,,,,,,,,,,,,,
tune,vehicle,5,power,1.0,4,0.734375,0.7421875,False,,,,,,,,,,,,,,,
tune,vehicle,5,power,1.0,8,0.265625,0.265625,False,,,,,,,,,,,,,,,
tune,vehicle,5,power,1.0,16,0.234375,0.234375,False,,,,,,,,,,,,,,,
tune,vehicle,5,power,1.0,32,0.234375,0.234375,False,,,,,,,,,,,,,,,
tune,vehicle,5,power,1.0,64,0.234375,0.234375,False,,,,,,,,,,,,,,,
tune,vehicle,5,power,1.0,128,0.234375,0.234375,False,,,,,,,,,,,,,,,
tune,vehicle,5,power,1.5,0.03,0.453125,0.453125,False,,,,,,,,,,,,,,,
tune,vehicle,5,power,1.5,0.0625,0.703125,0.6328125,False,,,,,,,,,,,,,,,
tune,vehicle,5,power,1.5,0.125,0.5390625,0.53125,False,,,,,,,,,,,,,,,
tune,vehicle,5,power,1.5,0.25,0.453125,0.3828125,False,,,,,,,,,,,,,,,
tune,vehicle,5,power,1.5,0.5,0.3671875,0.359375,False,,,,,,,,,,,,,,,
tune,vehicle,5,power,1.5,1,0.2109375,0.203125,False,,,,,,,,,,,,,,,
tune,vehicle,5,power,1.5,2,0.578125,0.5546875,False,,,,,,,,,,,,,,,
tune,vehicle,5,power,1.5,4,0.3203125,0.3359375,False,,,,,,,,,,,,,,,
tune,vehicle,5,power,1.5,8,0.28125,0.3046875,False,,,,,,,,,,,,,,,
tune,vehicle,5,power,1.5,16,0.2265625,0.234375,False,,,,,,,,,,,,,,,
tune,vehicle,5,power,1.5,32,0.2265625,0.234375,False,,,,,,,,,,,,,,,
tune,vehicle,5,power,1.5,64,0.21875,0.234375,False,,,,,,,,,,,,,,,
tune,vehicle,5,power,1.5,128,0.2109375,0.203125,False,,,,,,,,,,,,,,,
best,vehicle,5,gradient descent,,2,0.8828125,0.8359375,False,0,,,,,,,,,,,,,,
best,vehicle,5,power,-0.4,1,0.890625,0.796875,False,0,,,,,,,,,,,,,,
seed,vehicle,5,power,-0.4,1,0.8671875,0.78125,False,,100,,,,,,,,,,,,,
seed,vehicle,5,gradient descent,,2,0.859375,0.8359375,False,,100,,,,,,,,,,,,,
seed,vehicle,5,power,-0.4,1,0.828125,0.828125,False,,101,,,,,,,,,,,,,
seed,vehicle,5,gradient descent,,2,0.859375,0.828125,False,,101,,,,,,,,,,,,,
seed,vehicle,5,power,-0.4,1,0.8359375,0.78125,False,,102,,,,,,,,,,,,,
seed,vehicle,5,gradient descent,,2,0.8671875,0.8125,False,,102,,,,,,,,,,,,,
seed,vehicle,5,power,-0.4,1,0.875,0.7890625,False,,103,,,,,,,,,,,,,
seed,vehicle,5,gradient descent,,2,0.859375,0.796875,False,,103,,,,,,,,,,,,,
seed,vehicle,5,power,-0.4,1,0.859375,0.8359375,False,,104,,,,,,,,,,,,,
seed,vehicle,5,gradient descent,,2,0.8515625,0.828125,False,,104,,,,,,,,,,,,,
seed,vehicle,5,power,-0.4,1,0.8203125,0.8125,False,,105,,,,,,,,,,,,,
seed,vehicle,5,gradient descent,,2,0.828125,0.8125,False,,105,,,,,,,,,,,,,
seed,vehicle,5,power,-0.4,1,0.859375,0.8046875,False,,106,,,,,,,,,,,,,
seed,vehicle,5,gradient descent,,2,0.859375,0.8203125,False,,106,,,,,,,,,,,,,
seed,vehicle,5,power,-0.4,1,0.859375,0.8203125,False,,107,,,,,,,,,,,,,
seed,vehicle,5,gradient descent,,2,0.859375,0.828125,False,,107,,,,,,,,,,,,,
split_summary,vehicle,5,,,,,,,,,0.6,1,2,-1.3671875,0.7195199195439523,8,1,2,,,,,
tune,vehicle,6,gradient descent,,0.03,0.65625,0.71875,False,,,,,,,,,,,,,,,
tune,vehicle,6,gradient descent,,0.0625,0.734375,0.71875,False,,,,,,,,,,,,,,,
tune,vehicle,6,gradient descent,,0.125,0.78125,0.78125,False,,,,,,,,,,,,,,,
tune,vehicle,6,gradient descent,,0.25,0.8046875,0.796875,False,,,,,,,,,,,,,,,
tune,vehicle,6,gradient descent,,0.5,0.8203125,0.828125,False,,,,,,,,,,,,,,,
tune,vehicle,6,gradient descent,,1,0.8359375,0.84375,False,,,,,,,,,,,,,,,
tune,vehicle,6,gradient descent,,2,0.8203125,0.859375,False,,,,,,,,,,,,,,,
tune,vehicle,6,gradient descent,,4,0.796875,0.8359375,False,,,,,,,,,,,,,,,
tune,vehicle,6,gradient descent,,8,0.8046875,0.8203125,False,,,,,,,,,,,,,,,
tune,vehicle,6,gradient descent,,16,0.8125,0.796875,False,,,,,,,,,,,,,,,
tune,vehicle,6,gradient descent,,32,0.8125,0.8359375,False,,,,,,,,,,,,,,,
tune,vehicle,6,gradient descent,,64,0.4921875,0.4921875,False,,,,,,,,,,,,,,,
tune,vehicle,6,gradient descent,,128,0.234375,0.234375,False,,,,,,,,,,,,,,,
tune,vehicle,6,power,-1.5,0.03,0.796875,0.78125,False,,,,,,,,,,,,,,,
tune,vehicle,6,power,-1.5,0.0625,0.7734375,0.7734375,False,,,,,,,,,,,,,,,
tune,vehicle,6,power,-1.5,0.125,0.765625,0.796875,False,,,,,,,,,,,,,,,
tune,vehicle,6,power,-1.5,0.25,0.5859375,0.5234375,False,,,,,,,,,,,,,,,
tune,vehicle,6,power,-1.5,0.5,0.75,0.7265625,False,,,,,,,,,,,,,,,
tune,vehicle,6,power,-1.5,1,0.6953125,0.7109375,False,,,,,,,,,,,,,,,
tune,vehicle,6,power,-1.5,2,0.6015625,0.640625,False,,,,,,,,,,,,,,,
tune,vehicle,6,power,-1.5,4,0.3125,0.359375,False,,,,,,,,,,,,,,,
tune,vehicle,6,power,-1.5,8,0.2578125,0.2578125,False,,,,,,,,,,,,,,,
tune,vehicle,6,power,-1.5,16,0.1953125,0.21875,False,,,,,,,,,,,,,,,
tune,vehicle,6,power,-1.5,32,0.21875,0.2265625,False,,,,,,,,,,,,,,,
tune,vehicle,6,power,-1.5,64,0.4140625,0.3828125,False,,,,,,,,,,,,,,,
tune,vehicle,6,power,-1.5,128,0.234375,0.2578125,False,,,,,,,,,,,,,,,
tune,vehicle,6,power,-1.0,0.03,0.734375,0.75,False,,,,,,,,,,,,,,,
tune,vehicle,6,power,-1.0,0.0625,0.8125,0.796875,False,,,,,,,,,,,,,,,
tune,vehicle,6,power,-1.0,0.125,0.8046875,0.78125,False,,,,,,,,,,,,,,,
tune,vehicle,6,power,-1.0,0.25,0.8125,0.8046875,False,,,,,,,,,,,,,,,
tune,vehicle,6,power,-1.0,0.5,0.7578125,0.7890625,False,,,,,,,,,,,,,,,
tune,vehicle,6,power,-1.0,1,0.78125,0.7734375,False,,,,,,,,,,,,,,,
tune,vehicle,6,power,-1.0,2,0.7578125,0.765625,False,,,,,,,,,,,,,,,
tune,vehicle,6,power,-1.0,4,0.8046875,0.7421875,False,,,,,,,,,,,,,,,
tune,vehicle,6,power,-1.0,8,0.75,0.6875,False,,,,,,,,,,,,,,,
tune,vehicle,6,power,-1.0,16,0.2890625,0.28125,False,,,,,,,,,,,,,,,
tune,vehicle,6,power,-1.0,32,0.3984375,0.421875,False,,,,,,,,,,,,,,,
tune,vehicle,6,power,-1.0,64,0.3359375,0.375,False,,,,,,,,,,,,,,,
tune,vehicle,6,power,-1.0,128,0.3125,0.3203125,False,,,,,,,,,,,,,,,
tune,vehicle,6,power,-0.8,0.03,0.6796875,0.703125,False,,,,,,,,,,,,,,,
tune,vehicle,6,power,-0.8,0.0625,0.8125,0.7890625,False,,,,,,,,,,,,,,,
tune,vehicle,6,power,-0.8,0.125,0.8203125,0.7890625,False,,,,,,,,,,,,,,,
tune,vehicle,6,power,-0.8,0.25,0.84375,0.8125,False,,,,,,,,,,,,,,,
tune,vehicle,6,power,-0.8,0.5,0.7734375,0.8046875,False,,,,,,,,,,,,,,,
tune,vehicle,6,power,-0.8,1,0.75,0.78125,False,,,,,,,,,,,,,,,
tune,vehicle,6,power,-0.8,2,0.75,0.734375,False,,,,,,,,,,,,,,,
tune,vehicle,6,power,-0.8,4,0.7421875,0.8359375,False,,,,,,,,,,,,,,,
tune,vehicle,6,power,-0.8,8,0.71875,0.7265625,False,,,,,,,,,,,,,,,
tune,vehicle,6,power,-0.8,16,0.6640625,0.703125,False,,,,,,,,,,,,,,,
tune,vehicle,6,power,-0.8,32,0.671875,0.6171875,False,,,,,,,,,,,,,,,
tune,vehicle,6,power,-0.8,64,0.46875,0.5234375,False,,,,,,,,,,,,,,,
tune,vehicle,6,power,-0.8,128,0.34375,0.34375,False,,,,,,,,,,,,,,,
tune,vehicle,6,power,-0.6,0.03,0.671875,0.7109375,False,,,,,,,,,,,,,,,
tune,vehicle,6,power,-0.6,0.0625,0.7734375,0.7734375,False,,,,,,,,,,,,,,,
tune,vehicle,6,power,-0.6,0.125,0.828125,0.796875,False,,,,,,,,,,,,,,,
tune,vehicle,6,power,-0.6,0.25,0.84375,0.8125,False,,,,,,,,,,,,,,,
tune,vehicle,6,power,-0.6,0.5,0.8125,0.828125,False,,,,,,,,,,,,,,,
tune,vehicle,6,power,-0.6,1,0.78125,0.8125,False,,,,,,,,,,,,,,,
tune,vehicle,6,power,-0.6,2,0.765625,0.8203125,False,,,,,,,,,,,,,,,
tune,vehicle,6,power,-0.6,4,0.7734375,0.8125,False,,,,,,,,,,,,,,,
tune,vehicle,6,power,-0.6,8,0.78125,0.796875,False,,,,,,,,,,,,,,,
tune,vehicle,6,power,-0.6,16,0.8125,0.7265625,False,,,,,,,,,,,,,,,
tune,vehicle,6,power,-0.6,32,0.6796875,0.65625,False,,,,,,,,,,,,,,,
tune,vehicle,6,power,-0.6,64,0.625,0.6328125,False,,,,,,,,,,,,,,,
tune,vehicle,6,power,-0.6,128,0.234375,0.234375,False,,,,,,,,,,,,,,,
tune,vehicle,6,power,-0.4,0.03,0.6640625,0.71875,False,,,,,,,,,,,,,,,
tune,vehicle,6,power,-0.4,0.0625,0.75,0.7578125,False,,,,,,,,,,,,,,,
tune,vehicle,6,power,-0.4,0.125,0.8203125,0.7890625,False,,,,,,,,,,,,,,,
tune,vehicle,6,power,-0.4,0.25,0.84375,0.8125,False,,,,,,,,,,,,,,,
tune,vehicle,6,power,-0.4,0.5,0.84375,0.8359375,False,,,,,,,,,,,,,,,
tune,vehicle,6,power,-0.4,1,0.8125,0.8203125,False,,,,,,,,,,,,,,,
tune,vehicle,6,power,-0.4,2,0.8046875,0.8203125,False,,,,,,,,,,,,,,,
tune,vehicle,6,power,-0.4,4,0.796875,0.828125,False,,,,,,,,,,,,,,,
tune,vehicle,6,power,-0.4,8,0.734375,0.796875,False,,,,,,,,,,,,,,,
tune,vehicle,6,power,-0.4,16,0.734375,0.8046875,False,,,,,,,,,,,,,,,
tune,vehicle,6,power,-0.4,32,0.765625,0.765625,False,,,,,,,,,,,,,,,
tune,vehicle,6,power,-0.4,64,0.6484375,0.6953125,False,,,,,,,,,,,,,,,
tune,vehicle,6,power,-0.4,128,0.234375,0.234375,False,,,,,,,,,,,,,,,
tune,vehicle,6,power,-0.2,0.03,0.65625,0.7265625,False,,,,,,,,,,,,,,,
tune,vehicle,6,power,-0.2,0.0625,0.734375,0.7421875,False,,,,,,,,,,,,,,,
tune,vehicle,6,power,-0.2,0.125,0.796875,0.78125,False,,,,,,,,,,,,,,,
tune,vehicle,6,power,-0.2,0.25,0.828125,0.796875,False,,,,,,,,,,,,,,,
tune,vehicle,6,power,-0.2,0.5,0.84375,0.8359375,False,,,,,,,,,,,,,,,
tune,vehicle,6,power,-0.2,1,0.8515625,0.8671875,False,,,,,,,,,,,,,,,
tune,vehicle,6,power,-0.2,2,0.8515625,0.84375,False,,,,,,,,,,,,,,,
tune,vehicle,6,power,-0.2,4,0.796875,0.8125,False,,,,,,,,,,,,,,,
tune,vehicle,6,power,-0.2,8,0.7890625,0.828125,False,,,,,,,,,,,,,,,
tune,vehicle,6,power,-0.2,16,0.7890625,0.8515625,False,,,,,,,,,,,,,,,
tune,vehicle,6,power,-0.2,32,0.6875,0.734375,False,,,,,,,,,,,,,,,
tune,vehicle,6,power,-0.2,64,0.78125,0.7578125,False,,,,,,,,,,,,,,,
tune,vehicle,6,power,-0.2,128,0.234375,0.234375,False,,,,,,,,,,,,,,,
tune,vehicle,6,power,0.2,0.03,0.65625,0.7109375,False,,,,,,,,,,,,,,,
tune,vehicle,6,power,0.2,0.0625,0.7265625,0.7109375,False,,,,,,,,,,,,,,,
tune,vehicle,6,power,0.2,0.125,0.765625,0.7734375,False,,,,,,,,,,,,,,,
tune,vehicle,6,power,0.2,0.25,0.796875,0.7890625,False,,,,,,,,,,,,,,,
tune,vehicle,6,power,0.2,0.5,0.8203125,0.8046875,False,,,,,,,,,,,,,,,
tune,vehicle,6,power,0.2,1,0.8203125,0.828125,False,,,,,,,,,,,,,,,
tune,vehicle,6,power,0.2,2,0.8125,0.8515625,False,,,,,,,,,,,,,,,
tune,vehicle,6,power,0.2,4,0.78125,0.84375,False,,,,,,,,,,,,,,,
tune,vehicle,6,power,0.2,8,0.78125,0.8515625,False,,,,,,,,,,,,,,,
tune,vehicle,6,power,0.2,16,0.828125,0.8359375,False,,,,,,,,,,,,,,,
tune,vehicle,6,power,0.2,32,0.71875,0.734375,False,,,,,,,,,,,,,,,
tune,vehicle,6,power,0.2,64,0.234375,0.234375,False,,,,,,,,,,,,,,,
tune,vehicle,6,power,0.2,128,0.234375,0.234375,False,,,,,,,,,,,,,,,
tune,vehicle,6,power,0.5,0.03,0.671875,0.7109375,False,,,,,,,,,,,,,,,
tune,vehicle,6,power,0.5,0.0625,0.71875,0.71875,False,,,,,,,,,,,,,,,
tune,vehicle,6,power,0.5,0.125,0.7578125,0.7578125,False,,,,,,,,,,,,,,,
tune,vehicle,6,power,0.5,0.25,0.7890625,0.78125,False,,,,,,,,,,,,,,,
tune,vehicle,6,power,0.5,0.5,0.8125,0.796875,False,,,,,,,,,,,,,,,
tune,vehicle,6,power,0.5,1,0.8203125,0.796875,False,,,,,,,,,,,,,,,
tune,vehicle,6,power,0.5,2,0.8203125,0.8203125,False,,,,,,,,,,,,,,,
tune,vehicle,6,power,0.5,4,0.8046875,0.828125,False,,,,,,,,,,,,,,,
tune,vehicle,6,power,0.5,8,0.7890625,0.828125,False,,,,,,,,,,,,,,,
tune,vehicle,6,power,0.5,16,0.4921875,0.5078125,False,,,,,,,,,,,,,,,
tune,vehicle,6,power,0.5,32,0.3203125,0.3125,False,,,,,,,,,,,,,,,
tune,vehicle,6,power,0.5,64,0.234375,0.234375,False,,,,,,,,,,,,,,,
tune,vehicle,6,power,0.5,128,0.234375,0.234375,False,,,,,,,,,,,,,,,
tune,vehicle,6,power,1.0,0.03,0.6875,0.7109375,False,,,,,,,,,,,,,,,
tune,vehicle,6,power,1.0,0.0625,0.671875,0.7109375,False,,,,,,,,,,,,,,,
tune,vehicle,6,power,1.0,0.125,0.765625,0.765625,False,,,,,,,,,,,,,,,
tune,vehicle,6,power,1.0,0.25,0.765625,0.7734375,False,,,,,,,,,,,,,,,
tune,vehicle,6,power,1.0,0.5,0.8203125,0.7421875,False,,,,,,,,,,,,,,,
tune,vehicle,6,power,1.0,1,0.8203125,0.78125,False,,,,,,,,,,,,,,,
tune,vehicle,6,power,1.0,2,0.828125,0.828125,False,,,,,,,,,,,,,,,
tune,vehicle,6,power,1.0,4,0.8046875,0.8046875,False,,,,,,,,,,,,,,,
tune,vehicle,6,power,1.0,8,0.296875,0.3203125,False,,,,,,,,,,,,,,,
tune,vehicle,6,power,1.0,16,0.234375,0.234375,False,,,,,,,,,,,,,,,
tune,vehicle,6,power,1.0,32,0.234375,0.234375,False,,,,,,,,,,,,,,,
tune,vehicle,6,power,1.0,64,0.234375,0.234375,False,,,,,,,,,,,,,,,
tune,vehicle,6,power,1.0,128,0.234375,0.234375,False,,,,,,,,,,,,,,,
tune,vehicle,6,power,1.5,0.03,0.4140625,0.3828125,False,,,,,,,,,,,,,,,
tune,vehicle,6,power,1.5,0.0625,0.671875,0.671875,False,,,,,,,,,,,,,,,
tune,vehicle,6,power,1.5,0.125,0.65625,0.609375,False,,,,,,,,,,,,,,,
tune,vehicle,6,power,1.5,0.25,0.671875,0.65625,False,,,,,,,,,,,,,,,
tune,vehicle,6,power,1.5,0.5,0.484375,0.5546875,False,,,,,,,,,,,,,,,
tune,vehicle,6,power,1.5,1,0.5234375,0.46875,False,,,,,,,,,,,,,,,
tune,vehicle,6,power,1.5,2,0.3828125,0.375,False,,,,,,,,,,,,,,,
tune,vehicle,6,power,1.5,4,0.2421875,0.234375,False,,,,,,,,,,,,,,,
tune,vehicle,6,power,1.5,8,0.2421875,0.234375,False,,,,,,,,,,,,,,,
tune,vehicle,6,power,1.5,16,0.234375,0.234375,False,,,,,,,,,,,,,,,
tune,vehicle,6,power,1.5,32,0.21875,0.2265625,False,,,,,,,,,,,,,,,
tune,vehicle,6,power,1.5,64,0.21875,0.21875,False,,,,,,,,,,,,,,,
tune,vehicle,6,power,1.5,128,0.234375,0.2265625,False,,,,,,,,,,,,,,,
best,vehicle,6,gradient descent,,1,0.8359375,0.84375,False,0,,,,,,,,,,,,,,
best,vehicle,6,power,-0.2,1,0.8515625,0.8671875,False,0,,,,,,,,,,,,,,
seed,vehicle,6,power,-0.2,1,0.8515625,0.859375,False,,100,,,,,,,,,,,,,
seed,vehicle,6,gradient descent,,1,0.8671875,0.84375,False,,100,,,,,,,,,,,,,
seed,vehicle,6,power,-0.2,1,0.84375,0.859375,False,,101,,,,,,,,,,,,,
seed,vehicle,6,gradient descent,,1,0.8203125,0.8359375,False,,101,,,,,,,,,,,,,
seed,vehicle,6,power,-0.2,1,0.8515625,0.8671875,False,,102,,,,,,,,,,,,,
seed,vehicle,6,gradient descent,,1,0.8359375,0.8359375,False,,102,,,,,,,,,,,,,
seed,vehicle,6,power,-0.2,1,0.828125,0.859375,False,,103,,,,,,,,,,,,,
seed,vehicle,6,gradient descent,,1,0.8203125,0.8359375,False,,103,,,,,,,,,,,,,
seed,vehicle,6,power,-0.2,1,0.8359375,0.859375,False,,104,,,,,,,,,,,,,
seed,vehicle,6,gradient descent,,1,0.828125,0.859375,False,,104,,,,,,,,,,,,,
seed,vehicle,6,power,-0.2,1,0.8515625,0.875,False,,105,,,,,,,,,,,,,
seed,vehicle,6,gradient descent,,1,0.84375,0.859375,False,,105,,,,,,,,,,,,,
seed,vehicle,6,power,-0.2,1,0.875,0.859375,False,,106,,,,,,,,,,,,,
seed,vehicle,6,gradient descent,,1,0.8515625,0.84375,False,,106,,,,,,,,,,,,,
seed,vehicle,6,power,-0.2,1,0.8203125,0.8515625,False,,107,,,,,,,,,,,,,
seed,vehicle,6,gradient descent,,1,0.8359375,0.8515625,False,,107,,,,,,,,,,,,,
split_summary,vehicle,6,,,,,,,,,0.8,1,1,1.5625,0.390625,8,6,2,,,,,
tune,vehicle,7,gradient descent,,0.03,0.6484375,0.5859375,False,,,,,,,,,,,,,,,
tune,vehicle,7,gradient descent,,0.0625,0.734375,0.640625,False,,,,,,,,,,,,,,,
tune,vehicle,7,gradient descent,,0.125,0.7890625,0.7109375,False,,,,,,,,,,,,,,,
tune,vehicle,7,gradient descent,,0.25,0.8046875,0.7578125,False,,,,,,,,,,,,,,,
tune,vehicle,7,gradient descent,,0.5,0.84375,0.75,False,,,,,,,,,,,,,,,
tune,vehicle,7,gradient descent,,1,0.8984375,0.8046875,False,,,,,,,,,,,,,,,
tune,vehicle,7,gradient descent,,2,0.8828125,0.8203125,False,,,,,,,,,,,,,,,
tune,vehicle,7,gradient descent,,4,0.8671875,0.796875,False,,,,,,,,,,,,,,,
tune,vehicle,7,gradient descent,,8,0.8515625,0.8125,False,,,,,,,,,,,,,,,
tune,vehicle,7,gradient descent,,16,0.8359375,0.8203125,False,,,,,,,,,,,,,,,
tune,vehicle,7,gradient descent,,32,0.8515625,0.7890625,False,,,,,,,,,,,,,,,
tune,vehicle,7,gradient descent,,64,0.234375,0.234375,False,,,,,,,,,,,,,,,
tune,vehicle,7,gradient descent,,128,0.234375,0.234375,False,,,,,,,,,,,,,,,
tune,vehicle,7,power,-1.5,0.03,0.8203125,0.78125,False,,,,,,,,,,,,,,,
tune,vehicle,7,power,-1.5,0.0625,0.796875,0.7109375,False,,,,,,,,,,,,,,,
tune,vehicle,7,power,-1.5,0.125,0.703125,0.6796875,False,,,,,,,,,,,,,,,
tune,vehicle,7,power,-1.5,0.25,0.8203125,0.75,False,,,,,,,,,,,,,,,
tune,vehicle,7,power,-1.5,0.5,0.7578125,0.7109375,False,,,,,,,,,,,,,,,
tune,vehicle,7,power,-1.5,1,0.6484375,0.5703125,False,,,,,,,,,,,,,,,
tune,vehicle,7,power,-1.5,2,0.515625,0.5703125,False,,,,,,,,,,,,,,,
tune,vehicle,7,power,-1.5,4,0.640625,0.546875,False,,,,,,,,,,,,,,,
tune,vehicle,7,power,-1.5,8,0.265625,0.234375,False,,,,,,,,,,,,,,,
tune,vehicle,7,power,-1.5,16,0.2578125,0.2578125,False,,,,,,,,,,,,,,,
tune,vehicle,7,power,-1.5,32,0.40625,0.390625,False,,,,,,,,,,,,,,,
tune,vehicle,7,power,-1.5,64,0.234375,0.2734375,False,,,,,,,,,,,,,,,
tune,vehicle,7,power,-1.5,128,0.2578125,0.2578125,False,,,,,,,,,,,,,,,
tune,vehicle,7,power,-1.0,0.03,0.734375,0.6875,False,,,,,,,,,,,,,,,
tune,vehicle,7,power,-1.0,0.0625,0.828125,0.7734375,False,,,,,,,,,,,,,,,
tune,vehicle,7,power,-1.0,0.125,0.8671875,0.765625,False,,,,,,,,,,,,,,,
tune,vehicle,7,power,-1.0,0.25,0.7890625,0.7578125,False,,,,,,,,,,,,,,,
tune,vehicle,7,power,-1.0,0.5,0.796875,0.765625,False,,,,,,,,,,,,,,,
tune,vehicle,7,power,-1.0,1,0.8203125,0.7421875,False,,,,,,,,,,,,,,,
tune,vehicle,7,power,-1.0,2,0.7734375,0.6171875,False,,,,,,,,,,,,,,,
tune,vehicle,7,power,-1.0,4,0.75,0.734375,False,,,,,,,,,,,,,,,
tune,vehicle,7,power,-1.0,8,0.6875,0.6484375,False,,,,,,,,,,,,,,,
tune,vehicle,7,power,-1.0,16,0.5,0.5859375,False,,,,,,,,,,,,,,,
tune,vehicle,7,power,-1.0,32,0.46875,0.5078125,False,,,,,,,,,,,,,,,
tune,vehicle,7,power,-1.0,64,0.2421875,0.296875,False,,,,,,,,,,,,,,,
tune,vehicle,7,power,-1.0,128,0.234375,0.234375,False,,,,,,,,,,,,,,,
tune,vehicle,7,power,-0.8,0.03,0.6953125,0.6171875,False,,,,,,,,,,,,,,,
tune,vehicle,7,power,-0.8,0.0625,0.78125,0.7578125,False,,,,,,,,,,,,,,,
tune,vehicle,7,power,-0.8,0.125,0.8515625,0.765625,False,,,,,,,,,,,,,,,
tune,vehicle,7,power,-0.8,0.25,0.875,0.796875,False,,,,,,,,,,,,,,,
tune,vehicle,7,power,-0.8,0.5,0.84375,0.78125,False,,,,,,,,,,,,,,,
tune,vehicle,7,power,-0.8,1,0.8203125,0.8125,False,,,,,,,,,,,,,,,
tune,vehicle,7,power,-0.8,2,0.7734375,0.6953125,False,,,,,,,,,,,,,,,
tune,vehicle,7,power,-0.8,4,0.796875,0.765625,False,,,,,,,,,,,,,,,
tune,vehicle,7,power,-0.8,8,0.7265625,0.7109375,False,,,,,,,,,,,,,,,
tune,vehicle,7,power,-0.8,16,0.546875,0.53125,False,,,,,,,,,,,,,,,
tune,vehicle,7,power,-0.8,32,0.5859375,0.5390625,False,,,,,,,,,,,,,,,
tune,vehicle,7,power,-0.8,64,0.40625,0.40625,False,,,,,,,,,,,,,,,
tune,vehicle,7,power,-0.8,128,0.234375,0.234375,False,,,,,,,,,,,,,,,
tune,vehicle,7,power,-0.6,0.03,0.671875,0.5859375,False,,,,,,,,,,,,,,,
tune,vehicle,7,power,-0.6,0.0625,0.7734375,0.734375,False,,,,,,,,,,,,,,,
tune,vehicle,7,power,-0.6,0.125,0.828125,0.765625,False,,,,,,,,,,,,,,,
tune,vehicle,7,power,-0.6,0.25,0.8828125,0.75,False,,,,,,,,,,,,,,,
tune,vehicle,7,power,-0.6,0.5,0.859375,0.7734375,False,,,,,,,,,,,,,,,
tune,vehicle,7,power,-0.6,1,0.84375,0.75,False,,,,,,,,,,,,,,,
tune,vehicle,7,power,-0.6,2,0.8125,0.734375,False,,,,,,,,,,,,,,,
tune,vehicle,7,power,-0.6,4,0.8125,0.765625,False,,,,,,,,,,,,,,,
tune,vehicle,7,power,-0.6,8,0.84375,0.75,False,,,,,,,,,,,,,,,
tune,vehicle,7,power,-0.6,16,0.7421875,0.6875,False,,,,,,,,,,,,,,,
tune,vehicle,7,power,-0.6,32,0.71875,0.703125,False,,,,,,,,,,,,,,,
tune,vehicle,7,power,-0.6,64,0.6328125,0.59375,False,,,,,,,,,,,,,,,
tune,vehicle,7,power,-0.6,128,0.234375,0.234375,False,,,,,,,,,,,,,,,
tune,vehicle,7,power,-0.4,0.03,0.65625,0.578125,False,,,,,,,,,,,,,,,
tune,vehicle,7,power,-0.4,0.0625,0.7421875,0.671875,False,,,,,,,,,,,,,,,
tune,vehicle,7,power,-0.4,0.125,0.8046875,0.7578125,False,,,,,,,,,,,,,,,
tune,vehicle,7,power,-0.4,0.25,0.828125,0.75,False,,,,,,,,,,,,,,,
tune,vehicle,7,power,-0.4,0.5,0.890625,0.7890625,False,,,,,,,,,,,,,,,
tune,vehicle,7,power,-0.4,1,0.875,0.7890625,False,,,,,,,,,,,,,,,
tune,vehicle,7,power,-0.4,2,0.828125,0.7734375,False,,,,,,,,,,,,,,,
tune,vehicle,7,power,-0.4,4,0.8515625,0.7578125,False,,,,,,,,,,,,,,,
tune,vehicle,7,power,-0.4,8,0.8515625,0.8125,False,,,,,,,,,,,,,,,
tune,vehicle,7,power,-0.4,16,0.7890625,0.7265625,False,,,,,,,,,,,,,,,
tune,vehicle,7,power,-0.4,32,0.765625,0.7578125,False,,,,,,,,,,,,,,,
tune,vehicle,7,power,-0.4,64,0.7265625,0.734375,False,,,,,,,,,,,,,,,
tune,vehicle,7,power,-0.4,128,0.234375,0.234375,False,,,,,,,,,,,,,,,
tune,vehicle,7,power,-0.2,0.03,0.6484375,0.5859375,False,,,,,,,,,,,,,,,
tune,vehicle,7,power,-0.2,0.0625,0.734375,0.640625,False,,,,,,,,,,,,,,,
tune,vehicle,7,power,-0.2,0.125,0.8046875,0.75,False,,,,,,,,,,,,,,,
tune,vehicle,7,power,-0.2,0.25,0.8203125,0.765625,False,,,,,,,,,,,,,,,
tune,vehicle,7,power,-0.2,0.5,0.859375,0.75,False,,,,,,,,,,,,,,,
tune,vehicle,7,power,-0.2,1,0.859375,0.796875,False,,,,,,,,,,,,,,,
tune,vehicle,7,power,-0.2,2,0.875,0.8203125,False,,,,,,,,,,,,,,,
tune,vehicle,7,power,-0.2,4,0.84375,0.796875,False,,,,,,,,,,,,,,,
tune,vehicle,7,power,-0.2,8,0.859375,0.7734375,False,,,,,,,,,,,,,,,
tune,vehicle,7,power,-0.2,16,0.859375,0.8203125,False,,,,,,,,,,,,,,,
tune,vehicle,7,power,-0.2,32,0.84375,0.7890625,False,,,,,,,,,,,,,,,
tune,vehicle,7,power,-0.2,64,0.5234375,0.5625,False,,,,,,,,,,,,,,,
tune,vehicle,7,power,-0.2,128,0.234375,0.234375,False,,,,,,,,,,,,,,,
tune,vehicle,7,power,0.2,0.03,0.65625,0.59375,False,,,,,,,,,,,,,,,
tune,vehicle,7,power,0.2,0.0625,0.7109375,0.6484375,False,,,,,,,,,,,,,,,
tune,vehicle,7,power,0.2,0.125,0.7734375,0.6875,False,,,,,,,,,,,,,,,
tune,vehicle,7,power,0.2,0.25,0.8046875,0.7421875,False,,,,,,,,,,,,,,,
tune,vehicle,7,power,0.2,0.5,0.828125,0.765625,False,,,,,,,,,,,,,,,
tune,vehicle,7,power,0.2,1,0.859375,0.7578125,False,,,,,,,,,,,,,,,
tune,vehicle,7,power,0.2,2,0.875,0.8203125,False,,,,,,,,,,,,,,,
tune,vehicle,7,power,0.2,4,0.8671875,0.8046875,False,,,,,,,,,,,,,,,
tune,vehicle,7,power,0.2,8,0.875,0.8203125,False,,,,,,,,,,,,,,,
tune,vehicle,7,power,0.2,16,0.8671875,0.78125,False,,,,,,,,,,,,,,,
tune,vehicle,7,power,0.2,32,0.4140625,0.4296875,False,,,,,,,,,,,,,,,
tune,vehicle,7,power,0.2,64,0.234375,0.234375,False,,,,,,,,,,,,,,,
tune,vehicle,7,power,0.2,128,0.234375,0.234375,False,,,,,,,,,,,,,,,
tune,vehicle,7,power,0.5,0.03,0.6484375,0.609375,False,,,,,,,,,,,,,,,
tune,vehicle,7,power,0.5,0.0625,0.6875,0.6328125,False,,,,,,,,,,,,,,,
tune,vehicle,7,power,0.5,0.125,0.7421875,0.65625,False,,,,,,,,,,,,,,,
tune,vehicle,7,power,0.5,0.25,0.8046875,0.7265625,False,,,,,,,,,,,,,,,
tune,vehicle,7,power,0.5,0.5,0.828125,0.7578125,False,,,,,,,,,,,,,,,
tune,vehicle,7,power,0.5,1,0.84375,0.7421875,False,,,,,,,,,,,,,,,
tune,vehicle,7,power,0.5,2,0.8671875,0.796875,False,,,,,,,,,,,,,,,
tune,vehicle,7,power,0.5,4,0.84375,0.796875,False,,,,,,,,,,,,,,,
tune,vehicle,7,power,0.5,8,0.8671875,0.8125,False,,,,,,,,,,,,,,,
tune,vehicle,7,power,0.5,16,0.375,0.3828125,False,,,,,,,,,,,,,,,
tune,vehicle,7,power,0.5,32,0.234375,0.234375,False,,,,,,,,,,,,,,,
tune,vehicle,7,power,0.5,64,0.234375,0.234375,False,,,,,,,,,,,,,,,
tune,vehicle,7,power,0.5,128,0.234375,0.234375,False,,,,,,,,,,,,,,,
tune,vehicle,7,power,1.0,0.03,0.640625,0.59375,False,,,,,,,,,,,,,,,
tune,vehicle,7,power,1.0,0.0625,0.71875,0.6484375,False,,,,,,,,,,,,,,,
tune,vehicle,7,power,1.0,0.125,0.734375,0.65625,False,,,,,,,,,,,,,,,
tune,vehicle,7,power,1.0,0.25,0.578125,0.4765625,False,,,,,,,,,,,,,,,
tune,vehicle,7,power,1.0,0.5,0.8125,0.7109375,False,,,,,,,,,,,,,,,
tune,vehicle,7,power,1.0,1,0.8203125,0.7421875,False,,,,,,,,,,,,,,,
tune,vehicle,7,power,1.0,2,0.828125,0.75,False,,,,,,,,,,,,,,,
tune,vehicle,7,power,1.0,4,0.7265625,0.6875,False,,,,,,,,,,,,,,,
tune,vehicle,7,power,1.0,8,0.296875,0.296875,False,,,,,,,,,,,,,,,
tune,vehicle,7,power,1.0,16,0.234375,0.234375,False,,,,,,,,,,,,,,,
tune,vehicle,7,power,1.0,32,0.234375,0.234375,False,,,,,,,,,,,,,,,
tune,vehicle,7,power,1.0,64,0.234375,0.234375,False,,,,,,,,,,,,,,,
tune,vehicle,7,power,1.0,128,0.234375,0.234375,False,,,,,,,,,,,,,,,
tune,vehicle,7,power,1.5,0.03,0.5390625,0.5234375,False,,,,,,,,,,,,,,,
tune,vehicle,7,power,1.5,0.0625,0.3828125,0.34375,False,,,,,,,,,,,,,,,
tune,vehicle,7,power,1.5,0.125,0.75,0.609375,False,,,,,,,,,,,,,,,
tune,vehicle,7,power,1.5,0.25,0.625,0.4765625,False,,,,,,,,,,,,,,,
tune,vehicle,7,power,1.5,0.5,0.3828125,0.375,False,,,,,,,,,,,,,,,
tune,vehicle,7,power,1.5,1,0.4140625,0.375,False,,,,,,,,,,,,,,,
tune,vehicle,7,power,1.5,2,0.28125,0.3125,False,,,,,,,,,,,,,,,
tune,vehicle,7,power,1.5,4,0.4296875,0.3046875,False,,,,,,,,,,,,,,,
tune,vehicle,7,power,1.5,8,0.3984375,0.2890625,False,,,,,,,,,,,,,,,
tune,vehicle,7,power,1.5,16,0.3125,0.203125,False,,,,,,,,,,,,,,,
tune,vehicle,7,power,1.5,32,0.2734375,0.1796875,False,,,,,,,,,,,,,,,
tune,vehicle,7,power,1.5,64,0.265625,0.1796875,False,,,,,,,,,,,,,,,
tune,vehicle,7,power,1.5,128,0.171875,0.1484375,False,,,,,,,,,,,,,,,
best,vehicle,7,gradient descent,,1,0.8984375,0.8046875,False,0,,,,,,,,,,,,,,
best,vehicle,7,power,-0.4,0.5,0.890625,0.7890625,False,0,,,,,,,,,,,,,,
seed,vehicle,7,power,-0.4,0.5,0.875,0.78125,False,,100,,,,,,,,,,,,,
seed,vehicle,7,gradient descent,,1,0.8671875,0.8125,False,,100,,,,,,,,,,,,,
seed,vehicle,7,power,-0.4,0.5,0.859375,0.78125,False,,101,,,,,,,,,,,,,
seed,vehicle,7,gradient descent,,1,0.8671875,0.796875,False,,101,,,,,,,,,,,,,
seed,vehicle,7,power,-0.4,0.5,0.8671875,0.75,False,,102,,,,,,,,,,,,,
seed,vehicle,7,gradient descent,,1,0.8671875,0.7890625,False,,102,,,,,,,,,,,,,
seed,vehicle,7,power,-0.4,0.5,0.890625,0.8046875,False,,103,,,,,,,,,,,,,
seed,vehicle,7,gradient descent,,1,0.859375,0.7890625,False,,103,,,,,,,,,,,,,
seed,vehicle,7,power,-0.4,0.5,0.859375,0.8046875,False,,104,,,,,,,,,,,,,
seed,vehicle,7,gradient descent,,1,0.859375,0.8046875,False,,104,,,,,,,,,,,,,
seed,vehicle,7,power,-0.4,0.5,0.859375,0.8046875,False,,105,,,,,,,,,,,,,
seed,vehicle,7,gradient descent,,1,0.8828125,0.8046875,False,,105,,,,,,,,,,,,,
seed,vehicle,7,power,-0.4,0.5,0.8671875,0.796875,False,,106,,,,,,,,,,,,,
seed,vehicle,7,gradient descent,,1,0.8828125,0.796875,False,,106,,,,,,,,,,,,,
seed,vehicle,7,power,-0.4,0.5,0.8515625,0.7890625,False,,107,,,,,,,,,,,,,
seed,vehicle,7,gradient descent,,1,0.8671875,0.8203125,False,,107,,,,,,,,,,,,,
split_summary,vehicle,7,,,,,,,,,0.6,0.5,1,-1.26953125,0.6915197394750965,8,1,3,,,,,
tune,vehicle,8,gradient descent,,0.03,0.6171875,0.6328125,False,,,,,,,,,,,,,,,
tune,vehicle,8,gradient descent,,0.0625,0.6953125,0.7265625,False,,,,,,,,,,,,,,,
tune,vehicle,8,gradient descent,,0.125,0.71875,0.75,False,,,,,,,,,,,,,,,
tune,vehicle,8,gradient descent,,0.25,0.7734375,0.78125,False,,,,,,,,,,,,,,,
tune,vehicle,8,gradient descent,,0.5,0.7890625,0.7734375,False,,,,,,,,,,,,,,,
tune,vehicle,8,gradient descent,,1,0.7890625,0.7734375,False,,,,,,,,,,,,,,,
tune,vehicle,8,gradient descent,,2,0.796875,0.828125,False,,,,,,,,,,,,,,,
tune,vehicle,8,gradient descent,,4,0.8046875,0.8203125,False,,,,,,,,,,,,,,,
tune,vehicle,8,gradient descent,,8,0.7890625,0.7890625,False,,,,,,,,,,,,,,,
tune,vehicle,8,gradient descent,,16,0.84375,0.84375,False,,,,,,,,,,,,,,,
tune,vehicle,8,gradient descent,,32,0.8203125,0.796875,False,,,,,,,,,,,,,,,
tune,vehicle,8,gradient descent,,64,0.234375,0.234375,False,,,,,,,,,,,,,,,
tune,vehicle,8,gradient descent,,128,0.234375,0.234375,False,,,,,,,,,,,,,,,
tune,vehicle,8,power,-1.5,0.03,0.7890625,0.796875,False,,,,,,,,,,,,,,,
tune,vehicle,8,power,-1.5,0.0625,0.828125,0.78125,False,,,,,,,,,,,,,,,
tune,vehicle,8,power,-1.5,0.125,0.796875,0.7421875,False,,,,,,,,,,,,,,,
tune,vehicle,8,power,-1.5,0.25,0.7734375,0.7578125,False,,,,,,,,,,,,,,,
tune,vehicle,8,power,-1.5,0.5,0.7578125,0.7734375,False,,,,,,,,,,,,,,,
tune,vehicle,8,power,-1.5,1,0.46875,0.484375,False,,,,,,,,,,,,,,,
tune,vehicle,8,power,-1.5,2,0.6484375,0.7578125,False,,,,,,,,,,,,,,,
tune,vehicle,8,power,-1.5,4,0.5546875,0.6171875,False,,,,,,,,,,,,,,,
tune,vehicle,8,power,-1.5,8,0.25,0.25,False,,,,,,,,,,,,,,,
tune,vehicle,8,power,-1.5,16,0.203125,0.2421875,False,,,,,,,,,,,,,,,
tune,vehicle,8,power,-1.5,32,0.390625,0.4140625,False,,,,,,,,,,,,,,,
tune,vehicle,8,power,-1.5,64,0.3359375,0.3984375,False,,,,,,,,,,,,,,,
tune,vehicle,8,power,-1.5,128,0.25,0.265625,False,,,,,,,,,,,,,,,
tune,vehicle,8,power,-1.0,0.03,0.7421875,0.671875,False,,,,,,,,,,,,,,,
tune,vehicle,8,power,-1.0,0.0625,0.8046875,0.78125,False,,,,,,,,,,,,,,,
tune,vehicle,8,power,-1.0,0.125,0.7734375,0.78125,False,,,,,,,,,,,,,,,
tune,vehicle,8,power,-1.0,0.25,0.7578125,0.7734375,False,,,,,,,,,,,,,,,
tune,vehicle,8,power,-1.0,0.5,0.7890625,0.734375,False,,,,,,,,,,,,,,,
tune,vehicle,8,power,-1.0,1,0.7578125,0.671875,False,,,,,,,,,,,,,,,
tune,vehicle,8,power,-1.0,2,0.7890625,0.78125,False,,,,,,,,,,,,,,,
tune,vehicle,8,power,-1.0,4,0.734375,0.7421875,False,,,,,,,,,,,,,,,
tune,vehicle,8,power,-1.0,8,0.5859375,0.671875,False,,,,,,,,,,,,,,,
tune,vehicle,8,power,-1.0,16,0.3359375,0.4140625,False,,,,,,,,,,,,,,,
tune,vehicle,8,power,-1.0,32,0.46875,0.4609375,False,,,,,,,,,,,,,,,
tune,vehicle,8,power,-1.0,64,0.390625,0.3203125,False,,,,,,,,,,,,,,,
tune,vehicle,8,power,-1.0,128,0.3203125,0.359375,False,,,,,,,,,,,,,,,
tune,vehicle,8,power,-0.8,0.03,0.6796875,0.703125,False,,,,,,,,,,,,,,,
tune,vehicle,8,power,-0.8,0.0625,0.7890625,0.7734375,False,,,,,,,,,,,,,,,
tune,vehicle,8,power,-0.8,0.125,0.8125,0.7734375,False,,,,,,,,,,,,,,,
tune,vehicle,8,power,-0.8,0.25,0.7890625,0.8125,False,,,,,,,,,,,,,,,
tune,vehicle,8,power,-0.8,0.5,0.78125,0.7265625,False,,,,,,,,,,,,,,,
tune,vehicle,8,power,-0.8,1,0.765625,0.7578125,False,,,,,,,,,,,,,,,
tune,vehicle,8,power,-0.8,2,0.7265625,0.7421875,False,,,,,,,,,,,,,,,
tune,vehicle,8,power,-0.8,4,0.7890625,0.7734375,False,,,,,,,,,,,,,,,
tune,vehicle,8,power,-0.8,8,0.703125,0.71875,False,,,,,,,,,,,,,,,
tune,vehicle,8,power,-0.8,16,0.6484375,0.65625,False,,,,,,,,,,,,,,,
tune,vehicle,8,power,-0.8,32,0.671875,0.6328125,False,,,,,,,,,,,,,,,
tune,vehicle,8,power,-0.8,64,0.5,0.4921875,False,,,,,,,,,,,,,,,
tune,vehicle,8,power,-0.8,128,0.2890625,0.328125,False,,,,,,,,,,,,,,,
tune,vehicle,8,power,-0.6,0.03,0.640625,0.6640625,False,,,,,,,,,,,,,,,
tune,vehicle,8,power,-0.6,0.0625,0.765625,0.7421875,False,,,,,,,,,,,,,,,
tune,vehicle,8,power,-0.6,0.125,0.8203125,0.765625,False,,,,,,,,,,,,,,,
tune,vehicle,8,power,-0.6,0.25,0.84375,0.8203125,False,,,,,,,,,,,,,,,
tune,vehicle,8,power,-0.6,0.5,0.8203125,0.8125,False,,,,,,,,,,,,,,,
tune,vehicle,8,power,-0.6,1,0.796875,0.8359375,False,,,,,,,,,,,,,,,
tune,vehicle,8,power,-0.6,2,0.8125,0.7890625,False,,,,,,,,,,,,,,,
tune,vehicle,8,power,-0.6,4,0.78125,0.75,False,,,,,,,,,,,,,,,
tune,vehicle,8,power,-0.6,8,0.8359375,0.765625,False,,,,,,,,,,,,,,,
tune,vehicle,8,power,-0.6,16,0.7890625,0.71875,False,,,,,,,,,,,,,,,
tune,vehicle,8,power,-0.6,32,0.703125,0.7265625,False,,,,,,,,,,,,,,,
tune,vehicle,8,power,-0.6,64,0.703125,0.640625,False,,,,,,,,,,,,,,,
tune,vehicle,8,power,-0.6,128,0.25,0.296875,False,,,,,,,,,,,,,,,
tune,vehicle,8,power,-0.4,0.03,0.6328125,0.6328125,False,,,,,,,,,,,,,,,
tune,vehicle,8,power,-0.4,0.0625,0.7109375,0.734375,False,,,,,,,,,,,,,,,
tune,vehicle,8,power,-0.4,0.125,0.8046875,0.7890625,False,,,,,,,,,,,,,,,
tune,vehicle,8,power,-0.4,0.25,0.8046875,0.765625,False,,,,,,,,,,,,,,,
tune,vehicle,8,power,-0.4,0.5,0.828125,0.8203125,False,,,,,,,,,,,,,,,
tune,vehicle,8,power,-0.4,1,0.8046875,0.8046875,False,,,,,,,,,,,,,,,
tune,vehicle,8,power,-0.4,2,0.8046875,0.796875,False,,,,,,,,,,,,,,,
tune,vehicle,8,power,-0.4,4,0.7734375,0.7734375,False,,,,,,,,,,,,,,,
tune,vehicle,8,power,-0.4,8,0.7890625,0.7578125,False,,,,,,,,,,,,,,,
tune,vehicle,8,power,-0.4,16,0.78125,0.7109375,False,,,,,,,,,,,,,,,
tune,vehicle,8,power,-0.4,32,0.7890625,0.8046875,False,,,,,,,,,,,,,,,
tune,vehicle,8,power,-0.4,64,0.2578125,0.2578125,False,,,,,,,,,,,,,,,
tune,vehicle,8,power,-0.4,128,0.234375,0.2421875,False,,,,,,,,,,,,,,,
tune,vehicle,8,power,-0.2,0.03,0.609375,0.6328125,False,,,,,,,,,,,,,,,
tune,vehicle,8,power,-0.2,0.0625,0.703125,0.734375,False,,,,,,,,,,,,,,,
tune,vehicle,8,power,-0.2,0.125,0.7578125,0.78125,False,,,,,,,,,,,,,,,
tune,vehicle,8,power,-0.2,0.25,0.78125,0.7734375,False,,,,,,,,,,,,,,,
tune,vehicle,8,power,-0.2,0.5,0.8125,0.78125,False,,,,,,,,,,,,,,,
tune,vehicle,8,power,-0.2,1,0.8203125,0.8125,False,,,,,,,,,,,,,,,
tune,vehicle,8,power,-0.2,2,0.8203125,0.8203125,False,,,,,,,,,,,,,,,
tune,vehicle,8,power,-0.2,4,0.78125,0.8125,False,,,,,,,,,,,,,,,
tune,vehicle,8,power,-0.2,8,0.828125,0.765625,False,,,,,,,,,,,,,,,
tune,vehicle,8,power,-0.2,16,0.8203125,0.8203125,False,,,,,,,,,,,,,,,
tune,vehicle,8,power,-0.2,32,0.765625,0.7890625,False,,,,,,,,,,,,,,,
tune,vehicle,8,power,-0.2,64,0.234375,0.2421875,False,,,,,,,,,,,,,,,
tune,vehicle,8,power,-0.2,128,0.234375,0.234375,False,,,,,,,,,,,,,,,
tune,vehicle,8,power,0.2,0.03,0.6171875,0.625,False,,,,,,,,,,,,,,,
tune,vehicle,8,power,0.2,0.0625,0.6953125,0.7265625,False,,,,,,,,,,,,,,,
tune,vehicle,8,power,0.2,0.125,0.71875,0.734375,False,,,,,,,,,,,,,,,
tune,vehicle,8,power,0.2,0.25,0.765625,0.78125,False,,,,,,,,,,,,,,,
tune,vehicle,8,power,0.2,0.5,0.78125,0.7734375,False,,,,,,,,,,,,,,,
tune,vehicle,8,power,0.2,1,0.78125,0.765625,False,,,,,,,,,,,,,,,
tune,vehicle,8,power,0.2,2,0.8125,0.8046875,False,,,,,,,,,,,,,,,
tune,vehicle,8,power,0.2,4,0.8125,0.8203125,False,,,,,,,,,,,,,,,
tune,vehicle,8,power,0.2,8,0.796875,0.828125,False,,,,,,,,,,,,,,,
tune,vehicle,8,power,0.2,16,0.828125,0.875,False,,,,,,,,,,,,,,,
tune,vehicle,8,power,0.2,32,0.578125,0.59375,False,,,,,,,,,,,,,,,
tune,vehicle,8,power,0.2,64,0.234375,0.234375,False,,,,,,,,,,,,,,,
tune,vehicle,8,power,0.2,128,0.234375,0.234375,False,,,,,,,,,,,,,,,
tune,vehicle,8,power,0.5,0.03,0.6171875,0.6328125,False,,,,,,,,,,,,,,,
tune,vehicle,8,power,0.5,0.0625,0.703125,0.71875,False,,,,,,,,,,,,,,,
tune,vehicle,8,power,0.5,0.125,0.7109375,0.7265625,False,,,,,,,,,,,,,,,
tune,vehicle,8,power,0.5,0.25,0.7421875,0.765625,False,,,,,,,,,,,,,,,
tune,vehicle,8,power,0.5,0.5,0.7578125,0.78125,False,,,,,,,,,,,,,,,
tune,vehicle,8,power,0.5,1,0.7890625,0.7734375,False,,,,,,,,,,,,,,,
tune,vehicle,8,power,0.5,2,0.7578125,0.7890625,False,,,,,,,,,,,,,,,
tune,vehicle,8,power,0.5,4,0.828125,0.8203125,False,,,,,,,,,,,,,,,
tune,vehicle,8,power,0.5,8,0.796875,0.8125,False,,,,,,,,,,,,,,,
tune,vehicle,8,power,0.5,16,0.4765625,0.46875,False,,,,,,,,,,,,,,,
tune,vehicle,8,power,0.5,32,0.234375,0.234375,False,,,,,,,,,,,,,,,
tune,vehicle,8,power,0.5,64,0.234375,0.234375,False,,,,,,,,,,,,,,,
tune,vehicle,8,power,0.5,128,0.234375,0.234375,False,,,,,,,,,,,,,,,
tune,vehicle,8,power,1.0,0.03,0.6484375,0.6640625,False,,,,,,,,,,,,,,,
tune,vehicle,8,power,1.0,0.0625,0.671875,0.6875,False,,,,,,,,,,,,,,,
tune,vehicle,8,power,1.0,0.125,0.7109375,0.734375,False,,,,,,,,,,,,,,,
tune,vehicle,8,power,1.0,0.25,0.6484375,0.6796875,False,,,,,,,,,,,,,,,
tune,vehicle,8,power,1.0,0.5,0.7421875,0.7578125,False,,,,,,,,,,,,,,,
tune,vehicle,8,power,1.0,1,0.7578125,0.7578125,False,,,,,,,,,,,,,,,
tune,vehicle,8,power,1.0,2,0.7734375,0.765625,False,,,,,,,,,,,,,,,
tune,vehicle,8,power,1.0,4,0.78125,0.75,False,,,,,,,,,,,,,,,
tune,vehicle,8,power,1.0,8,0.234375,0.234375,False,,,,,,,,,,,,,,,
tune,vehicle,8,power,1.0,16,0.2421875,0.2578125,False,,,,,,,,,,,,,,,
tune,vehicle,8,power,1.0,32,0.234375,0.234375,False,,,,,,,,,,,,,,,
tune,vehicle,8,power,1.0,64,0.234375,0.2421875,False,,,,,,,,,,,,,,,
tune,vehicle,8,power,1.0,128,0.234375,0.25,False,,,,,,,,,,,,,,,
tune,vehicle,8,power,1.5,0.03,0.4453125,0.4609375,False,,,,,,,,,,,,,,,
tune,vehicle,8,power,1.5,0.0625,0.4609375,0.484375,False,,,,,,,,,,,,,,,
tune,vehicle,8,power,1.5,0.125,0.5,0.453125,False,,,,,,,,,,,,,,,
tune,vehicle,8,power,1.5,0.25,0.640625,0.640625,False,,,,,,,,,,,,,,,
tune,vehicle,8,power,1.5,0.5,0.3515625,0.375,False,,,,,,,,,,,,,,,
tune,vehicle,8,power,1.5,1,0.625,0.578125,False,,,,,,,,,,,,,,,
tune,vehicle,8,power,1.5,2,0.4765625,0.5546875,False,,,,,,,,,,,,,,,
tune,vehicle,8,power,1.5,4,0.3515625,0.2734375,False,,,,,,,,,,,,,,,
tune,vehicle,8,power,1.5,8,0.3515625,0.25,False,,,,,,,,,,,,,,,
tune,vehicle,8,power,1.5,16,0.1328125,0.15625,False,,,,,,,,,,,,,,,
tune,vehicle,8,power,1.5,32,0.1015625,0.1171875,False,,,,,,,,,,,,,,,
tune,vehicle,8,power,1.5,64,0.1015625,0.1328125,False,,,,,,,,,,,,,,,
tune,vehicle,8,power,1.5,128,0.2109375,0.203125,False,,,,,,,,,,,,,,,
best,vehicle,8,gradient descent,,16,0.84375,0.84375,False,0,,,,,,,,,,,,,,
best,vehicle,8,power,-0.6,0.25,0.84375,0.8203125,False,0,,,,,,,,,,,,,,
seed,vehicle,8,power,-0.6,0.25,0.8203125,0.8203125,False,,100,,,,,,,,,,,,,
seed,vehicle,8,gradient descent,,16,0.7734375,0.8125,False,,100,,,,,,,,,,,,,
seed,vehicle,8,power,-0.6,0.25,0.828125,0.78125,False,,101,,,,,,,,,,,,,
seed,vehicle,8,gradient descent,,16,0.734375,0.828125,False,,101,,,,,,,,,,,,,
seed,vehicle,8,power,-0.6,0.25,0.8359375,0.7734375,False,,102,,,,,,,,,,,,,
seed,vehicle,8,gradient descent,,16,0.7734375,0.8203125,False,,102,,,,,,,,,,,,,
seed,vehicle,8,power,-0.6,0.25,0.7734375,0.796875,False,,103,,,,,,,,,,,,,
seed,vehicle,8,gradient descent,,16,0.8046875,0.8203125,False,,103,,,,,,,,,,,,,
seed,vehicle,8,power,-0.6,0.25,0.78125,0.78125,False,,104,,,,,,,,,,,,,
seed,vehicle,8,gradient descent,,16,0.8046875,0.796875,False,,104,,,,,,,,,,,,,
seed,vehicle,8,power,-0.6,0.25,0.8203125,0.8046875,False,,105,,,,,,,,,,,,,
seed,vehicle,8,gradient descent,,16,0.796875,0.8515625,False,,105,,,,,,,,,,,,,
seed,vehicle,8,power,-0.6,0.25,0.8046875,0.796875,False,,106,,,,,,,,,,,,,
seed,vehicle,8,gradient descent,,16,0.84375,0.796875,False,,106,,,,,,,,,,,,,
seed,vehicle,8,power,-0.6,0.25,0.8125,0.8046875,False,,107,,,,,,,,,,,,,
seed,vehicle,8,gradient descent,,16,0.7890625,0.8125,False,,107,,,,,,,,,,,,,
split_summary,vehicle,8,,,,,,,,,0.4,0.25,16,-2.24609375,0.7873298582322802,8,1,1,,,,,
tune,vehicle,9,gradient descent,,0.03,0.625,0.671875,False,,,,,,,,,,,,,,,
tune,vehicle,9,gradient descent,,0.0625,0.6953125,0.7421875,False,,,,,,,,,,,,,,,
tune,vehicle,9,gradient descent,,0.125,0.7421875,0.78125,False,,,,,,,,,,,,,,,
tune,vehicle,9,gradient descent,,0.25,0.78125,0.8125,False,,,,,,,,,,,,,,,
tune,vehicle,9,gradient descent,,0.5,0.7890625,0.8125,False,,,,,,,,,,,,,,,
tune,vehicle,9,gradient descent,,1,0.796875,0.796875,False,,,,,,,,,,,,,,,
tune,vehicle,9,gradient descent,,2,0.8125,0.796875,False,,,,,,,,,,,,,,,
tune,vehicle,9,gradient descent,,4,0.8359375,0.8359375,False,,,,,,,,,,,,,,,
tune,vehicle,9,gradient descent,,8,0.78125,0.8125,False,,,,,,,,,,,,,,,
tune,vehicle,9,gradient descent,,16,0.8125,0.84375,False,,,,,,,,,,,,,,,
tune,vehicle,9,gradient descent,,32,0.7890625,0.8125,False,,,,,,,,,,,,,,,
tune,vehicle,9,gradient descent,,64,0.3203125,0.328125,False,,,,,,,,,,,,,,,
tune,vehicle,9,gradient descent,,128,0.3125,0.34375,False,,,,,,,,,,,,,,,
tune,vehicle,9,power,-1.5,0.03,0.734375,0.7890625,False,,,,,,,,,,,,,,,
tune,vehicle,9,power,-1.5,0.0625,0.625,0.6328125,False,,,,,,,,,,,,,,,
tune,vehicle,9,power,-1.5,0.125,0.578125,0.6171875,False,,,,,,,,,,,,,,,
tune,vehicle,9,power,-1.5,0.25,0.703125,0.703125,False,,,,,,,,,,,,,,,
tune,vehicle,9,power,-1.5,0.5,0.6328125,0.6328125,False,,,,,,,,,,,,,,,
tune,vehicle,9,power,-1.5,1,0.65625,0.6875,False,,,,,,,,,,,,,,,
tune,vehicle,9,power,-1.5,2,0.4765625,0.5546875,False,,,,,,,,,,,,,,,
tune,vehicle,9,power,-1.5,4,0.515625,0.5390625,False,,,,,,,,,,,,,,,
tune,vehicle,9,power,-1.5,8,0.265625,0.328125,False,,,,,,,,,,,,,,,
tune,vehicle,9,power,-1.5,16,0.2890625,0.3359375,False,,,,,,,,,,,,,,,
tune,vehicle,9,power,-1.5,32,0.09375,0.125,False,,,,,,,,,,,,,,,
tune,vehicle,9,power,-1.5,64,0.2265625,0.25,False,,,,,,,,,,,,,,,
tune,vehicle,9,power,-1.5,128,0.2265625,0.2421875,False,,,,,,,,,,,,,,,
tune,vehicle,9,power,-1.0,0.03,0.7265625,0.7421875,False,,,,,,,,,,,,,,,
tune,vehicle,9,power,-1.0,0.0625,0.734375,0.7890625,False,,,,,,,,,,,,,,,
tune,vehicle,9,power,-1.0,0.125,0.7578125,0.765625,False,,,,,,,,,,,,,,,
tune,vehicle,9,power,-1.0,0.25,0.703125,0.7265625,False,,,,,,,,,,,,,,,
tune,vehicle,9,power,-1.0,0.5,0.625,0.6171875,False,,,,,,,,,,,,,,,
tune,vehicle,9,power,-1.0,1,0.7734375,0.8046875,False,,,,,,,,,,,,,,,
tune,vehicle,9,power,-1.0,2,0.765625,0.765625,False,,,,,,,,,,,,,,,
tune,vehicle,9,power,-1.0,4,0.6640625,0.6875,False,,,,,,,,,,,,,,,
tune,vehicle,9,power,-1.0,8,0.6953125,0.7109375,False,,,,,,,,,,,,,,,
tune,vehicle,9,power,-1.0,16,0.484375,0.46875,False,,,,,,,,,,,,,,,
tune,vehicle,9,power,-1.0,32,0.5078125,0.453125,False,,,,,,,,,,,,,,,
tune,vehicle,9,power,-1.0,64,0.25,0.25,False,,,,,,,,,,,,,,,
tune,vehicle,9,power,-1.0,128,0.2578125,0.2578125,False,,,,,,,,,,,,,,,
tune,vehicle,9,power,-0.8,0.03,0.6875,0.71875,False,,,,,,,,,,,,,,,
tune,vehicle,9,power,-0.8,0.0625,0.734375,0.7890625,False,,,,,,,,,,,,,,,
tune,vehicle,9,power,-0.8,0.125,0.7421875,0.8046875,False,,,,,,,,,,,,,,,
tune,vehicle,9,power,-0.8,0.25,0.78125,0.7890625,False,,,,,,,,,,,,,,,
tune,vehicle,9,power,-0.8,0.5,0.75,0.796875,False,,,,,,,,,,,,,,,
tune,vehicle,9,power,-0.8,1,0.7578125,0.7578125,False,,,,,,,,,,,,,,,
tune,vehicle,9,power,-0.8,2,0.7265625,0.796875,False,,,,,,,,,,,,,,,
tune,vehicle,9,power,-0.8,4,0.78125,0.7734375,False,,,,,,,,,,,,,,,
tune,vehicle,9,power,-0.8,8,0.7109375,0.703125,False,,,,,,,,,,,,,,,
tune,vehicle,9,power,-0.8,16,0.6953125,0.703125,False,,,,,,,,,,,,,,,
tune,vehicle,9,power,-0.8,32,0.6015625,0.6171875,False,,,,,,,,,,,,,,,
tune,vehicle,9,power,-0.8,64,0.578125,0.59375,False,,,,,,,,,,,,,,,
tune,vehicle,9,power,-0.8,128,0.2578125,0.2578125,False,,,,,,,,,,,,,,,
tune,vehicle,9,power,-0.6,0.03,0.65625,0.6875,False,,,,,,,,,,,,,,,
tune,vehicle,9,power,-0.6,0.0625,0.75,0.765625,False,,,,,,,,,,,,,,,
tune,vehicle,9,power,-0.6,0.125,0.7578125,0.8125,False,,,,,,,,,,,,,,,
tune,vehicle,9,power,-0.6,0.25,0.7578125,0.7890625,False,,,,,,,,,,,,,,,
tune,vehicle,9,power,-0.6,0.5,0.7421875,0.796875,False,,,,,,,,,,,,,,,
tune,vehicle,9,power,-0.6,1,0.7734375,0.8125,False,,,,,,,,,,,,,,,
tune,vehicle,9,power,-0.6,2,0.734375,0.75,False,,,,,,,,,,,,,,,
tune,vehicle,9,power,-0.6,4,0.78125,0.828125,False,,,,,,,,,,,,,,,
tune,vehicle,9,power,-0.6,8,0.75,0.8125,False,,,,,,,,,,,,,,,
tune,vehicle,9,power,-0.6,16,0.765625,0.8203125,False,,,,,,,,,,,,,,,
tune,vehicle,9,power,-0.6,32,0.6875,0.75,False,,,,,,,,,,,,,,,
tune,vehicle,9,power,-0.6,64,0.6328125,0.703125,False,,,,,,,,,,,,,,,
tune,vehicle,9,power,-0.6,128,0.2578125,0.2578125,False,,,,,,,,,,,,,,,
tune,vehicle,9,power,-0.4,0.03,0.6328125,0.671875,False,,,,,,,,,,,,,,,
tune,vehicle,9,power,-0.4,0.0625,0.75,0.765625,False,,,,,,,,,,,,,,,
tune,vehicle,9,power,-0.4,0.125,0.75,0.8125,False,,,,,,,,,,,,,,,
tune,vehicle,9,power,-0.4,0.25,0.765625,0.8125,False,,,,,,,,,,,,,,,
tune,vehicle,9,power,-0.4,0.5,0.7578125,0.8046875,False,,,,,,,,,,,,,,,
tune,vehicle,9,power,-0.4,1,0.8046875,0.8046875,False,,,,,,,,,,,,,,,
tune,vehicle,9,power,-0.4,2,0.8046875,0.8125,False,,,,,,,,,,,,,,,
tune,vehicle,9,power,-0.4,4,0.78125,0.796875,False,,,,,,,,,,,,,,,
tune,vehicle,9,power,-0.4,8,0.8046875,0.78125,False,,,,,,,,,,,,,,,
tune,vehicle,9,power,-0.4,16,0.7734375,0.7734375,False,,,,,,,,,,,,,,,
tune,vehicle,9,power,-0.4,32,0.734375,0.78125,False,,,,,,,,,,,,,,,
tune,vehicle,9,power,-0.4,64,0.265625,0.28125,False,,,,,,,,,,,,,,,
tune,vehicle,9,power,-0.4,128,0.2578125,0.2734375,False,,,,,,,,,,,,,,,
tune,vehicle,9,power,-0.2,0.03,0.625,0.6796875,False,,,,,,,,,,,,,,,
tune,vehicle,9,power,-0.2,0.0625,0.703125,0.75,False,,,,,,,,,,,,,,,
tune,vehicle,9,power,-0.2,0.125,0.734375,0.7890625,False,,,,,,,,,,,,,,,
tune,vehicle,9,power,-0.2,0.25,0.7734375,0.8046875,False,,,,,,,,,,,,,,,
tune,vehicle,9,power,-0.2,0.5,0.7890625,0.765625,False,,,,,,,,,,,,,,,
tune,vehicle,9,power,-0.2,1,0.8046875,0.7890625,False,,,,,,,,,,,,,,,
tune,vehicle,9,power,-0.2,2,0.8125,0.8203125,False,,,,,,,,,,,,,,,
tune,vehicle,9,power,-0.2,4,0.7890625,0.796875,False,,,,,,,,,,,,,,,
tune,vehicle,9,power,-0.2,8,0.8046875,0.84375,False,,,,,,,,,,,,,,,
tune,vehicle,9,power,-0.2,16,0.8359375,0.828125,False,,,,,,,,,,,,,,,
tune,vehicle,9,power,-0.2,32,0.7578125,0.828125,False,,,,,,,,,,,,,,,
tune,vehicle,9,power,-0.2,64,0.296875,0.34375,False,,,,,,,,,,,,,,,
tune,vehicle,9,power,-0.2,128,0.296875,0.34375,False,,,,,,,,,,,,,,,
tune,vehicle,9,power,0.2,0.03,0.6328125,0.6640625,False,,,,,,,,,,,,,,,
tune,vehicle,9,power,0.2,0.0625,0.6953125,0.7421875,False,,,,,,,,,,,,,,,
tune,vehicle,9,power,0.2,0.125,0.7578125,0.7734375,False,,,,,,,,,,,,,,,
tune,vehicle,9,power,0.2,0.25,0.78125,0.796875,False,,,,,,,,,,,,,,,
tune,vehicle,9,power,0.2,0.5,0.7890625,0.8125,False,,,,,,,,,,,,,,,
tune,vehicle,9,power,0.2,1,0.8125,0.7890625,False,,,,,,,,,,,,,,,
tune,vehicle,9,power,0.2,2,0.828125,0.8046875,False,,,,,,,,,,,,,,,
tune,vehicle,9,power,0.2,4,0.8203125,0.8125,False,,,,,,,,,,,,,,,
tune,vehicle,9,power,0.2,8,0.8203125,0.828125,False,,,,,,,,,,,,,,,
tune,vehicle,9,power,0.2,16,0.8125,0.8203125,False,,,,,,,,,,,,,,,
tune,vehicle,9,power,0.2,32,0.3203125,0.3515625,False,,,,,,,,,,,,,,,
tune,vehicle,9,power,0.2,64,0.34375,0.3828125,False,,,,,,,,,,,,,,,
tune,vehicle,9,power,0.2,128,0.3515625,0.3828125,False,,,,,,,,,,,,,,,
tune,vehicle,9,power,0.5,0.03,0.6328125,0.671875,False,,,,,,,,,,,,,,,
tune,vehicle,9,power,0.5,0.0625,0.6953125,0.75,False,,,,,,,,,,,,,,,
tune,vehicle,9,power,0.5,0.125,0.75,0.7734375,False,,,,,,,,,,,,,,,
tune,vehicle,9,power,0.5,0.25,0.7734375,0.796875,False,,,,,,,,,,,,,,,
tune,vehicle,9,power,0.5,0.5,0.765625,0.8046875,False,,,,,,,,,,,,,,,
tune,vehicle,9,power,0.5,1,0.796875,0.7890625,False,,,,,,,,,,,,,,,
tune,vehicle,9,power,0.5,2,0.8046875,0.796875,False,,,,,,,,,,,,,,,
tune,vehicle,9,power,0.5,4,0.796875,0.8125,False,,,,,,,,,,,,,,,
tune,vehicle,9,power,0.5,8,0.8046875,0.8125,False,,,,,,,,,,,,,,,
tune,vehicle,9,power,0.5,16,0.4921875,0.484375,False,,,,,,,,,,,,,,,
tune,vehicle,9,power,0.5,32,0.3515625,0.3671875,False,,,,,,,,,,,,,,,
tune,vehicle,9,power,0.5,64,0.3515625,0.3515625,False,,,,,,,,,,,,,,,
tune,vehicle,9,power,0.5,128,0.328125,0.3359375,False,,,,,,,,,,,,,,,
tune,vehicle,9,power,1.0,0.03,0.6640625,0.6796875,False,,,,,,,,,,,,,,,
tune,vehicle,9,power,1.0,0.0625,0.71875,0.75,False,,,,,,,,,,,,,,,
tune,vehicle,9,power,1.0,0.125,0.7109375,0.78125,False,,,,,,,,,,,,,,,
tune,vehicle,9,power,1.0,0.25,0.75,0.7734375,False,,,,,,,,,,,,,,,
tune,vehicle,9,power,1.0,0.5,0.7890625,0.7890625,False,,,,,,,,,,,,,,,
tune,vehicle,9,power,1.0,1,0.765625,0.7890625,False,,,,,,,,,,,,,,,
tune,vehicle,9,power,1.0,2,0.7109375,0.7265625,False,,,,,,,,,,,,,,,
tune,vehicle,9,power,1.0,4,0.609375,0.53125,False,,,,,,,,,,,,,,,
tune,vehicle,9,power,1.0,8,0.359375,0.390625,False,,,,,,,,,,,,,,,
tune,vehicle,9,power,1.0,16,0.3828125,0.390625,False,,,,,,,,,,,,,,,
tune,vehicle,9,power,1.0,32,0.3828125,0.390625,False,,,,,,,,,,,,,,,
tune,vehicle,9,power,1.0,64,0.3828125,0.3828125,False,,,,,,,,,,,,,,,
tune,vehicle,9,power,1.0,128,0.3984375,0.375,False,,,,,,,,,,,,,,,
tune,vehicle,9,power,1.5,0.03,0.2578125,0.2578125,False,,,,,,,,,,,,,,,
tune,vehicle,9,power,1.5,0.0625,0.4296875,0.453125,False,,,,,,,,,,,,,,,
tune,vehicle,9,power,1.5,0.125,0.6015625,0.6171875,False,,,,,,,,,,,,,,,
tune,vehicle,9,power,1.5,0.25,0.75,0.7734375,False,,,,,,,,,,,,,,,
tune,vehicle,9,power,1.5,0.5,0.4140625,0.3984375,False,,,,,,,,,,,,,,,
tune,vehicle,9,power,1.5,1,0.28125,0.296875,False,,,,,,,,,,,,,,,
tune,vehicle,9,power,1.5,2,0.4296875,0.453125,False,,,,,,,,,,,,,,,
tune,vehicle,9,power,1.5,4,0.3125,0.3515625,False,,,,,,,,,,,,,,,
tune,vehicle,9,power,1.5,8,0.3046875,0.3515625,False,,,,,,,,,,,,,,,
tune,vehicle,9,power,1.5,16,0.28125,0.359375,False,,,,,,,,,,,,,,,
tune,vehicle,9,power,1.5,32,0.296875,0.28125,False,,,,,,,,,,,,,,,
tune,vehicle,9,power,1.5,64,0.3203125,0.2734375,False,,,,,,,,,,,,,,,
tune,vehicle,9,power,1.5,128,0.328125,0.3125,False,,,,,,,,,,,,,,,
best,vehicle,9,gradient descent,,4,0.8359375,0.8359375,False,0,,,,,,,,,,,,,,
best,vehicle,9,power,-0.2,16,0.8359375,0.828125,False,0,,,,,,,,,,,,,,
seed,vehicle,9,power,-0.2,16,0.8046875,0.8125,False,,100,,,,,,,,,,,,,
seed,vehicle,9,gradient descent,,4,0.828125,0.84375,False,,100,,,,,,,,,,,,,
seed,vehicle,9,power,-0.2,16,0.796875,0.8515625,False,,101,,,,,,,,,,,,,
seed,vehicle,9,gradient descent,,4,0.8046875,0.828125,False,,101,,,,,,,,,,,,,
seed,vehicle,9,power,-0.2,16,0.7890625,0.8046875,False,,102,,,,,,,,,,,,,
seed,vehicle,9,gradient descent,,4,0.828125,0.8203125,False,,102,,,,,,,,,,,,,
seed,vehicle,9,power,-0.2,16,0.7890625,0.828125,False,,103,,,,,,,,,,,,,
seed,vehicle,9,gradient descent,,4,0.8359375,0.796875,False,,103,,,,,,,,,,,,,
seed,vehicle,9,power,-0.2,16,0.8203125,0.8515625,False,,104,,,,,,,,,,,,,
seed,vehicle,9,gradient descent,,4,0.78125,0.8203125,False,,104,,,,,,,,,,,,,
seed,vehicle,9,power,-0.2,16,0.7734375,0.78125,False,,105,,,,,,,,,,,,,
seed,vehicle,9,gradient descent,,4,0.8046875,0.8515625,False,,105,,,,,,,,,,,,,
seed,vehicle,9,power,-0.2,16,0.828125,0.828125,False,,106,,,,,,,,,,,,,
seed,vehicle,9,gradient descent,,4,0.84375,0.8125,False,,106,,,,,,,,,,,,,
seed,vehicle,9,power,-0.2,16,0.796875,0.8203125,False,,107,,,,,,,,,,,,,
seed,vehicle,9,gradient descent,,4,0.8046875,0.8359375,False,,107,,,,,,,,,,,,,
split_summary,vehicle,9,,,,,,,,,0.8,16,4,-0.390625,1.2700677094577055,8,4,0,,,,,
across_splits,vehicle,,,,,,,,,,,,,1.4453125,,,,,10,7.572652931990572,-2.9296875,22.55859375,3
