stage,dataset,split,method,shape,scale,val,test,diverged,grid_edge,seed,alpha,power_scale,sgd_lr,mean_difference,seed_se,n_seeds,n_favouring_power,n_tied,n_splits,between_split_sd,min_difference,max_difference,n_splits_favouring_power
tune,letter,0,gradient descent,,0.5,0.4199466310873916,0.418945963975984,False,,,,,,,,,,,,,,,
tune,letter,0,gradient descent,,1,0.5993995997331555,0.5930620413609072,False,,,,,,,,,,,,,,,
tune,letter,0,gradient descent,,2,0.7041360907271514,0.7141427618412275,False,,,,,,,,,,,,,,,
tune,letter,0,gradient descent,,4,0.7641761174116077,0.7681787858572382,False,,,,,,,,,,,,,,,
tune,letter,0,gradient descent,,8,0.804869913275517,0.8105403602401601,False,,,,,,,,,,,,,,,
tune,letter,0,gradient descent,,16,0.8388925950633755,0.8382254836557705,False,,,,,,,,,,,,,,,
tune,letter,0,gradient descent,,32,0.8685790527018012,0.8679119412941961,False,,,,,,,,,,,,,,,
tune,letter,0,gradient descent,,64,0.8795863909272849,0.8799199466310874,False,,,,,,,,,,,,,,,
tune,letter,0,gradient descent,,128,0.31020680453635757,0.3072048032021348,False,,,,,,,,,,,,,,,
tune,letter,0,power,-1.5,0.5,0.7798532354903269,0.7838559039359573,False,,,,,,,,,,,,,,,
tune,letter,0,power,-1.5,1,0.7034689793195463,0.710140093395597,False,,,,,,,,,,,,,,,
tune,letter,0,power,-1.5,2,0.5106737825216812,0.518679119412942,False,,,,,,,,,,,,,,,
tune,letter,0,power,-1.5,4,0.41661107404936626,0.42728485657104737,False,,,,,,,,,,,,,,,
tune,letter,0,power,-1.5,8,0.45163442294863243,0.45563709139426284,False,,,,,,,,,,,,,,,
tune,letter,0,power,-1.5,16,0.24449633088725817,0.24883255503669113,False,,,,,,,,,,,,,,,
tune,letter,0,power,-1.5,32,0.07571714476317545,0.07471647765176785,False,,,,,,,,,,,,,,,
tune,letter,0,power,-1.5,64,0.01734489659773182,0.019012675116744496,False,,,,,,,,,,,,,,,
tune,letter,0,power,-1.5,128,0.0256837891927952,0.0256837891927952,False,,,,,,,,,,,,,,,
tune,letter,0,power,-1.0,0.5,0.784856571047365,0.7901934623082054,False,,,,,,,,,,,,,,,
tune,letter,0,power,-1.0,1,0.8088725817211474,0.8178785857238159,False,,,,,,,,,,,,,,,
tune,letter,0,power,-1.0,2,0.8065376917945297,0.8195463642428286,False,,,,,,,,,,,,,,,
tune,letter,0,power,-1.0,4,0.7938625750500333,0.7988659106070714,False,,,,,,,,,,,,,,,
tune,letter,0,power,-1.0,8,0.7508338892595063,0.7598398932621748,False,,,,,,,,,,,,,,,
tune,letter,0,power,-1.0,16,0.6804536357571714,0.700133422281521,False,,,,,,,,,,,,,,,
tune,letter,0,power,-1.0,32,0.5610406937958639,0.5643762508338893,False,,,,,,,,,,,,,,,
tune,letter,0,power,-1.0,64,0.4839893262174783,0.490660440293529,False,,,,,,,,,,,,,,,
tune,letter,0,power,-1.0,128,0.2735156771180787,0.2735156771180787,False,,,,,,,,,,,,,,,
tune,letter,0,power,-0.8,0.5,0.7545030020013342,0.7541694462975317,False,,,,,,,,,,,,,,,
tune,letter,0,power,-0.8,1,0.7921947965310207,0.7978652434956638,False,,,,,,,,,,,,,,,
tune,letter,0,power,-0.8,2,0.8218812541694464,0.8228819212808539,False,,,,,,,,,,,,,,,
tune,letter,0,power,-0.8,4,0.8248832555036691,0.8272181454302868,False,,,,,,,,,,,,,,,
tune,letter,0,power,-0.8,8,0.8198799199466311,0.823549032688459,False,,,,,,,,,,,,,,,
tune,letter,0,power,-0.8,16,0.7921947965310207,0.8062041360907272,False,,,,,,,,,,,,,,,
tune,letter,0,power,-0.8,32,0.7721814543028686,0.7791861240827218,False,,,,,,,,,,,,,,,
tune,letter,0,power,-0.8,64,0.71447631754503,0.7214809873248833,False,,,,,,,,,,,,,,,
tune,letter,0,power,-0.8,128,0.576050700466978,0.5837224816544363,False,,,,,,,,,,,,,,,
tune,letter,0,power,-0.6,0.5,0.7034689793195463,0.7028018679119413,False,,,,,,,,,,,,,,,
tune,letter,0,power,-0.6,1,0.7741827885256838,0.7721814543028686,False,,,,,,,,,,,,,,,
tune,letter,0,power,-0.6,2,0.8128752501667779,0.8138759172781854,False,,,,,,,,,,,,,,,
tune,letter,0,power,-0.6,4,0.8272181454302868,0.8345563709139426,False,,,,,,,,,,,,,,,
tune,letter,0,power,-0.6,8,0.8438959306204136,0.8468979319546365,False,,,,,,,,,,,,,,,
tune,letter,0,power,-0.6,16,0.8262174783188793,0.8322214809873248,False,,,,,,,,,,,,,,,
tune,letter,0,power,-0.6,32,0.8275517011340894,0.8372248165443629,False,,,,,,,,,,,,,,,
tune,letter,0,power,-0.6,64,0.8155436957971981,0.819212808539026,False,,,,,,,,,,,,,,,
tune,letter,0,power,-0.6,128,0.7441627751834556,0.7541694462975317,False,,,,,,,,,,,,,,,
tune,letter,0,power,-0.4,0.5,0.609072715143429,0.6084056037358239,False,,,,,,,,,,,,,,,
tune,letter,0,power,-0.4,1,0.7314876584389594,0.733155436957972,False,,,,,,,,,,,,,,,
tune,letter,0,power,-0.4,2,0.7831887925283523,0.7831887925283523,False,,,,,,,,,,,,,,,
tune,letter,0,power,-0.4,4,0.8315543695797198,0.8358905937291528,False,,,,,,,,,,,,,,,
tune,letter,0,power,-0.4,8,0.8529019346230821,0.8589059372915276,False,,,,,,,,,,,,,,,
tune,letter,0,power,-0.4,16,0.8749166110740494,0.8749166110740494,False,,,,,,,,,,,,,,,
tune,letter,0,power,-0.4,32,0.8712474983322215,0.8772515010006671,False,,,,,,,,,,,,,,,
tune,letter,0,power,-0.4,64,0.8485657104736491,0.8492328218812542,False,,,,,,,,,,,,,,,
tune,letter,0,power,-0.4,128,0.8035356904603068,0.8018679119412941,False,,,,,,,,,,,,,,,
tune,letter,0,power,-0.2,0.5,0.5066711140760507,0.5063375583722481,False,,,,,,,,,,,,,,,
tune,letter,0,power,-0.2,1,0.6691127418278853,0.6694462975316878,False,,,,,,,,,,,,,,,
tune,letter,0,power,-0.2,2,0.7561707805203469,0.7555036691127418,False,,,,,,,,,,,,,,,
tune,letter,0,power,-0.2,4,0.799866577718479,0.8088725817211474,False,,,,,,,,,,,,,,,
tune,letter,0,power,-0.2,8,0.8435623749166111,0.8402268178785858,False,,,,,,,,,,,,,,,
tune,letter,0,power,-0.2,16,0.8685790527018012,0.8652434956637759,False,,,,,,,,,,,,,,,
tune,letter,0,power,-0.2,32,0.8789192795196797,0.8775850567044696,False,,,,,,,,,,,,,,,
tune,letter,0,power,-0.2,64,0.8689126084056037,0.8679119412941961,False,,,,,,,,,,,,,,,
tune,letter,0,power,-0.2,128,0.6787858572381588,0.6811207471647766,False,,,,,,,,,,,,,,,
tune,letter,0,power,0.2,0.5,0.3432288192128085,0.342895263509006,False,,,,,,,,,,,,,,,
tune,letter,0,power,0.2,1,0.5270180120080054,0.5210140093395597,False,,,,,,,,,,,,,,,
tune,letter,0,power,0.2,2,0.6480987324883255,0.6511007338225484,False,,,,,,,,,,,,,,,
tune,letter,0,power,0.2,4,0.7274849899933289,0.7361574382921948,False,,,,,,,,,,,,,,,
tune,letter,0,power,0.2,8,0.7671781187458305,0.7748498999332889,False,,,,,,,,,,,,,,,
tune,letter,0,power,0.2,16,0.8078719146097398,0.8115410273515677,False,,,,,,,,,,,,,,,
tune,letter,0,power,0.2,32,0.837891927951968,0.8415610406937959,False,,,,,,,,,,,,,,,
tune,letter,0,power,0.2,64,0.7241494329553035,0.7248165443629087,False,,,,,,,,,,,,,,,
tune,letter,0,power,0.2,128,0.1094062708472315,0.11207471647765177,False,,,,,,,,,,,,,,,
tune,letter,0,power,0.5,0.5,0.23082054703135424,0.23549032688458973,False,,,,,,,,,,,,,,,
tune,letter,0,power,0.5,1,0.4082721814543029,0.40527018012008004,False,,,,,,,,,,,,,,,
tune,letter,0,power,0.5,2,0.5763842561707805,0.5640426951300868,False,,,,,,,,,,,,,,,
tune,letter,0,power,0.5,4,0.6537691794529686,0.6557705136757839,False,,,,,,,,,,,,,,,
tune,letter,0,power,0.5,8,0.7218145430286858,0.7351567711807871,False,,,,,,,,,,,,,,,
tune,letter,0,power,0.5,16,0.7615076717811875,0.7671781187458305,False,,,,,,,,,,,,,,,
tune,letter,0,power,0.5,32,0.7271514342895263,0.7374916611074049,False,,,,,,,,,,,,,,,
tune,letter,0,power,0.5,64,0.20246831220813877,0.2021347565043362,False,,,,,,,,,,,,,,,
tune,letter,0,power,0.5,128,0.03802535023348899,0.03835890593729153,False,,,,,,,,,,,,,,,
tune,letter,0,power,1.0,0.5,0.180787191460974,0.1801200800533689,False,,,,,,,,,,,,,,,
tune,letter,0,power,1.0,1,0.256837891927952,0.25850567044696465,False,,,,,,,,,,,,,,,
tune,letter,0,power,1.0,2,0.40727151434289527,0.40727151434289527,False,,,,,,,,,,,,,,,
tune,letter,0,power,1.0,4,0.510006671114076,0.5046697798532355,False,,,,,,,,,,,,,,,
tune,letter,0,power,1.0,8,0.5246831220813876,0.5173448965977319,False,,,,,,,,,,,,,,,
tune,letter,0,power,1.0,16,0.4142761841227485,0.418945963975984,False,,,,,,,,,,,,,,,
tune,letter,0,power,1.0,32,0.06604402935290193,0.06804536357571714,False,,,,,,,,,,,,,,,
tune,letter,0,power,1.0,64,0.037358238825883926,0.037358238825883926,False,,,,,,,,,,,,,,,
tune,letter,0,power,1.0,128,0.037358238825883926,0.037358238825883926,False,,,,,,,,,,,,,,,
tune,letter,0,power,1.5,0.5,0.1504336224149433,0.1524349566377585,False,,,,,,,,,,,,,,,
tune,letter,0,power,1.5,1,0.18545697131420946,0.18512341561040693,False,,,,,,,,,,,,,,,
tune,letter,0,power,1.5,2,0.2805203468979319,0.27284856571047367,False,,,,,,,,,,,,,,,
tune,letter,0,power,1.5,4,0.1954636424282855,0.19479653102068045,False,,,,,,,,,,,,,,,
tune,letter,0,power,1.5,8,0.08505670446964643,0.09006004002668445,False,,,,,,,,,,,,,,,
tune,letter,0,power,1.5,16,0.037358238825883926,0.037358238825883926,False,,,,,,,,,,,,,,,
tune,letter,0,power,1.5,32,0.037358238825883926,0.037358238825883926,False,,,,,,,,,,,,,,,
tune,letter,0,power,1.5,64,0.037358238825883926,0.037358238825883926,False,,,,,,,,,,,,,,,
tune,letter,0,power,1.5,128,0.037358238825883926,0.037358238825883926,False,,,,,,,,,,,,,,,
best,letter,0,gradient descent,,64,0.8795863909272849,0.8799199466310874,False,0,,,,,,,,,,,,,,
best,letter,0,power,-0.2,32,0.8789192795196797,0.8775850567044696,False,0,,,,,,,,,,,,,,
seed,letter,0,power,-0.2,32,0.871581054036024,0.871581054036024,False,,100,,,,,,,,,,,,,
seed,letter,0,gradient descent,,64,0.8785857238158773,0.8815877251501001,False,,100,,,,,,,,,,,,,
seed,letter,0,power,-0.2,32,0.8702468312208139,0.8815877251501001,False,,101,,,,,,,,,,,,,
seed,letter,0,gradient descent,,64,0.8709139426284189,0.8705803869246164,False,,101,,,,,,,,,,,,,
seed,letter,0,power,-0.2,32,0.8745830553702468,0.8812541694462975,False,,102,,,,,,,,,,,,,
seed,letter,0,gradient descent,,64,0.8882588392261508,0.8822548365577051,False,,102,,,,,,,,,,,,,
seed,letter,0,power,-0.2,32,0.8815877251501001,0.8849232821881254,False,,103,,,,,,,,,,,,,
seed,letter,0,gradient descent,,64,0.8815877251501001,0.8789192795196797,False,,103,,,,,,,,,,,,,
seed,letter,0,power,-0.2,32,0.866577718478986,0.8602401601067379,False,,104,,,,,,,,,,,,,
seed,letter,0,gradient descent,,64,0.8719146097398266,0.8785857238158773,False,,104,,,,,,,,,,,,,
seed,letter,0,power,-0.2,32,0.8812541694462975,0.8912608405603736,False,,105,,,,,,,,,,,,,
seed,letter,0,gradient descent,,64,0.8735823882588393,0.8725817211474316,False,,105,,,,,,,,,,,,,
seed,letter,0,power,-0.2,32,0.8498999332888593,0.8539026017344896,False,,106,,,,,,,,,,,,,
seed,letter,0,gradient descent,,64,0.8739159439626417,0.8822548365577051,False,,106,,,,,,,,,,,,,
seed,letter,0,power,-0.2,32,0.8659106070713809,0.8742494996664443,False,,107,,,,,,,,,,,,,
seed,letter,0,gradient descent,,64,0.8812541694462975,0.8872581721147431,False,,107,,,,,,,,,,,,,
split_summary,letter,0,,,,,,,,,0.8,32,64,-0.4377918612408245,0.5611784414257821,8,3,0,,,,,
tune,letter,1,gradient descent,,0.5,0.42895263509006004,0.42228152101400934,False,,,,,,,,,,,,,,,
tune,letter,1,gradient descent,,1,0.5897264843228819,0.6100733822548365,False,,,,,,,,,,,,,,,
tune,letter,1,gradient descent,,2,0.7068045363575717,0.7218145430286858,False,,,,,,,,,,,,,,,
tune,letter,1,gradient descent,,4,0.7511674449633089,0.7771847898599066,False,,,,,,,,,,,,,,,
tune,letter,1,gradient descent,,8,0.8015343562374917,0.8168779186124083,False,,,,,,,,,,,,,,,
tune,letter,1,gradient descent,,16,0.829219479653102,0.8442294863242161,False,,,,,,,,,,,,,,,
tune,letter,1,gradient descent,,32,0.8509006004002668,0.8682454969979987,False,,,,,,,,,,,,,,,
tune,letter,1,gradient descent,,64,0.8655770513675783,0.8855903935957304,False,,,,,,,,,,,,,,,
tune,letter,1,gradient descent,,128,0.31454302868579054,0.31754503002001333,False,,,,,,,,,,,,,,,
tune,letter,1,power,-1.5,0.5,0.7488325550366911,0.7678452301534356,False,,,,,,,,,,,,,,,
tune,letter,1,power,-1.5,1,0.7364909939959974,0.7585056704469646,False,,,,,,,,,,,,,,,
tune,letter,1,power,-1.5,2,0.5950633755837225,0.6070713809206137,False,,,,,,,,,,,,,,,
tune,letter,1,power,-1.5,4,0.4769846564376251,0.4809873248832555,False,,,,,,,,,,,,,,,
tune,letter,1,power,-1.5,8,0.39459639759839893,0.39159439626417614,False,,,,,,,,,,,,,,,
tune,letter,1,power,-1.5,16,0.21747831887925284,0.22781854569713142,False,,,,,,,,,,,,,,,
tune,letter,1,power,-1.5,32,0.06804536357571714,0.0657104736490994,False,,,,,,,,,,,,,,,
tune,letter,1,power,-1.5,64,0.013008672448298866,0.014342895263509006,False,,,,,,,,,,,,,,,
tune,letter,1,power,-1.5,128,0.014009339559706471,0.013008672448298866,False,,,,,,,,,,,,,,,
tune,letter,1,power,-1.0,0.5,0.7741827885256838,0.8025350233488993,False,,,,,,,,,,,,,,,
tune,letter,1,power,-1.0,1,0.8075383589059373,0.8275517011340894,False,,,,,,,,,,,,,,,
tune,letter,1,power,-1.0,2,0.8028685790527018,0.8258839226150767,False,,,,,,,,,,,,,,,
tune,letter,1,power,-1.0,4,0.7888592394929953,0.8138759172781854,False,,,,,,,,,,,,,,,
tune,letter,1,power,-1.0,8,0.7741827885256838,0.7941961307538359,False,,,,,,,,,,,,,,,
tune,letter,1,power,-1.0,16,0.7091394262841895,0.7254836557705137,False,,,,,,,,,,,,,,,
tune,letter,1,power,-1.0,32,0.5463642428285523,0.5406937958639093,False,,,,,,,,,,,,,,,
tune,letter,1,power,-1.0,64,0.42728485657104737,0.42895263509006004,False,,,,,,,,,,,,,,,
tune,letter,1,power,-1.0,128,0.23448965977318212,0.23749166110740494,False,,,,,,,,,,,,,,,
tune,letter,1,power,-0.8,0.5,0.7434956637758505,0.7731821214142762,False,,,,,,,,,,,,,,,
tune,letter,1,power,-0.8,1,0.7821881254169446,0.8082054703135424,False,,,,,,,,,,,,,,,
tune,letter,1,power,-0.8,2,0.8102068045363575,0.8318879252835224,False,,,,,,,,,,,,,,,
tune,letter,1,power,-0.8,4,0.8082054703135424,0.8358905937291528,False,,,,,,,,,,,,,,,
tune,letter,1,power,-0.8,8,0.8075383589059373,0.8252168112074717,False,,,,,,,,,,,,,,,
tune,letter,1,power,-0.8,16,0.7861907938625751,0.8102068045363575,False,,,,,,,,,,,,,,,
tune,letter,1,power,-0.8,32,0.7595063375583723,0.7741827885256838,False,,,,,,,,,,,,,,,
tune,letter,1,power,-0.8,64,0.7214809873248833,0.7251501000667111,False,,,,,,,,,,,,,,,
tune,letter,1,power,-0.8,128,0.5713809206137425,0.580386924616411,False,,,,,,,,,,,,,,,
tune,letter,1,power,-0.6,0.5,0.7021347565043362,0.7214809873248833,False,,,,,,,,,,,,,,,
tune,letter,1,power,-0.6,1,0.7565043362241495,0.7841894596397598,False,,,,,,,,,,,,,,,
tune,letter,1,power,-0.6,2,0.8052034689793195,0.8255503669112741,False,,,,,,,,,,,,,,,
tune,letter,1,power,-0.6,4,0.8238825883922615,0.8425617078052035,False,,,,,,,,,,,,,,,
tune,letter,1,power,-0.6,8,0.8308872581721147,0.8522348232154769,False,,,,,,,,,,,,,,,
tune,letter,1,power,-0.6,16,0.8302201467645097,0.8482321547698466,False,,,,,,,,,,,,,,,
tune,letter,1,power,-0.6,32,0.8132088058705804,0.828552368245497,False,,,,,,,,,,,,,,,
tune,letter,1,power,-0.6,64,0.8098732488325551,0.8298865910607072,False,,,,,,,,,,,,,,,
tune,letter,1,power,-0.6,128,0.7284856571047365,0.7374916611074049,False,,,,,,,,,,,,,,,
tune,letter,1,power,-0.4,0.5,0.6000667111407605,0.6227484989993329,False,,,,,,,,,,,,,,,
tune,letter,1,power,-0.4,1,0.7284856571047365,0.747498332221481,False,,,,,,,,,,,,,,,
tune,letter,1,power,-0.4,2,0.7695130086724483,0.7941961307538359,False,,,,,,,,,,,,,,,
tune,letter,1,power,-0.4,4,0.8095396931287525,0.8312208138759173,False,,,,,,,,,,,,,,,
tune,letter,1,power,-0.4,8,0.8365577051367579,0.8579052701801201,False,,,,,,,,,,,,,,,
tune,letter,1,power,-0.4,16,0.8465643762508339,0.8689126084056037,False,,,,,,,,,,,,,,,
tune,letter,1,power,-0.4,32,0.8448965977318212,0.8712474983322215,False,,,,,,,,,,,,,,,
tune,letter,1,power,-0.4,64,0.8418945963975984,0.862241494329553,False,,,,,,,,,,,,,,,
tune,letter,1,power,-0.4,128,0.757505003335557,0.7755170113408939,False,,,,,,,,,,,,,,,
tune,letter,1,power,-0.2,0.5,0.5056704469646431,0.5176784523015343,False,,,,,,,,,,,,,,,
tune,letter,1,power,-0.2,1,0.6691127418278853,0.6831220813875917,False,,,,,,,,,,,,,,,
tune,letter,1,power,-0.2,2,0.7394929953302202,0.7651767845230153,False,,,,,,,,,,,,,,,
tune,letter,1,power,-0.2,4,0.784856571047365,0.8075383589059373,False,,,,,,,,,,,,,,,
tune,letter,1,power,-0.2,8,0.8295530353569046,0.847898599066044,False,,,,,,,,,,,,,,,
tune,letter,1,power,-0.2,16,0.8525683789192795,0.875250166777852,False,,,,,,,,,,,,,,,
tune,letter,1,power,-0.2,32,0.8679119412941961,0.8895930620413609,False,,,,,,,,,,,,,,,
tune,letter,1,power,-0.2,64,0.867244829886591,0.8882588392261508,False,,,,,,,,,,,,,,,
tune,letter,1,power,-0.2,128,0.5963975983989326,0.6164109406270847,False,,,,,,,,,,,,,,,
tune,letter,1,power,0.2,0.5,0.3495663775850567,0.34489659773182124,False,,,,,,,,,,,,,,,
tune,letter,1,power,0.2,1,0.5196797865243495,0.5363575717144763,False,,,,,,,,,,,,,,,
tune,letter,1,power,0.2,2,0.64342895263509,0.6554369579719813,False,,,,,,,,,,,,,,,
tune,letter,1,power,0.2,4,0.7178118745830554,0.7401601067378252,False,,,,,,,,,,,,,,,
tune,letter,1,power,0.2,8,0.7608405603735824,0.7821881254169446,False,,,,,,,,,,,,,,,
tune,letter,1,power,0.2,16,0.8002001334222815,0.819212808539026,False,,,,,,,,,,,,,,,
tune,letter,1,power,0.2,32,0.8278852568378919,0.8488992661774516,False,,,,,,,,,,,,,,,
tune,letter,1,power,0.2,64,0.6821214142761841,0.6977985323549033,False,,,,,,,,,,,,,,,
tune,letter,1,power,0.2,128,0.1437625083388926,0.14709806537691794,False,,,,,,,,,,,,,,,
tune,letter,1,power,0.5,0.5,0.22815210140093395,0.23382254836557706,False,,,,,,,,,,,,,,,
tune,letter,1,power,0.5,1,0.4086057371581054,0.4076050700466978,False,,,,,,,,,,,,,,,
tune,letter,1,power,0.5,2,0.5630420280186791,0.5877251501000668,False,,,,,,,,,,,,,,,
tune,letter,1,power,0.5,4,0.652101400933956,0.6681120747164776,False,,,,,,,,,,,,,,,
tune,letter,1,power,0.5,8,0.7174783188792528,0.7348232154769847,False,,,,,,,,,,,,,,,
tune,letter,1,power,0.5,16,0.7448298865910608,0.7725150100066711,False,,,,,,,,,,,,,,,
tune,letter,1,power,0.5,32,0.7054703135423616,0.7364909939959974,False,,,,,,,,,,,,,,,
tune,letter,1,power,0.5,64,0.16644429619746498,0.1741160773849233,False,,,,,,,,,,,,,,,
tune,letter,1,power,0.5,128,0.03802535023348899,0.0390260173448966,False,,,,,,,,,,,,,,,
tune,letter,1,power,1.0,0.5,0.20446964643095397,0.2021347565043362,False,,,,,,,,,,,,,,,
tune,letter,1,power,1.0,1,0.27284856571047367,0.2778519012675117,False,,,,,,,,,,,,,,,
tune,letter,1,power,1.0,2,0.4059372915276851,0.4079386257505003,False,,,,,,,,,,,,,,,
tune,letter,1,power,1.0,4,0.4933288859239493,0.5073382254836558,False,,,,,,,,,,,,,,,
tune,letter,1,power,1.0,8,0.5270180120080054,0.5376917945296864,False,,,,,,,,,,,,,,,
tune,letter,1,power,1.0,16,0.4159439626417612,0.41927951967978655,False,,,,,,,,,,,,,,,
tune,letter,1,power,1.0,32,0.06737825216811208,0.07004669779853236,False,,,,,,,,,,,,,,,
tune,letter,1,power,1.0,64,0.037358238825883926,0.037358238825883926,False,,,,,,,,,,,,,,,
tune,letter,1,power,1.0,128,0.037358238825883926,0.037358238825883926,False,,,,,,,,,,,,,,,
tune,letter,1,power,1.5,0.5,0.15843895930620414,0.15510340226817879,False,,,,,,,,,,,,,,,
tune,letter,1,power,1.5,1,0.20847231487658438,0.21847898599066043,False,,,,,,,,,,,,,,,
tune,letter,1,power,1.5,2,0.0400266844563042,0.0400266844563042,False,,,,,,,,,,,,,,,
tune,letter,1,power,1.5,4,0.23215476984656438,0.23315543695797197,False,,,,,,,,,,,,,,,
tune,letter,1,power,1.5,8,0.10907271514342895,0.10607071380920614,False,,,,,,,,,,,,,,,
tune,letter,1,power,1.5,16,0.03835890593729153,0.037358238825883926,False,,,,,,,,,,,,,,,
tune,letter,1,power,1.5,32,0.037358238825883926,0.037358238825883926,False,,,,,,,,,,,,,,,
tune,letter,1,power,1.5,64,0.04536357571714476,0.0390260173448966,False,,,,,,,,,,,,,,,
tune,letter,1,power,1.5,128,0.037358238825883926,0.037358238825883926,False,,,,,,,,,,,,,,,
best,letter,1,gradient descent,,64,0.8655770513675783,0.8855903935957304,False,0,,,,,,,,,,,,,,
best,letter,1,power,-0.2,32,0.8679119412941961,0.8895930620413609,False,0,,,,,,,,,,,,,,
seed,letter,1,power,-0.2,32,0.8685790527018012,0.8862575050033356,False,,100,,,,,,,,,,,,,
seed,letter,1,gradient descent,,64,0.8695797198132088,0.8855903935957304,False,,100,,,,,,,,,,,,,
seed,letter,1,power,-0.2,32,0.8719146097398266,0.8889259506337558,False,,101,,,,,,,,,,,,,
seed,letter,1,gradient descent,,64,0.8625750500333556,0.880920613742495,False,,101,,,,,,,,,,,,,
seed,letter,1,power,-0.2,32,0.8475650433622415,0.8689126084056037,False,,102,,,,,,,,,,,,,
seed,letter,1,gradient descent,,64,0.8732488325550367,0.8829219479653102,False,,102,,,,,,,,,,,,,
seed,letter,1,power,-0.2,32,0.8662441627751835,0.890260173448966,False,,103,,,,,,,,,,,,,
seed,letter,1,gradient descent,,64,0.8675783855903936,0.8825883922615076,False,,103,,,,,,,,,,,,,
seed,letter,1,power,-0.2,32,0.8418945963975984,0.872248165443629,False,,104,,,,,,,,,,,,,
seed,letter,1,gradient descent,,64,0.8689126084056037,0.8862575050033356,False,,104,,,,,,,,,,,,,
seed,letter,1,power,-0.2,32,0.8545697131420947,0.8782521681120747,False,,105,,,,,,,,,,,,,
seed,letter,1,gradient descent,,64,0.8635757171447632,0.8919279519679787,False,,105,,,,,,,,,,,,,
seed,letter,1,power,-0.2,32,0.8402268178785858,0.8635757171447632,False,,106,,,,,,,,,,,,,
seed,letter,1,gradient descent,,64,0.8725817211474316,0.8892595063375583,False,,106,,,,,,,,,,,,,
seed,letter,1,power,-0.2,32,0.8502334889926618,0.8699132755170114,False,,107,,,,,,,,,,,,,
seed,letter,1,gradient descent,,64,0.8512341561040694,0.8705803869246164,False,,107,,,,,,,,,,,,,
split_summary,letter,1,,,,,,,,,0.8,32,64,-0.64626417611741,0.4286426028541022,8,3,0,,,,,
tune,letter,2,gradient descent,,0.5,0.41260840560373585,0.41661107404936626,False,,,,,,,,,,,,,,,
tune,letter,2,gradient descent,,1,0.604069379586391,0.6014009339559706,False,,,,,,,,,,,,,,,
tune,letter,2,gradient descent,,2,0.7124749833222148,0.7268178785857238,False,,,,,,,,,,,,,,,
tune,letter,2,gradient descent,,4,0.7635090060040026,0.7698465643762509,False,,,,,,,,,,,,,,,
tune,letter,2,gradient descent,,8,0.8095396931287525,0.818545697131421,False,,,,,,,,,,,,,,,
tune,letter,2,gradient descent,,16,0.8385590393595731,0.8465643762508339,False,,,,,,,,,,,,,,,
tune,letter,2,gradient descent,,32,0.8625750500333556,0.8669112741827886,False,,,,,,,,,,,,,,,
tune,letter,2,gradient descent,,64,0.8855903935957304,0.8899266177451635,False,,,,,,,,,,,,,,,
tune,letter,2,gradient descent,,128,0.3845897264843229,0.37458305537024683,False,,,,,,,,,,,,,,,
tune,letter,2,power,-1.5,0.5,0.7641761174116077,0.7558372248165444,False,,,,,,,,,,,,,,,
tune,letter,2,power,-1.5,1,0.6450967311541027,0.6551034022681788,False,,,,,,,,,,,,,,,
tune,letter,2,power,-1.5,2,0.6170780520346898,0.6314209472981988,False,,,,,,,,,,,,,,,
tune,letter,2,power,-1.5,4,0.4683122081387592,0.48599066044029354,False,,,,,,,,,,,,,,,
tune,letter,2,power,-1.5,8,0.40126751167444963,0.4019346230820547,False,,,,,,,,,,,,,,,
tune,letter,2,power,-1.5,16,0.2161440960640427,0.2274849899933289,False,,,,,,,,,,,,,,,
tune,letter,2,power,-1.5,32,0.0980653769179453,0.0980653769179453,False,,,,,,,,,,,,,,,
tune,letter,2,power,-1.5,64,0.0400266844563042,0.043028685790527016,False,,,,,,,,,,,,,,,
tune,letter,2,power,-1.5,128,0.02401601067378252,0.025016677785190126,False,,,,,,,,,,,,,,,
tune,letter,2,power,-1.0,0.5,0.7891927951967979,0.7931954636424283,False,,,,,,,,,,,,,,,
tune,letter,2,power,-1.0,1,0.818545697131421,0.8208805870580387,False,,,,,,,,,,,,,,,
tune,letter,2,power,-1.0,2,0.8128752501667779,0.8178785857238159,False,,,,,,,,,,,,,,,
tune,letter,2,power,-1.0,4,0.80920613742495,0.8098732488325551,False,,,,,,,,,,,,,,,
tune,letter,2,power,-1.0,8,0.7378252168112075,0.7481654436290861,False,,,,,,,,,,,,,,,
tune,letter,2,power,-1.0,16,0.6934623082054703,0.7061374249499667,False,,,,,,,,,,,,,,,
tune,letter,2,power,-1.0,32,0.5333555703802535,0.5410273515677118,False,,,,,,,,,,,,,,,
tune,letter,2,power,-1.0,64,0.39459639759839893,0.39959973315543695,False,,,,,,,,,,,,,,,
tune,letter,2,power,-1.0,128,0.23448965977318212,0.23749166110740494,False,,,,,,,,,,,,,,,
tune,letter,2,power,-0.8,0.5,0.7538358905937291,0.7581721147431622,False,,,,,,,,,,,,,,,
tune,letter,2,power,-0.8,1,0.7951967978652434,0.7965310206804537,False,,,,,,,,,,,,,,,
tune,letter,2,power,-0.8,2,0.8225483655770514,0.8288859239492995,False,,,,,,,,,,,,,,,
tune,letter,2,power,-0.8,4,0.8212141427618412,0.8255503669112741,False,,,,,,,,,,,,,,,
tune,letter,2,power,-0.8,8,0.8088725817211474,0.8115410273515677,False,,,,,,,,,,,,,,,
tune,letter,2,power,-0.8,16,0.8008672448298866,0.8042028018679119,False,,,,,,,,,,,,,,,
tune,letter,2,power,-0.8,32,0.7508338892595063,0.7591727818545697,False,,,,,,,,,,,,,,,
tune,letter,2,power,-0.8,64,0.6984656437625083,0.7081387591727819,False,,,,,,,,,,,,,,,
tune,letter,2,power,-0.8,128,0.5697131420947298,0.5947298198799199,False,,,,,,,,,,,,,,,
tune,letter,2,power,-0.6,0.5,0.7061374249499667,0.715143428952635,False,,,,,,,,,,,,,,,
tune,letter,2,power,-0.6,1,0.7748498999332889,0.7805203468979319,False,,,,,,,,,,,,,,,
tune,letter,2,power,-0.6,2,0.818545697131421,0.8208805870580387,False,,,,,,,,,,,,,,,
tune,letter,2,power,-0.6,4,0.83288859239493,0.8438959306204136,False,,,,,,,,,,,,,,,
tune,letter,2,power,-0.6,8,0.8408939292861908,0.8482321547698466,False,,,,,,,,,,,,,,,
tune,letter,2,power,-0.6,16,0.8278852568378919,0.8315543695797198,False,,,,,,,,,,,,,,,
tune,letter,2,power,-0.6,32,0.8222148098732488,0.8298865910607072,False,,,,,,,,,,,,,,,
tune,letter,2,power,-0.6,64,0.8112074716477652,0.8098732488325551,False,,,,,,,,,,,,,,,
tune,letter,2,power,-0.6,128,0.7815210140093396,0.7881921280853903,False,,,,,,,,,,,,,,,
tune,letter,2,power,-0.4,0.5,0.6104069379586391,0.6114076050700467,False,,,,,,,,,,,,,,,
tune,letter,2,power,-0.4,1,0.7301534356237491,0.7418278852568378,False,,,,,,,,,,,,,,,
tune,letter,2,power,-0.4,2,0.7878585723815877,0.7921947965310207,False,,,,,,,,,,,,,,,
tune,letter,2,power,-0.4,4,0.8208805870580387,0.8305537024683122,False,,,,,,,,,,,,,,,
tune,letter,2,power,-0.4,8,0.8425617078052035,0.8539026017344896,False,,,,,,,,,,,,,,,
tune,letter,2,power,-0.4,16,0.8465643762508339,0.861574382921948,False,,,,,,,,,,,,,,,
tune,letter,2,power,-0.4,32,0.8795863909272849,0.8795863909272849,False,,,,,,,,,,,,,,,
tune,letter,2,power,-0.4,64,0.8515677118078719,0.8609072715143429,False,,,,,,,,,,,,,,,
tune,letter,2,power,-0.4,128,0.7945296864576384,0.7911941294196131,False,,,,,,,,,,,,,,,
tune,letter,2,power,-0.2,0.5,0.5116744496330887,0.5043362241494329,False,,,,,,,,,,,,,,,
tune,letter,2,power,-0.2,1,0.6681120747164776,0.6827885256837892,False,,,,,,,,,,,,,,,
tune,letter,2,power,-0.2,2,0.7558372248165444,0.7615076717811875,False,,,,,,,,,,,,,,,
tune,letter,2,power,-0.2,4,0.8035356904603068,0.8125416944629753,False,,,,,,,,,,,,,,,
tune,letter,2,power,-0.2,8,0.8402268178785858,0.8475650433622415,False,,,,,,,,,,,,,,,
tune,letter,2,power,-0.2,16,0.8605737158105403,0.8679119412941961,False,,,,,,,,,,,,,,,
tune,letter,2,power,-0.2,32,0.8702468312208139,0.8739159439626417,False,,,,,,,,,,,,,,,
tune,letter,2,power,-0.2,64,0.8845897264843229,0.88025350233489,False,,,,,,,,,,,,,,,
tune,letter,2,power,-0.2,128,0.6684456304202802,0.6604402935290193,False,,,,,,,,,,,,,,,
tune,letter,2,power,0.2,0.5,0.333555703802535,0.33488992661774514,False,,,,,,,,,,,,,,,
tune,letter,2,power,0.2,1,0.5220146764509673,0.5200133422281521,False,,,,,,,,,,,,,,,
tune,letter,2,power,0.2,2,0.6487658438959306,0.6594396264176118,False,,,,,,,,,,,,,,,
tune,letter,2,power,0.2,4,0.7324883255503669,0.7411607738492328,False,,,,,,,,,,,,,,,
tune,letter,2,power,0.2,8,0.7658438959306204,0.7758505670446965,False,,,,,,,,,,,,,,,
tune,letter,2,power,0.2,16,0.805537024683122,0.8188792528352234,False,,,,,,,,,,,,,,,
tune,letter,2,power,0.2,32,0.8345563709139426,0.8402268178785858,False,,,,,,,,,,,,,,,
tune,letter,2,power,0.2,64,0.7431621080720481,0.7451634422948632,False,,,,,,,,,,,,,,,
tune,letter,2,power,0.2,128,0.1417611741160774,0.14409606404269512,False,,,,,,,,,,,,,,,
tune,letter,2,power,0.5,0.5,0.22881921280853904,0.23582388258839226,False,,,,,,,,,,,,,,,
tune,letter,2,power,0.5,1,0.40360240160106736,0.40527018012008004,False,,,,,,,,,,,,,,,
tune,letter,2,power,0.5,2,0.571714476317545,0.5707138092061375,False,,,,,,,,,,,,,,,
tune,letter,2,power,0.5,4,0.6557705136757839,0.671447631754503,False,,,,,,,,,,,,,,,
tune,letter,2,power,0.5,8,0.7214809873248833,0.7371581054036024,False,,,,,,,,,,,,,,,
tune,letter,2,power,0.5,16,0.7608405603735824,0.7685123415610406,False,,,,,,,,,,,,,,,
tune,letter,2,power,0.5,32,0.7344896597731821,0.7464976651100734,False,,,,,,,,,,,,,,,
tune,letter,2,power,0.5,64,0.2104736490993996,0.21180787191460973,False,,,,,,,,,,,,,,,
tune,letter,2,power,0.5,128,0.037358238825883926,0.0390260173448966,False,,,,,,,,,,,,,,,
tune,letter,2,power,1.0,0.5,0.19279519679786525,0.19779853235490327,False,,,,,,,,,,,,,,,
tune,letter,2,power,1.0,1,0.27585056704469646,0.2765176784523015,False,,,,,,,,,,,,,,,
tune,letter,2,power,1.0,2,0.4019346230820547,0.41661107404936626,False,,,,,,,,,,,,,,,
tune,letter,2,power,1.0,4,0.4876584389593062,0.5030020013342228,False,,,,,,,,,,,,,,,
tune,letter,2,power,1.0,8,0.5306871247498333,0.5463642428285523,False,,,,,,,,,,,,,,,
tune,letter,2,power,1.0,16,0.4086057371581054,0.4246164109406271,False,,,,,,,,,,,,,,,
tune,letter,2,power,1.0,32,0.06504336224149433,0.06771180787191461,False,,,,,,,,,,,,,,,
tune,letter,2,power,1.0,64,0.037358238825883926,0.037358238825883926,False,,,,,,,,,,,,,,,
tune,letter,2,power,1.0,128,0.037358238825883926,0.037358238825883926,False,,,,,,,,,,,,,,,
tune,letter,2,power,1.5,0.5,0.12341561040693796,0.12675116744496331,False,,,,,,,,,,,,,,,
tune,letter,2,power,1.5,1,0.21981320880587057,0.2304869913275517,False,,,,,,,,,,,,,,,
tune,letter,2,power,1.5,2,0.27184789859906605,0.28552368245497,False,,,,,,,,,,,,,,,
tune,letter,2,power,1.5,4,0.1734489659773182,0.17911941294196132,False,,,,,,,,,,,,,,,
tune,letter,2,power,1.5,8,0.11674449633088725,0.1257505003335557,False,,,,,,,,,,,,,,,
tune,letter,2,power,1.5,16,0.06771180787191461,0.07271514342895263,False,,,,,,,,,,,,,,,
tune,letter,2,power,1.5,32,0.03802535023348899,0.043028685790527016,False,,,,,,,,,,,,,,,
tune,letter,2,power,1.5,64,0.037358238825883926,0.037358238825883926,False,,,,,,,,,,,,,,,
tune,letter,2,power,1.5,128,0.037358238825883926,0.037358238825883926,False,,,,,,,,,,,,,,,
best,letter,2,gradient descent,,64,0.8855903935957304,0.8899266177451635,False,0,,,,,,,,,,,,,,
best,letter,2,power,-0.2,64,0.8845897264843229,0.88025350233489,False,0,,,,,,,,,,,,,,
seed,letter,2,power,-0.2,64,0.8639092728485657,0.8699132755170114,False,,100,,,,,,,,,,,,,
seed,letter,2,gradient descent,,64,0.8842561707805203,0.8889259506337558,False,,100,,,,,,,,,,,,,
seed,letter,2,power,-0.2,64,0.8879252835223482,0.8945963975983989,False,,101,,,,,,,,,,,,,
seed,letter,2,gradient descent,,64,0.8775850567044696,0.875250166777852,False,,101,,,,,,,,,,,,,
seed,letter,2,power,-0.2,64,0.8969312875250167,0.8925950633755837,False,,102,,,,,,,,,,,,,
seed,letter,2,gradient descent,,64,0.8829219479653102,0.8849232821881254,False,,102,,,,,,,,,,,,,
seed,letter,2,power,-0.2,64,0.8589059372915276,0.8725817211474316,False,,103,,,,,,,,,,,,,
seed,letter,2,gradient descent,,64,0.8855903935957304,0.8862575050033356,False,,103,,,,,,,,,,,,,
seed,letter,2,power,-0.2,64,0.8779186124082722,0.8839226150767178,False,,104,,,,,,,,,,,,,
seed,letter,2,gradient descent,,64,0.8799199466310874,0.8819212808539026,False,,104,,,,,,,,,,,,,
seed,letter,2,power,-0.2,64,0.8679119412941961,0.8735823882588393,False,,105,,,,,,,,,,,,,
seed,letter,2,gradient descent,,64,0.8645763842561708,0.8689126084056037,False,,105,,,,,,,,,,,,,
seed,letter,2,power,-0.2,64,0.8862575050033356,0.8785857238158773,False,,106,,,,,,,,,,,,,
seed,letter,2,gradient descent,,64,0.8882588392261508,0.8869246164109407,False,,106,,,,,,,,,,,,,
seed,letter,2,power,-0.2,64,0.8635757171447632,0.862241494329553,False,,107,,,,,,,,,,,,,
seed,letter,2,gradient descent,,64,0.8782521681120747,0.8835890593729153,False,,107,,,,,,,,,,,,,
split_summary,letter,2,,,,,,,,,0.8,64,64,-0.35857238158772675,0.5053022921250218,8,4,0,,,,,
tune,letter,3,gradient descent,,0.5,0.41927951967978655,0.43162108072048033,False,,,,,,,,,,,,,,,
tune,letter,3,gradient descent,,1,0.5863909272848565,0.6017344896597732,False,,,,,,,,,,,,,,,
tune,letter,3,gradient descent,,2,0.7048032021347566,0.710140093395597,False,,,,,,,,,,,,,,,
tune,letter,3,gradient descent,,4,0.7568378919279519,0.766177451634423,False,,,,,,,,,,,,,,,
tune,letter,3,gradient descent,,8,0.8028685790527018,0.8045363575717145,False,,,,,,,,,,,,,,,
tune,letter,3,gradient descent,,16,0.8355570380253502,0.8282188125416945,False,,,,,,,,,,,,,,,
tune,letter,3,gradient descent,,32,0.8599066044029353,0.8515677118078719,False,,,,,,,,,,,,,,,
tune,letter,3,gradient descent,,64,0.8705803869246164,0.8702468312208139,False,,,,,,,,,,,,,,,
tune,letter,3,gradient descent,,128,0.3068712474983322,0.3072048032021348,False,,,,,,,,,,,,,,,
tune,letter,3,power,-1.5,0.5,0.766844563042028,0.7695130086724483,False,,,,,,,,,,,,,,,
tune,letter,3,power,-1.5,1,0.6947965310206805,0.6887925283522348,False,,,,,,,,,,,,,,,
tune,letter,3,power,-1.5,2,0.6174116077384924,0.614076050700467,False,,,,,,,,,,,,,,,
tune,letter,3,power,-1.5,4,0.466977985323549,0.4616410940627085,False,,,,,,,,,,,,,,,
tune,letter,3,power,-1.5,8,0.4836557705136758,0.47398265510340226,False,,,,,,,,,,,,,,,
tune,letter,3,power,-1.5,16,0.24816544362908605,0.24416277518345564,False,,,,,,,,,,,,,,,
tune,letter,3,power,-1.5,32,0.05970647098065377,0.06437625083388926,False,,,,,,,,,,,,,,,
tune,letter,3,power,-1.5,64,0.04269513008672448,0.04269513008672448,False,,,,,,,,,,,,,,,
tune,letter,3,power,-1.5,128,0.027351567711807873,0.03168779186124083,False,,,,,,,,,,,,,,,
tune,letter,3,power,-1.0,0.5,0.781854569713142,0.7881921280853903,False,,,,,,,,,,,,,,,
tune,letter,3,power,-1.0,1,0.8085390260173448,0.8115410273515677,False,,,,,,,,,,,,,,,
tune,letter,3,power,-1.0,2,0.8042028018679119,0.8125416944629753,False,,,,,,,,,,,,,,,
tune,letter,3,power,-1.0,4,0.7908605737158105,0.799866577718479,False,,,,,,,,,,,,,,,
tune,letter,3,power,-1.0,8,0.766844563042028,0.7741827885256838,False,,,,,,,,,,,,,,,
tune,letter,3,power,-1.0,16,0.686457638425617,0.69079386257505,False,,,,,,,,,,,,,,,
tune,letter,3,power,-1.0,32,0.5593729152768512,0.5627084723148766,False,,,,,,,,,,,,,,,
tune,letter,3,power,-1.0,64,0.44362908605737156,0.45030020013342226,False,,,,,,,,,,,,,,,
tune,letter,3,power,-1.0,128,0.22648432288192127,0.22581721147431622,False,,,,,,,,,,,,,,,
tune,letter,3,power,-0.8,0.5,0.7498332221480988,0.76184122748499,False,,,,,,,,,,,,,,,
tune,letter,3,power,-0.8,1,0.7941961307538359,0.8008672448298866,False,,,,,,,,,,,,,,,
tune,letter,3,power,-0.8,2,0.8225483655770514,0.8198799199466311,False,,,,,,,,,,,,,,,
tune,letter,3,power,-0.8,4,0.8252168112074717,0.8318879252835224,False,,,,,,,,,,,,,,,
tune,letter,3,power,-0.8,8,0.818545697131421,0.8265510340226818,False,,,,,,,,,,,,,,,
tune,letter,3,power,-0.8,16,0.7821881254169446,0.7925283522348232,False,,,,,,,,,,,,,,,
tune,letter,3,power,-0.8,32,0.7608405603735824,0.7655103402268179,False,,,,,,,,,,,,,,,
tune,letter,3,power,-0.8,64,0.7064709806537692,0.7091394262841895,False,,,,,,,,,,,,,,,
tune,letter,3,power,-0.8,128,0.5166777851901267,0.5116744496330887,False,,,,,,,,,,,,,,,
tune,letter,3,power,-0.6,0.5,0.6927951967978653,0.7074716477651768,False,,,,,,,,,,,,,,,
tune,letter,3,power,-0.6,1,0.7651767845230153,0.771180787191461,False,,,,,,,,,,,,,,,
tune,letter,3,power,-0.6,2,0.8108739159439626,0.8168779186124083,False,,,,,,,,,,,,,,,
tune,letter,3,power,-0.6,4,0.8315543695797198,0.8345563709139426,False,,,,,,,,,,,,,,,
tune,letter,3,power,-0.6,8,0.8348899266177452,0.8388925950633755,False,,,,,,,,,,,,,,,
tune,letter,3,power,-0.6,16,0.8305537024683122,0.8345563709139426,False,,,,,,,,,,,,,,,
tune,letter,3,power,-0.6,32,0.8268845897264844,0.8205470313542361,False,,,,,,,,,,,,,,,
tune,letter,3,power,-0.6,64,0.8012008005336891,0.8085390260173448,False,,,,,,,,,,,,,,,
tune,letter,3,power,-0.6,128,0.7788525683789193,0.766177451634423,False,,,,,,,,,,,,,,,
tune,letter,3,power,-0.4,0.5,0.5993995997331555,0.6110740493662442,False,,,,,,,,,,,,,,,
tune,letter,3,power,-0.4,1,0.7214809873248833,0.7368245496997998,False,,,,,,,,,,,,,,,
tune,letter,3,power,-0.4,2,0.776184122748499,0.7821881254169446,False,,,,,,,,,,,,,,,
tune,letter,3,power,-0.4,4,0.829219479653102,0.8228819212808539,False,,,,,,,,,,,,,,,
tune,letter,3,power,-0.4,8,0.8549032688458973,0.8519012675116745,False,,,,,,,,,,,,,,,
tune,letter,3,power,-0.4,16,0.8652434956637759,0.8645763842561708,False,,,,,,,,,,,,,,,
tune,letter,3,power,-0.4,32,0.8655770513675783,0.8659106070713809,False,,,,,,,,,,,,,,,
tune,letter,3,power,-0.4,64,0.8529019346230821,0.8488992661774516,False,,,,,,,,,,,,,,,
tune,letter,3,power,-0.4,128,0.8108739159439626,0.8015343562374917,False,,,,,,,,,,,,,,,
tune,letter,3,power,-0.2,0.5,0.5013342228152101,0.5110073382254836,False,,,,,,,,,,,,,,,
tune,letter,3,power,-0.2,1,0.6631087391594396,0.6731154102735156,False,,,,,,,,,,,,,,,
tune,letter,3,power,-0.2,2,0.7451634422948632,0.7531687791861241,False,,,,,,,,,,,,,,,
tune,letter,3,power,-0.2,4,0.7975316877918612,0.7971981320880587,False,,,,,,,,,,,,,,,
tune,letter,3,power,-0.2,8,0.8382254836557705,0.8312208138759173,False,,,,,,,,,,,,,,,
tune,letter,3,power,-0.2,16,0.8629086057371581,0.8575717144763175,False,,,,,,,,,,,,,,,
tune,letter,3,power,-0.2,32,0.8719146097398266,0.8695797198132088,False,,,,,,,,,,,,,,,
tune,letter,3,power,-0.2,64,0.8795863909272849,0.8742494996664443,False,,,,,,,,,,,,,,,
tune,letter,3,power,-0.2,128,0.5843895930620414,0.5850567044696464,False,,,,,,,,,,,,,,,
tune,letter,3,power,0.2,0.5,0.3442294863242161,0.3382254836557705,False,,,,,,,,,,,,,,,
tune,letter,3,power,0.2,1,0.5083388925950634,0.5256837891927952,False,,,,,,,,,,,,,,,
tune,letter,3,power,0.2,2,0.6380920613742495,0.6494329553035357,False,,,,,,,,,,,,,,,
tune,letter,3,power,0.2,4,0.723148765843896,0.7248165443629087,False,,,,,,,,,,,,,,,
tune,letter,3,power,0.2,8,0.7655103402268179,0.7685123415610406,False,,,,,,,,,,,,,,,
tune,letter,3,power,0.2,16,0.8072048032021347,0.8018679119412941,False,,,,,,,,,,,,,,,
tune,letter,3,power,0.2,32,0.8358905937291528,0.8298865910607072,False,,,,,,,,,,,,,,,
tune,letter,3,power,0.2,64,0.7178118745830554,0.7131420947298199,False,,,,,,,,,,,,,,,
tune,letter,3,power,0.2,128,0.11207471647765177,0.1104069379586391,False,,,,,,,,,,,,,,,
tune,letter,3,power,0.5,0.5,0.22915276851234156,0.2334889926617745,False,,,,,,,,,,,,,,,
tune,letter,3,power,0.5,1,0.4059372915276851,0.4142761841227485,False,,,,,,,,,,,,,,,
tune,letter,3,power,0.5,2,0.5610406937958639,0.5703802535023349,False,,,,,,,,,,,,,,,
tune,letter,3,power,0.5,4,0.6464309539693128,0.6524349566377585,False,,,,,,,,,,,,,,,
tune,letter,3,power,0.5,8,0.718812541694463,0.7224816544362909,False,,,,,,,,,,,,,,,
tune,letter,3,power,0.5,16,0.7454969979986658,0.7588392261507672,False,,,,,,,,,,,,,,,
tune,letter,3,power,0.5,32,0.7284856571047365,0.7264843228819213,False,,,,,,,,,,,,,,,
tune,letter,3,power,0.5,64,0.1380920613742495,0.14076050700466977,False,,,,,,,,,,,,,,,
tune,letter,3,power,0.5,128,0.046364242828552366,0.04803202134756504,False,,,,,,,,,,,,,,,
tune,letter,3,power,1.0,0.5,0.21480987324883255,0.2121414276184123,False,,,,,,,,,,,,,,,
tune,letter,3,power,1.0,1,0.27084723148765844,0.2778519012675117,False,,,,,,,,,,,,,,,
tune,letter,3,power,1.0,2,0.42361574382921946,0.418945963975984,False,,,,,,,,,,,,,,,
tune,letter,3,power,1.0,4,0.4903268845897265,0.49799866577718477,False,,,,,,,,,,,,,,,
tune,letter,3,power,1.0,8,0.4746497665110073,0.48632421614409604,False,,,,,,,,,,,,,,,
tune,letter,3,power,1.0,16,0.3512341561040694,0.3602401601067378,False,,,,,,,,,,,,,,,
tune,letter,3,power,1.0,32,0.037691794529686455,0.03835890593729153,False,,,,,,,,,,,,,,,
tune,letter,3,power,1.0,64,0.037358238825883926,0.037358238825883926,False,,,,,,,,,,,,,,,
tune,letter,3,power,1.0,128,0.037358238825883926,0.037358238825883926,False,,,,,,,,,,,,,,,
tune,letter,3,power,1.5,0.5,0.14142761841227486,0.13875917278185457,False,,,,,,,,,,,,,,,
tune,letter,3,power,1.5,1,0.20313542361574383,0.19646430953969313,False,,,,,,,,,,,,,,,
tune,letter,3,power,1.5,2,0.28218812541694466,0.2848565710473649,False,,,,,,,,,,,,,,,
tune,letter,3,power,1.5,4,0.22314876584389592,0.2274849899933289,False,,,,,,,,,,,,,,,
tune,letter,3,power,1.5,8,0.1504336224149433,0.14976651100733823,False,,,,,,,,,,,,,,,
tune,letter,3,power,1.5,16,0.04336224149432955,0.04869913275517011,False,,,,,,,,,,,,,,,
tune,letter,3,power,1.5,32,0.037358238825883926,0.037358238825883926,False,,,,,,,,,,,,,,,
tune,letter,3,power,1.5,64,0.041027351567711805,0.04469646430953969,False,,,,,,,,,,,,,,,
tune,letter,3,power,1.5,128,0.037358238825883926,0.037358238825883926,False,,,,,,,,,,,,,,,
best,letter,3,gradient descent,,64,0.8705803869246164,0.8702468312208139,False,0,,,,,,,,,,,,,,
best,letter,3,power,-0.2,64,0.8795863909272849,0.8742494996664443,False,0,,,,,,,,,,,,,,
seed,letter,3,power,-0.2,64,0.8712474983322215,0.8659106070713809,False,,100,,,,,,,,,,,,,
seed,letter,3,gradient descent,,64,0.872248165443629,0.8702468312208139,False,,100,,,,,,,,,,,,,
seed,letter,3,power,-0.2,64,0.8805870580386924,0.875250166777852,False,,101,,,,,,,,,,,,,
seed,letter,3,gradient descent,,64,0.8682454969979987,0.8705803869246164,False,,101,,,,,,,,,,,,,
seed,letter,3,power,-0.2,64,0.8795863909272849,0.871581054036024,False,,102,,,,,,,,,,,,,
seed,letter,3,gradient descent,,64,0.8805870580386924,0.8742494996664443,False,,102,,,,,,,,,,,,,
seed,letter,3,power,-0.2,64,0.8772515010006671,0.8699132755170114,False,,103,,,,,,,,,,,,,
seed,letter,3,gradient descent,,64,0.8799199466310874,0.8745830553702468,False,,103,,,,,,,,,,,,,
seed,letter,3,power,-0.2,64,0.8745830553702468,0.8639092728485657,False,,104,,,,,,,,,,,,,
seed,letter,3,gradient descent,,64,0.8705803869246164,0.8639092728485657,False,,104,,,,,,,,,,,,,
seed,letter,3,power,-0.2,64,0.8705803869246164,0.8642428285523682,False,,105,,,,,,,,,,,,,
seed,letter,3,gradient descent,,64,0.8612408272181454,0.8555703802535023,False,,105,,,,,,,,,,,,,
seed,letter,3,power,-0.2,64,0.8795863909272849,0.875250166777852,False,,106,,,,,,,,,,,,,
seed,letter,3,gradient descent,,64,0.8692461641094062,0.8732488325550367,False,,106,,,,,,,,,,,,,
seed,letter,3,power,-0.2,64,0.8892595063375583,0.8789192795196797,False,,107,,,,,,,,,,,,,
seed,letter,3,gradient descent,,64,0.880920613742495,0.867244829886591,False,,107,,,,,,,,,,,,,
split_summary,letter,3,,,,,,,,,0.8,64,64,0.19179452968645927,0.21364961670476595,8,4,1,,,,,
tune,letter,4,gradient descent,,0.5,0.4226150767178119,0.42595063375583725,False,,,,,,,,,,,,,,,
tune,letter,4,gradient descent,,1,0.6034022681787858,0.6017344896597732,False,,,,,,,,,,,,,,,
tune,letter,4,gradient descent,,2,0.7141427618412275,0.705136757838559,False,,,,,,,,,,,,,,,
tune,letter,4,gradient descent,,4,0.7688458972648432,0.757505003335557,False,,,,,,,,,,,,,,,
tune,letter,4,gradient descent,,8,0.814209472981988,0.8098732488325551,False,,,,,,,,,,,,,,,
tune,letter,4,gradient descent,,16,0.8462308205470314,0.8405603735823882,False,,,,,,,,,,,,,,,
tune,letter,4,gradient descent,,32,0.8682454969979987,0.8639092728485657,False,,,,,,,,,,,,,,,
tune,letter,4,gradient descent,,64,0.8805870580386924,0.8739159439626417,False,,,,,,,,,,,,,,,
tune,letter,4,gradient descent,,128,0.28819212808539024,0.2871914609739827,False,,,,,,,,,,,,,,,
tune,letter,4,power,-1.5,0.5,0.7798532354903269,0.7748498999332889,False,,,,,,,,,,,,,,,
tune,letter,4,power,-1.5,1,0.7254836557705137,0.7228152101400934,False,,,,,,,,,,,,,,,
tune,letter,4,power,-1.5,2,0.6080720480320213,0.5960640426951301,False,,,,,,,,,,,,,,,
tune,letter,4,power,-1.5,4,0.447631754503002,0.4492995330220147,False,,,,,,,,,,,,,,,
tune,letter,4,power,-1.5,8,0.44629753168779185,0.4549699799866578,False,,,,,,,,,,,,,,,
tune,letter,4,power,-1.5,16,0.2771847898599066,0.2578385590393596,False,,,,,,,,,,,,,,,
tune,letter,4,power,-1.5,32,0.05770513675783856,0.06104069379586391,False,,,,,,,,,,,,,,,
tune,letter,4,power,-1.5,64,0.0857238158772515,0.08905937291527685,False,,,,,,,,,,,,,,,
tune,letter,4,power,-1.5,128,0.027018012008005337,0.03268845897264843,False,,,,,,,,,,,,,,,
tune,letter,4,power,-1.0,0.5,0.8008672448298866,0.790527018012008,False,,,,,,,,,,,,,,,
tune,letter,4,power,-1.0,1,0.824216144096064,0.8148765843895931,False,,,,,,,,,,,,,,,
tune,letter,4,power,-1.0,2,0.8245496997998666,0.8102068045363575,False,,,,,,,,,,,,,,,
tune,letter,4,power,-1.0,4,0.8165443629086058,0.8075383589059373,False,,,,,,,,,,,,,,,
tune,letter,4,power,-1.0,8,0.7885256837891927,0.7741827885256838,False,,,,,,,,,,,,,,,
tune,letter,4,power,-1.0,16,0.7431621080720481,0.7204803202134756,False,,,,,,,,,,,,,,,
tune,letter,4,power,-1.0,32,0.6044029352901935,0.5900600400266844,False,,,,,,,,,,,,,,,
tune,letter,4,power,-1.0,64,0.3705803869246164,0.3482321547698466,False,,,,,,,,,,,,,,,
tune,letter,4,power,-1.0,128,0.26050700466977983,0.26050700466977983,False,,,,,,,,,,,,,,,
tune,letter,4,power,-0.8,0.5,0.7695130086724483,0.7548365577051368,False,,,,,,,,,,,,,,,
tune,letter,4,power,-0.8,1,0.8088725817211474,0.7988659106070714,False,,,,,,,,,,,,,,,
tune,letter,4,power,-0.8,2,0.8315543695797198,0.8215476984656438,False,,,,,,,,,,,,,,,
tune,letter,4,power,-0.8,4,0.8338892595063375,0.8208805870580387,False,,,,,,,,,,,,,,,
tune,letter,4,power,-0.8,8,0.8258839226150767,0.8098732488325551,False,,,,,,,,,,,,,,,
tune,letter,4,power,-0.8,16,0.790527018012008,0.784856571047365,False,,,,,,,,,,,,,,,
tune,letter,4,power,-0.8,32,0.7925283522348232,0.7748498999332889,False,,,,,,,,,,,,,,,
tune,letter,4,power,-0.8,64,0.7258172114743162,0.7111407605070047,False,,,,,,,,,,,,,,,
tune,letter,4,power,-0.8,128,0.6084056037358239,0.6067378252168112,False,,,,,,,,,,,,,,,
tune,letter,4,power,-0.6,0.5,0.7114743162108073,0.7008005336891261,False,,,,,,,,,,,,,,,
tune,letter,4,power,-0.6,1,0.781854569713142,0.7745163442294863,False,,,,,,,,,,,,,,,
tune,letter,4,power,-0.6,2,0.8245496997998666,0.8155436957971981,False,,,,,,,,,,,,,,,
tune,letter,4,power,-0.6,4,0.8415610406937959,0.8345563709139426,False,,,,,,,,,,,,,,,
tune,letter,4,power,-0.6,8,0.8502334889926618,0.8388925950633755,False,,,,,,,,,,,,,,,
tune,letter,4,power,-0.6,16,0.8438959306204136,0.8412274849899933,False,,,,,,,,,,,,,,,
tune,letter,4,power,-0.6,32,0.8342228152101401,0.8232154769846565,False,,,,,,,,,,,,,,,
tune,letter,4,power,-0.6,64,0.8255503669112741,0.8178785857238159,False,,,,,,,,,,,,,,,
tune,letter,4,power,-0.6,128,0.7651767845230153,0.7488325550366911,False,,,,,,,,,,,,,,,
tune,letter,4,power,-0.4,0.5,0.6124082721814543,0.6077384923282189,False,,,,,,,,,,,,,,,
tune,letter,4,power,-0.4,1,0.7384923282188125,0.7254836557705137,False,,,,,,,,,,,,,,,
tune,letter,4,power,-0.4,2,0.7885256837891927,0.7875250166777852,False,,,,,,,,,,,,,,,
tune,letter,4,power,-0.4,4,0.8365577051367579,0.8302201467645097,False,,,,,,,,,,,,,,,
tune,letter,4,power,-0.4,8,0.861574382921948,0.8559039359573049,False,,,,,,,,,,,,,,,
tune,letter,4,power,-0.4,16,0.8735823882588393,0.8605737158105403,False,,,,,,,,,,,,,,,
tune,letter,4,power,-0.4,32,0.875250166777852,0.8682454969979987,False,,,,,,,,,,,,,,,
tune,letter,4,power,-0.4,64,0.8659106070713809,0.8552368245496998,False,,,,,,,,,,,,,,,
tune,letter,4,power,-0.4,128,0.7995330220146765,0.7928619079386258,False,,,,,,,,,,,,,,,
tune,letter,4,power,-0.2,0.5,0.5080053368912608,0.5086724482988659,False,,,,,,,,,,,,,,,
tune,letter,4,power,-0.2,1,0.6731154102735156,0.6694462975316878,False,,,,,,,,,,,,,,,
tune,letter,4,power,-0.2,2,0.7571714476317545,0.7478318879252835,False,,,,,,,,,,,,,,,
tune,letter,4,power,-0.2,4,0.805537024683122,0.8045363575717145,False,,,,,,,,,,,,,,,
tune,letter,4,power,-0.2,8,0.8465643762508339,0.8402268178785858,False,,,,,,,,,,,,,,,
tune,letter,4,power,-0.2,16,0.8682454969979987,0.8655770513675783,False,,,,,,,,,,,,,,,
tune,letter,4,power,-0.2,32,0.8869246164109407,0.8779186124082722,False,,,,,,,,,,,,,,,
tune,letter,4,power,-0.2,64,0.8719146097398266,0.8652434956637759,False,,,,,,,,,,,,,,,
tune,letter,4,power,-0.2,128,0.6791194129419613,0.6744496330887259,False,,,,,,,,,,,,,,,
tune,letter,4,power,0.2,0.5,0.3382254836557705,0.35557038025350235,False,,,,,,,,,,,,,,,
tune,letter,4,power,0.2,1,0.5230153435623749,0.5230153435623749,False,,,,,,,,,,,,,,,
tune,letter,4,power,0.2,2,0.6494329553035357,0.64342895263509,False,,,,,,,,,,,,,,,
tune,letter,4,power,0.2,4,0.733822548365577,0.7228152101400934,False,,,,,,,,,,,,,,,
tune,letter,4,power,0.2,8,0.7721814543028686,0.7625083388925951,False,,,,,,,,,,,,,,,
tune,letter,4,power,0.2,16,0.813542361574383,0.8108739159439626,False,,,,,,,,,,,,,,,
tune,letter,4,power,0.2,32,0.8465643762508339,0.8345563709139426,False,,,,,,,,,,,,,,,
tune,letter,4,power,0.2,64,0.7254836557705137,0.7121414276184123,False,,,,,,,,,,,,,,,
tune,letter,4,power,0.2,128,0.11174116077384923,0.10973982655103402,False,,,,,,,,,,,,,,,
tune,letter,4,power,0.5,0.5,0.23782521681120747,0.23182121414276183,False,,,,,,,,,,,,,,,
tune,letter,4,power,0.5,1,0.4079386257505003,0.414609739826551,False,,,,,,,,,,,,,,,
tune,letter,4,power,0.5,2,0.576050700466978,0.5693795863909273,False,,,,,,,,,,,,,,,
tune,letter,4,power,0.5,4,0.6527685123415611,0.6497665110073382,False,,,,,,,,,,,,,,,
tune,letter,4,power,0.5,8,0.7271514342895263,0.7194796531020681,False,,,,,,,,,,,,,,,
tune,letter,4,power,0.5,16,0.7705136757838559,0.7521681120747165,False,,,,,,,,,,,,,,,
tune,letter,4,power,0.5,32,0.7111407605070047,0.6937958639092728,False,,,,,,,,,,,,,,,
tune,letter,4,power,0.5,64,0.14109406270847233,0.14076050700466977,False,,,,,,,,,,,,,,,
tune,letter,4,power,0.5,128,0.050700466977985324,0.0513675783855904,False,,,,,,,,,,,,,,,
tune,letter,4,power,1.0,0.5,0.2161440960640427,0.22615076717811874,False,,,,,,,,,,,,,,,
tune,letter,4,power,1.0,1,0.2831887925283522,0.29186124082721815,False,,,,,,,,,,,,,,,
tune,letter,4,power,1.0,2,0.41827885256837893,0.4199466310873916,False,,,,,,,,,,,,,,,
tune,letter,4,power,1.0,4,0.48899266177451634,0.4866577718478986,False,,,,,,,,,,,,,,,
tune,letter,4,power,1.0,8,0.5460306871247498,0.5413609072715143,False,,,,,,,,,,,,,,,
tune,letter,4,power,1.0,16,0.35857238158772514,0.3659106070713809,False,,,,,,,,,,,,,,,
tune,letter,4,power,1.0,32,0.0390260173448966,0.037691794529686455,False,,,,,,,,,,,,,,,
tune,letter,4,power,1.0,64,0.037358238825883926,0.037358238825883926,False,,,,,,,,,,,,,,,
tune,letter,4,power,1.0,128,0.037358238825883926,0.037358238825883926,False,,,,,,,,,,,,,,,
tune,letter,4,power,1.5,0.5,0.13942628418945963,0.1447631754503002,False,,,,,,,,,,,,,,,
tune,letter,4,power,1.5,1,0.16977985323549033,0.18645763842561708,False,,,,,,,,,,,,,,,
tune,letter,4,power,1.5,2,0.2791861240827218,0.2925283522348232,False,,,,,,,,,,,,,,,
tune,letter,4,power,1.5,4,0.07838559039359573,0.0867244829886591,False,,,,,,,,,,,,,,,
tune,letter,4,power,1.5,8,0.11874583055370247,0.12308205470313542,False,,,,,,,,,,,,,,,
tune,letter,4,power,1.5,16,0.037358238825883926,0.037358238825883926,False,,,,,,,,,,,,,,,
tune,letter,4,power,1.5,32,0.037358238825883926,0.037358238825883926,False,,,,,,,,,,,,,,,
tune,letter,4,power,1.5,64,0.037358238825883926,0.037358238825883926,False,,,,,,,,,,,,,,,
tune,letter,4,power,1.5,128,0.037358238825883926,0.037358238825883926,False,,,,,,,,,,,,,,,
best,letter,4,gradient descent,,64,0.8805870580386924,0.8739159439626417,False,0,,,,,,,,,,,,,,
best,letter,4,power,-0.2,32,0.8869246164109407,0.8779186124082722,False,0,,,,,,,,,,,,,,
seed,letter,4,power,-0.2,32,0.8735823882588393,0.8679119412941961,False,,100,,,,,,,,,,,,,
seed,letter,4,gradient descent,,64,0.8945963975983989,0.8799199466310874,False,,100,,,,,,,,,,,,,
seed,letter,4,power,-0.2,32,0.8825883922615076,0.875917278185457,False,,101,,,,,,,,,,,,,
seed,letter,4,gradient descent,,64,0.8792528352234823,0.8805870580386924,False,,101,,,,,,,,,,,,,
seed,letter,4,power,-0.2,32,0.8785857238158773,0.88025350233489,False,,102,,,,,,,,,,,,,
seed,letter,4,gradient descent,,64,0.8935957304869914,0.885256837891928,False,,102,,,,,,,,,,,,,
seed,letter,4,power,-0.2,32,0.8765843895930621,0.8749166110740494,False,,103,,,,,,,,,,,,,
seed,letter,4,gradient descent,,64,0.8899266177451635,0.8845897264843229,False,,103,,,,,,,,,,,,,
seed,letter,4,power,-0.2,32,0.861574382921948,0.8605737158105403,False,,104,,,,,,,,,,,,,
seed,letter,4,gradient descent,,64,0.8915943962641761,0.8825883922615076,False,,104,,,,,,,,,,,,,
seed,letter,4,power,-0.2,32,0.8812541694462975,0.875250166777852,False,,105,,,,,,,,,,,,,
seed,letter,4,gradient descent,,64,0.8702468312208139,0.8679119412941961,False,,105,,,,,,,,,,,,,
seed,letter,4,power,-0.2,32,0.8549032688458973,0.8539026017344896,False,,106,,,,,,,,,,,,,
seed,letter,4,gradient descent,,64,0.8819212808539026,0.880920613742495,False,,106,,,,,,,,,,,,,
seed,letter,4,power,-0.2,32,0.8779186124082722,0.8799199466310874,False,,107,,,,,,,,,,,,,
seed,letter,4,gradient descent,,64,0.8799199466310874,0.8765843895930621,False,,107,,,,,,,,,,,,,
split_summary,letter,4,,,,,,,,,0.8,32,64,-0.8714142761841224,0.4133283323918165,8,2,0,,,,,
tune,letter,5,gradient descent,,0.5,0.41861240827218144,0.4256170780520347,False,,,,,,,,,,,,,,,
tune,letter,5,gradient descent,,1,0.590393595730487,0.5993995997331555,False,,,,,,,,,,,,,,,
tune,letter,5,gradient descent,,2,0.7064709806537692,0.6991327551701134,False,,,,,,,,,,,,,,,
tune,letter,5,gradient descent,,4,0.7681787858572382,0.7588392261507672,False,,,,,,,,,,,,,,,
tune,letter,5,gradient descent,,8,0.80920613742495,0.8025350233488993,False,,,,,,,,,,,,,,,
tune,letter,5,gradient descent,,16,0.8442294863242161,0.8348899266177452,False,,,,,,,,,,,,,,,
tune,letter,5,gradient descent,,32,0.867244829886591,0.85657104736491,False,,,,,,,,,,,,,,,
tune,letter,5,gradient descent,,64,0.8795863909272849,0.8719146097398266,False,,,,,,,,,,,,,,,
tune,letter,5,gradient descent,,128,0.25183455637091395,0.2505003335557038,False,,,,,,,,,,,,,,,
tune,letter,5,power,-1.5,0.5,0.76184122748499,0.766177451634423,False,,,,,,,,,,,,,,,
tune,letter,5,power,-1.5,1,0.7138092061374249,0.6914609739826552,False,,,,,,,,,,,,,,,
tune,letter,5,power,-1.5,2,0.6027351567711808,0.6070713809206137,False,,,,,,,,,,,,,,,
tune,letter,5,power,-1.5,4,0.4963308872581721,0.4853235490326885,False,,,,,,,,,,,,,,,
tune,letter,5,power,-1.5,8,0.347231487658439,0.35290193462308206,False,,,,,,,,,,,,,,,
tune,letter,5,power,-1.5,16,0.20246831220813877,0.1961307538358906,False,,,,,,,,,,,,,,,
tune,letter,5,power,-1.5,32,0.06504336224149433,0.06070713809206137,False,,,,,,,,,,,,,,,
tune,letter,5,power,-1.5,64,0.04236157438292195,0.04169446297531688,False,,,,,,,,,,,,,,,
tune,letter,5,power,-1.5,128,0.023015343562374918,0.025350233488992662,False,,,,,,,,,,,,,,,
tune,letter,5,power,-1.0,0.5,0.7838559039359573,0.78552368245497,False,,,,,,,,,,,,,,,
tune,letter,5,power,-1.0,1,0.8042028018679119,0.799866577718479,False,,,,,,,,,,,,,,,
tune,letter,5,power,-1.0,2,0.8105403602401601,0.8038692461641094,False,,,,,,,,,,,,,,,
tune,letter,5,power,-1.0,4,0.7988659106070714,0.7925283522348232,False,,,,,,,,,,,,,,,
tune,letter,5,power,-1.0,8,0.7778519012675117,0.7731821214142762,False,,,,,,,,,,,,,,,
tune,letter,5,power,-1.0,16,0.7368245496997998,0.7251501000667111,False,,,,,,,,,,,,,,,
tune,letter,5,power,-1.0,32,0.6410940627084724,0.6340893929286191,False,,,,,,,,,,,,,,,
tune,letter,5,power,-1.0,64,0.3532354903268846,0.3325550366911274,False,,,,,,,,,,,,,,,
tune,letter,5,power,-1.0,128,0.17244829886591062,0.1761174116077385,False,,,,,,,,,,,,,,,
tune,letter,5,power,-0.8,0.5,0.7605070046697798,0.7501667778519012,False,,,,,,,,,,,,,,,
tune,letter,5,power,-0.8,1,0.7865243495663776,0.7888592394929953,False,,,,,,,,,,,,,,,
tune,letter,5,power,-0.8,2,0.8182121414276184,0.8145430286857905,False,,,,,,,,,,,,,,,
tune,letter,5,power,-0.8,4,0.8278852568378919,0.8168779186124083,False,,,,,,,,,,,,,,,
tune,letter,5,power,-0.8,8,0.8205470313542361,0.8165443629086058,False,,,,,,,,,,,,,,,
tune,letter,5,power,-0.8,16,0.7978652434956638,0.7931954636424283,False,,,,,,,,,,,,,,,
tune,letter,5,power,-0.8,32,0.7651767845230153,0.7651767845230153,False,,,,,,,,,,,,,,,
tune,letter,5,power,-0.8,64,0.709472981987992,0.6927951967978653,False,,,,,,,,,,,,,,,
tune,letter,5,power,-0.8,128,0.5066711140760507,0.49533022014676453,False,,,,,,,,,,,,,,,
tune,letter,5,power,-0.6,0.5,0.7004669779853235,0.695130086724483,False,,,,,,,,,,,,,,,
tune,letter,5,power,-0.6,1,0.7735156771180787,0.7611741160773849,False,,,,,,,,,,,,,,,
tune,letter,5,power,-0.6,2,0.814209472981988,0.8052034689793195,False,,,,,,,,,,,,,,,
tune,letter,5,power,-0.6,4,0.8368912608405604,0.8308872581721147,False,,,,,,,,,,,,,,,
tune,letter,5,power,-0.6,8,0.8425617078052035,0.8402268178785858,False,,,,,,,,,,,,,,,
tune,letter,5,power,-0.6,16,0.842895263509006,0.8335557038025351,False,,,,,,,,,,,,,,,
tune,letter,5,power,-0.6,32,0.8218812541694464,0.8158772515010007,False,,,,,,,,,,,,,,,
tune,letter,5,power,-0.6,64,0.819212808539026,0.8098732488325551,False,,,,,,,,,,,,,,,
tune,letter,5,power,-0.6,128,0.76184122748499,0.7568378919279519,False,,,,,,,,,,,,,,,
tune,letter,5,power,-0.4,0.5,0.6044029352901935,0.6110740493662442,False,,,,,,,,,,,,,,,
tune,letter,5,power,-0.4,1,0.733155436957972,0.7258172114743162,False,,,,,,,,,,,,,,,
tune,letter,5,power,-0.4,2,0.7835223482321547,0.7751834556370913,False,,,,,,,,,,,,,,,
tune,letter,5,power,-0.4,4,0.83288859239493,0.8298865910607072,False,,,,,,,,,,,,,,,
tune,letter,5,power,-0.4,8,0.8582388258839226,0.8525683789192795,False,,,,,,,,,,,,,,,
tune,letter,5,power,-0.4,16,0.8635757171447632,0.857238158772515,False,,,,,,,,,,,,,,,
tune,letter,5,power,-0.4,32,0.8709139426284189,0.8642428285523682,False,,,,,,,,,,,,,,,
tune,letter,5,power,-0.4,64,0.8589059372915276,0.8509006004002668,False,,,,,,,,,,,,,,,
tune,letter,5,power,-0.4,128,0.771180787191461,0.7585056704469646,False,,,,,,,,,,,,,,,
tune,letter,5,power,-0.2,0.5,0.4969979986657772,0.5076717811874583,False,,,,,,,,,,,,,,,
tune,letter,5,power,-0.2,1,0.6701134089392928,0.6617745163442295,False,,,,,,,,,,,,,,,
tune,letter,5,power,-0.2,2,0.7521681120747165,0.7471647765176784,False,,,,,,,,,,,,,,,
tune,letter,5,power,-0.2,4,0.8082054703135424,0.8012008005336891,False,,,,,,,,,,,,,,,
tune,letter,5,power,-0.2,8,0.837891927951968,0.8375583722481654,False,,,,,,,,,,,,,,,
tune,letter,5,power,-0.2,16,0.8655770513675783,0.8602401601067379,False,,,,,,,,,,,,,,,
tune,letter,5,power,-0.2,32,0.8785857238158773,0.872248165443629,False,,,,,,,,,,,,,,,
tune,letter,5,power,-0.2,64,0.8775850567044696,0.8602401601067379,False,,,,,,,,,,,,,,,
tune,letter,5,power,-0.2,128,0.6901267511674449,0.6737825216811207,False,,,,,,,,,,,,,,,
tune,letter,5,power,0.2,0.5,0.34489659773182124,0.3455637091394263,False,,,,,,,,,,,,,,,
tune,letter,5,power,0.2,1,0.5156771180787192,0.5253502334889927,False,,,,,,,,,,,,,,,
tune,letter,5,power,0.2,2,0.64342895263509,0.6430953969312875,False,,,,,,,,,,,,,,,
tune,letter,5,power,0.2,4,0.7284856571047365,0.7284856571047365,False,,,,,,,,,,,,,,,
tune,letter,5,power,0.2,8,0.771847898599066,0.7665110073382255,False,,,,,,,,,,,,,,,
tune,letter,5,power,0.2,16,0.8095396931287525,0.8045363575717145,False,,,,,,,,,,,,,,,
tune,letter,5,power,0.2,32,0.8432288192128086,0.8365577051367579,False,,,,,,,,,,,,,,,
tune,letter,5,power,0.2,64,0.7565043362241495,0.747498332221481,False,,,,,,,,,,,,,,,
tune,letter,5,power,0.2,128,0.1114076050700467,0.1124082721814543,False,,,,,,,,,,,,,,,
tune,letter,5,power,0.5,0.5,0.23549032688458973,0.22781854569713142,False,,,,,,,,,,,,,,,
tune,letter,5,power,0.5,1,0.4019346230820547,0.40527018012008004,False,,,,,,,,,,,,,,,
tune,letter,5,power,0.5,2,0.5610406937958639,0.5677118078719147,False,,,,,,,,,,,,,,,
tune,letter,5,power,0.5,4,0.6494329553035357,0.6490993995997332,False,,,,,,,,,,,,,,,
tune,letter,5,power,0.5,8,0.7204803202134756,0.7194796531020681,False,,,,,,,,,,,,,,,
tune,letter,5,power,0.5,16,0.757505003335557,0.752501667778519,False,,,,,,,,,,,,,,,
tune,letter,5,power,0.5,32,0.6947965310206805,0.6914609739826552,False,,,,,,,,,,,,,,,
tune,letter,5,power,0.5,64,0.209472981987992,0.21280853902601735,False,,,,,,,,,,,,,,,
tune,letter,5,power,0.5,128,0.038692461641094064,0.037691794529686455,False,,,,,,,,,,,,,,,
tune,letter,5,power,1.0,0.5,0.22548365577051369,0.22348232154769845,False,,,,,,,,,,,,,,,
tune,letter,5,power,1.0,1,0.314209472981988,0.31487658438959304,False,,,,,,,,,,,,,,,
tune,letter,5,power,1.0,2,0.4292861907938626,0.4212808539026017,False,,,,,,,,,,,,,,,
tune,letter,5,power,1.0,4,0.494996664442962,0.4896597731821214,False,,,,,,,,,,,,,,,
tune,letter,5,power,1.0,8,0.5053368912608406,0.49299533022014674,False,,,,,,,,,,,,,,,
tune,letter,5,power,1.0,16,0.29086057371581053,0.29452968645763844,False,,,,,,,,,,,,,,,
tune,letter,5,power,1.0,32,0.06637758505670446,0.06537691794529686,False,,,,,,,,,,,,,,,
tune,letter,5,power,1.0,64,0.037358238825883926,0.037358238825883926,False,,,,,,,,,,,,,,,
tune,letter,5,power,1.0,128,0.037358238825883926,0.037358238825883926,False,,,,,,,,,,,,,,,
tune,letter,5,power,1.5,0.5,0.13108739159439625,0.12675116744496331,False,,,,,,,,,,,,,,,
tune,letter,5,power,1.5,1,0.1954636424282855,0.20180120080053368,False,,,,,,,,,,,,,,,
tune,letter,5,power,1.5,2,0.11607738492328219,0.12108072048032022,False,,,,,,,,,,,,,,,
tune,letter,5,power,1.5,4,0.1417611741160774,0.15310206804536358,False,,,,,,,,,,,,,,,
tune,letter,5,power,1.5,8,0.13008672448298866,0.1257505003335557,False,,,,,,,,,,,,,,,
tune,letter,5,power,1.5,16,0.06737825216811208,0.06504336224149433,False,,,,,,,,,,,,,,,
tune,letter,5,power,1.5,32,0.037358238825883926,0.037358238825883926,False,,,,,,,,,,,,,,,
tune,letter,5,power,1.5,64,0.037358238825883926,0.037358238825883926,False,,,,,,,,,,,,,,,
tune,letter,5,power,1.5,128,0.037358238825883926,0.037358238825883926,False,,,,,,,,,,,,,,,
best,letter,5,gradient descent,,64,0.8795863909272849,0.8719146097398266,False,0,,,,,,,,,,,,,,
best,letter,5,power,-0.2,32,0.8785857238158773,0.872248165443629,False,0,,,,,,,,,,,,,,
seed,letter,5,power,-0.2,32,0.871581054036024,0.8702468312208139,False,,100,,,,,,,,,,,,,
seed,letter,5,gradient descent,,64,0.88025350233489,0.8745830553702468,False,,100,,,,,,,,,,,,,
seed,letter,5,power,-0.2,32,0.8712474983322215,0.8675783855903936,False,,101,,,,,,,,,,,,,
seed,letter,5,gradient descent,,64,0.8735823882588393,0.8659106070713809,False,,101,,,,,,,,,,,,,
seed,letter,5,power,-0.2,32,0.8795863909272849,0.8662441627751835,False,,102,,,,,,,,,,,,,
seed,letter,5,gradient descent,,64,0.8782521681120747,0.8669112741827886,False,,102,,,,,,,,,,,,,
seed,letter,5,power,-0.2,32,0.8822548365577051,0.8822548365577051,False,,103,,,,,,,,,,,,,
seed,letter,5,gradient descent,,64,0.8782521681120747,0.8725817211474316,False,,103,,,,,,,,,,,,,
seed,letter,5,power,-0.2,32,0.8742494996664443,0.866577718478986,False,,104,,,,,,,,,,,,,
seed,letter,5,gradient descent,,64,0.8762508338892595,0.8739159439626417,False,,104,,,,,,,,,,,,,
seed,letter,5,power,-0.2,32,0.8812541694462975,0.8835890593729153,False,,105,,,,,,,,,,,,,
seed,letter,5,gradient descent,,64,0.8782521681120747,0.8685790527018012,False,,105,,,,,,,,,,,,,
seed,letter,5,power,-0.2,32,0.867244829886591,0.8619079386257505,False,,106,,,,,,,,,,,,,
seed,letter,5,gradient descent,,64,0.8875917278185457,0.8772515010006671,False,,106,,,,,,,,,,,,,
seed,letter,5,power,-0.2,32,0.8645763842561708,0.867244829886591,False,,107,,,,,,,,,,,,,
seed,letter,5,gradient descent,,64,0.8805870580386924,0.8822548365577051,False,,107,,,,,,,,,,,,,
split_summary,letter,5,,,,,,,,,0.8,32,64,-0.204302868579051,0.3831453134631716,8,3,0,,,,,
tune,letter,6,gradient descent,,0.5,0.4149432955303536,0.4209472981987992,False,,,,,,,,,,,,,,,
tune,letter,6,gradient descent,,1,0.5897264843228819,0.5920613742494997,False,,,,,,,,,,,,,,,
tune,letter,6,gradient descent,,2,0.7111407605070047,0.7118078719146097,False,,,,,,,,,,,,,,,
tune,letter,6,gradient descent,,4,0.7588392261507672,0.7651767845230153,False,,,,,,,,,,,,,,,
tune,letter,6,gradient descent,,8,0.8065376917945297,0.8088725817211474,False,,,,,,,,,,,,,,,
tune,letter,6,gradient descent,,16,0.8392261507671781,0.8325550366911274,False,,,,,,,,,,,,,,,
tune,letter,6,gradient descent,,32,0.8585723815877252,0.8559039359573049,False,,,,,,,,,,,,,,,
tune,letter,6,gradient descent,,64,0.8782521681120747,0.8659106070713809,False,,,,,,,,,,,,,,,
tune,letter,6,gradient descent,,128,0.34256170780520345,0.33955970647098066,False,,,,,,,,,,,,,,,
tune,letter,6,power,-1.5,0.5,0.757505003335557,0.7561707805203469,False,,,,,,,,,,,,,,,
tune,letter,6,power,-1.5,1,0.733155436957972,0.7301534356237491,False,,,,,,,,,,,,,,,
tune,letter,6,power,-1.5,2,0.6074049366244163,0.6014009339559706,False,,,,,,,,,,,,,,,
tune,letter,6,power,-1.5,4,0.4409606404269513,0.4469646430953969,False,,,,,,,,,,,,,,,
tune,letter,6,power,-1.5,8,0.4466310873915944,0.4372915276851234,False,,,,,,,,,,,,,,,
tune,letter,6,power,-1.5,16,0.26651100733822547,0.2701801200800534,False,,,,,,,,,,,,,,,
tune,letter,6,power,-1.5,32,0.06971314209472981,0.07671781187458306,False,,,,,,,,,,,,,,,
tune,letter,6,power,-1.5,64,0.015010006671114077,0.012341561040693796,False,,,,,,,,,,,,,,,
tune,letter,6,power,-1.5,128,0.009006004002668445,0.01134089392928619,False,,,,,,,,,,,,,,,
tune,letter,6,power,-1.0,0.5,0.7888592394929953,0.781187458305537,False,,,,,,,,,,,,,,,
tune,letter,6,power,-1.0,1,0.8168779186124083,0.8098732488325551,False,,,,,,,,,,,,,,,
tune,letter,6,power,-1.0,2,0.824216144096064,0.8155436957971981,False,,,,,,,,,,,,,,,
tune,letter,6,power,-1.0,4,0.8028685790527018,0.7975316877918612,False,,,,,,,,,,,,,,,
tune,letter,6,power,-1.0,8,0.7915276851234156,0.7845230153435624,False,,,,,,,,,,,,,,,
tune,letter,6,power,-1.0,16,0.7191460973982655,0.7138092061374249,False,,,,,,,,,,,,,,,
tune,letter,6,power,-1.0,32,0.6094062708472315,0.6064042695130086,False,,,,,,,,,,,,,,,
tune,letter,6,power,-1.0,64,0.3655770513675784,0.37024683122081387,False,,,,,,,,,,,,,,,
tune,letter,6,power,-1.0,128,0.2571714476317545,0.252501667778519,False,,,,,,,,,,,,,,,
tune,letter,6,power,-0.8,0.5,0.7595063375583723,0.7531687791861241,False,,,,,,,,,,,,,,,
tune,letter,6,power,-0.8,1,0.805537024683122,0.7925283522348232,False,,,,,,,,,,,,,,,
tune,letter,6,power,-0.8,2,0.8288859239492995,0.8182121414276184,False,,,,,,,,,,,,,,,
tune,letter,6,power,-0.8,4,0.8238825883922615,0.8195463642428286,False,,,,,,,,,,,,,,,
tune,letter,6,power,-0.8,8,0.8118745830553702,0.8128752501667779,False,,,,,,,,,,,,,,,
tune,letter,6,power,-0.8,16,0.7938625750500333,0.800533689126084,False,,,,,,,,,,,,,,,
tune,letter,6,power,-0.8,32,0.7685123415610406,0.7705136757838559,False,,,,,,,,,,,,,,,
tune,letter,6,power,-0.8,64,0.710140093395597,0.6964643095396932,False,,,,,,,,,,,,,,,
tune,letter,6,power,-0.8,128,0.5543695797198132,0.5483655770513676,False,,,,,,,,,,,,,,,
tune,letter,6,power,-0.6,0.5,0.7074716477651768,0.7071380920613742,False,,,,,,,,,,,,,,,
tune,letter,6,power,-0.6,1,0.7715143428952635,0.7748498999332889,False,,,,,,,,,,,,,,,
tune,letter,6,power,-0.6,2,0.8195463642428286,0.8118745830553702,False,,,,,,,,,,,,,,,
tune,letter,6,power,-0.6,4,0.8352234823215477,0.8315543695797198,False,,,,,,,,,,,,,,,
tune,letter,6,power,-0.6,8,0.8442294863242161,0.8398932621747832,False,,,,,,,,,,,,,,,
tune,letter,6,power,-0.6,16,0.8368912608405604,0.8358905937291528,False,,,,,,,,,,,,,,,
tune,letter,6,power,-0.6,32,0.8345563709139426,0.823549032688459,False,,,,,,,,,,,,,,,
tune,letter,6,power,-0.6,64,0.819212808539026,0.8128752501667779,False,,,,,,,,,,,,,,,
tune,letter,6,power,-0.6,128,0.776184122748499,0.7648432288192129,False,,,,,,,,,,,,,,,
tune,letter,6,power,-0.4,0.5,0.5993995997331555,0.6030687124749833,False,,,,,,,,,,,,,,,
tune,letter,6,power,-0.4,1,0.7354903268845897,0.7428285523682455,False,,,,,,,,,,,,,,,
tune,letter,6,power,-0.4,2,0.7791861240827218,0.781854569713142,False,,,,,,,,,,,,,,,
tune,letter,6,power,-0.4,4,0.8225483655770514,0.8172114743162108,False,,,,,,,,,,,,,,,
tune,letter,6,power,-0.4,8,0.8438959306204136,0.8365577051367579,False,,,,,,,,,,,,,,,
tune,letter,6,power,-0.4,16,0.8559039359573049,0.8512341561040694,False,,,,,,,,,,,,,,,
tune,letter,6,power,-0.4,32,0.872248165443629,0.8619079386257505,False,,,,,,,,,,,,,,,
tune,letter,6,power,-0.4,64,0.8699132755170114,0.8719146097398266,False,,,,,,,,,,,,,,,
tune,letter,6,power,-0.4,128,0.8388925950633755,0.8282188125416945,False,,,,,,,,,,,,,,,
tune,letter,6,power,-0.2,0.5,0.5010006671114076,0.5056704469646431,False,,,,,,,,,,,,,,,
tune,letter,6,power,-0.2,1,0.6701134089392928,0.6751167444963309,False,,,,,,,,,,,,,,,
tune,letter,6,power,-0.2,2,0.7521681120747165,0.7591727818545697,False,,,,,,,,,,,,,,,
tune,letter,6,power,-0.2,4,0.7878585723815877,0.7918612408272181,False,,,,,,,,,,,,,,,
tune,letter,6,power,-0.2,8,0.8398932621747832,0.8402268178785858,False,,,,,,,,,,,,,,,
tune,letter,6,power,-0.2,16,0.8592394929953302,0.8585723815877252,False,,,,,,,,,,,,,,,
tune,letter,6,power,-0.2,32,0.8742494996664443,0.866577718478986,False,,,,,,,,,,,,,,,
tune,letter,6,power,-0.2,64,0.88025350233489,0.8789192795196797,False,,,,,,,,,,,,,,,
tune,letter,6,power,-0.2,128,0.5483655770513676,0.5440293529019347,False,,,,,,,,,,,,,,,
tune,letter,6,power,0.2,0.5,0.34122748498999333,0.3432288192128085,False,,,,,,,,,,,,,,,
tune,letter,6,power,0.2,1,0.5160106737825216,0.5203468979319547,False,,,,,,,,,,,,,,,
tune,letter,6,power,0.2,2,0.6470980653769179,0.6490993995997332,False,,,,,,,,,,,,,,,
tune,letter,6,power,0.2,4,0.7268178785857238,0.7351567711807871,False,,,,,,,,,,,,,,,
tune,letter,6,power,0.2,8,0.7681787858572382,0.7665110073382255,False,,,,,,,,,,,,,,,
tune,letter,6,power,0.2,16,0.8068712474983322,0.8108739159439626,False,,,,,,,,,,,,,,,
tune,letter,6,power,0.2,32,0.8388925950633755,0.8342228152101401,False,,,,,,,,,,,,,,,
tune,letter,6,power,0.2,64,0.7164776517678453,0.7214809873248833,False,,,,,,,,,,,,,,,
tune,letter,6,power,0.2,128,0.1134089392928619,0.1134089392928619,False,,,,,,,,,,,,,,,
tune,letter,6,power,0.5,0.5,0.2268178785857238,0.23549032688458973,False,,,,,,,,,,,,,,,
tune,letter,6,power,0.5,1,0.4016010673782522,0.4066044029352902,False,,,,,,,,,,,,,,,
tune,letter,6,power,0.5,2,0.5630420280186791,0.5627084723148766,False,,,,,,,,,,,,,,,
tune,letter,6,power,0.5,4,0.6574382921947965,0.6564376250833889,False,,,,,,,,,,,,,,,
tune,letter,6,power,0.5,8,0.7221480987324883,0.728819212808539,False,,,,,,,,,,,,,,,
tune,letter,6,power,0.5,16,0.7585056704469646,0.7635090060040026,False,,,,,,,,,,,,,,,
tune,letter,6,power,0.5,32,0.718145430286858,0.7198132088058706,False,,,,,,,,,,,,,,,
tune,letter,6,power,0.5,64,0.14142761841227486,0.14342895263509006,False,,,,,,,,,,,,,,,
tune,letter,6,power,0.5,128,0.037358238825883926,0.037358238825883926,False,,,,,,,,,,,,,,,
tune,letter,6,power,1.0,0.5,0.20713809206137426,0.20980653769179453,False,,,,,,,,,,,,,,,
tune,letter,6,power,1.0,1,0.2808539026017345,0.2765176784523015,False,,,,,,,,,,,,,,,
tune,letter,6,power,1.0,2,0.41927951967978655,0.4199466310873916,False,,,,,,,,,,,,,,,
tune,letter,6,power,1.0,4,0.5063375583722481,0.5146764509673115,False,,,,,,,,,,,,,,,
tune,letter,6,power,1.0,8,0.5230153435623749,0.5360240160106737,False,,,,,,,,,,,,,,,
tune,letter,6,power,1.0,16,0.3789192795196798,0.38992661774516346,False,,,,,,,,,,,,,,,
tune,letter,6,power,1.0,32,0.07071380920613743,0.07071380920613743,False,,,,,,,,,,,,,,,
tune,letter,6,power,1.0,64,0.037358238825883926,0.037358238825883926,False,,,,,,,,,,,,,,,
tune,letter,6,power,1.0,128,0.037358238825883926,0.037358238825883926,False,,,,,,,,,,,,,,,
tune,letter,6,power,1.5,0.5,0.17178118745830553,0.1637758505670447,False,,,,,,,,,,,,,,,
tune,letter,6,power,1.5,1,0.18245496997998667,0.1821214142761841,False,,,,,,,,,,,,,,,
tune,letter,6,power,1.5,2,0.2675116744496331,0.2801867911941294,False,,,,,,,,,,,,,,,
tune,letter,6,power,1.5,4,0.22548365577051369,0.23115410273515677,False,,,,,,,,,,,,,,,
tune,letter,6,power,1.5,8,0.07871914609739826,0.0790527018012008,False,,,,,,,,,,,,,,,
tune,letter,6,power,1.5,16,0.06004002668445631,0.05703802535023349,False,,,,,,,,,,,,,,,
tune,letter,6,power,1.5,32,0.037358238825883926,0.037358238825883926,False,,,,,,,,,,,,,,,
tune,letter,6,power,1.5,64,0.037358238825883926,0.037358238825883926,False,,,,,,,,,,,,,,,
tune,letter,6,power,1.5,128,0.037358238825883926,0.037358238825883926,False,,,,,,,,,,,,,,,
best,letter,6,gradient descent,,64,0.8782521681120747,0.8659106070713809,False,0,,,,,,,,,,,,,,
best,letter,6,power,-0.2,64,0.88025350233489,0.8789192795196797,False,0,,,,,,,,,,,,,,
seed,letter,6,power,-0.2,64,0.857238158772515,0.8522348232154769,False,,100,,,,,,,,,,,,,
seed,letter,6,gradient descent,,64,0.8735823882588393,0.8719146097398266,False,,100,,,,,,,,,,,,,
seed,letter,6,power,-0.2,64,0.875917278185457,0.8729152768512342,False,,101,,,,,,,,,,,,,
seed,letter,6,gradient descent,,64,0.8692461641094062,0.8605737158105403,False,,101,,,,,,,,,,,,,
seed,letter,6,power,-0.2,64,0.885923949299533,0.8725817211474316,False,,102,,,,,,,,,,,,,
seed,letter,6,gradient descent,,64,0.8749166110740494,0.8725817211474316,False,,102,,,,,,,,,,,,,
seed,letter,6,power,-0.2,64,0.8812541694462975,0.8702468312208139,False,,103,,,,,,,,,,,,,
seed,letter,6,gradient descent,,64,0.8812541694462975,0.8785857238158773,False,,103,,,,,,,,,,,,,
seed,letter,6,power,-0.2,64,0.8832555036691128,0.871581054036024,False,,104,,,,,,,,,,,,,
seed,letter,6,gradient descent,,64,0.8825883922615076,0.8755837224816544,False,,104,,,,,,,,,,,,,
seed,letter,6,power,-0.2,64,0.8605737158105403,0.8599066044029353,False,,105,,,,,,,,,,,,,
seed,letter,6,gradient descent,,64,0.8782521681120747,0.8725817211474316,False,,105,,,,,,,,,,,,,
seed,letter,6,power,-0.2,64,0.8792528352234823,0.8695797198132088,False,,106,,,,,,,,,,,,,
seed,letter,6,gradient descent,,64,0.8779186124082722,0.8775850567044696,False,,106,,,,,,,,,,,,,
seed,letter,6,power,-0.2,64,0.866577718478986,0.8602401601067379,False,,107,,,,,,,,,,,,,
seed,letter,6,gradient descent,,64,0.8579052701801201,0.8599066044029353,False,,107,,,,,,,,,,,,,
split_summary,letter,6,,,,,,,,,0.8,64,64,-0.5003335557038011,0.3406283427172699,8,2,1,,,,,
tune,letter,7,gradient descent,,0.5,0.4242828552368246,0.4246164109406271,False,,,,,,,,,,,,,,,
tune,letter,7,gradient descent,,1,0.5907271514342896,0.5863909272848565,False,,,,,,,,,,,,,,,
tune,letter,7,gradient descent,,2,0.7134756504336224,0.6867911941294196,False,,,,,,,,,,,,,,,
tune,letter,7,gradient descent,,4,0.7631754503002002,0.7391594396264176,False,,,,,,,,,,,,,,,
tune,letter,7,gradient descent,,8,0.8068712474983322,0.7938625750500333,False,,,,,,,,,,,,,,,
tune,letter,7,gradient descent,,16,0.8398932621747832,0.8258839226150767,False,,,,,,,,,,,,,,,
tune,letter,7,gradient descent,,32,0.8582388258839226,0.8462308205470314,False,,,,,,,,,,,,,,,
tune,letter,7,gradient descent,,64,0.8669112741827886,0.8682454969979987,False,,,,,,,,,,,,,,,
tune,letter,7,gradient descent,,128,0.4142761841227485,0.4132755170113409,False,,,,,,,,,,,,,,,
tune,letter,7,power,-1.5,0.5,0.7691794529686458,0.7535023348899266,False,,,,,,,,,,,,,,,
tune,letter,7,power,-1.5,1,0.709472981987992,0.685790527018012,False,,,,,,,,,,,,,,,
tune,letter,7,power,-1.5,2,0.6000667111407605,0.5790527018012008,False,,,,,,,,,,,,,,,
tune,letter,7,power,-1.5,4,0.4306204136090727,0.428285523682455,False,,,,,,,,,,,,,,,
tune,letter,7,power,-1.5,8,0.3829219479653102,0.380920613742495,False,,,,,,,,,,,,,,,
tune,letter,7,power,-1.5,16,0.15843895930620414,0.15977318212141428,False,,,,,,,,,,,,,,,
tune,letter,7,power,-1.5,32,0.09072715143428953,0.09006004002668445,False,,,,,,,,,,,,,,,
tune,letter,7,power,-1.5,64,0.050700466977985324,0.0513675783855904,False,,,,,,,,,,,,,,,
tune,letter,7,power,-1.5,128,0.03135423615743829,0.03135423615743829,False,,,,,,,,,,,,,,,
tune,letter,7,power,-1.0,0.5,0.7825216811207472,0.7741827885256838,False,,,,,,,,,,,,,,,
tune,letter,7,power,-1.0,1,0.8112074716477652,0.7941961307538359,False,,,,,,,,,,,,,,,
tune,letter,7,power,-1.0,2,0.8152101400933957,0.7931954636424283,False,,,,,,,,,,,,,,,
tune,letter,7,power,-1.0,4,0.8042028018679119,0.7881921280853903,False,,,,,,,,,,,,,,,
tune,letter,7,power,-1.0,8,0.7875250166777852,0.7758505670446965,False,,,,,,,,,,,,,,,
tune,letter,7,power,-1.0,16,0.7214809873248833,0.7078052034689793,False,,,,,,,,,,,,,,,
tune,letter,7,power,-1.0,32,0.6267511674449633,0.6167444963308872,False,,,,,,,,,,,,,,,
tune,letter,7,power,-1.0,64,0.3762508338892595,0.37191460973982654,False,,,,,,,,,,,,,,,
tune,letter,7,power,-1.0,128,0.26784523015343564,0.26717811874583053,False,,,,,,,,,,,,,,,
tune,letter,7,power,-0.8,0.5,0.7568378919279519,0.7368245496997998,False,,,,,,,,,,,,,,,
tune,letter,7,power,-0.8,1,0.7941961307538359,0.790527018012008,False,,,,,,,,,,,,,,,
tune,letter,7,power,-0.8,2,0.8182121414276184,0.8138759172781854,False,,,,,,,,,,,,,,,
tune,letter,7,power,-0.8,4,0.8255503669112741,0.8162108072048032,False,,,,,,,,,,,,,,,
tune,letter,7,power,-0.8,8,0.8258839226150767,0.8138759172781854,False,,,,,,,,,,,,,,,
tune,letter,7,power,-0.8,16,0.7961974649766511,0.7861907938625751,False,,,,,,,,,,,,,,,
tune,letter,7,power,-0.8,32,0.7801867911941294,0.7608405603735824,False,,,,,,,,,,,,,,,
tune,letter,7,power,-0.8,64,0.7068045363575717,0.6887925283522348,False,,,,,,,,,,,,,,,
tune,letter,7,power,-0.8,128,0.5930620413609072,0.5930620413609072,False,,,,,,,,,,,,,,,
tune,letter,7,power,-0.6,0.5,0.6967978652434956,0.6841227484989993,False,,,,,,,,,,,,,,,
tune,letter,7,power,-0.6,1,0.7755170113408939,0.7545030020013342,False,,,,,,,,,,,,,,,
tune,letter,7,power,-0.6,2,0.818545697131421,0.8072048032021347,False,,,,,,,,,,,,,,,
tune,letter,7,power,-0.6,4,0.8335557038025351,0.8252168112074717,False,,,,,,,,,,,,,,,
tune,letter,7,power,-0.6,8,0.8402268178785858,0.8318879252835224,False,,,,,,,,,,,,,,,
tune,letter,7,power,-0.6,16,0.8405603735823882,0.83288859239493,False,,,,,,,,,,,,,,,
tune,letter,7,power,-0.6,32,0.83288859239493,0.8182121414276184,False,,,,,,,,,,,,,,,
tune,letter,7,power,-0.6,64,0.8155436957971981,0.8028685790527018,False,,,,,,,,,,,,,,,
tune,letter,7,power,-0.6,128,0.7291527685123416,0.7124749833222148,False,,,,,,,,,,,,,,,
tune,letter,7,power,-0.4,0.5,0.6044029352901935,0.5970647098065377,False,,,,,,,,,,,,,,,
tune,letter,7,power,-0.4,1,0.7364909939959974,0.7148098732488326,False,,,,,,,,,,,,,,,
tune,letter,7,power,-0.4,2,0.7861907938625751,0.766177451634423,False,,,,,,,,,,,,,,,
tune,letter,7,power,-0.4,4,0.8315543695797198,0.824216144096064,False,,,,,,,,,,,,,,,
tune,letter,7,power,-0.4,8,0.857238158772515,0.8475650433622415,False,,,,,,,,,,,,,,,
tune,letter,7,power,-0.4,16,0.8605737158105403,0.8635757171447632,False,,,,,,,,,,,,,,,
tune,letter,7,power,-0.4,32,0.8595730486991328,0.8635757171447632,False,,,,,,,,,,,,,,,
tune,letter,7,power,-0.4,64,0.8462308205470314,0.8468979319546365,False,,,,,,,,,,,,,,,
tune,letter,7,power,-0.4,128,0.7715143428952635,0.7665110073382255,False,,,,,,,,,,,,,,,
tune,letter,7,power,-0.2,0.5,0.513675783855904,0.5056704469646431,False,,,,,,,,,,,,,,,
tune,letter,7,power,-0.2,1,0.6647765176784523,0.652101400933956,False,,,,,,,,,,,,,,,
tune,letter,7,power,-0.2,2,0.7548365577051368,0.7298198799199467,False,,,,,,,,,,,,,,,
tune,letter,7,power,-0.2,4,0.8062041360907272,0.7875250166777852,False,,,,,,,,,,,,,,,
tune,letter,7,power,-0.2,8,0.8435623749166111,0.8318879252835224,False,,,,,,,,,,,,,,,
tune,letter,7,power,-0.2,16,0.8629086057371581,0.85657104736491,False,,,,,,,,,,,,,,,
tune,letter,7,power,-0.2,32,0.8749166110740494,0.8695797198132088,False,,,,,,,,,,,,,,,
tune,letter,7,power,-0.2,64,0.8619079386257505,0.8702468312208139,False,,,,,,,,,,,,,,,
tune,letter,7,power,-0.2,128,0.6050700466977985,0.604069379586391,False,,,,,,,,,,,,,,,
tune,letter,7,power,0.2,0.5,0.3392261507671781,0.342895263509006,False,,,,,,,,,,,,,,,
tune,letter,7,power,0.2,1,0.5206804536357572,0.5203468979319547,False,,,,,,,,,,,,,,,
tune,letter,7,power,0.2,2,0.6444296197464977,0.6344229486324217,False,,,,,,,,,,,,,,,
tune,letter,7,power,0.2,4,0.7291527685123416,0.7084723148765844,False,,,,,,,,,,,,,,,
tune,letter,7,power,0.2,8,0.766844563042028,0.7438292194796531,False,,,,,,,,,,,,,,,
tune,letter,7,power,0.2,16,0.804869913275517,0.7958639092728486,False,,,,,,,,,,,,,,,
tune,letter,7,power,0.2,32,0.8332221480987325,0.8222148098732488,False,,,,,,,,,,,,,,,
tune,letter,7,power,0.2,64,0.685790527018012,0.680787191460974,False,,,,,,,,,,,,,,,
tune,letter,7,power,0.2,128,0.11641094062708472,0.1124082721814543,False,,,,,,,,,,,,,,,
tune,letter,7,power,0.5,0.5,0.2268178785857238,0.21947965310206805,False,,,,,,,,,,,,,,,
tune,letter,7,power,0.5,1,0.4076050700466978,0.4076050700466978,False,,,,,,,,,,,,,,,
tune,letter,7,power,0.5,2,0.5663775850567044,0.5637091394262842,False,,,,,,,,,,,,,,,
tune,letter,7,power,0.5,4,0.6511007338225484,0.6407605070046698,False,,,,,,,,,,,,,,,
tune,letter,7,power,0.5,8,0.7248165443629087,0.7014676450967312,False,,,,,,,,,,,,,,,
tune,letter,7,power,0.5,16,0.7578385590393596,0.7328218812541695,False,,,,,,,,,,,,,,,
tune,letter,7,power,0.5,32,0.699466310873916,0.6914609739826552,False,,,,,,,,,,,,,,,
tune,letter,7,power,0.5,64,0.14409606404269512,0.14142761841227486,False,,,,,,,,,,,,,,,
tune,letter,7,power,0.5,128,0.03802535023348899,0.037691794529686455,False,,,,,,,,,,,,,,,
tune,letter,7,power,1.0,0.5,0.19212808539026016,0.1837891927951968,False,,,,,,,,,,,,,,,
tune,letter,7,power,1.0,1,0.26717811874583053,0.2515010006671114,False,,,,,,,,,,,,,,,
tune,letter,7,power,1.0,2,0.40060040026684457,0.41160773849232823,False,,,,,,,,,,,,,,,
tune,letter,7,power,1.0,4,0.5156771180787192,0.5156771180787192,False,,,,,,,,,,,,,,,
tune,letter,7,power,1.0,8,0.52368245496998,0.5030020013342228,False,,,,,,,,,,,,,,,
tune,letter,7,power,1.0,16,0.385923949299533,0.37658438959306206,False,,,,,,,,,,,,,,,
tune,letter,7,power,1.0,32,0.03935957304869913,0.037691794529686455,False,,,,,,,,,,,,,,,
tune,letter,7,power,1.0,64,0.037358238825883926,0.037358238825883926,False,,,,,,,,,,,,,,,
tune,letter,7,power,1.0,128,0.037358238825883926,0.037358238825883926,False,,,,,,,,,,,,,,,
tune,letter,7,power,1.5,0.5,0.133422281521014,0.13108739159439625,False,,,,,,,,,,,,,,,
tune,letter,7,power,1.5,1,0.2068045363575717,0.2038025350233489,False,,,,,,,,,,,,,,,
tune,letter,7,power,1.5,2,0.24016010673782523,0.24316210807204802,False,,,,,,,,,,,,,,,
tune,letter,7,power,1.5,4,0.22114743162108072,0.2104736490993996,False,,,,,,,,,,,,,,,
tune,letter,7,power,1.5,8,0.0867244829886591,0.08172114743162108,False,,,,,,,,,,,,,,,
tune,letter,7,power,1.5,16,0.037358238825883926,0.037358238825883926,False,,,,,,,,,,,,,,,
tune,letter,7,power,1.5,32,0.037358238825883926,0.037358238825883926,False,,,,,,,,,,,,,,,
tune,letter,7,power,1.5,64,0.039693128752501666,0.03402268178785857,False,,,,,,,,,,,,,,,
tune,letter,7,power,1.5,128,0.037358238825883926,0.037358238825883926,False,,,,,,,,,,,,,,,
best,letter,7,gradient descent,,64,0.8669112741827886,0.8682454969979987,False,0,,,,,,,,,,,,,,
best,letter,7,power,-0.2,32,0.8749166110740494,0.8695797198132088,False,0,,,,,,,,,,,,,,
seed,letter,7,power,-0.2,32,0.8655770513675783,0.8532354903268846,False,,100,,,,,,,,,,,,,
seed,letter,7,gradient descent,,64,0.8832555036691128,0.8769179452968646,False,,100,,,,,,,,,,,,,
seed,letter,7,power,-0.2,32,0.8769179452968646,0.8705803869246164,False,,101,,,,,,,,,,,,,
seed,letter,7,gradient descent,,64,0.8729152768512342,0.8679119412941961,False,,101,,,,,,,,,,,,,
seed,letter,7,power,-0.2,32,0.8755837224816544,0.8755837224816544,False,,102,,,,,,,,,,,,,
seed,letter,7,gradient descent,,64,0.875917278185457,0.872248165443629,False,,102,,,,,,,,,,,,,
seed,letter,7,power,-0.2,32,0.8735823882588393,0.8699132755170114,False,,103,,,,,,,,,,,,,
seed,letter,7,gradient descent,,64,0.8889259506337558,0.8829219479653102,False,,103,,,,,,,,,,,,,
seed,letter,7,power,-0.2,32,0.8579052701801201,0.8512341561040694,False,,104,,,,,,,,,,,,,
seed,letter,7,gradient descent,,64,0.8879252835223482,0.8765843895930621,False,,104,,,,,,,,,,,,,
seed,letter,7,power,-0.2,32,0.8815877251501001,0.8719146097398266,False,,105,,,,,,,,,,,,,
seed,letter,7,gradient descent,,64,0.8735823882588393,0.8712474983322215,False,,105,,,,,,,,,,,,,
seed,letter,7,power,-0.2,32,0.867244829886591,0.8595730486991328,False,,106,,,,,,,,,,,,,
seed,letter,7,gradient descent,,64,0.8799199466310874,0.8699132755170114,False,,106,,,,,,,,,,,,,
seed,letter,7,power,-0.2,32,0.8669112741827886,0.8575717144763175,False,,107,,,,,,,,,,,,,
seed,letter,7,gradient descent,,64,0.8785857238158773,0.8769179452968646,False,,107,,,,,,,,,,,,,
split_summary,letter,7,,,,,,,,,0.8,32,64,-1.0632088058705818,0.4158203416113906,8,3,0,,,,,
tune,letter,8,gradient descent,,0.5,0.43028685790527016,0.4176117411607739,False,,,,,,,,,,,,,,,
tune,letter,8,gradient descent,,1,0.6027351567711808,0.5977318212141428,False,,,,,,,,,,,,,,,
tune,letter,8,gradient descent,,2,0.709472981987992,0.7114743162108073,False,,,,,,,,,,,,,,,
tune,letter,8,gradient descent,,4,0.7641761174116077,0.7628418945963976,False,,,,,,,,,,,,,,,
tune,letter,8,gradient descent,,8,0.8125416944629753,0.8045363575717145,False,,,,,,,,,,,,,,,
tune,letter,8,gradient descent,,16,0.8418945963975984,0.8385590393595731,False,,,,,,,,,,,,,,,
tune,letter,8,gradient descent,,32,0.8682454969979987,0.8659106070713809,False,,,,,,,,,,,,,,,
tune,letter,8,gradient descent,,64,0.8799199466310874,0.8755837224816544,False,,,,,,,,,,,,,,,
tune,letter,8,gradient descent,,128,0.35857238158772514,0.35290193462308206,False,,,,,,,,,,,,,,,
tune,letter,8,power,-1.5,0.5,0.7301534356237491,0.723148765843896,False,,,,,,,,,,,,,,,
tune,letter,8,power,-1.5,1,0.7498332221480988,0.7411607738492328,False,,,,,,,,,,,,,,,
tune,letter,8,power,-1.5,2,0.5870580386924616,0.5910607071380921,False,,,,,,,,,,,,,,,
tune,letter,8,power,-1.5,4,0.4589726484322882,0.46364242828552366,False,,,,,,,,,,,,,,,
tune,letter,8,power,-1.5,8,0.41961307538358905,0.4159439626417612,False,,,,,,,,,,,,,,,
tune,letter,8,power,-1.5,16,0.27951967978652437,0.2768512341561041,False,,,,,,,,,,,,,,,
tune,letter,8,power,-1.5,32,0.06971314209472981,0.06437625083388926,False,,,,,,,,,,,,,,,
tune,letter,8,power,-1.5,64,0.039693128752501666,0.03302201467645097,False,,,,,,,,,,,,,,,
tune,letter,8,power,-1.5,128,0.009673115410273516,0.01200800533689126,False,,,,,,,,,,,,,,,
tune,letter,8,power,-1.0,0.5,0.7861907938625751,0.7798532354903269,False,,,,,,,,,,,,,,,
tune,letter,8,power,-1.0,1,0.8078719146097398,0.8018679119412941,False,,,,,,,,,,,,,,,
tune,letter,8,power,-1.0,2,0.8122081387591727,0.8065376917945297,False,,,,,,,,,,,,,,,
tune,letter,8,power,-1.0,4,0.805537024683122,0.8002001334222815,False,,,,,,,,,,,,,,,
tune,letter,8,power,-1.0,8,0.7748498999332889,0.7781854569713142,False,,,,,,,,,,,,,,,
tune,letter,8,power,-1.0,16,0.7278185456971314,0.7218145430286858,False,,,,,,,,,,,,,,,
tune,letter,8,power,-1.0,32,0.5550366911274183,0.5493662441627751,False,,,,,,,,,,,,,,,
tune,letter,8,power,-1.0,64,0.3208805870580387,0.3272181454302869,False,,,,,,,,,,,,,,,
tune,letter,8,power,-1.0,128,0.2248165443629086,0.23882588392261508,False,,,,,,,,,,,,,,,
tune,letter,8,power,-0.8,0.5,0.752501667778519,0.7535023348899266,False,,,,,,,,,,,,,,,
tune,letter,8,power,-0.8,1,0.7911941294196131,0.78552368245497,False,,,,,,,,,,,,,,,
tune,letter,8,power,-0.8,2,0.8162108072048032,0.80920613742495,False,,,,,,,,,,,,,,,
tune,letter,8,power,-0.8,4,0.8208805870580387,0.813542361574383,False,,,,,,,,,,,,,,,
tune,letter,8,power,-0.8,8,0.8058705803869246,0.8025350233488993,False,,,,,,,,,,,,,,,
tune,letter,8,power,-0.8,16,0.7895263509006004,0.7841894596397598,False,,,,,,,,,,,,,,,
tune,letter,8,power,-0.8,32,0.7581721147431622,0.7555036691127418,False,,,,,,,,,,,,,,,
tune,letter,8,power,-0.8,64,0.7248165443629087,0.718145430286858,False,,,,,,,,,,,,,,,
tune,letter,8,power,-0.8,128,0.6501000667111407,0.6310873915943963,False,,,,,,,,,,,,,,,
tune,letter,8,power,-0.6,0.5,0.7018012008005337,0.7108072048032021,False,,,,,,,,,,,,,,,
tune,letter,8,power,-0.6,1,0.7641761174116077,0.7675116744496331,False,,,,,,,,,,,,,,,
tune,letter,8,power,-0.6,2,0.8145430286857905,0.8112074716477652,False,,,,,,,,,,,,,,,
tune,letter,8,power,-0.6,4,0.8355570380253502,0.8375583722481654,False,,,,,,,,,,,,,,,
tune,letter,8,power,-0.6,8,0.8458972648432288,0.8402268178785858,False,,,,,,,,,,,,,,,
tune,letter,8,power,-0.6,16,0.8345563709139426,0.8372248165443629,False,,,,,,,,,,,,,,,
tune,letter,8,power,-0.6,32,0.8215476984656438,0.8222148098732488,False,,,,,,,,,,,,,,,
tune,letter,8,power,-0.6,64,0.8212141427618412,0.8152101400933957,False,,,,,,,,,,,,,,,
tune,letter,8,power,-0.6,128,0.76184122748499,0.7578385590393596,False,,,,,,,,,,,,,,,
tune,letter,8,power,-0.4,0.5,0.6100733822548365,0.6164109406270847,False,,,,,,,,,,,,,,,
tune,letter,8,power,-0.4,1,0.7318212141427618,0.7384923282188125,False,,,,,,,,,,,,,,,
tune,letter,8,power,-0.4,2,0.781854569713142,0.7821881254169446,False,,,,,,,,,,,,,,,
tune,letter,8,power,-0.4,4,0.828552368245497,0.8272181454302868,False,,,,,,,,,,,,,,,
tune,letter,8,power,-0.4,8,0.8575717144763175,0.8545697131420947,False,,,,,,,,,,,,,,,
tune,letter,8,power,-0.4,16,0.8632421614409607,0.8545697131420947,False,,,,,,,,,,,,,,,
tune,letter,8,power,-0.4,32,0.8712474983322215,0.8645763842561708,False,,,,,,,,,,,,,,,
tune,letter,8,power,-0.4,64,0.8468979319546365,0.8472314876584389,False,,,,,,,,,,,,,,,
tune,letter,8,power,-0.4,128,0.8442294863242161,0.8395597064709807,False,,,,,,,,,,,,,,,
tune,letter,8,power,-0.2,0.5,0.5176784523015343,0.5083388925950634,False,,,,,,,,,,,,,,,
tune,letter,8,power,-0.2,1,0.675783855903936,0.6781187458305536,False,,,,,,,,,,,,,,,
tune,letter,8,power,-0.2,2,0.7531687791861241,0.7538358905937291,False,,,,,,,,,,,,,,,
tune,letter,8,power,-0.2,4,0.8095396931287525,0.8045363575717145,False,,,,,,,,,,,,,,,
tune,letter,8,power,-0.2,8,0.8385590393595731,0.8385590393595731,False,,,,,,,,,,,,,,,
tune,letter,8,power,-0.2,16,0.8559039359573049,0.861574382921948,False,,,,,,,,,,,,,,,
tune,letter,8,power,-0.2,32,0.875917278185457,0.8742494996664443,False,,,,,,,,,,,,,,,
tune,letter,8,power,-0.2,64,0.8762508338892595,0.8692461641094062,False,,,,,,,,,,,,,,,
tune,letter,8,power,-0.2,128,0.6430953969312875,0.638425617078052,False,,,,,,,,,,,,,,,
tune,letter,8,power,0.2,0.5,0.34923282188125415,0.3322214809873249,False,,,,,,,,,,,,,,,
tune,letter,8,power,0.2,1,0.5306871247498333,0.5230153435623749,False,,,,,,,,,,,,,,,
tune,letter,8,power,0.2,2,0.6527685123415611,0.6477651767845231,False,,,,,,,,,,,,,,,
tune,letter,8,power,0.2,4,0.7311541027351568,0.7321547698465644,False,,,,,,,,,,,,,,,
tune,letter,8,power,0.2,8,0.7691794529686458,0.7688458972648432,False,,,,,,,,,,,,,,,
tune,letter,8,power,0.2,16,0.8102068045363575,0.8025350233488993,False,,,,,,,,,,,,,,,
tune,letter,8,power,0.2,32,0.8385590393595731,0.8308872581721147,False,,,,,,,,,,,,,,,
tune,letter,8,power,0.2,64,0.7615076717811875,0.7478318879252835,False,,,,,,,,,,,,,,,
tune,letter,8,power,0.2,128,0.14209472981987992,0.14209472981987992,False,,,,,,,,,,,,,,,
tune,letter,8,power,0.5,0.5,0.23815877251501,0.22448298865910607,False,,,,,,,,,,,,,,,
tune,letter,8,power,0.5,1,0.4112741827885257,0.3972648432288192,False,,,,,,,,,,,,,,,
tune,letter,8,power,0.5,2,0.5743829219479654,0.5653769179452969,False,,,,,,,,,,,,,,,
tune,letter,8,power,0.5,4,0.6607738492328219,0.6511007338225484,False,,,,,,,,,,,,,,,
tune,letter,8,power,0.5,8,0.7284856571047365,0.7294863242161441,False,,,,,,,,,,,,,,,
tune,letter,8,power,0.5,16,0.7641761174116077,0.7588392261507672,False,,,,,,,,,,,,,,,
tune,letter,8,power,0.5,32,0.7621747831887925,0.7565043362241495,False,,,,,,,,,,,,,,,
tune,letter,8,power,0.5,64,0.17311541027351568,0.17444963308872583,False,,,,,,,,,,,,,,,
tune,letter,8,power,0.5,128,0.04169446297531688,0.04236157438292195,False,,,,,,,,,,,,,,,
tune,letter,8,power,1.0,0.5,0.20146764509673115,0.1981320880587058,False,,,,,,,,,,,,,,,
tune,letter,8,power,1.0,1,0.2868579052701801,0.2771847898599066,False,,,,,,,,,,,,,,,
tune,letter,8,power,1.0,2,0.39859906604402934,0.3935957304869913,False,,,,,,,,,,,,,,,
tune,letter,8,power,1.0,4,0.5123415610406938,0.5073382254836558,False,,,,,,,,,,,,,,,
tune,letter,8,power,1.0,8,0.4946631087391594,0.48899266177451634,False,,,,,,,,,,,,,,,
tune,letter,8,power,1.0,16,0.37024683122081387,0.36991327551701136,False,,,,,,,,,,,,,,,
tune,letter,8,power,1.0,32,0.03802535023348899,0.039693128752501666,False,,,,,,,,,,,,,,,
tune,letter,8,power,1.0,64,0.037358238825883926,0.037358238825883926,False,,,,,,,,,,,,,,,
tune,letter,8,power,1.0,128,0.037358238825883926,0.037358238825883926,False,,,,,,,,,,,,,,,
tune,letter,8,power,1.5,0.5,0.12708472314876584,0.12641761174116078,False,,,,,,,,,,,,,,,
tune,letter,8,power,1.5,1,0.1771180787191461,0.17178118745830553,False,,,,,,,,,,,,,,,
tune,letter,8,power,1.5,2,0.18912608405603737,0.1771180787191461,False,,,,,,,,,,,,,,,
tune,letter,8,power,1.5,4,0.13575717144763175,0.1324216144096064,False,,,,,,,,,,,,,,,
tune,letter,8,power,1.5,8,0.1400933955970647,0.13609072715143428,False,,,,,,,,,,,,,,,
tune,letter,8,power,1.5,16,0.037358238825883926,0.037358238825883926,False,,,,,,,,,,,,,,,
tune,letter,8,power,1.5,32,0.037358238825883926,0.037358238825883926,False,,,,,,,,,,,,,,,
tune,letter,8,power,1.5,64,0.037358238825883926,0.037358238825883926,False,,,,,,,,,,,,,,,
tune,letter,8,power,1.5,128,0.037358238825883926,0.037358238825883926,False,,,,,,,,,,,,,,,
best,letter,8,gradient descent,,64,0.8799199466310874,0.8755837224816544,False,0,,,,,,,,,,,,,,
best,letter,8,power,-0.2,64,0.8762508338892595,0.8692461641094062,False,0,,,,,,,,,,,,,,
seed,letter,8,power,-0.2,64,0.8819212808539026,0.8795863909272849,False,,100,,,,,,,,,,,,,
seed,letter,8,gradient descent,,64,0.8785857238158773,0.8799199466310874,False,,100,,,,,,,,,,,,,
seed,letter,8,power,-0.2,64,0.8825883922615076,0.875917278185457,False,,101,,,,,,,,,,,,,
seed,letter,8,gradient descent,,64,0.8822548365577051,0.8762508338892595,False,,101,,,,,,,,,,,,,
seed,letter,8,power,-0.2,64,0.8832555036691128,0.88025350233489,False,,102,,,,,,,,,,,,,
seed,letter,8,gradient descent,,64,0.8739159439626417,0.8782521681120747,False,,102,,,,,,,,,,,,,
seed,letter,8,power,-0.2,64,0.8762508338892595,0.8745830553702468,False,,103,,,,,,,,,,,,,
seed,letter,8,gradient descent,,64,0.8762508338892595,0.8785857238158773,False,,103,,,,,,,,,,,,,
seed,letter,8,power,-0.2,64,0.8842561707805203,0.8699132755170114,False,,104,,,,,,,,,,,,,
seed,letter,8,gradient descent,,64,0.8785857238158773,0.8769179452968646,False,,104,,,,,,,,,,,,,
seed,letter,8,power,-0.2,64,0.8765843895930621,0.8695797198132088,False,,105,,,,,,,,,,,,,
seed,letter,8,gradient descent,,64,0.8765843895930621,0.8732488325550367,False,,105,,,,,,,,,,,,,
seed,letter,8,power,-0.2,64,0.875250166777852,0.8742494996664443,False,,106,,,,,,,,,,,,,
seed,letter,8,gradient descent,,64,0.8772515010006671,0.875917278185457,False,,106,,,,,,,,,,,,,
seed,letter,8,power,-0.2,64,0.8789192795196797,0.8789192795196797,False,,107,,,,,,,,,,,,,
seed,letter,8,gradient descent,,64,0.8842561707805203,0.8842561707805203,False,,107,,,,,,,,,,,,,
split_summary,letter,8,,,,,,,,,0.8,64,64,-0.2543362241494346,0.10546780212464013,8,1,0,,,,,
tune,letter,9,gradient descent,,0.5,0.4296197464976651,0.42328218812541696,False,,,,,,,,,,,,,,,
tune,letter,9,gradient descent,,1,0.5980653769179453,0.5957304869913276,False,,,,,,,,,,,,,,,
tune,letter,9,gradient descent,,2,0.7171447631754503,0.7248165443629087,False,,,,,,,,,,,,,,,
tune,letter,9,gradient descent,,4,0.7678452301534356,0.7821881254169446,False,,,,,,,,,,,,,,,
tune,letter,9,gradient descent,,8,0.8105403602401601,0.8272181454302868,False,,,,,,,,,,,,,,,
tune,letter,9,gradient descent,,16,0.8488992661774516,0.8602401601067379,False,,,,,,,,,,,,,,,
tune,letter,9,gradient descent,,32,0.8669112741827886,0.8739159439626417,False,,,,,,,,,,,,,,,
tune,letter,9,gradient descent,,64,0.8812541694462975,0.8855903935957304,False,,,,,,,,,,,,,,,
tune,letter,9,gradient descent,,128,0.28919279519679786,0.2835223482321548,False,,,,,,,,,,,,,,,
tune,letter,9,power,-1.5,0.5,0.7635090060040026,0.7695130086724483,False,,,,,,,,,,,,,,,
tune,letter,9,power,-1.5,1,0.704469646430954,0.7184789859906604,False,,,,,,,,,,,,,,,
tune,letter,9,power,-1.5,2,0.628418945963976,0.6357571714476318,False,,,,,,,,,,,,,,,
tune,letter,9,power,-1.5,4,0.5256837891927952,0.5517011340893929,False,,,,,,,,,,,,,,,
tune,letter,9,power,-1.5,8,0.3605737158105404,0.37024683122081387,False,,,,,,,,,,,,,,,
tune,letter,9,power,-1.5,16,0.21914609739826552,0.22715143428952636,False,,,,,,,,,,,,,,,
tune,letter,9,power,-1.5,32,0.07171447631754503,0.06971314209472981,False,,,,,,,,,,,,,,,
tune,letter,9,power,-1.5,64,0.049366244162775186,0.0513675783855904,False,,,,,,,,,,,,,,,
tune,letter,9,power,-1.5,128,0.029686457638425617,0.03168779186124083,False,,,,,,,,,,,,,,,
tune,letter,9,power,-1.0,0.5,0.7938625750500333,0.7975316877918612,False,,,,,,,,,,,,,,,
tune,letter,9,power,-1.0,1,0.8125416944629753,0.8202134756504337,False,,,,,,,,,,,,,,,
tune,letter,9,power,-1.0,2,0.8125416944629753,0.8212141427618412,False,,,,,,,,,,,,,,,
tune,letter,9,power,-1.0,4,0.804869913275517,0.7991994663108739,False,,,,,,,,,,,,,,,
tune,letter,9,power,-1.0,8,0.771847898599066,0.7695130086724483,False,,,,,,,,,,,,,,,
tune,letter,9,power,-1.0,16,0.7124749833222148,0.7204803202134756,False,,,,,,,,,,,,,,,
tune,letter,9,power,-1.0,32,0.5163442294863242,0.518679119412942,False,,,,,,,,,,,,,,,
tune,letter,9,power,-1.0,64,0.43295530353569045,0.43028685790527016,False,,,,,,,,,,,,,,,
tune,letter,9,power,-1.0,128,0.21681120747164775,0.21514342895263508,False,,,,,,,,,,,,,,,
tune,letter,9,power,-0.8,0.5,0.76184122748499,0.7721814543028686,False,,,,,,,,,,,,,,,
tune,letter,9,power,-0.8,1,0.8042028018679119,0.8052034689793195,False,,,,,,,,,,,,,,,
tune,letter,9,power,-0.8,2,0.8255503669112741,0.8265510340226818,False,,,,,,,,,,,,,,,
tune,letter,9,power,-0.8,4,0.8248832555036691,0.8228819212808539,False,,,,,,,,,,,,,,,
tune,letter,9,power,-0.8,8,0.8148765843895931,0.8175450300200133,False,,,,,,,,,,,,,,,
tune,letter,9,power,-0.8,16,0.7918612408272181,0.799866577718479,False,,,,,,,,,,,,,,,
tune,letter,9,power,-0.8,32,0.7248165443629087,0.728819212808539,False,,,,,,,,,,,,,,,
tune,letter,9,power,-0.8,64,0.7111407605070047,0.7248165443629087,False,,,,,,,,,,,,,,,
tune,letter,9,power,-0.8,128,0.5630420280186791,0.5693795863909273,False,,,,,,,,,,,,,,,
tune,letter,9,power,-0.6,0.5,0.7088058705803869,0.718812541694463,False,,,,,,,,,,,,,,,
tune,letter,9,power,-0.6,1,0.7788525683789193,0.7875250166777852,False,,,,,,,,,,,,,,,
tune,letter,9,power,-0.6,2,0.8182121414276184,0.8255503669112741,False,,,,,,,,,,,,,,,
tune,letter,9,power,-0.6,4,0.8352234823215477,0.8438959306204136,False,,,,,,,,,,,,,,,
tune,letter,9,power,-0.6,8,0.8442294863242161,0.8488992661774516,False,,,,,,,,,,,,,,,
tune,letter,9,power,-0.6,16,0.8505670446964643,0.8485657104736491,False,,,,,,,,,,,,,,,
tune,letter,9,power,-0.6,32,0.8352234823215477,0.8362241494329553,False,,,,,,,,,,,,,,,
tune,letter,9,power,-0.6,64,0.8198799199466311,0.824216144096064,False,,,,,,,,,,,,,,,
tune,letter,9,power,-0.6,128,0.7134756504336224,0.733155436957972,False,,,,,,,,,,,,,,,
tune,letter,9,power,-0.4,0.5,0.6087391594396264,0.6080720480320213,False,,,,,,,,,,,,,,,
tune,letter,9,power,-0.4,1,0.7408272181454303,0.7565043362241495,False,,,,,,,,,,,,,,,
tune,letter,9,power,-0.4,2,0.78552368245497,0.7978652434956638,False,,,,,,,,,,,,,,,
tune,letter,9,power,-0.4,4,0.8252168112074717,0.8345563709139426,False,,,,,,,,,,,,,,,
tune,letter,9,power,-0.4,8,0.8495663775850567,0.8482321547698466,False,,,,,,,,,,,,,,,
tune,letter,9,power,-0.4,16,0.8605737158105403,0.8619079386257505,False,,,,,,,,,,,,,,,
tune,letter,9,power,-0.4,32,0.8755837224816544,0.8792528352234823,False,,,,,,,,,,,,,,,
tune,letter,9,power,-0.4,64,0.8625750500333556,0.8745830553702468,False,,,,,,,,,,,,,,,
tune,letter,9,power,-0.4,128,0.7835223482321547,0.7895263509006004,False,,,,,,,,,,,,,,,
tune,letter,9,power,-0.2,0.5,0.5146764509673115,0.5096731154102735,False,,,,,,,,,,,,,,,
tune,letter,9,power,-0.2,1,0.6724482988659106,0.6804536357571714,False,,,,,,,,,,,,,,,
tune,letter,9,power,-0.2,2,0.7588392261507672,0.7731821214142762,False,,,,,,,,,,,,,,,
tune,letter,9,power,-0.2,4,0.7945296864576384,0.8102068045363575,False,,,,,,,,,,,,,,,
tune,letter,9,power,-0.2,8,0.8375583722481654,0.8549032688458973,False,,,,,,,,,,,,,,,
tune,letter,9,power,-0.2,16,0.866577718478986,0.8712474983322215,False,,,,,,,,,,,,,,,
tune,letter,9,power,-0.2,32,0.8755837224816544,0.8769179452968646,False,,,,,,,,,,,,,,,
tune,letter,9,power,-0.2,64,0.8769179452968646,0.8845897264843229,False,,,,,,,,,,,,,,,
tune,letter,9,power,-0.2,128,0.5223482321547699,0.5203468979319547,False,,,,,,,,,,,,,,,
tune,letter,9,power,0.2,0.5,0.33755837224816543,0.3465643762508339,False,,,,,,,,,,,,,,,
tune,letter,9,power,0.2,1,0.5310206804536357,0.5240160106737826,False,,,,,,,,,,,,,,,
tune,letter,9,power,0.2,2,0.6497665110073382,0.652101400933956,False,,,,,,,,,,,,,,,
tune,letter,9,power,0.2,4,0.7344896597731821,0.7438292194796531,False,,,,,,,,,,,,,,,
tune,letter,9,power,0.2,8,0.7725150100066711,0.7838559039359573,False,,,,,,,,,,,,,,,
tune,letter,9,power,0.2,16,0.8058705803869246,0.8252168112074717,False,,,,,,,,,,,,,,,
tune,letter,9,power,0.2,32,0.8402268178785858,0.8492328218812542,False,,,,,,,,,,,,,,,
tune,letter,9,power,0.2,64,0.7248165443629087,0.73815877251501,False,,,,,,,,,,,,,,,
tune,letter,9,power,0.2,128,0.11274182788525684,0.11107404936624417,False,,,,,,,,,,,,,,,
tune,letter,9,power,0.5,0.5,0.22548365577051369,0.23482321547698465,False,,,,,,,,,,,,,,,
tune,letter,9,power,0.5,1,0.41027351567711806,0.4082721814543029,False,,,,,,,,,,,,,,,
tune,letter,9,power,0.5,2,0.5743829219479654,0.5723815877251501,False,,,,,,,,,,,,,,,
tune,letter,9,power,0.5,4,0.6564376250833889,0.6567711807871914,False,,,,,,,,,,,,,,,
tune,letter,9,power,0.5,8,0.728819212808539,0.7364909939959974,False,,,,,,,,,,,,,,,
tune,letter,9,power,0.5,16,0.7645096731154103,0.7755170113408939,False,,,,,,,,,,,,,,,
tune,letter,9,power,0.5,32,0.733155436957972,0.7471647765176784,False,,,,,,,,,,,,,,,
tune,letter,9,power,0.5,64,0.17778519012675117,0.1754503002001334,False,,,,,,,,,,,,,,,
tune,letter,9,power,0.5,128,0.05537024683122081,0.05637091394262842,False,,,,,,,,,,,,,,,
tune,letter,9,power,1.0,0.5,0.16244162775183454,0.16444296197464978,False,,,,,,,,,,,,,,,
tune,letter,9,power,1.0,1,0.2868579052701801,0.2935290193462308,False,,,,,,,,,,,,,,,
tune,letter,9,power,1.0,2,0.41027351567711806,0.4086057371581054,False,,,,,,,,,,,,,,,
tune,letter,9,power,1.0,4,0.514342895263509,0.5130086724482988,False,,,,,,,,,,,,,,,
tune,letter,9,power,1.0,8,0.529352901934623,0.533689126084056,False,,,,,,,,,,,,,,,
tune,letter,9,power,1.0,16,0.4176117411607739,0.4159439626417612,False,,,,,,,,,,,,,,,
tune,letter,9,power,1.0,32,0.04136090727151434,0.03835890593729153,False,,,,,,,,,,,,,,,
tune,letter,9,power,1.0,64,0.037358238825883926,0.037358238825883926,False,,,,,,,,,,,,,,,
tune,letter,9,power,1.0,128,0.037358238825883926,0.037358238825883926,False,,,,,,,,,,,,,,,
tune,letter,9,power,1.5,0.5,0.13075383589059372,0.1304202801867912,False,,,,,,,,,,,,,,,
tune,letter,9,power,1.5,1,0.17945296864576385,0.1847898599066044,False,,,,,,,,,,,,,,,
tune,letter,9,power,1.5,2,0.14042695130086724,0.13642428285523683,False,,,,,,,,,,,,,,,
tune,letter,9,power,1.5,4,0.0857238158772515,0.09973315543695797,False,,,,,,,,,,,,,,,
tune,letter,9,power,1.5,8,0.07505003335557038,0.08539026017344896,False,,,,,,,,,,,,,,,
tune,letter,9,power,1.5,16,0.038692461641094064,0.037691794529686455,False,,,,,,,,,,,,,,,
tune,letter,9,power,1.5,32,0.05003335557038025,0.04469646430953969,False,,,,,,,,,,,,,,,
tune,letter,9,power,1.5,64,0.037358238825883926,0.037358238825883926,False,,,,,,,,,,,,,,,
tune,letter,9,power,1.5,128,0.037358238825883926,0.037358238825883926,False,,,,,,,,,,,,,,,
best,letter,9,gradient descent,,64,0.8812541694462975,0.8855903935957304,False,0,,,,,,,,,,,,,,
best,letter,9,power,-0.2,64,0.8769179452968646,0.8845897264843229,False,0,,,,,,,,,,,,,,
seed,letter,9,power,-0.2,64,0.8822548365577051,0.8892595063375583,False,,100,,,,,,,,,,,,,
seed,letter,9,gradient descent,,64,0.8712474983322215,0.8822548365577051,False,,100,,,,,,,,,,,,,
seed,letter,9,power,-0.2,64,0.8819212808539026,0.8912608405603736,False,,101,,,,,,,,,,,,,
seed,letter,9,gradient descent,,64,0.8705803869246164,0.8805870580386924,False,,101,,,,,,,,,,,,,
seed,letter,9,power,-0.2,64,0.8849232821881254,0.8895930620413609,False,,102,,,,,,,,,,,,,
seed,letter,9,gradient descent,,64,0.8825883922615076,0.8882588392261508,False,,102,,,,,,,,,,,,,
seed,letter,9,power,-0.2,64,0.8779186124082722,0.8849232821881254,False,,103,,,,,,,,,,,,,
seed,letter,9,gradient descent,,64,0.880920613742495,0.8879252835223482,False,,103,,,,,,,,,,,,,
seed,letter,9,power,-0.2,64,0.8795863909272849,0.8869246164109407,False,,104,,,,,,,,,,,,,
seed,letter,9,gradient descent,,64,0.8869246164109407,0.8935957304869914,False,,104,,,,,,,,,,,,,
seed,letter,9,power,-0.2,64,0.857238158772515,0.8669112741827886,False,,105,,,,,,,,,,,,,
seed,letter,9,gradient descent,,64,0.8632421614409607,0.8689126084056037,False,,105,,,,,,,,,,,,,
seed,letter,9,power,-0.2,64,0.875917278185457,0.8792528352234823,False,,106,,,,,,,,,,,,,
seed,letter,9,gradient descent,,64,0.8805870580386924,0.8889259506337558,False,,106,,,,,,,,,,,,,
seed,letter,9,power,-0.2,64,0.8645763842561708,0.8695797198132088,False,,107,,,,,,,,,,,,,
seed,letter,9,gradient descent,,64,0.862241494329553,0.8725817211474316,False,,107,,,,,,,,,,,,,
split_summary,letter,9,,,,,,,,,0.8,64,64,-0.0667111407605045,0.23953719103319948,8,3,0,,,,,
across_splits,letter,,,,,,,,,,,,,-0.4211140760506997,,,,,10,0.3730198339950814,-1.0632088058705818,0.19179452968645927,1
