stage,dataset,split,method,shape,scale,val,test,diverged,grid_edge,seed,alpha,power_scale,sgd_lr,mean_difference,seed_se,n_seeds,n_favouring_power,n_tied,n_splits,between_split_sd,min_difference,max_difference,n_splits_favouring_power
tune,satimage,0,gradient descent,,0.5,0.8568464730290456,0.8558091286307054,False,,,,,,,,,,,,,,,
tune,satimage,0,gradient descent,,1,0.8703319502074689,0.8651452282157677,False,,,,,,,,,,,,,,,
tune,satimage,0,gradient descent,,2,0.8807053941908713,0.8703319502074689,False,,,,,,,,,,,,,,,
tune,satimage,0,gradient descent,,4,0.8962655601659751,0.8817427385892116,False,,,,,,,,,,,,,,,
tune,satimage,0,gradient descent,,8,0.9118257261410788,0.8993775933609959,False,,,,,,,,,,,,,,,
tune,satimage,0,gradient descent,,16,0.9232365145228216,0.9107883817427386,False,,,,,,,,,,,,,,,
tune,satimage,0,gradient descent,,32,0.9118257261410788,0.9045643153526971,False,,,,,,,,,,,,,,,
tune,satimage,0,gradient descent,,64,0.7219917012448133,0.7178423236514523,False,,,,,,,,,,,,,,,
tune,satimage,0,gradient descent,,128,0.5093360995850622,0.5197095435684648,False,,,,,,,,,,,,,,,
tune,satimage,0,power,-1.5,0.5,0.7935684647302904,0.7800829875518672,False,,,,,,,,,,,,,,,
tune,satimage,0,power,-1.5,1,0.8672199170124482,0.8423236514522822,False,,,,,,,,,,,,,,,
tune,satimage,0,power,-1.5,2,0.8672199170124482,0.8682572614107884,False,,,,,,,,,,,,,,,
tune,satimage,0,power,-1.5,4,0.6421161825726142,0.6255186721991701,False,,,,,,,,,,,,,,,
tune,satimage,0,power,-1.5,8,0.5964730290456431,0.6058091286307054,False,,,,,,,,,,,,,,,
tune,satimage,0,power,-1.5,16,0.483402489626556,0.48132780082987553,False,,,,,,,,,,,,,,,
tune,satimage,0,power,-1.5,32,0.0975103734439834,0.0975103734439834,False,,,,,,,,,,,,,,,
tune,satimage,0,power,-1.5,64,0.0975103734439834,0.0975103734439834,False,,,,,,,,,,,,,,,
tune,satimage,0,power,-1.5,128,0.043568464730290454,0.03941908713692946,False,,,,,,,,,,,,,,,
tune,satimage,0,power,-1.0,0.5,0.9128630705394191,0.8890041493775933,False,,,,,,,,,,,,,,,
tune,satimage,0,power,-1.0,1,0.9045643153526971,0.8890041493775933,False,,,,,,,,,,,,,,,
tune,satimage,0,power,-1.0,2,0.8900414937759336,0.8838174273858921,False,,,,,,,,,,,,,,,
tune,satimage,0,power,-1.0,4,0.8796680497925311,0.8848547717842323,False,,,,,,,,,,,,,,,
tune,satimage,0,power,-1.0,8,0.808091286307054,0.7935684647302904,False,,,,,,,,,,,,,,,
tune,satimage,0,power,-1.0,16,0.5860995850622407,0.5622406639004149,False,,,,,,,,,,,,,,,
tune,satimage,0,power,-1.0,32,0.7759336099585062,0.7686721991701245,False,,,,,,,,,,,,,,,
tune,satimage,0,power,-1.0,64,0.20643153526970953,0.19813278008298754,False,,,,,,,,,,,,,,,
tune,satimage,0,power,-1.0,128,0.47717842323651455,0.4605809128630705,False,,,,,,,,,,,,,,,
tune,satimage,0,power,-0.8,0.5,0.8890041493775933,0.8765560165975104,False,,,,,,,,,,,,,,,
tune,satimage,0,power,-0.8,1,0.9097510373443983,0.8931535269709544,False,,,,,,,,,,,,,,,
tune,satimage,0,power,-0.8,2,0.9056016597510373,0.8931535269709544,False,,,,,,,,,,,,,,,
tune,satimage,0,power,-0.8,4,0.9066390041493776,0.8807053941908713,False,,,,,,,,,,,,,,,
tune,satimage,0,power,-0.8,8,0.8910788381742739,0.8724066390041494,False,,,,,,,,,,,,,,,
tune,satimage,0,power,-0.8,16,0.8765560165975104,0.8589211618257261,False,,,,,,,,,,,,,,,
tune,satimage,0,power,-0.8,32,0.700207468879668,0.6732365145228216,False,,,,,,,,,,,,,,,
tune,satimage,0,power,-0.8,64,0.41804979253112035,0.4149377593360996,False,,,,,,,,,,,,,,,
tune,satimage,0,power,-0.8,128,0.42946058091286304,0.4139004149377593,False,,,,,,,,,,,,,,,
tune,satimage,0,power,-0.6,0.5,0.8744813278008299,0.8724066390041494,False,,,,,,,,,,,,,,,
tune,satimage,0,power,-0.6,1,0.8941908713692946,0.8858921161825726,False,,,,,,,,,,,,,,,
tune,satimage,0,power,-0.6,2,0.9149377593360996,0.8983402489626556,False,,,,,,,,,,,,,,,
tune,satimage,0,power,-0.6,4,0.91701244813278,0.8983402489626556,False,,,,,,,,,,,,,,,
tune,satimage,0,power,-0.6,8,0.9118257261410788,0.8900414937759336,False,,,,,,,,,,,,,,,
tune,satimage,0,power,-0.6,16,0.8827800829875518,0.8651452282157677,False,,,,,,,,,,,,,,,
tune,satimage,0,power,-0.6,32,0.8993775933609959,0.8879668049792531,False,,,,,,,,,,,,,,,
tune,satimage,0,power,-0.6,64,0.8599585062240664,0.8682572614107884,False,,,,,,,,,,,,,,,
tune,satimage,0,power,-0.6,128,0.5176348547717843,0.4927385892116183,False,,,,,,,,,,,,,,,
tune,satimage,0,power,-0.4,0.5,0.8713692946058091,0.8661825726141079,False,,,,,,,,,,,,,,,
tune,satimage,0,power,-0.4,1,0.8973029045643154,0.8765560165975104,False,,,,,,,,,,,,,,,
tune,satimage,0,power,-0.4,2,0.9087136929460581,0.8931535269709544,False,,,,,,,,,,,,,,,
tune,satimage,0,power,-0.4,4,0.9180497925311203,0.9035269709543569,False,,,,,,,,,,,,,,,
tune,satimage,0,power,-0.4,8,0.9087136929460581,0.8993775933609959,False,,,,,,,,,,,,,,,
tune,satimage,0,power,-0.4,16,0.9024896265560166,0.8890041493775933,False,,,,,,,,,,,,,,,
tune,satimage,0,power,-0.4,32,0.8921161825726142,0.8921161825726142,False,,,,,,,,,,,,,,,
tune,satimage,0,power,-0.4,64,0.6763485477178424,0.6794605809128631,False,,,,,,,,,,,,,,,
tune,satimage,0,power,-0.4,128,0.3599585062240664,0.3755186721991701,False,,,,,,,,,,,,,,,
tune,satimage,0,power,-0.2,0.5,0.8609958506224067,0.8599585062240664,False,,,,,,,,,,,,,,,
tune,satimage,0,power,-0.2,1,0.8744813278008299,0.8692946058091287,False,,,,,,,,,,,,,,,
tune,satimage,0,power,-0.2,2,0.8962655601659751,0.8796680497925311,False,,,,,,,,,,,,,,,
tune,satimage,0,power,-0.2,4,0.9118257261410788,0.8879668049792531,False,,,,,,,,,,,,,,,
tune,satimage,0,power,-0.2,8,0.9118257261410788,0.8921161825726142,False,,,,,,,,,,,,,,,
tune,satimage,0,power,-0.2,16,0.9180497925311203,0.8952282157676349,False,,,,,,,,,,,,,,,
tune,satimage,0,power,-0.2,32,0.9056016597510373,0.9014522821576764,False,,,,,,,,,,,,,,,
tune,satimage,0,power,-0.2,64,0.7136929460580913,0.7136929460580913,False,,,,,,,,,,,,,,,
tune,satimage,0,power,-0.2,128,0.6576763485477178,0.6524896265560166,False,,,,,,,,,,,,,,,
tune,satimage,0,power,0.2,0.5,0.8526970954356846,0.8485477178423236,False,,,,,,,,,,,,,,,
tune,satimage,0,power,0.2,1,0.8558091286307054,0.8568464730290456,False,,,,,,,,,,,,,,,
tune,satimage,0,power,0.2,2,0.8713692946058091,0.8589211618257261,False,,,,,,,,,,,,,,,
tune,satimage,0,power,0.2,4,0.8900414937759336,0.8755186721991701,False,,,,,,,,,,,,,,,
tune,satimage,0,power,0.2,8,0.9035269709543569,0.8921161825726142,False,,,,,,,,,,,,,,,
tune,satimage,0,power,0.2,16,0.9139004149377593,0.9118257261410788,False,,,,,,,,,,,,,,,
tune,satimage,0,power,0.2,32,0.9107883817427386,0.9035269709543569,False,,,,,,,,,,,,,,,
tune,satimage,0,power,0.2,64,0.5809128630705395,0.5736514522821576,False,,,,,,,,,,,,,,,
tune,satimage,0,power,0.2,128,0.3620331950207469,0.36721991701244816,False,,,,,,,,,,,,,,,
tune,satimage,0,power,0.5,0.5,0.8412863070539419,0.8464730290456431,False,,,,,,,,,,,,,,,
tune,satimage,0,power,0.5,1,0.8537344398340249,0.8537344398340249,False,,,,,,,,,,,,,,,
tune,satimage,0,power,0.5,2,0.8641078838174274,0.8537344398340249,False,,,,,,,,,,,,,,,
tune,satimage,0,power,0.5,4,0.8734439834024896,0.8620331950207469,False,,,,,,,,,,,,,,,
tune,satimage,0,power,0.5,8,0.8890041493775933,0.8744813278008299,False,,,,,,,,,,,,,,,
tune,satimage,0,power,0.5,16,0.8993775933609959,0.8869294605809128,False,,,,,,,,,,,,,,,
tune,satimage,0,power,0.5,32,0.6680497925311203,0.6576763485477178,False,,,,,,,,,,,,,,,
tune,satimage,0,power,0.5,64,0.3454356846473029,0.3495850622406639,False,,,,,,,,,,,,,,,
tune,satimage,0,power,0.5,128,0.14522821576763487,0.1421161825726141,False,,,,,,,,,,,,,,,
tune,satimage,0,power,1.0,0.5,0.8506224066390041,0.8412863070539419,False,,,,,,,,,,,,,,,
tune,satimage,0,power,1.0,1,0.8101659751037344,0.774896265560166,False,,,,,,,,,,,,,,,
tune,satimage,0,power,1.0,2,0.8454356846473029,0.8381742738589212,False,,,,,,,,,,,,,,,
tune,satimage,0,power,1.0,4,0.7033195020746889,0.691908713692946,False,,,,,,,,,,,,,,,
tune,satimage,0,power,1.0,8,0.6981327800829875,0.7012448132780082,False,,,,,,,,,,,,,,,
tune,satimage,0,power,1.0,16,0.5736514522821576,0.5746887966804979,False,,,,,,,,,,,,,,,
tune,satimage,0,power,1.0,32,0.558091286307054,0.5601659751037344,False,,,,,,,,,,,,,,,
tune,satimage,0,power,1.0,64,0.13278008298755187,0.12551867219917012,False,,,,,,,,,,,,,,,
tune,satimage,0,power,1.0,128,0.1037344398340249,0.1037344398340249,False,,,,,,,,,,,,,,,
tune,satimage,0,power,1.5,0.5,0.7188796680497925,0.720954356846473,False,,,,,,,,,,,,,,,
tune,satimage,0,power,1.5,1,0.08713692946058091,0.0912863070539419,False,,,,,,,,,,,,,,,
tune,satimage,0,power,1.5,2,0.032157676348547715,0.01867219917012448,False,,,,,,,,,,,,,,,
tune,satimage,0,power,1.5,4,0.4605809128630705,0.4605809128630705,False,,,,,,,,,,,,,,,
tune,satimage,0,power,1.5,8,0.31950207468879666,0.3049792531120332,False,,,,,,,,,,,,,,,
tune,satimage,0,power,1.5,16,0.2074688796680498,0.20435684647302904,False,,,,,,,,,,,,,,,
tune,satimage,0,power,1.5,32,0.09336099585062241,0.09439834024896265,False,,,,,,,,,,,,,,,
tune,satimage,0,power,1.5,64,0.03423236514522822,0.035269709543568464,False,,,,,,,,,,,,,,,
tune,satimage,0,power,1.5,128,0.038381742738589214,0.03423236514522822,False,,,,,,,,,,,,,,,
best,satimage,0,gradient descent,,16,0.9232365145228216,0.9107883817427386,False,0,,,,,,,,,,,,,,
best,satimage,0,power,-0.4,4,0.9180497925311203,0.9035269709543569,False,0,,,,,,,,,,,,,,
seed,satimage,0,power,-0.4,4,0.9045643153526971,0.8910788381742739,False,,100,,,,,,,,,,,,,
seed,satimage,0,gradient descent,,16,0.9014522821576764,0.8910788381742739,False,,100,,,,,,,,,,,,,
seed,satimage,0,power,-0.4,4,0.8993775933609959,0.8931535269709544,False,,101,,,,,,,,,,,,,
seed,satimage,0,gradient descent,,16,0.9045643153526971,0.8983402489626556,False,,101,,,,,,,,,,,,,
seed,satimage,0,power,-0.4,4,0.9076763485477178,0.8931535269709544,False,,102,,,,,,,,,,,,,
seed,satimage,0,gradient descent,,16,0.9232365145228216,0.9076763485477178,False,,102,,,,,,,,,,,,,
seed,satimage,0,power,-0.4,4,0.9076763485477178,0.8941908713692946,False,,103,,,,,,,,,,,,,
seed,satimage,0,gradient descent,,16,0.9066390041493776,0.8921161825726142,False,,103,,,,,,,,,,,,,
seed,satimage,0,power,-0.4,4,0.9024896265560166,0.8921161825726142,False,,104,,,,,,,,,,,,,
seed,satimage,0,gradient descent,,16,0.9190871369294605,0.9045643153526971,False,,104,,,,,,,,,,,,,
seed,satimage,0,power,-0.4,4,0.9159751037344398,0.8973029045643154,False,,105,,,,,,,,,,,,,
seed,satimage,0,gradient descent,,16,0.808091286307054,0.7977178423236515,False,,105,,,,,,,,,,,,,
seed,satimage,0,power,-0.4,4,0.9076763485477178,0.8931535269709544,False,,106,,,,,,,,,,,,,
seed,satimage,0,gradient descent,,16,0.9076763485477178,0.9004149377593361,False,,106,,,,,,,,,,,,,
seed,satimage,0,power,-0.4,4,0.9087136929460581,0.8931535269709544,False,,107,,,,,,,,,,,,,
seed,satimage,0,gradient descent,,16,0.9118257261410788,0.8993775933609959,False,,107,,,,,,,,,,,,,
split_summary,satimage,0,,,,,,,,,0.6,4,16,0.7002074688796698,1.3372075171419744,8,2,1,,,,,
tune,satimage,1,gradient descent,,0.5,0.8495850622406639,0.8360995850622407,False,,,,,,,,,,,,,,,
tune,satimage,1,gradient descent,,1,0.8609958506224067,0.8485477178423236,False,,,,,,,,,,,,,,,
tune,satimage,1,gradient descent,,2,0.8724066390041494,0.8651452282157677,False,,,,,,,,,,,,,,,
tune,satimage,1,gradient descent,,4,0.8838174273858921,0.8755186721991701,False,,,,,,,,,,,,,,,
tune,satimage,1,gradient descent,,8,0.9004149377593361,0.8838174273858921,False,,,,,,,,,,,,,,,
tune,satimage,1,gradient descent,,16,0.9097510373443983,0.8775933609958506,False,,,,,,,,,,,,,,,
tune,satimage,1,gradient descent,,32,0.8879668049792531,0.8817427385892116,False,,,,,,,,,,,,,,,
tune,satimage,1,gradient descent,,64,0.6628630705394191,0.6504149377593361,False,,,,,,,,,,,,,,,
tune,satimage,1,gradient descent,,128,0.3350622406639004,0.30601659751037347,False,,,,,,,,,,,,,,,
tune,satimage,1,power,-1.5,0.5,0.7780082987551867,0.7634854771784232,False,,,,,,,,,,,,,,,
tune,satimage,1,power,-1.5,1,0.8641078838174274,0.8589211618257261,False,,,,,,,,,,,,,,,
tune,satimage,1,power,-1.5,2,0.8599585062240664,0.8526970954356846,False,,,,,,,,,,,,,,,
tune,satimage,1,power,-1.5,4,0.6348547717842323,0.6327800829875518,False,,,,,,,,,,,,,,,
tune,satimage,1,power,-1.5,8,0.6016597510373444,0.5954356846473029,False,,,,,,,,,,,,,,,
tune,satimage,1,power,-1.5,16,0.40560165975103735,0.41286307053941906,False,,,,,,,,,,,,,,,
tune,satimage,1,power,-1.5,32,0.16390041493775934,0.14315352697095435,False,,,,,,,,,,,,,,,
tune,satimage,1,power,-1.5,64,0.07468879668049792,0.06224066390041494,False,,,,,,,,,,,,,,,
tune,satimage,1,power,-1.5,128,0.23858921161825727,0.23858921161825727,False,,,,,,,,,,,,,,,
tune,satimage,1,power,-1.0,0.5,0.8817427385892116,0.8734439834024896,False,,,,,,,,,,,,,,,
tune,satimage,1,power,-1.0,1,0.8838174273858921,0.8807053941908713,False,,,,,,,,,,,,,,,
tune,satimage,1,power,-1.0,2,0.8858921161825726,0.8755186721991701,False,,,,,,,,,,,,,,,
tune,satimage,1,power,-1.0,4,0.8755186721991701,0.8703319502074689,False,,,,,,,,,,,,,,,
tune,satimage,1,power,-1.0,8,0.8589211618257261,0.8392116182572614,False,,,,,,,,,,,,,,,
tune,satimage,1,power,-1.0,16,0.7157676348547718,0.7219917012448133,False,,,,,,,,,,,,,,,
tune,satimage,1,power,-1.0,32,0.5601659751037344,0.5466804979253111,False,,,,,,,,,,,,,,,
tune,satimage,1,power,-1.0,64,0.26867219917012447,0.274896265560166,False,,,,,,,,,,,,,,,
tune,satimage,1,power,-1.0,128,0.23132780082987553,0.23236514522821577,False,,,,,,,,,,,,,,,
tune,satimage,1,power,-0.8,0.5,0.8775933609958506,0.8703319502074689,False,,,,,,,,,,,,,,,
tune,satimage,1,power,-0.8,1,0.8879668049792531,0.8796680497925311,False,,,,,,,,,,,,,,,
tune,satimage,1,power,-0.8,2,0.8941908713692946,0.8817427385892116,False,,,,,,,,,,,,,,,
tune,satimage,1,power,-0.8,4,0.8838174273858921,0.8744813278008299,False,,,,,,,,,,,,,,,
tune,satimage,1,power,-0.8,8,0.8724066390041494,0.8682572614107884,False,,,,,,,,,,,,,,,
tune,satimage,1,power,-0.8,16,0.8827800829875518,0.8547717842323651,False,,,,,,,,,,,,,,,
tune,satimage,1,power,-0.8,32,0.83298755186722,0.8195020746887967,False,,,,,,,,,,,,,,,
tune,satimage,1,power,-0.8,64,0.7531120331950207,0.7551867219917012,False,,,,,,,,,,,,,,,
tune,satimage,1,power,-0.8,128,0.23858921161825727,0.23651452282157676,False,,,,,,,,,,,,,,,
tune,satimage,1,power,-0.6,0.5,0.8744813278008299,0.8661825726141079,False,,,,,,,,,,,,,,,
tune,satimage,1,power,-0.6,1,0.8838174273858921,0.8765560165975104,False,,,,,,,,,,,,,,,
tune,satimage,1,power,-0.6,2,0.8973029045643154,0.8807053941908713,False,,,,,,,,,,,,,,,
tune,satimage,1,power,-0.6,4,0.8890041493775933,0.8869294605809128,False,,,,,,,,,,,,,,,
tune,satimage,1,power,-0.6,8,0.8838174273858921,0.8890041493775933,False,,,,,,,,,,,,,,,
tune,satimage,1,power,-0.6,16,0.8796680497925311,0.8734439834024896,False,,,,,,,,,,,,,,,
tune,satimage,1,power,-0.6,32,0.8682572614107884,0.8651452282157677,False,,,,,,,,,,,,,,,
tune,satimage,1,power,-0.6,64,0.6908713692946058,0.6804979253112033,False,,,,,,,,,,,,,,,
tune,satimage,1,power,-0.6,128,0.2354771784232365,0.23443983402489627,False,,,,,,,,,,,,,,,
tune,satimage,1,power,-0.4,0.5,0.8641078838174274,0.8547717842323651,False,,,,,,,,,,,,,,,
tune,satimage,1,power,-0.4,1,0.8786307053941909,0.8703319502074689,False,,,,,,,,,,,,,,,
tune,satimage,1,power,-0.4,2,0.8827800829875518,0.8786307053941909,False,,,,,,,,,,,,,,,
tune,satimage,1,power,-0.4,4,0.8931535269709544,0.8869294605809128,False,,,,,,,,,,,,,,,
tune,satimage,1,power,-0.4,8,0.8973029045643154,0.8775933609958506,False,,,,,,,,,,,,,,,
tune,satimage,1,power,-0.4,16,0.8921161825726142,0.8858921161825726,False,,,,,,,,,,,,,,,
tune,satimage,1,power,-0.4,32,0.8900414937759336,0.8931535269709544,False,,,,,,,,,,,,,,,
tune,satimage,1,power,-0.4,64,0.725103734439834,0.7064315352697096,False,,,,,,,,,,,,,,,
tune,satimage,1,power,-0.4,128,0.27074688796680496,0.25933609958506226,False,,,,,,,,,,,,,,,
tune,satimage,1,power,-0.2,0.5,0.8547717842323651,0.8392116182572614,False,,,,,,,,,,,,,,,
tune,satimage,1,power,-0.2,1,0.8703319502074689,0.8609958506224067,False,,,,,,,,,,,,,,,
tune,satimage,1,power,-0.2,2,0.8807053941908713,0.8744813278008299,False,,,,,,,,,,,,,,,
tune,satimage,1,power,-0.2,4,0.8952282157676349,0.8796680497925311,False,,,,,,,,,,,,,,,
tune,satimage,1,power,-0.2,8,0.9056016597510373,0.8869294605809128,False,,,,,,,,,,,,,,,
tune,satimage,1,power,-0.2,16,0.8973029045643154,0.8848547717842323,False,,,,,,,,,,,,,,,
tune,satimage,1,power,-0.2,32,0.8962655601659751,0.8879668049792531,False,,,,,,,,,,,,,,,
tune,satimage,1,power,-0.2,64,0.6659751037344398,0.6576763485477178,False,,,,,,,,,,,,,,,
tune,satimage,1,power,-0.2,128,0.6607883817427386,0.6535269709543569,False,,,,,,,,,,,,,,,
tune,satimage,1,power,0.2,0.5,0.8443983402489627,0.8350622406639004,False,,,,,,,,,,,,,,,
tune,satimage,1,power,0.2,1,0.8568464730290456,0.8412863070539419,False,,,,,,,,,,,,,,,
tune,satimage,1,power,0.2,2,0.8672199170124482,0.8568464730290456,False,,,,,,,,,,,,,,,
tune,satimage,1,power,0.2,4,0.8775933609958506,0.8672199170124482,False,,,,,,,,,,,,,,,
tune,satimage,1,power,0.2,8,0.8869294605809128,0.8765560165975104,False,,,,,,,,,,,,,,,
tune,satimage,1,power,0.2,16,0.8921161825726142,0.8848547717842323,False,,,,,,,,,,,,,,,
tune,satimage,1,power,0.2,32,0.8609958506224067,0.8547717842323651,False,,,,,,,,,,,,,,,
tune,satimage,1,power,0.2,64,0.4211618257261411,0.4170124481327801,False,,,,,,,,,,,,,,,
tune,satimage,1,power,0.2,128,0.3475103734439834,0.3620331950207469,False,,,,,,,,,,,,,,,
tune,satimage,1,power,0.5,0.5,0.8371369294605809,0.8298755186721992,False,,,,,,,,,,,,,,,
tune,satimage,1,power,0.5,1,0.8443983402489627,0.8340248962655602,False,,,,,,,,,,,,,,,
tune,satimage,1,power,0.5,2,0.8578838174273858,0.8443983402489627,False,,,,,,,,,,,,,,,
tune,satimage,1,power,0.5,4,0.8703319502074689,0.8589211618257261,False,,,,,,,,,,,,,,,
tune,satimage,1,power,0.5,8,0.8786307053941909,0.8682572614107884,False,,,,,,,,,,,,,,,
tune,satimage,1,power,0.5,16,0.8827800829875518,0.8817427385892116,False,,,,,,,,,,,,,,,
tune,satimage,1,power,0.5,32,0.6618257261410788,0.6524896265560166,False,,,,,,,,,,,,,,,
tune,satimage,1,power,0.5,64,0.3392116182572614,0.34232365145228216,False,,,,,,,,,,,,,,,
tune,satimage,1,power,0.5,128,0.34024896265560167,0.3392116182572614,False,,,,,,,,,,,,,,,
tune,satimage,1,power,1.0,0.5,0.828838174273859,0.8246887966804979,False,,,,,,,,,,,,,,,
tune,satimage,1,power,1.0,1,0.8360995850622407,0.8319502074688797,False,,,,,,,,,,,,,,,
tune,satimage,1,power,1.0,2,0.8433609958506224,0.8381742738589212,False,,,,,,,,,,,,,,,
tune,satimage,1,power,1.0,4,0.8599585062240664,0.8433609958506224,False,,,,,,,,,,,,,,,
tune,satimage,1,power,1.0,8,0.6545643153526971,0.6462655601659751,False,,,,,,,,,,,,,,,
tune,satimage,1,power,1.0,16,0.5767634854771784,0.5726141078838174,False,,,,,,,,,,,,,,,
tune,satimage,1,power,1.0,32,0.33713692946058094,0.3412863070539419,False,,,,,,,,,,,,,,,
tune,satimage,1,power,1.0,64,0.3412863070539419,0.34024896265560167,False,,,,,,,,,,,,,,,
tune,satimage,1,power,1.0,128,0.3381742738589212,0.3412863070539419,False,,,,,,,,,,,,,,,
tune,satimage,1,power,1.5,0.5,0.4004149377593361,0.4066390041493776,False,,,,,,,,,,,,,,,
tune,satimage,1,power,1.5,1,0.4699170124481328,0.4657676348547718,False,,,,,,,,,,,,,,,
tune,satimage,1,power,1.5,2,0.6068464730290456,0.6026970954356846,False,,,,,,,,,,,,,,,
tune,satimage,1,power,1.5,4,0.5238589211618258,0.529045643153527,False,,,,,,,,,,,,,,,
tune,satimage,1,power,1.5,8,0.3278008298755187,0.3309128630705394,False,,,,,,,,,,,,,,,
tune,satimage,1,power,1.5,16,0.32053941908713696,0.3236514522821577,False,,,,,,,,,,,,,,,
tune,satimage,1,power,1.5,32,0.13692946058091288,0.1358921161825726,False,,,,,,,,,,,,,,,
tune,satimage,1,power,1.5,64,0.3215767634854772,0.31950207468879666,False,,,,,,,,,,,,,,,
tune,satimage,1,power,1.5,128,0.2354771784232365,0.23029045643153526,False,,,,,,,,,,,,,,,
best,satimage,1,gradient descent,,16,0.9097510373443983,0.8775933609958506,False,0,,,,,,,,,,,,,,
best,satimage,1,power,-0.2,8,0.9056016597510373,0.8869294605809128,False,0,,,,,,,,,,,,,,
seed,satimage,1,power,-0.2,8,0.8910788381742739,0.8817427385892116,False,,100,,,,,,,,,,,,,
seed,satimage,1,gradient descent,,16,0.8890041493775933,0.8838174273858921,False,,100,,,,,,,,,,,,,
seed,satimage,1,power,-0.2,8,0.8869294605809128,0.8827800829875518,False,,101,,,,,,,,,,,,,
seed,satimage,1,gradient descent,,16,0.9076763485477178,0.8890041493775933,False,,101,,,,,,,,,,,,,
seed,satimage,1,power,-0.2,8,0.8900414937759336,0.8858921161825726,False,,102,,,,,,,,,,,,,
seed,satimage,1,gradient descent,,16,0.8921161825726142,0.8848547717842323,False,,102,,,,,,,,,,,,,
seed,satimage,1,power,-0.2,8,0.8931535269709544,0.8848547717842323,False,,103,,,,,,,,,,,,,
seed,satimage,1,gradient descent,,16,0.9045643153526971,0.8817427385892116,False,,103,,,,,,,,,,,,,
seed,satimage,1,power,-0.2,8,0.8931535269709544,0.8848547717842323,False,,104,,,,,,,,,,,,,
seed,satimage,1,gradient descent,,16,0.8993775933609959,0.8931535269709544,False,,104,,,,,,,,,,,,,
seed,satimage,1,power,-0.2,8,0.9014522821576764,0.8713692946058091,False,,105,,,,,,,,,,,,,
seed,satimage,1,gradient descent,,16,0.8973029045643154,0.8838174273858921,False,,105,,,,,,,,,,,,,
seed,satimage,1,power,-0.2,8,0.8952282157676349,0.8858921161825726,False,,106,,,,,,,,,,,,,
seed,satimage,1,gradient descent,,16,0.8879668049792531,0.8775933609958506,False,,106,,,,,,,,,,,,,
seed,satimage,1,power,-0.2,8,0.8838174273858921,0.8682572614107884,False,,107,,,,,,,,,,,,,
seed,satimage,1,gradient descent,,16,0.8952282157676349,0.8775933609958506,False,,107,,,,,,,,,,,,,
split_summary,satimage,1,,,,,,,,,0.8,8,16,-0.32417012448132804,0.24985445578535884,8,3,0,,,,,
tune,satimage,2,gradient descent,,0.5,0.8630705394190872,0.8495850622406639,False,,,,,,,,,,,,,,,
tune,satimage,2,gradient descent,,1,0.8692946058091287,0.8589211618257261,False,,,,,,,,,,,,,,,
tune,satimage,2,gradient descent,,2,0.8879668049792531,0.8744813278008299,False,,,,,,,,,,,,,,,
tune,satimage,2,gradient descent,,4,0.8983402489626556,0.8952282157676349,False,,,,,,,,,,,,,,,
tune,satimage,2,gradient descent,,8,0.9056016597510373,0.9056016597510373,False,,,,,,,,,,,,,,,
tune,satimage,2,gradient descent,,16,0.9087136929460581,0.9004149377593361,False,,,,,,,,,,,,,,,
tune,satimage,2,gradient descent,,32,0.9087136929460581,0.9004149377593361,False,,,,,,,,,,,,,,,
tune,satimage,2,gradient descent,,64,0.6721991701244814,0.6587136929460581,False,,,,,,,,,,,,,,,
tune,satimage,2,gradient descent,,128,0.4221991701244813,0.42738589211618255,False,,,,,,,,,,,,,,,
tune,satimage,2,power,-1.5,0.5,0.8724066390041494,0.8526970954356846,False,,,,,,,,,,,,,,,
tune,satimage,2,power,-1.5,1,0.8620331950207469,0.8443983402489627,False,,,,,,,,,,,,,,,
tune,satimage,2,power,-1.5,2,0.8516597510373444,0.8485477178423236,False,,,,,,,,,,,,,,,
tune,satimage,2,power,-1.5,4,0.803941908713693,0.8049792531120332,False,,,,,,,,,,,,,,,
tune,satimage,2,power,-1.5,8,0.45228215767634855,0.4574688796680498,False,,,,,,,,,,,,,,,
tune,satimage,2,power,-1.5,16,0.5508298755186722,0.5466804979253111,False,,,,,,,,,,,,,,,
tune,satimage,2,power,-1.5,32,0.2551867219917012,0.2479253112033195,False,,,,,,,,,,,,,,,
tune,satimage,2,power,-1.5,64,0.10892116182572614,0.1037344398340249,False,,,,,,,,,,,,,,,
tune,satimage,2,power,-1.5,128,0.23443983402489627,0.23443983402489627,False,,,,,,,,,,,,,,,
tune,satimage,2,power,-1.0,0.5,0.8952282157676349,0.8838174273858921,False,,,,,,,,,,,,,,,
tune,satimage,2,power,-1.0,1,0.8931535269709544,0.8921161825726142,False,,,,,,,,,,,,,,,
tune,satimage,2,power,-1.0,2,0.8910788381742739,0.8807053941908713,False,,,,,,,,,,,,,,,
tune,satimage,2,power,-1.0,4,0.8506224066390041,0.8443983402489627,False,,,,,,,,,,,,,,,
tune,satimage,2,power,-1.0,8,0.6068464730290456,0.6244813278008299,False,,,,,,,,,,,,,,,
tune,satimage,2,power,-1.0,16,0.745850622406639,0.754149377593361,False,,,,,,,,,,,,,,,
tune,satimage,2,power,-1.0,32,0.3796680497925311,0.38278008298755184,False,,,,,,,,,,,,,,,
tune,satimage,2,power,-1.0,64,0.21680497925311204,0.21784232365145229,False,,,,,,,,,,,,,,,
tune,satimage,2,power,-1.0,128,0.23443983402489627,0.23443983402489627,False,,,,,,,,,,,,,,,
tune,satimage,2,power,-0.8,0.5,0.8952282157676349,0.8807053941908713,False,,,,,,,,,,,,,,,
tune,satimage,2,power,-0.8,1,0.8952282157676349,0.8941908713692946,False,,,,,,,,,,,,,,,
tune,satimage,2,power,-0.8,2,0.8952282157676349,0.9045643153526971,False,,,,,,,,,,,,,,,
tune,satimage,2,power,-0.8,4,0.8786307053941909,0.8744813278008299,False,,,,,,,,,,,,,,,
tune,satimage,2,power,-0.8,8,0.8869294605809128,0.8807053941908713,False,,,,,,,,,,,,,,,
tune,satimage,2,power,-0.8,16,0.8630705394190872,0.8661825726141079,False,,,,,,,,,,,,,,,
tune,satimage,2,power,-0.8,32,0.754149377593361,0.7365145228215768,False,,,,,,,,,,,,,,,
tune,satimage,2,power,-0.8,64,0.5570539419087137,0.5663900414937759,False,,,,,,,,,,,,,,,
tune,satimage,2,power,-0.8,128,0.3215767634854772,0.3236514522821577,False,,,,,,,,,,,,,,,
tune,satimage,2,power,-0.6,0.5,0.8817427385892116,0.8724066390041494,False,,,,,,,,,,,,,,,
tune,satimage,2,power,-0.6,1,0.8931535269709544,0.8921161825726142,False,,,,,,,,,,,,,,,
tune,satimage,2,power,-0.6,2,0.9024896265560166,0.9107883817427386,False,,,,,,,,,,,,,,,
tune,satimage,2,power,-0.6,4,0.8993775933609959,0.9097510373443983,False,,,,,,,,,,,,,,,
tune,satimage,2,power,-0.6,8,0.9024896265560166,0.9004149377593361,False,,,,,,,,,,,,,,,
tune,satimage,2,power,-0.6,16,0.9035269709543569,0.8983402489626556,False,,,,,,,,,,,,,,,
tune,satimage,2,power,-0.6,32,0.8838174273858921,0.8817427385892116,False,,,,,,,,,,,,,,,
tune,satimage,2,power,-0.6,64,0.7178423236514523,0.691908713692946,False,,,,,,,,,,,,,,,
tune,satimage,2,power,-0.6,128,0.6089211618257261,0.5933609958506224,False,,,,,,,,,,,,,,,
tune,satimage,2,power,-0.4,0.5,0.8775933609958506,0.8599585062240664,False,,,,,,,,,,,,,,,
tune,satimage,2,power,-0.4,1,0.8900414937759336,0.8848547717842323,False,,,,,,,,,,,,,,,
tune,satimage,2,power,-0.4,2,0.8941908713692946,0.8983402489626556,False,,,,,,,,,,,,,,,
tune,satimage,2,power,-0.4,4,0.9087136929460581,0.9056016597510373,False,,,,,,,,,,,,,,,
tune,satimage,2,power,-0.4,8,0.8983402489626556,0.8993775933609959,False,,,,,,,,,,,,,,,
tune,satimage,2,power,-0.4,16,0.8962655601659751,0.8952282157676349,False,,,,,,,,,,,,,,,
tune,satimage,2,power,-0.4,32,0.9056016597510373,0.8900414937759336,False,,,,,,,,,,,,,,,
tune,satimage,2,power,-0.4,64,0.8838174273858921,0.8900414937759336,False,,,,,,,,,,,,,,,
tune,satimage,2,power,-0.4,128,0.6649377593360996,0.6597510373443983,False,,,,,,,,,,,,,,,
tune,satimage,2,power,-0.2,0.5,0.8651452282157677,0.8558091286307054,False,,,,,,,,,,,,,,,
tune,satimage,2,power,-0.2,1,0.8807053941908713,0.8682572614107884,False,,,,,,,,,,,,,,,
tune,satimage,2,power,-0.2,2,0.8900414937759336,0.8858921161825726,False,,,,,,,,,,,,,,,
tune,satimage,2,power,-0.2,4,0.9014522821576764,0.9024896265560166,False,,,,,,,,,,,,,,,
tune,satimage,2,power,-0.2,8,0.9076763485477178,0.8983402489626556,False,,,,,,,,,,,,,,,
tune,satimage,2,power,-0.2,16,0.9107883817427386,0.9004149377593361,False,,,,,,,,,,,,,,,
tune,satimage,2,power,-0.2,32,0.9076763485477178,0.9014522821576764,False,,,,,,,,,,,,,,,
tune,satimage,2,power,-0.2,64,0.8910788381742739,0.8941908713692946,False,,,,,,,,,,,,,,,
tune,satimage,2,power,-0.2,128,0.42738589211618255,0.4367219917012448,False,,,,,,,,,,,,,,,
tune,satimage,2,power,0.2,0.5,0.8599585062240664,0.8464730290456431,False,,,,,,,,,,,,,,,
tune,satimage,2,power,0.2,1,0.8641078838174274,0.8526970954356846,False,,,,,,,,,,,,,,,
tune,satimage,2,power,0.2,2,0.8724066390041494,0.8630705394190872,False,,,,,,,,,,,,,,,
tune,satimage,2,power,0.2,4,0.8879668049792531,0.8858921161825726,False,,,,,,,,,,,,,,,
tune,satimage,2,power,0.2,8,0.8962655601659751,0.8993775933609959,False,,,,,,,,,,,,,,,
tune,satimage,2,power,0.2,16,0.9056016597510373,0.8921161825726142,False,,,,,,,,,,,,,,,
tune,satimage,2,power,0.2,32,0.8091286307053942,0.8132780082987552,False,,,,,,,,,,,,,,,
tune,satimage,2,power,0.2,64,0.5746887966804979,0.5767634854771784,False,,,,,,,,,,,,,,,
tune,satimage,2,power,0.2,128,0.4211618257261411,0.41597510373443985,False,,,,,,,,,,,,,,,
tune,satimage,2,power,0.5,0.5,0.8485477178423236,0.8443983402489627,False,,,,,,,,,,,,,,,
tune,satimage,2,power,0.5,1,0.8651452282157677,0.8495850622406639,False,,,,,,,,,,,,,,,
tune,satimage,2,power,0.5,2,0.8661825726141079,0.8558091286307054,False,,,,,,,,,,,,,,,
tune,satimage,2,power,0.5,4,0.8744813278008299,0.8641078838174274,False,,,,,,,,,,,,,,,
tune,satimage,2,power,0.5,8,0.8879668049792531,0.8838174273858921,False,,,,,,,,,,,,,,,
tune,satimage,2,power,0.5,16,0.7271784232365145,0.716804979253112,False,,,,,,,,,,,,,,,
tune,satimage,2,power,0.5,32,0.5778008298755186,0.5798755186721992,False,,,,,,,,,,,,,,,
tune,satimage,2,power,0.5,64,0.34232365145228216,0.3433609958506224,False,,,,,,,,,,,,,,,
tune,satimage,2,power,0.5,128,0.3412863070539419,0.3412863070539419,False,,,,,,,,,,,,,,,
tune,satimage,2,power,1.0,0.5,0.8423236514522822,0.8381742738589212,False,,,,,,,,,,,,,,,
tune,satimage,2,power,1.0,1,0.8475103734439834,0.8392116182572614,False,,,,,,,,,,,,,,,
tune,satimage,2,power,1.0,2,0.8578838174273858,0.8443983402489627,False,,,,,,,,,,,,,,,
tune,satimage,2,power,1.0,4,0.8672199170124482,0.8630705394190872,False,,,,,,,,,,,,,,,
tune,satimage,2,power,1.0,8,0.7012448132780082,0.6908713692946058,False,,,,,,,,,,,,,,,
tune,satimage,2,power,1.0,16,0.3506224066390041,0.3537344398340249,False,,,,,,,,,,,,,,,
tune,satimage,2,power,1.0,32,0.34024896265560167,0.3381742738589212,False,,,,,,,,,,,,,,,
tune,satimage,2,power,1.0,64,0.33713692946058094,0.3381742738589212,False,,,,,,,,,,,,,,,
tune,satimage,2,power,1.0,128,0.23962655601659752,0.23858921161825727,False,,,,,,,,,,,,,,,
tune,satimage,2,power,1.5,0.5,0.5217842323651453,0.5217842323651453,False,,,,,,,,,,,,,,,
tune,satimage,2,power,1.5,1,0.4429460580912863,0.4387966804979253,False,,,,,,,,,,,,,,,
tune,satimage,2,power,1.5,2,0.3817427385892116,0.3578838174273859,False,,,,,,,,,,,,,,,
tune,satimage,2,power,1.5,4,0.3309128630705394,0.33195020746887965,False,,,,,,,,,,,,,,,
tune,satimage,2,power,1.5,8,0.23651452282157676,0.23029045643153526,False,,,,,,,,,,,,,,,
tune,satimage,2,power,1.5,16,0.36099585062240663,0.35684647302904565,False,,,,,,,,,,,,,,,
tune,satimage,2,power,1.5,32,0.32987551867219916,0.3360995850622407,False,,,,,,,,,,,,,,,
tune,satimage,2,power,1.5,64,0.241701244813278,0.24066390041493776,False,,,,,,,,,,,,,,,
tune,satimage,2,power,1.5,128,0.3008298755186722,0.3112033195020747,False,,,,,,,,,,,,,,,
best,satimage,2,gradient descent,,16,0.9087136929460581,0.9004149377593361,False,0,,,,,,,,,,,,,,
best,satimage,2,power,-0.2,16,0.9107883817427386,0.9004149377593361,False,0,,,,,,,,,,,,,,
seed,satimage,2,power,-0.2,16,0.9004149377593361,0.8993775933609959,False,,100,,,,,,,,,,,,,
seed,satimage,2,gradient descent,,16,0.9045643153526971,0.9035269709543569,False,,100,,,,,,,,,,,,,
seed,satimage,2,power,-0.2,16,0.9087136929460581,0.9024896265560166,False,,101,,,,,,,,,,,,,
seed,satimage,2,gradient descent,,16,0.9190871369294605,0.9004149377593361,False,,101,,,,,,,,,,,,,
seed,satimage,2,power,-0.2,16,0.9045643153526971,0.8973029045643154,False,,102,,,,,,,,,,,,,
seed,satimage,2,gradient descent,,16,0.9149377593360996,0.8973029045643154,False,,102,,,,,,,,,,,,,
seed,satimage,2,power,-0.2,16,0.9097510373443983,0.9066390041493776,False,,103,,,,,,,,,,,,,
seed,satimage,2,gradient descent,,16,0.9190871369294605,0.8983402489626556,False,,103,,,,,,,,,,,,,
seed,satimage,2,power,-0.2,16,0.9066390041493776,0.8973029045643154,False,,104,,,,,,,,,,,,,
seed,satimage,2,gradient descent,,16,0.9118257261410788,0.8931535269709544,False,,104,,,,,,,,,,,,,
seed,satimage,2,power,-0.2,16,0.8993775933609959,0.8910788381742739,False,,105,,,,,,,,,,,,,
seed,satimage,2,gradient descent,,16,0.7956431535269709,0.7904564315352697,False,,105,,,,,,,,,,,,,
seed,satimage,2,power,-0.2,16,0.8993775933609959,0.8900414937759336,False,,106,,,,,,,,,,,,,
seed,satimage,2,gradient descent,,16,0.9149377593360996,0.9066390041493776,False,,106,,,,,,,,,,,,,
seed,satimage,2,power,-0.2,16,0.9066390041493776,0.9035269709543569,False,,107,,,,,,,,,,,,,
seed,satimage,2,gradient descent,,16,0.9097510373443983,0.9035269709543569,False,,107,,,,,,,,,,,,,
split_summary,satimage,2,,,,,,,,,0.8,16,16,1.1799792531120332,1.2951884569352548,8,4,2,,,,,
tune,satimage,3,gradient descent,,0.5,0.8558091286307054,0.8485477178423236,False,,,,,,,,,,,,,,,
tune,satimage,3,gradient descent,,1,0.8672199170124482,0.8578838174273858,False,,,,,,,,,,,,,,,
tune,satimage,3,gradient descent,,2,0.8910788381742739,0.8641078838174274,False,,,,,,,,,,,,,,,
tune,satimage,3,gradient descent,,4,0.9035269709543569,0.8775933609958506,False,,,,,,,,,,,,,,,
tune,satimage,3,gradient descent,,8,0.9159751037344398,0.8952282157676349,False,,,,,,,,,,,,,,,
tune,satimage,3,gradient descent,,16,0.9190871369294605,0.8921161825726142,False,,,,,,,,,,,,,,,
tune,satimage,3,gradient descent,,32,0.91701244813278,0.8993775933609959,False,,,,,,,,,,,,,,,
tune,satimage,3,gradient descent,,64,0.3433609958506224,0.34232365145228216,False,,,,,,,,,,,,,,,
tune,satimage,3,gradient descent,,128,0.10892116182572614,0.10892116182572614,False,,,,,,,,,,,,,,,
tune,satimage,3,power,-1.5,0.5,0.8838174273858921,0.8599585062240664,False,,,,,,,,,,,,,,,
tune,satimage,3,power,-1.5,1,0.783195020746888,0.7697095435684648,False,,,,,,,,,,,,,,,
tune,satimage,3,power,-1.5,2,0.8558091286307054,0.8547717842323651,False,,,,,,,,,,,,,,,
tune,satimage,3,power,-1.5,4,0.8381742738589212,0.8195020746887967,False,,,,,,,,,,,,,,,
tune,satimage,3,power,-1.5,8,0.508298755186722,0.49377593360995853,False,,,,,,,,,,,,,,,
tune,satimage,3,power,-1.5,16,0.39315352697095435,0.38278008298755184,False,,,,,,,,,,,,,,,
tune,satimage,3,power,-1.5,32,0.39107883817427386,0.4024896265560166,False,,,,,,,,,,,,,,,
tune,satimage,3,power,-1.5,64,0.23651452282157676,0.23651452282157676,False,,,,,,,,,,,,,,,
tune,satimage,3,power,-1.5,128,0.23858921161825727,0.23858921161825727,False,,,,,,,,,,,,,,,
tune,satimage,3,power,-1.0,0.5,0.9066390041493776,0.8786307053941909,False,,,,,,,,,,,,,,,
tune,satimage,3,power,-1.0,1,0.9035269709543569,0.8858921161825726,False,,,,,,,,,,,,,,,
tune,satimage,3,power,-1.0,2,0.9004149377593361,0.8775933609958506,False,,,,,,,,,,,,,,,
tune,satimage,3,power,-1.0,4,0.8807053941908713,0.8651452282157677,False,,,,,,,,,,,,,,,
tune,satimage,3,power,-1.0,8,0.8236514522821576,0.8122406639004149,False,,,,,,,,,,,,,,,
tune,satimage,3,power,-1.0,16,0.6037344398340249,0.5881742738589212,False,,,,,,,,,,,,,,,
tune,satimage,3,power,-1.0,32,0.6026970954356846,0.5871369294605809,False,,,,,,,,,,,,,,,
tune,satimage,3,power,-1.0,64,0.2800829875518672,0.2645228215767635,False,,,,,,,,,,,,,,,
tune,satimage,3,power,-1.0,128,0.23858921161825727,0.23858921161825727,False,,,,,,,,,,,,,,,
tune,satimage,3,power,-0.8,0.5,0.9056016597510373,0.8796680497925311,False,,,,,,,,,,,,,,,
tune,satimage,3,power,-0.8,1,0.9097510373443983,0.8786307053941909,False,,,,,,,,,,,,,,,
tune,satimage,3,power,-0.8,2,0.9045643153526971,0.8713692946058091,False,,,,,,,,,,,,,,,
tune,satimage,3,power,-0.8,4,0.9066390041493776,0.8713692946058091,False,,,,,,,,,,,,,,,
tune,satimage,3,power,-0.8,8,0.8900414937759336,0.8755186721991701,False,,,,,,,,,,,,,,,
tune,satimage,3,power,-0.8,16,0.8682572614107884,0.8651452282157677,False,,,,,,,,,,,,,,,
tune,satimage,3,power,-0.8,32,0.8163900414937759,0.799792531120332,False,,,,,,,,,,,,,,,
tune,satimage,3,power,-0.8,64,0.4470954356846473,0.4336099585062241,False,,,,,,,,,,,,,,,
tune,satimage,3,power,-0.8,128,0.23858921161825727,0.23858921161825727,False,,,,,,,,,,,,,,,
tune,satimage,3,power,-0.6,0.5,0.8890041493775933,0.8609958506224067,False,,,,,,,,,,,,,,,
tune,satimage,3,power,-0.6,1,0.9107883817427386,0.8744813278008299,False,,,,,,,,,,,,,,,
tune,satimage,3,power,-0.6,2,0.9118257261410788,0.8848547717842323,False,,,,,,,,,,,,,,,
tune,satimage,3,power,-0.6,4,0.9107883817427386,0.8744813278008299,False,,,,,,,,,,,,,,,
tune,satimage,3,power,-0.6,8,0.9014522821576764,0.8734439834024896,False,,,,,,,,,,,,,,,
tune,satimage,3,power,-0.6,16,0.9024896265560166,0.8869294605809128,False,,,,,,,,,,,,,,,
tune,satimage,3,power,-0.6,32,0.8765560165975104,0.8703319502074689,False,,,,,,,,,,,,,,,
tune,satimage,3,power,-0.6,64,0.6794605809128631,0.6856846473029046,False,,,,,,,,,,,,,,,
tune,satimage,3,power,-0.6,128,0.2697095435684647,0.28112033195020747,False,,,,,,,,,,,,,,,
tune,satimage,3,power,-0.4,0.5,0.8713692946058091,0.8537344398340249,False,,,,,,,,,,,,,,,
tune,satimage,3,power,-0.4,1,0.8931535269709544,0.8682572614107884,False,,,,,,,,,,,,,,,
tune,satimage,3,power,-0.4,2,0.9107883817427386,0.8765560165975104,False,,,,,,,,,,,,,,,
tune,satimage,3,power,-0.4,4,0.9149377593360996,0.8827800829875518,False,,,,,,,,,,,,,,,
tune,satimage,3,power,-0.4,8,0.9139004149377593,0.8890041493775933,False,,,,,,,,,,,,,,,
tune,satimage,3,power,-0.4,16,0.8941908713692946,0.8651452282157677,False,,,,,,,,,,,,,,,
tune,satimage,3,power,-0.4,32,0.9024896265560166,0.8848547717842323,False,,,,,,,,,,,,,,,
tune,satimage,3,power,-0.4,64,0.48858921161825725,0.47717842323651455,False,,,,,,,,,,,,,,,
tune,satimage,3,power,-0.4,128,0.21680497925311204,0.23651452282157676,False,,,,,,,,,,,,,,,
tune,satimage,3,power,-0.2,0.5,0.8630705394190872,0.8516597510373444,False,,,,,,,,,,,,,,,
tune,satimage,3,power,-0.2,1,0.8786307053941909,0.8558091286307054,False,,,,,,,,,,,,,,,
tune,satimage,3,power,-0.2,2,0.8973029045643154,0.8734439834024896,False,,,,,,,,,,,,,,,
tune,satimage,3,power,-0.2,4,0.9201244813278008,0.8890041493775933,False,,,,,,,,,,,,,,,
tune,satimage,3,power,-0.2,8,0.9221991701244814,0.8858921161825726,False,,,,,,,,,,,,,,,
tune,satimage,3,power,-0.2,16,0.91701244813278,0.8858921161825726,False,,,,,,,,,,,,,,,
tune,satimage,3,power,-0.2,32,0.91701244813278,0.8796680497925311,False,,,,,,,,,,,,,,,
tune,satimage,3,power,-0.2,64,0.7033195020746889,0.696058091286307,False,,,,,,,,,,,,,,,
tune,satimage,3,power,-0.2,128,0.14315352697095435,0.14730290456431536,False,,,,,,,,,,,,,,,
tune,satimage,3,power,0.2,0.5,0.8589211618257261,0.8360995850622407,False,,,,,,,,,,,,,,,
tune,satimage,3,power,0.2,1,0.8620331950207469,0.8526970954356846,False,,,,,,,,,,,,,,,
tune,satimage,3,power,0.2,2,0.8682572614107884,0.8578838174273858,False,,,,,,,,,,,,,,,
tune,satimage,3,power,0.2,4,0.8900414937759336,0.8755186721991701,False,,,,,,,,,,,,,,,
tune,satimage,3,power,0.2,8,0.9097510373443983,0.8890041493775933,False,,,,,,,,,,,,,,,
tune,satimage,3,power,0.2,16,0.9118257261410788,0.8973029045643154,False,,,,,,,,,,,,,,,
tune,satimage,3,power,0.2,32,0.7219917012448133,0.7240663900414938,False,,,,,,,,,,,,,,,
tune,satimage,3,power,0.2,64,0.10892116182572614,0.10892116182572614,False,,,,,,,,,,,,,,,
tune,satimage,3,power,0.2,128,0.10892116182572614,0.10892116182572614,False,,,,,,,,,,,,,,,
tune,satimage,3,power,0.5,0.5,0.8495850622406639,0.8278008298755186,False,,,,,,,,,,,,,,,
tune,satimage,3,power,0.5,1,0.8558091286307054,0.8433609958506224,False,,,,,,,,,,,,,,,
tune,satimage,3,power,0.5,2,0.8641078838174274,0.8526970954356846,False,,,,,,,,,,,,,,,
tune,satimage,3,power,0.5,4,0.8755186721991701,0.8589211618257261,False,,,,,,,,,,,,,,,
tune,satimage,3,power,0.5,8,0.8952282157676349,0.8765560165975104,False,,,,,,,,,,,,,,,
tune,satimage,3,power,0.5,16,0.7271784232365145,0.7074688796680498,False,,,,,,,,,,,,,,,
tune,satimage,3,power,0.5,32,0.34232365145228216,0.34232365145228216,False,,,,,,,,,,,,,,,
tune,satimage,3,power,0.5,64,0.10892116182572614,0.10892116182572614,False,,,,,,,,,,,,,,,
tune,satimage,3,power,0.5,128,0.10892116182572614,0.10892116182572614,False,,,,,,,,,,,,,,,
tune,satimage,3,power,1.0,0.5,0.6939834024896265,0.6804979253112033,False,,,,,,,,,,,,,,,
tune,satimage,3,power,1.0,1,0.7946058091286307,0.8008298755186722,False,,,,,,,,,,,,,,,
tune,satimage,3,power,1.0,2,0.8516597510373444,0.8475103734439834,False,,,,,,,,,,,,,,,
tune,satimage,3,power,1.0,4,0.8630705394190872,0.8547717842323651,False,,,,,,,,,,,,,,,
tune,satimage,3,power,1.0,8,0.3900414937759336,0.39315352697095435,False,,,,,,,,,,,,,,,
tune,satimage,3,power,1.0,16,0.33713692946058094,0.3392116182572614,False,,,,,,,,,,,,,,,
tune,satimage,3,power,1.0,32,0.3392116182572614,0.3412863070539419,False,,,,,,,,,,,,,,,
tune,satimage,3,power,1.0,64,0.29356846473029047,0.2800829875518672,False,,,,,,,,,,,,,,,
tune,satimage,3,power,1.0,128,0.33402489626556015,0.3350622406639004,False,,,,,,,,,,,,,,,
tune,satimage,3,power,1.5,0.5,0.5259336099585062,0.5134854771784232,False,,,,,,,,,,,,,,,
tune,satimage,3,power,1.5,1,0.7271784232365145,0.7344398340248963,False,,,,,,,,,,,,,,,
tune,satimage,3,power,1.5,2,0.483402489626556,0.4896265560165975,False,,,,,,,,,,,,,,,
tune,satimage,3,power,1.5,4,0.3703319502074689,0.3724066390041494,False,,,,,,,,,,,,,,,
tune,satimage,3,power,1.5,8,0.3537344398340249,0.3599585062240664,False,,,,,,,,,,,,,,,
tune,satimage,3,power,1.5,16,0.237551867219917,0.24066390041493776,False,,,,,,,,,,,,,,,
tune,satimage,3,power,1.5,32,0.046680497925311204,0.04564315352697095,False,,,,,,,,,,,,,,,
tune,satimage,3,power,1.5,64,0.21784232365145229,0.2095435684647303,False,,,,,,,,,,,,,,,
tune,satimage,3,power,1.5,128,0.23651452282157676,0.237551867219917,False,,,,,,,,,,,,,,,
best,satimage,3,gradient descent,,16,0.9190871369294605,0.8921161825726142,False,0,,,,,,,,,,,,,,
best,satimage,3,power,-0.2,8,0.9221991701244814,0.8858921161825726,False,0,,,,,,,,,,,,,,
seed,satimage,3,power,-0.2,8,0.9107883817427386,0.8931535269709544,False,,100,,,,,,,,,,,,,
seed,satimage,3,gradient descent,,16,0.9107883817427386,0.8890041493775933,False,,100,,,,,,,,,,,,,
seed,satimage,3,power,-0.2,8,0.9107883817427386,0.8952282157676349,False,,101,,,,,,,,,,,,,
seed,satimage,3,gradient descent,,16,0.9180497925311203,0.8921161825726142,False,,101,,,,,,,,,,,,,
seed,satimage,3,power,-0.2,8,0.9149377593360996,0.8890041493775933,False,,102,,,,,,,,,,,,,
seed,satimage,3,gradient descent,,16,0.9066390041493776,0.8962655601659751,False,,102,,,,,,,,,,,,,
seed,satimage,3,power,-0.2,8,0.9087136929460581,0.8869294605809128,False,,103,,,,,,,,,,,,,
seed,satimage,3,gradient descent,,16,0.9087136929460581,0.8900414937759336,False,,103,,,,,,,,,,,,,
seed,satimage,3,power,-0.2,8,0.91701244813278,0.8827800829875518,False,,104,,,,,,,,,,,,,
seed,satimage,3,gradient descent,,16,0.9190871369294605,0.8900414937759336,False,,104,,,,,,,,,,,,,
seed,satimage,3,power,-0.2,8,0.9201244813278008,0.8910788381742739,False,,105,,,,,,,,,,,,,
seed,satimage,3,gradient descent,,16,0.9315352697095436,0.8983402489626556,False,,105,,,,,,,,,,,,,
seed,satimage,3,power,-0.2,8,0.9201244813278008,0.8952282157676349,False,,106,,,,,,,,,,,,,
seed,satimage,3,gradient descent,,16,0.9128630705394191,0.9014522821576764,False,,106,,,,,,,,,,,,,
seed,satimage,3,power,-0.2,8,0.9201244813278008,0.8931535269709544,False,,107,,,,,,,,,,,,,
seed,satimage,3,gradient descent,,16,0.9232365145228216,0.8993775933609959,False,,107,,,,,,,,,,,,,
split_summary,satimage,3,,,,,,,,,0.8,8,16,-0.3760373443983389,0.1685684647302912,8,2,0,,,,,
tune,satimage,4,gradient descent,,0.5,0.8485477178423236,0.8661825726141079,False,,,,,,,,,,,,,,,
tune,satimage,4,gradient descent,,1,0.8609958506224067,0.8724066390041494,False,,,,,,,,,,,,,,,
tune,satimage,4,gradient descent,,2,0.8744813278008299,0.8807053941908713,False,,,,,,,,,,,,,,,
tune,satimage,4,gradient descent,,4,0.8879668049792531,0.8973029045643154,False,,,,,,,,,,,,,,,
tune,satimage,4,gradient descent,,8,0.8890041493775933,0.8993775933609959,False,,,,,,,,,,,,,,,
tune,satimage,4,gradient descent,,16,0.9004149377593361,0.8973029045643154,False,,,,,,,,,,,,,,,
tune,satimage,4,gradient descent,,32,0.8962655601659751,0.9118257261410788,False,,,,,,,,,,,,,,,
tune,satimage,4,gradient descent,,64,0.34647302904564314,0.34647302904564314,False,,,,,,,,,,,,,,,
tune,satimage,4,gradient descent,,128,0.3475103734439834,0.3475103734439834,False,,,,,,,,,,,,,,,
tune,satimage,4,power,-1.5,0.5,0.8589211618257261,0.8620331950207469,False,,,,,,,,,,,,,,,
tune,satimage,4,power,-1.5,1,0.7956431535269709,0.8049792531120332,False,,,,,,,,,,,,,,,
tune,satimage,4,power,-1.5,2,0.8381742738589212,0.8475103734439834,False,,,,,,,,,,,,,,,
tune,satimage,4,power,-1.5,4,0.5840248962655602,0.578838174273859,False,,,,,,,,,,,,,,,
tune,satimage,4,power,-1.5,8,0.42323651452282157,0.4221991701244813,False,,,,,,,,,,,,,,,
tune,satimage,4,power,-1.5,16,0.4470954356846473,0.4636929460580913,False,,,,,,,,,,,,,,,
tune,satimage,4,power,-1.5,32,0.2883817427385892,0.28734439834024894,False,,,,,,,,,,,,,,,
tune,satimage,4,power,-1.5,64,0.21058091286307054,0.21058091286307054,False,,,,,,,,,,,,,,,
tune,satimage,4,power,-1.5,128,0.06431535269709543,0.06327800829875518,False,,,,,,,,,,,,,,,
tune,satimage,4,power,-1.0,0.5,0.8827800829875518,0.9024896265560166,False,,,,,,,,,,,,,,,
tune,satimage,4,power,-1.0,1,0.8890041493775933,0.8983402489626556,False,,,,,,,,,,,,,,,
tune,satimage,4,power,-1.0,2,0.8858921161825726,0.8910788381742739,False,,,,,,,,,,,,,,,
tune,satimage,4,power,-1.0,4,0.8599585062240664,0.8827800829875518,False,,,,,,,,,,,,,,,
tune,satimage,4,power,-1.0,8,0.8029045643153527,0.8184647302904564,False,,,,,,,,,,,,,,,
tune,satimage,4,power,-1.0,16,0.7634854771784232,0.7769709543568465,False,,,,,,,,,,,,,,,
tune,satimage,4,power,-1.0,32,0.533195020746888,0.5508298755186722,False,,,,,,,,,,,,,,,
tune,satimage,4,power,-1.0,64,0.3153526970954357,0.31742738589211617,False,,,,,,,,,,,,,,,
tune,satimage,4,power,-1.0,128,0.45020746887966806,0.4553941908713693,False,,,,,,,,,,,,,,,
tune,satimage,4,power,-0.8,0.5,0.8879668049792531,0.8921161825726142,False,,,,,,,,,,,,,,,
tune,satimage,4,power,-0.8,1,0.8858921161825726,0.9035269709543569,False,,,,,,,,,,,,,,,
tune,satimage,4,power,-0.8,2,0.8931535269709544,0.8993775933609959,False,,,,,,,,,,,,,,,
tune,satimage,4,power,-0.8,4,0.8838174273858921,0.8993775933609959,False,,,,,,,,,,,,,,,
tune,satimage,4,power,-0.8,8,0.8817427385892116,0.8890041493775933,False,,,,,,,,,,,,,,,
tune,satimage,4,power,-0.8,16,0.8672199170124482,0.8682572614107884,False,,,,,,,,,,,,,,,
tune,satimage,4,power,-0.8,32,0.733402489626556,0.7323651452282157,False,,,,,,,,,,,,,,,
tune,satimage,4,power,-0.8,64,0.5871369294605809,0.5850622406639004,False,,,,,,,,,,,,,,,
tune,satimage,4,power,-0.8,128,0.3869294605809129,0.3724066390041494,False,,,,,,,,,,,,,,,
tune,satimage,4,power,-0.6,0.5,0.8765560165975104,0.8827800829875518,False,,,,,,,,,,,,,,,
tune,satimage,4,power,-0.6,1,0.8931535269709544,0.8993775933609959,False,,,,,,,,,,,,,,,
tune,satimage,4,power,-0.6,2,0.8900414937759336,0.9066390041493776,False,,,,,,,,,,,,,,,
tune,satimage,4,power,-0.6,4,0.8890041493775933,0.9066390041493776,False,,,,,,,,,,,,,,,
tune,satimage,4,power,-0.6,8,0.8869294605809128,0.9045643153526971,False,,,,,,,,,,,,,,,
tune,satimage,4,power,-0.6,16,0.8879668049792531,0.8921161825726142,False,,,,,,,,,,,,,,,
tune,satimage,4,power,-0.6,32,0.8682572614107884,0.8931535269709544,False,,,,,,,,,,,,,,,
tune,satimage,4,power,-0.6,64,0.5798755186721992,0.5881742738589212,False,,,,,,,,,,,,,,,
tune,satimage,4,power,-0.6,128,0.1441908713692946,0.1400414937759336,False,,,,,,,,,,,,,,,
tune,satimage,4,power,-0.4,0.5,0.8578838174273858,0.8724066390041494,False,,,,,,,,,,,,,,,
tune,satimage,4,power,-0.4,1,0.8807053941908713,0.8869294605809128,False,,,,,,,,,,,,,,,
tune,satimage,4,power,-0.4,2,0.8900414937759336,0.9004149377593361,False,,,,,,,,,,,,,,,
tune,satimage,4,power,-0.4,4,0.8983402489626556,0.9024896265560166,False,,,,,,,,,,,,,,,
tune,satimage,4,power,-0.4,8,0.8952282157676349,0.9087136929460581,False,,,,,,,,,,,,,,,
tune,satimage,4,power,-0.4,16,0.8858921161825726,0.9045643153526971,False,,,,,,,,,,,,,,,
tune,satimage,4,power,-0.4,32,0.8869294605809128,0.9128630705394191,False,,,,,,,,,,,,,,,
tune,satimage,4,power,-0.4,64,0.37344398340248963,0.3796680497925311,False,,,,,,,,,,,,,,,
tune,satimage,4,power,-0.4,128,0.34439834024896265,0.3454356846473029,False,,,,,,,,,,,,,,,
tune,satimage,4,power,-0.2,0.5,0.8537344398340249,0.8692946058091287,False,,,,,,,,,,,,,,,
tune,satimage,4,power,-0.2,1,0.8682572614107884,0.8786307053941909,False,,,,,,,,,,,,,,,
tune,satimage,4,power,-0.2,2,0.8869294605809128,0.8931535269709544,False,,,,,,,,,,,,,,,
tune,satimage,4,power,-0.2,4,0.8910788381742739,0.9035269709543569,False,,,,,,,,,,,,,,,
tune,satimage,4,power,-0.2,8,0.8973029045643154,0.9035269709543569,False,,,,,,,,,,,,,,,
tune,satimage,4,power,-0.2,16,0.8869294605809128,0.9097510373443983,False,,,,,,,,,,,,,,,
tune,satimage,4,power,-0.2,32,0.8900414937759336,0.9066390041493776,False,,,,,,,,,,,,,,,
tune,satimage,4,power,-0.2,64,0.3475103734439834,0.3475103734439834,False,,,,,,,,,,,,,,,
tune,satimage,4,power,-0.2,128,0.3433609958506224,0.34647302904564314,False,,,,,,,,,,,,,,,
tune,satimage,4,power,0.2,0.5,0.8464730290456431,0.8599585062240664,False,,,,,,,,,,,,,,,
tune,satimage,4,power,0.2,1,0.8526970954356846,0.8682572614107884,False,,,,,,,,,,,,,,,
tune,satimage,4,power,0.2,2,0.8599585062240664,0.8724066390041494,False,,,,,,,,,,,,,,,
tune,satimage,4,power,0.2,4,0.8817427385892116,0.8890041493775933,False,,,,,,,,,,,,,,,
tune,satimage,4,power,0.2,8,0.8890041493775933,0.9056016597510373,False,,,,,,,,,,,,,,,
tune,satimage,4,power,0.2,16,0.8973029045643154,0.9014522821576764,False,,,,,,,,,,,,,,,
tune,satimage,4,power,0.2,32,0.8900414937759336,0.8890041493775933,False,,,,,,,,,,,,,,,
tune,satimage,4,power,0.2,64,0.3454356846473029,0.3475103734439834,False,,,,,,,,,,,,,,,
tune,satimage,4,power,0.2,128,0.34647302904564314,0.34647302904564314,False,,,,,,,,,,,,,,,
tune,satimage,4,power,0.5,0.5,0.8433609958506224,0.8495850622406639,False,,,,,,,,,,,,,,,
tune,satimage,4,power,0.5,1,0.8464730290456431,0.8661825726141079,False,,,,,,,,,,,,,,,
tune,satimage,4,power,0.5,2,0.8537344398340249,0.8692946058091287,False,,,,,,,,,,,,,,,
tune,satimage,4,power,0.5,4,0.8589211618257261,0.8755186721991701,False,,,,,,,,,,,,,,,
tune,satimage,4,power,0.5,8,0.8827800829875518,0.8910788381742739,False,,,,,,,,,,,,,,,
tune,satimage,4,power,0.5,16,0.8910788381742739,0.8983402489626556,False,,,,,,,,,,,,,,,
tune,satimage,4,power,0.5,32,0.5798755186721992,0.5767634854771784,False,,,,,,,,,,,,,,,
tune,satimage,4,power,0.5,64,0.3433609958506224,0.34439834024896265,False,,,,,,,,,,,,,,,
tune,satimage,4,power,0.5,128,0.11410788381742738,0.11618257261410789,False,,,,,,,,,,,,,,,
tune,satimage,4,power,1.0,0.5,0.828838174273859,0.8392116182572614,False,,,,,,,,,,,,,,,
tune,satimage,4,power,1.0,1,0.8454356846473029,0.8630705394190872,False,,,,,,,,,,,,,,,
tune,satimage,4,power,1.0,2,0.8236514522821576,0.8516597510373444,False,,,,,,,,,,,,,,,
tune,satimage,4,power,1.0,4,0.8609958506224067,0.8661825726141079,False,,,,,,,,,,,,,,,
tune,satimage,4,power,1.0,8,0.6929460580912863,0.696058091286307,False,,,,,,,,,,,,,,,
tune,satimage,4,power,1.0,16,0.5778008298755186,0.5736514522821576,False,,,,,,,,,,,,,,,
tune,satimage,4,power,1.0,32,0.5653526970954357,0.553941908713693,False,,,,,,,,,,,,,,,
tune,satimage,4,power,1.0,64,0.4045643153526971,0.42323651452282157,False,,,,,,,,,,,,,,,
tune,satimage,4,power,1.0,128,0.32468879668049794,0.33195020746887965,False,,,,,,,,,,,,,,,
tune,satimage,4,power,1.5,0.5,0.5632780082987552,0.5684647302904564,False,,,,,,,,,,,,,,,
tune,satimage,4,power,1.5,1,0.5923236514522822,0.6120331950207469,False,,,,,,,,,,,,,,,
tune,satimage,4,power,1.5,2,0.7780082987551867,0.7780082987551867,False,,,,,,,,,,,,,,,
tune,satimage,4,power,1.5,4,0.5632780082987552,0.5663900414937759,False,,,,,,,,,,,,,,,
tune,satimage,4,power,1.5,8,0.20643153526970953,0.19294605809128632,False,,,,,,,,,,,,,,,
tune,satimage,4,power,1.5,16,0.5394190871369294,0.5518672199170125,False,,,,,,,,,,,,,,,
tune,satimage,4,power,1.5,32,0.4149377593360996,0.42323651452282157,False,,,,,,,,,,,,,,,
tune,satimage,4,power,1.5,64,0.23962655601659752,0.22717842323651452,False,,,,,,,,,,,,,,,
tune,satimage,4,power,1.5,128,0.39315352697095435,0.3921161825726141,False,,,,,,,,,,,,,,,
best,satimage,4,gradient descent,,16,0.9004149377593361,0.8973029045643154,False,0,,,,,,,,,,,,,,
best,satimage,4,power,-0.4,4,0.8983402489626556,0.9024896265560166,False,0,,,,,,,,,,,,,,
seed,satimage,4,power,-0.4,4,0.8983402489626556,0.9087136929460581,False,,100,,,,,,,,,,,,,
seed,satimage,4,gradient descent,,16,0.8973029045643154,0.9024896265560166,False,,100,,,,,,,,,,,,,
seed,satimage,4,power,-0.4,4,0.8941908713692946,0.8983402489626556,False,,101,,,,,,,,,,,,,
seed,satimage,4,gradient descent,,16,0.9014522821576764,0.8993775933609959,False,,101,,,,,,,,,,,,,
seed,satimage,4,power,-0.4,4,0.8900414937759336,0.9076763485477178,False,,102,,,,,,,,,,,,,
seed,satimage,4,gradient descent,,16,0.8900414937759336,0.9035269709543569,False,,102,,,,,,,,,,,,,
seed,satimage,4,power,-0.4,4,0.8827800829875518,0.9024896265560166,False,,103,,,,,,,,,,,,,
seed,satimage,4,gradient descent,,16,0.8910788381742739,0.8941908713692946,False,,103,,,,,,,,,,,,,
seed,satimage,4,power,-0.4,4,0.8921161825726142,0.9004149377593361,False,,104,,,,,,,,,,,,,
seed,satimage,4,gradient descent,,16,0.8921161825726142,0.8983402489626556,False,,104,,,,,,,,,,,,,
seed,satimage,4,power,-0.4,4,0.8890041493775933,0.9045643153526971,False,,105,,,,,,,,,,,,,
seed,satimage,4,gradient descent,,16,0.7873443983402489,0.7894190871369294,False,,105,,,,,,,,,,,,,
seed,satimage,4,power,-0.4,4,0.8931535269709544,0.9014522821576764,False,,106,,,,,,,,,,,,,
seed,satimage,4,gradient descent,,16,0.8952282157676349,0.9024896265560166,False,,106,,,,,,,,,,,,,
seed,satimage,4,power,-0.4,4,0.8869294605809128,0.9045643153526971,False,,107,,,,,,,,,,,,,
seed,satimage,4,gradient descent,,16,0.8983402489626556,0.8983402489626556,False,,107,,,,,,,,,,,,,
split_summary,satimage,4,,,,,,,,,0.6,4,16,1.7505186721991695,1.4000632805091469,8,6,0,,,,,
tune,satimage,5,gradient descent,,0.5,0.8724066390041494,0.8516597510373444,False,,,,,,,,,,,,,,,
tune,satimage,5,gradient descent,,1,0.8848547717842323,0.8620331950207469,False,,,,,,,,,,,,,,,
tune,satimage,5,gradient descent,,2,0.8993775933609959,0.8900414937759336,False,,,,,,,,,,,,,,,
tune,satimage,5,gradient descent,,4,0.9097510373443983,0.9066390041493776,False,,,,,,,,,,,,,,,
tune,satimage,5,gradient descent,,8,0.8993775933609959,0.9014522821576764,False,,,,,,,,,,,,,,,
tune,satimage,5,gradient descent,,16,0.8993775933609959,0.8983402489626556,False,,,,,,,,,,,,,,,
tune,satimage,5,gradient descent,,32,0.9056016597510373,0.8910788381742739,False,,,,,,,,,,,,,,,
tune,satimage,5,gradient descent,,64,0.6701244813278008,0.6566390041493776,False,,,,,,,,,,,,,,,
tune,satimage,5,gradient descent,,128,0.4190871369294606,0.42531120331950206,False,,,,,,,,,,,,,,,
tune,satimage,5,power,-1.5,0.5,0.6898340248962656,0.6773858921161826,False,,,,,,,,,,,,,,,
tune,satimage,5,power,-1.5,1,0.799792531120332,0.7728215767634855,False,,,,,,,,,,,,,,,
tune,satimage,5,power,-1.5,2,0.8620331950207469,0.8371369294605809,False,,,,,,,,,,,,,,,
tune,satimage,5,power,-1.5,4,0.7136929460580913,0.7147302904564315,False,,,,,,,,,,,,,,,
tune,satimage,5,power,-1.5,8,0.5871369294605809,0.5809128630705395,False,,,,,,,,,,,,,,,
tune,satimage,5,power,-1.5,16,0.43049792531120334,0.42531120331950206,False,,,,,,,,,,,,,,,
tune,satimage,5,power,-1.5,32,0.27800829875518673,0.2645228215767635,False,,,,,,,,,,,,,,,
tune,satimage,5,power,-1.5,64,0.21058091286307054,0.21058091286307054,False,,,,,,,,,,,,,,,
tune,satimage,5,power,-1.5,128,0.23443983402489627,0.23443983402489627,False,,,,,,,,,,,,,,,
tune,satimage,5,power,-1.0,0.5,0.9097510373443983,0.9014522821576764,False,,,,,,,,,,,,,,,
tune,satimage,5,power,-1.0,1,0.9149377593360996,0.9076763485477178,False,,,,,,,,,,,,,,,
tune,satimage,5,power,-1.0,2,0.8858921161825726,0.8983402489626556,False,,,,,,,,,,,,,,,
tune,satimage,5,power,-1.0,4,0.8755186721991701,0.8713692946058091,False,,,,,,,,,,,,,,,
tune,satimage,5,power,-1.0,8,0.8682572614107884,0.8433609958506224,False,,,,,,,,,,,,,,,
tune,satimage,5,power,-1.0,16,0.5767634854771784,0.5663900414937759,False,,,,,,,,,,,,,,,
tune,satimage,5,power,-1.0,32,0.5508298755186722,0.5363070539419087,False,,,,,,,,,,,,,,,
tune,satimage,5,power,-1.0,64,0.2717842323651452,0.254149377593361,False,,,,,,,,,,,,,,,
tune,satimage,5,power,-1.0,128,0.34647302904564314,0.36099585062240663,False,,,,,,,,,,,,,,,
tune,satimage,5,power,-0.8,0.5,0.9024896265560166,0.8921161825726142,False,,,,,,,,,,,,,,,
tune,satimage,5,power,-0.8,1,0.9097510373443983,0.9066390041493776,False,,,,,,,,,,,,,,,
tune,satimage,5,power,-0.8,2,0.9107883817427386,0.9128630705394191,False,,,,,,,,,,,,,,,
tune,satimage,5,power,-0.8,4,0.9118257261410788,0.8983402489626556,False,,,,,,,,,,,,,,,
tune,satimage,5,power,-0.8,8,0.8962655601659751,0.9035269709543569,False,,,,,,,,,,,,,,,
tune,satimage,5,power,-0.8,16,0.8724066390041494,0.8578838174273858,False,,,,,,,,,,,,,,,
tune,satimage,5,power,-0.8,32,0.8755186721991701,0.8630705394190872,False,,,,,,,,,,,,,,,
tune,satimage,5,power,-0.8,64,0.6659751037344398,0.6514522821576764,False,,,,,,,,,,,,,,,
tune,satimage,5,power,-0.8,128,0.4460580912863071,0.44398340248962653,False,,,,,,,,,,,,,,,
tune,satimage,5,power,-0.6,0.5,0.8910788381742739,0.8858921161825726,False,,,,,,,,,,,,,,,
tune,satimage,5,power,-0.6,1,0.9128630705394191,0.8983402489626556,False,,,,,,,,,,,,,,,
tune,satimage,5,power,-0.6,2,0.9128630705394191,0.9056016597510373,False,,,,,,,,,,,,,,,
tune,satimage,5,power,-0.6,4,0.9097510373443983,0.9097510373443983,False,,,,,,,,,,,,,,,
tune,satimage,5,power,-0.6,8,0.9004149377593361,0.8921161825726142,False,,,,,,,,,,,,,,,
tune,satimage,5,power,-0.6,16,0.8910788381742739,0.8962655601659751,False,,,,,,,,,,,,,,,
tune,satimage,5,power,-0.6,32,0.8672199170124482,0.8775933609958506,False,,,,,,,,,,,,,,,
tune,satimage,5,power,-0.6,64,0.6649377593360996,0.6576763485477178,False,,,,,,,,,,,,,,,
tune,satimage,5,power,-0.6,128,0.470954356846473,0.475103734439834,False,,,,,,,,,,,,,,,
tune,satimage,5,power,-0.4,0.5,0.8858921161825726,0.8724066390041494,False,,,,,,,,,,,,,,,
tune,satimage,5,power,-0.4,1,0.9024896265560166,0.8900414937759336,False,,,,,,,,,,,,,,,
tune,satimage,5,power,-0.4,2,0.9097510373443983,0.8993775933609959,False,,,,,,,,,,,,,,,
tune,satimage,5,power,-0.4,4,0.9076763485477178,0.9097510373443983,False,,,,,,,,,,,,,,,
tune,satimage,5,power,-0.4,8,0.9097510373443983,0.8952282157676349,False,,,,,,,,,,,,,,,
tune,satimage,5,power,-0.4,16,0.9076763485477178,0.9118257261410788,False,,,,,,,,,,,,,,,
tune,satimage,5,power,-0.4,32,0.9139004149377593,0.9035269709543569,False,,,,,,,,,,,,,,,
tune,satimage,5,power,-0.4,64,0.7800829875518672,0.7738589211618258,False,,,,,,,,,,,,,,,
tune,satimage,5,power,-0.4,128,0.5093360995850622,0.5176348547717843,False,,,,,,,,,,,,,,,
tune,satimage,5,power,-0.2,0.5,0.8796680497925311,0.8609958506224067,False,,,,,,,,,,,,,,,
tune,satimage,5,power,-0.2,1,0.8879668049792531,0.8807053941908713,False,,,,,,,,,,,,,,,
tune,satimage,5,power,-0.2,2,0.9066390041493776,0.9004149377593361,False,,,,,,,,,,,,,,,
tune,satimage,5,power,-0.2,4,0.9066390041493776,0.9035269709543569,False,,,,,,,,,,,,,,,
tune,satimage,5,power,-0.2,8,0.9056016597510373,0.9004149377593361,False,,,,,,,,,,,,,,,
tune,satimage,5,power,-0.2,16,0.8869294605809128,0.8973029045643154,False,,,,,,,,,,,,,,,
tune,satimage,5,power,-0.2,32,0.8672199170124482,0.8692946058091287,False,,,,,,,,,,,,,,,
tune,satimage,5,power,-0.2,64,0.6701244813278008,0.6597510373443983,False,,,,,,,,,,,,,,,
tune,satimage,5,power,-0.2,128,0.4336099585062241,0.4336099585062241,False,,,,,,,,,,,,,,,
tune,satimage,5,power,0.2,0.5,0.8713692946058091,0.8485477178423236,False,,,,,,,,,,,,,,,
tune,satimage,5,power,0.2,1,0.8817427385892116,0.8578838174273858,False,,,,,,,,,,,,,,,
tune,satimage,5,power,0.2,2,0.8848547717842323,0.8703319502074689,False,,,,,,,,,,,,,,,
tune,satimage,5,power,0.2,4,0.9045643153526971,0.8921161825726142,False,,,,,,,,,,,,,,,
tune,satimage,5,power,0.2,8,0.9107883817427386,0.9024896265560166,False,,,,,,,,,,,,,,,
tune,satimage,5,power,0.2,16,0.9087136929460581,0.9014522821576764,False,,,,,,,,,,,,,,,
tune,satimage,5,power,0.2,32,0.8952282157676349,0.8941908713692946,False,,,,,,,,,,,,,,,
tune,satimage,5,power,0.2,64,0.3506224066390041,0.3516597510373444,False,,,,,,,,,,,,,,,
tune,satimage,5,power,0.2,128,0.3350622406639004,0.3392116182572614,False,,,,,,,,,,,,,,,
tune,satimage,5,power,0.5,0.5,0.8547717842323651,0.8485477178423236,False,,,,,,,,,,,,,,,
tune,satimage,5,power,0.5,1,0.8713692946058091,0.8526970954356846,False,,,,,,,,,,,,,,,
tune,satimage,5,power,0.5,2,0.8817427385892116,0.8599585062240664,False,,,,,,,,,,,,,,,
tune,satimage,5,power,0.5,4,0.8869294605809128,0.8765560165975104,False,,,,,,,,,,,,,,,
tune,satimage,5,power,0.5,8,0.9004149377593361,0.8890041493775933,False,,,,,,,,,,,,,,,
tune,satimage,5,power,0.5,16,0.9128630705394191,0.8983402489626556,False,,,,,,,,,,,,,,,
tune,satimage,5,power,0.5,32,0.3817427385892116,0.3879668049792531,False,,,,,,,,,,,,,,,
tune,satimage,5,power,0.5,64,0.34024896265560167,0.3412863070539419,False,,,,,,,,,,,,,,,
tune,satimage,5,power,0.5,128,0.3381742738589212,0.3360995850622407,False,,,,,,,,,,,,,,,
tune,satimage,5,power,1.0,0.5,0.8589211618257261,0.8475103734439834,False,,,,,,,,,,,,,,,
tune,satimage,5,power,1.0,1,0.8620331950207469,0.8589211618257261,False,,,,,,,,,,,,,,,
tune,satimage,5,power,1.0,2,0.8350622406639004,0.8101659751037344,False,,,,,,,,,,,,,,,
tune,satimage,5,power,1.0,4,0.8827800829875518,0.8744813278008299,False,,,,,,,,,,,,,,,
tune,satimage,5,power,1.0,8,0.31950207468879666,0.32676348547717843,False,,,,,,,,,,,,,,,
tune,satimage,5,power,1.0,16,0.3412863070539419,0.34024896265560167,False,,,,,,,,,,,,,,,
tune,satimage,5,power,1.0,32,0.34024896265560167,0.34024896265560167,False,,,,,,,,,,,,,,,
tune,satimage,5,power,1.0,64,0.34024896265560167,0.3381742738589212,False,,,,,,,,,,,,,,,
tune,satimage,5,power,1.0,128,0.34024896265560167,0.3360995850622407,False,,,,,,,,,,,,,,,
tune,satimage,5,power,1.5,0.5,0.3848547717842324,0.37863070539419086,False,,,,,,,,,,,,,,,
tune,satimage,5,power,1.5,1,0.6275933609958506,0.6192946058091287,False,,,,,,,,,,,,,,,
tune,satimage,5,power,1.5,2,0.14522821576763487,0.14730290456431536,False,,,,,,,,,,,,,,,
tune,satimage,5,power,1.5,4,0.3070539419087137,0.29356846473029047,False,,,,,,,,,,,,,,,
tune,satimage,5,power,1.5,8,0.3288381742738589,0.3278008298755187,False,,,,,,,,,,,,,,,
tune,satimage,5,power,1.5,16,0.3392116182572614,0.3454356846473029,False,,,,,,,,,,,,,,,
tune,satimage,5,power,1.5,32,0.08195020746887967,0.07365145228215768,False,,,,,,,,,,,,,,,
tune,satimage,5,power,1.5,64,0.3008298755186722,0.3039419087136929,False,,,,,,,,,,,,,,,
tune,satimage,5,power,1.5,128,0.23651452282157676,0.2354771784232365,False,,,,,,,,,,,,,,,
best,satimage,5,gradient descent,,4,0.9097510373443983,0.9066390041493776,False,0,,,,,,,,,,,,,,
best,satimage,5,power,-1.0,1,0.9149377593360996,0.9076763485477178,False,0,,,,,,,,,,,,,,
seed,satimage,5,power,-1.0,1,0.9097510373443983,0.8983402489626556,False,,100,,,,,,,,,,,,,
seed,satimage,5,gradient descent,,4,0.9045643153526971,0.8962655601659751,False,,100,,,,,,,,,,,,,
seed,satimage,5,power,-1.0,1,0.8869294605809128,0.8724066390041494,False,,101,,,,,,,,,,,,,
seed,satimage,5,gradient descent,,4,0.9066390041493776,0.8941908713692946,False,,101,,,,,,,,,,,,,
seed,satimage,5,power,-1.0,1,0.9128630705394191,0.8941908713692946,False,,102,,,,,,,,,,,,,
seed,satimage,5,gradient descent,,4,0.9076763485477178,0.8993775933609959,False,,102,,,,,,,,,,,,,
seed,satimage,5,power,-1.0,1,0.9139004149377593,0.8993775933609959,False,,103,,,,,,,,,,,,,
seed,satimage,5,gradient descent,,4,0.9035269709543569,0.8962655601659751,False,,103,,,,,,,,,,,,,
seed,satimage,5,power,-1.0,1,0.9118257261410788,0.9024896265560166,False,,104,,,,,,,,,,,,,
seed,satimage,5,gradient descent,,4,0.9076763485477178,0.8910788381742739,False,,104,,,,,,,,,,,,,
seed,satimage,5,power,-1.0,1,0.9190871369294605,0.9107883817427386,False,,105,,,,,,,,,,,,,
seed,satimage,5,gradient descent,,4,0.9056016597510373,0.8973029045643154,False,,105,,,,,,,,,,,,,
seed,satimage,5,power,-1.0,1,0.9097510373443983,0.9035269709543569,False,,106,,,,,,,,,,,,,
seed,satimage,5,gradient descent,,4,0.8973029045643154,0.8973029045643154,False,,106,,,,,,,,,,,,,
seed,satimage,5,power,-1.0,1,0.8952282157676349,0.8890041493775933,False,,107,,,,,,,,,,,,,
seed,satimage,5,gradient descent,,4,0.9107883817427386,0.8993775933609959,False,,107,,,,,,,,,,,,,
split_summary,satimage,5,,,,,,,,,0.0,1,4,-0.012966804979255842,0.4169877026428116,8,5,0,,,,,
tune,satimage,6,gradient descent,,0.5,0.8495850622406639,0.8775933609958506,False,,,,,,,,,,,,,,,
tune,satimage,6,gradient descent,,1,0.8672199170124482,0.8879668049792531,False,,,,,,,,,,,,,,,
tune,satimage,6,gradient descent,,2,0.8744813278008299,0.9035269709543569,False,,,,,,,,,,,,,,,
tune,satimage,6,gradient descent,,4,0.8879668049792531,0.9118257261410788,False,,,,,,,,,,,,,,,
tune,satimage,6,gradient descent,,8,0.8993775933609959,0.9087136929460581,False,,,,,,,,,,,,,,,
tune,satimage,6,gradient descent,,16,0.9045643153526971,0.9118257261410788,False,,,,,,,,,,,,,,,
tune,satimage,6,gradient descent,,32,0.8952282157676349,0.9107883817427386,False,,,,,,,,,,,,,,,
tune,satimage,6,gradient descent,,64,0.7230290456431535,0.720954356846473,False,,,,,,,,,,,,,,,
tune,satimage,6,gradient descent,,128,0.42738589211618255,0.43049792531120334,False,,,,,,,,,,,,,,,
tune,satimage,6,power,-1.5,0.5,0.7904564315352697,0.808091286307054,False,,,,,,,,,,,,,,,
tune,satimage,6,power,-1.5,1,0.8568464730290456,0.8692946058091287,False,,,,,,,,,,,,,,,
tune,satimage,6,power,-1.5,2,0.8609958506224067,0.8630705394190872,False,,,,,,,,,,,,,,,
tune,satimage,6,power,-1.5,4,0.5518672199170125,0.5601659751037344,False,,,,,,,,,,,,,,,
tune,satimage,6,power,-1.5,8,0.5912863070539419,0.5985477178423236,False,,,,,,,,,,,,,,,
tune,satimage,6,power,-1.5,16,0.5560165975103735,0.5840248962655602,False,,,,,,,,,,,,,,,
tune,satimage,6,power,-1.5,32,0.49896265560165975,0.5020746887966805,False,,,,,,,,,,,,,,,
tune,satimage,6,power,-1.5,64,0.09232365145228216,0.09024896265560166,False,,,,,,,,,,,,,,,
tune,satimage,6,power,-1.5,128,0.23443983402489627,0.23443983402489627,False,,,,,,,,,,,,,,,
tune,satimage,6,power,-1.0,0.5,0.8941908713692946,0.8962655601659751,False,,,,,,,,,,,,,,,
tune,satimage,6,power,-1.0,1,0.8941908713692946,0.9045643153526971,False,,,,,,,,,,,,,,,
tune,satimage,6,power,-1.0,2,0.8869294605809128,0.9004149377593361,False,,,,,,,,,,,,,,,
tune,satimage,6,power,-1.0,4,0.8744813278008299,0.9076763485477178,False,,,,,,,,,,,,,,,
tune,satimage,6,power,-1.0,8,0.7894190871369294,0.8018672199170125,False,,,,,,,,,,,,,,,
tune,satimage,6,power,-1.0,16,0.6493775933609959,0.6690871369294605,False,,,,,,,,,,,,,,,
tune,satimage,6,power,-1.0,32,0.5975103734439834,0.5985477178423236,False,,,,,,,,,,,,,,,
tune,satimage,6,power,-1.0,64,0.36099585062240663,0.38381742738589214,False,,,,,,,,,,,,,,,
tune,satimage,6,power,-1.0,128,0.31742738589211617,0.3184647302904564,False,,,,,,,,,,,,,,,
tune,satimage,6,power,-0.8,0.5,0.8817427385892116,0.9024896265560166,False,,,,,,,,,,,,,,,
tune,satimage,6,power,-0.8,1,0.8931535269709544,0.8983402489626556,False,,,,,,,,,,,,,,,
tune,satimage,6,power,-0.8,2,0.8983402489626556,0.9056016597510373,False,,,,,,,,,,,,,,,
tune,satimage,6,power,-0.8,4,0.8973029045643154,0.9035269709543569,False,,,,,,,,,,,,,,,
tune,satimage,6,power,-0.8,8,0.8848547717842323,0.8879668049792531,False,,,,,,,,,,,,,,,
tune,satimage,6,power,-0.8,16,0.8661825726141079,0.8858921161825726,False,,,,,,,,,,,,,,,
tune,satimage,6,power,-0.8,32,0.8578838174273858,0.8651452282157677,False,,,,,,,,,,,,,,,
tune,satimage,6,power,-0.8,64,0.58298755186722,0.5767634854771784,False,,,,,,,,,,,,,,,
tune,satimage,6,power,-0.8,128,0.508298755186722,0.5124481327800829,False,,,,,,,,,,,,,,,
tune,satimage,6,power,-0.6,0.5,0.8765560165975104,0.9035269709543569,False,,,,,,,,,,,,,,,
tune,satimage,6,power,-0.6,1,0.8869294605809128,0.9066390041493776,False,,,,,,,,,,,,,,,
tune,satimage,6,power,-0.6,2,0.8952282157676349,0.8993775933609959,False,,,,,,,,,,,,,,,
tune,satimage,6,power,-0.6,4,0.8993775933609959,0.9035269709543569,False,,,,,,,,,,,,,,,
tune,satimage,6,power,-0.6,8,0.8993775933609959,0.8941908713692946,False,,,,,,,,,,,,,,,
tune,satimage,6,power,-0.6,16,0.8931535269709544,0.8869294605809128,False,,,,,,,,,,,,,,,
tune,satimage,6,power,-0.6,32,0.8921161825726142,0.9045643153526971,False,,,,,,,,,,,,,,,
tune,satimage,6,power,-0.6,64,0.7645228215767634,0.7603734439834025,False,,,,,,,,,,,,,,,
tune,satimage,6,power,-0.6,128,0.6524896265560166,0.6410788381742739,False,,,,,,,,,,,,,,,
tune,satimage,6,power,-0.4,0.5,0.8703319502074689,0.8910788381742739,False,,,,,,,,,,,,,,,
tune,satimage,6,power,-0.4,1,0.8786307053941909,0.9107883817427386,False,,,,,,,,,,,,,,,
tune,satimage,6,power,-0.4,2,0.8879668049792531,0.9066390041493776,False,,,,,,,,,,,,,,,
tune,satimage,6,power,-0.4,4,0.9004149377593361,0.9087136929460581,False,,,,,,,,,,,,,,,
tune,satimage,6,power,-0.4,8,0.9014522821576764,0.9087136929460581,False,,,,,,,,,,,,,,,
tune,satimage,6,power,-0.4,16,0.8962655601659751,0.8910788381742739,False,,,,,,,,,,,,,,,
tune,satimage,6,power,-0.4,32,0.8890041493775933,0.9045643153526971,False,,,,,,,,,,,,,,,
tune,satimage,6,power,-0.4,64,0.7883817427385892,0.7883817427385892,False,,,,,,,,,,,,,,,
tune,satimage,6,power,-0.4,128,0.5238589211618258,0.5259336099585062,False,,,,,,,,,,,,,,,
tune,satimage,6,power,-0.2,0.5,0.8609958506224067,0.8827800829875518,False,,,,,,,,,,,,,,,
tune,satimage,6,power,-0.2,1,0.8734439834024896,0.8941908713692946,False,,,,,,,,,,,,,,,
tune,satimage,6,power,-0.2,2,0.8848547717842323,0.9118257261410788,False,,,,,,,,,,,,,,,
tune,satimage,6,power,-0.2,4,0.8900414937759336,0.9087136929460581,False,,,,,,,,,,,,,,,
tune,satimage,6,power,-0.2,8,0.9066390041493776,0.9107883817427386,False,,,,,,,,,,,,,,,
tune,satimage,6,power,-0.2,16,0.9045643153526971,0.9024896265560166,False,,,,,,,,,,,,,,,
tune,satimage,6,power,-0.2,32,0.8962655601659751,0.9149377593360996,False,,,,,,,,,,,,,,,
tune,satimage,6,power,-0.2,64,0.7863070539419087,0.799792531120332,False,,,,,,,,,,,,,,,
tune,satimage,6,power,-0.2,128,0.6607883817427386,0.6556016597510373,False,,,,,,,,,,,,,,,
tune,satimage,6,power,0.2,0.5,0.8516597510373444,0.8765560165975104,False,,,,,,,,,,,,,,,
tune,satimage,6,power,0.2,1,0.8589211618257261,0.8817427385892116,False,,,,,,,,,,,,,,,
tune,satimage,6,power,0.2,2,0.8703319502074689,0.8952282157676349,False,,,,,,,,,,,,,,,
tune,satimage,6,power,0.2,4,0.8755186721991701,0.9076763485477178,False,,,,,,,,,,,,,,,
tune,satimage,6,power,0.2,8,0.8879668049792531,0.9097510373443983,False,,,,,,,,,,,,,,,
tune,satimage,6,power,0.2,16,0.9024896265560166,0.9097510373443983,False,,,,,,,,,,,,,,,
tune,satimage,6,power,0.2,32,0.7230290456431535,0.7323651452282157,False,,,,,,,,,,,,,,,
tune,satimage,6,power,0.2,64,0.5757261410788381,0.5736514522821576,False,,,,,,,,,,,,,,,
tune,satimage,6,power,0.2,128,0.3578838174273859,0.3495850622406639,False,,,,,,,,,,,,,,,
tune,satimage,6,power,0.5,0.5,0.8454356846473029,0.8682572614107884,False,,,,,,,,,,,,,,,
tune,satimage,6,power,0.5,1,0.8526970954356846,0.8755186721991701,False,,,,,,,,,,,,,,,
tune,satimage,6,power,0.5,2,0.8630705394190872,0.8858921161825726,False,,,,,,,,,,,,,,,
tune,satimage,6,power,0.5,4,0.8713692946058091,0.8962655601659751,False,,,,,,,,,,,,,,,
tune,satimage,6,power,0.5,8,0.8713692946058091,0.9045643153526971,False,,,,,,,,,,,,,,,
tune,satimage,6,power,0.5,16,0.7116182572614108,0.7375518672199171,False,,,,,,,,,,,,,,,
tune,satimage,6,power,0.5,32,0.578838174273859,0.5798755186721992,False,,,,,,,,,,,,,,,
tune,satimage,6,power,0.5,64,0.3506224066390041,0.34439834024896265,False,,,,,,,,,,,,,,,
tune,satimage,6,power,0.5,128,0.34024896265560167,0.3381742738589212,False,,,,,,,,,,,,,,,
tune,satimage,6,power,1.0,0.5,0.8412863070539419,0.8464730290456431,False,,,,,,,,,,,,,,,
tune,satimage,6,power,1.0,1,0.8454356846473029,0.8609958506224067,False,,,,,,,,,,,,,,,
tune,satimage,6,power,1.0,2,0.8558091286307054,0.8786307053941909,False,,,,,,,,,,,,,,,
tune,satimage,6,power,1.0,4,0.8537344398340249,0.8775933609958506,False,,,,,,,,,,,,,,,
tune,satimage,6,power,1.0,8,0.6939834024896265,0.7157676348547718,False,,,,,,,,,,,,,,,
tune,satimage,6,power,1.0,16,0.3412863070539419,0.34232365145228216,False,,,,,,,,,,,,,,,
tune,satimage,6,power,1.0,32,0.3329875518672199,0.3309128630705394,False,,,,,,,,,,,,,,,
tune,satimage,6,power,1.0,64,0.3412863070539419,0.3433609958506224,False,,,,,,,,,,,,,,,
tune,satimage,6,power,1.0,128,0.237551867219917,0.2354771784232365,False,,,,,,,,,,,,,,,
tune,satimage,6,power,1.5,0.5,0.45020746887966806,0.45850622406639,False,,,,,,,,,,,,,,,
tune,satimage,6,power,1.5,1,0.5757261410788381,0.5881742738589212,False,,,,,,,,,,,,,,,
tune,satimage,6,power,1.5,2,0.3599585062240664,0.36721991701244816,False,,,,,,,,,,,,,,,
tune,satimage,6,power,1.5,4,0.3163900414937759,0.34439834024896265,False,,,,,,,,,,,,,,,
tune,satimage,6,power,1.5,8,0.23443983402489627,0.23340248962655602,False,,,,,,,,,,,,,,,
tune,satimage,6,power,1.5,16,0.27593360995850624,0.266597510373444,False,,,,,,,,,,,,,,,
tune,satimage,6,power,1.5,32,0.2697095435684647,0.26556016597510373,False,,,,,,,,,,,,,,,
tune,satimage,6,power,1.5,64,0.24688796680497926,0.241701244813278,False,,,,,,,,,,,,,,,
tune,satimage,6,power,1.5,128,0.28319502074688796,0.274896265560166,False,,,,,,,,,,,,,,,
best,satimage,6,gradient descent,,16,0.9045643153526971,0.9118257261410788,False,0,,,,,,,,,,,,,,
best,satimage,6,power,-0.2,8,0.9066390041493776,0.9107883817427386,False,0,,,,,,,,,,,,,,
seed,satimage,6,power,-0.2,8,0.8962655601659751,0.9159751037344398,False,,100,,,,,,,,,,,,,
seed,satimage,6,gradient descent,,16,0.9024896265560166,0.9190871369294605,False,,100,,,,,,,,,,,,,
seed,satimage,6,power,-0.2,8,0.9024896265560166,0.9139004149377593,False,,101,,,,,,,,,,,,,
seed,satimage,6,gradient descent,,16,0.9045643153526971,0.9118257261410788,False,,101,,,,,,,,,,,,,
seed,satimage,6,power,-0.2,8,0.9004149377593361,0.9149377593360996,False,,102,,,,,,,,,,,,,
seed,satimage,6,gradient descent,,16,0.9004149377593361,0.9107883817427386,False,,102,,,,,,,,,,,,,
seed,satimage,6,power,-0.2,8,0.8931535269709544,0.9076763485477178,False,,103,,,,,,,,,,,,,
seed,satimage,6,gradient descent,,16,0.8941908713692946,0.8973029045643154,False,,103,,,,,,,,,,,,,
seed,satimage,6,power,-0.2,8,0.8858921161825726,0.9107883817427386,False,,104,,,,,,,,,,,,,
seed,satimage,6,gradient descent,,16,0.8941908713692946,0.9180497925311203,False,,104,,,,,,,,,,,,,
seed,satimage,6,power,-0.2,8,0.8983402489626556,0.9056016597510373,False,,105,,,,,,,,,,,,,
seed,satimage,6,gradient descent,,16,0.9014522821576764,0.9107883817427386,False,,105,,,,,,,,,,,,,
seed,satimage,6,power,-0.2,8,0.9004149377593361,0.91701244813278,False,,106,,,,,,,,,,,,,
seed,satimage,6,gradient descent,,16,0.9056016597510373,0.9087136929460581,False,,106,,,,,,,,,,,,,
seed,satimage,6,power,-0.2,8,0.8952282157676349,0.9056016597510373,False,,107,,,,,,,,,,,,,
seed,satimage,6,gradient descent,,16,0.8952282157676349,0.921161825726141,False,,107,,,,,,,,,,,,,
split_summary,satimage,6,,,,,,,,,0.8,8,16,-0.0778008298755184,0.3060668279834441,8,4,0,,,,,
tune,satimage,7,gradient descent,,0.5,0.8412863070539419,0.8589211618257261,False,,,,,,,,,,,,,,,
tune,satimage,7,gradient descent,,1,0.8589211618257261,0.8630705394190872,False,,,,,,,,,,,,,,,
tune,satimage,7,gradient descent,,2,0.8744813278008299,0.8796680497925311,False,,,,,,,,,,,,,,,
tune,satimage,7,gradient descent,,4,0.8838174273858921,0.8941908713692946,False,,,,,,,,,,,,,,,
tune,satimage,7,gradient descent,,8,0.8973029045643154,0.9107883817427386,False,,,,,,,,,,,,,,,
tune,satimage,7,gradient descent,,16,0.8952282157676349,0.9180497925311203,False,,,,,,,,,,,,,,,
tune,satimage,7,gradient descent,,32,0.8921161825726142,0.9076763485477178,False,,,,,,,,,,,,,,,
tune,satimage,7,gradient descent,,64,0.7022821576763485,0.7147302904564315,False,,,,,,,,,,,,,,,
tune,satimage,7,gradient descent,,128,0.1441908713692946,0.1441908713692946,False,,,,,,,,,,,,,,,
tune,satimage,7,power,-1.5,0.5,0.8257261410788381,0.8226141078838174,False,,,,,,,,,,,,,,,
tune,satimage,7,power,-1.5,1,0.8568464730290456,0.8775933609958506,False,,,,,,,,,,,,,,,
tune,satimage,7,power,-1.5,2,0.8537344398340249,0.8609958506224067,False,,,,,,,,,,,,,,,
tune,satimage,7,power,-1.5,4,0.7178423236514523,0.7302904564315352,False,,,,,,,,,,,,,,,
tune,satimage,7,power,-1.5,8,0.6307053941908713,0.6421161825726142,False,,,,,,,,,,,,,,,
tune,satimage,7,power,-1.5,16,0.43568464730290457,0.4408713692946058,False,,,,,,,,,,,,,,,
tune,satimage,7,power,-1.5,32,0.0975103734439834,0.0975103734439834,False,,,,,,,,,,,,,,,
tune,satimage,7,power,-1.5,64,0.10062240663900415,0.09854771784232365,False,,,,,,,,,,,,,,,
tune,satimage,7,power,-1.5,128,0.23962655601659752,0.23858921161825727,False,,,,,,,,,,,,,,,
tune,satimage,7,power,-1.0,0.5,0.8630705394190872,0.8578838174273858,False,,,,,,,,,,,,,,,
tune,satimage,7,power,-1.0,1,0.8537344398340249,0.8516597510373444,False,,,,,,,,,,,,,,,
tune,satimage,7,power,-1.0,2,0.8578838174273858,0.8578838174273858,False,,,,,,,,,,,,,,,
tune,satimage,7,power,-1.0,4,0.8713692946058091,0.8786307053941909,False,,,,,,,,,,,,,,,
tune,satimage,7,power,-1.0,8,0.7842323651452282,0.7966804979253111,False,,,,,,,,,,,,,,,
tune,satimage,7,power,-1.0,16,0.6182572614107884,0.6213692946058091,False,,,,,,,,,,,,,,,
tune,satimage,7,power,-1.0,32,0.3755186721991701,0.37863070539419086,False,,,,,,,,,,,,,,,
tune,satimage,7,power,-1.0,64,0.3744813278008299,0.3869294605809129,False,,,,,,,,,,,,,,,
tune,satimage,7,power,-1.0,128,0.23858921161825727,0.23858921161825727,False,,,,,,,,,,,,,,,
tune,satimage,7,power,-0.8,0.5,0.8838174273858921,0.8890041493775933,False,,,,,,,,,,,,,,,
tune,satimage,7,power,-0.8,1,0.8858921161825726,0.8796680497925311,False,,,,,,,,,,,,,,,
tune,satimage,7,power,-0.8,2,0.8765560165975104,0.8827800829875518,False,,,,,,,,,,,,,,,
tune,satimage,7,power,-0.8,4,0.8755186721991701,0.8848547717842323,False,,,,,,,,,,,,,,,
tune,satimage,7,power,-0.8,8,0.8651452282157677,0.8796680497925311,False,,,,,,,,,,,,,,,
tune,satimage,7,power,-0.8,16,0.8620331950207469,0.8558091286307054,False,,,,,,,,,,,,,,,
tune,satimage,7,power,-0.8,32,0.7946058091286307,0.7852697095435685,False,,,,,,,,,,,,,,,
tune,satimage,7,power,-0.8,64,0.5446058091286307,0.5373443983402489,False,,,,,,,,,,,,,,,
tune,satimage,7,power,-0.8,128,0.23858921161825727,0.23858921161825727,False,,,,,,,,,,,,,,,
tune,satimage,7,power,-0.6,0.5,0.8713692946058091,0.8775933609958506,False,,,,,,,,,,,,,,,
tune,satimage,7,power,-0.6,1,0.8807053941908713,0.8941908713692946,False,,,,,,,,,,,,,,,
tune,satimage,7,power,-0.6,2,0.8962655601659751,0.9004149377593361,False,,,,,,,,,,,,,,,
tune,satimage,7,power,-0.6,4,0.9035269709543569,0.9045643153526971,False,,,,,,,,,,,,,,,
tune,satimage,7,power,-0.6,8,0.8900414937759336,0.8879668049792531,False,,,,,,,,,,,,,,,
tune,satimage,7,power,-0.6,16,0.8848547717842323,0.8910788381742739,False,,,,,,,,,,,,,,,
tune,satimage,7,power,-0.6,32,0.8443983402489627,0.83298755186722,False,,,,,,,,,,,,,,,
tune,satimage,7,power,-0.6,64,0.6514522821576764,0.6483402489626556,False,,,,,,,,,,,,,,,
tune,satimage,7,power,-0.6,128,0.34024896265560167,0.34024896265560167,False,,,,,,,,,,,,,,,
tune,satimage,7,power,-0.4,0.5,0.8609958506224067,0.8641078838174274,False,,,,,,,,,,,,,,,
tune,satimage,7,power,-0.4,1,0.8775933609958506,0.8807053941908713,False,,,,,,,,,,,,,,,
tune,satimage,7,power,-0.4,2,0.8838174273858921,0.8921161825726142,False,,,,,,,,,,,,,,,
tune,satimage,7,power,-0.4,4,0.8941908713692946,0.9024896265560166,False,,,,,,,,,,,,,,,
tune,satimage,7,power,-0.4,8,0.9024896265560166,0.9045643153526971,False,,,,,,,,,,,,,,,
tune,satimage,7,power,-0.4,16,0.9045643153526971,0.9087136929460581,False,,,,,,,,,,,,,,,
tune,satimage,7,power,-0.4,32,0.8921161825726142,0.8983402489626556,False,,,,,,,,,,,,,,,
tune,satimage,7,power,-0.4,64,0.7022821576763485,0.7178423236514523,False,,,,,,,,,,,,,,,
tune,satimage,7,power,-0.4,128,0.2157676348547718,0.21991701244813278,False,,,,,,,,,,,,,,,
tune,satimage,7,power,-0.2,0.5,0.8495850622406639,0.8599585062240664,False,,,,,,,,,,,,,,,
tune,satimage,7,power,-0.2,1,0.8703319502074689,0.8724066390041494,False,,,,,,,,,,,,,,,
tune,satimage,7,power,-0.2,2,0.8744813278008299,0.8879668049792531,False,,,,,,,,,,,,,,,
tune,satimage,7,power,-0.2,4,0.8931535269709544,0.9024896265560166,False,,,,,,,,,,,,,,,
tune,satimage,7,power,-0.2,8,0.9024896265560166,0.9107883817427386,False,,,,,,,,,,,,,,,
tune,satimage,7,power,-0.2,16,0.8973029045643154,0.9045643153526971,False,,,,,,,,,,,,,,,
tune,satimage,7,power,-0.2,32,0.8900414937759336,0.9097510373443983,False,,,,,,,,,,,,,,,
tune,satimage,7,power,-0.2,64,0.8941908713692946,0.8993775933609959,False,,,,,,,,,,,,,,,
tune,satimage,7,power,-0.2,128,0.17634854771784234,0.17634854771784234,False,,,,,,,,,,,,,,,
tune,satimage,7,power,0.2,0.5,0.8433609958506224,0.8547717842323651,False,,,,,,,,,,,,,,,
tune,satimage,7,power,0.2,1,0.8454356846473029,0.8589211618257261,False,,,,,,,,,,,,,,,
tune,satimage,7,power,0.2,2,0.8630705394190872,0.8713692946058091,False,,,,,,,,,,,,,,,
tune,satimage,7,power,0.2,4,0.8744813278008299,0.8858921161825726,False,,,,,,,,,,,,,,,
tune,satimage,7,power,0.2,8,0.8879668049792531,0.9035269709543569,False,,,,,,,,,,,,,,,
tune,satimage,7,power,0.2,16,0.9014522821576764,0.9107883817427386,False,,,,,,,,,,,,,,,
tune,satimage,7,power,0.2,32,0.8921161825726142,0.9107883817427386,False,,,,,,,,,,,,,,,
tune,satimage,7,power,0.2,64,0.6535269709543569,0.6545643153526971,False,,,,,,,,,,,,,,,
tune,satimage,7,power,0.2,128,0.11099585062240663,0.11099585062240663,False,,,,,,,,,,,,,,,
tune,satimage,7,power,0.5,0.5,0.8423236514522822,0.8464730290456431,False,,,,,,,,,,,,,,,
tune,satimage,7,power,0.5,1,0.8392116182572614,0.8599585062240664,False,,,,,,,,,,,,,,,
tune,satimage,7,power,0.5,2,0.8506224066390041,0.8630705394190872,False,,,,,,,,,,,,,,,
tune,satimage,7,power,0.5,4,0.8609958506224067,0.8692946058091287,False,,,,,,,,,,,,,,,
tune,satimage,7,power,0.5,8,0.8755186721991701,0.8817427385892116,False,,,,,,,,,,,,,,,
tune,satimage,7,power,0.5,16,0.8879668049792531,0.8973029045643154,False,,,,,,,,,,,,,,,
tune,satimage,7,power,0.5,32,0.6597510373443983,0.6504149377593361,False,,,,,,,,,,,,,,,
tune,satimage,7,power,0.5,64,0.10995850622406639,0.10892116182572614,False,,,,,,,,,,,,,,,
tune,satimage,7,power,0.5,128,0.10892116182572614,0.10892116182572614,False,,,,,,,,,,,,,,,
tune,satimage,7,power,1.0,0.5,0.828838174273859,0.828838174273859,False,,,,,,,,,,,,,,,
tune,satimage,7,power,1.0,1,0.8433609958506224,0.8464730290456431,False,,,,,,,,,,,,,,,
tune,satimage,7,power,1.0,2,0.8433609958506224,0.8609958506224067,False,,,,,,,,,,,,,,,
tune,satimage,7,power,1.0,4,0.8568464730290456,0.8661825726141079,False,,,,,,,,,,,,,,,
tune,satimage,7,power,1.0,8,0.7033195020746889,0.7064315352697096,False,,,,,,,,,,,,,,,
tune,satimage,7,power,1.0,16,0.3412863070539419,0.3381742738589212,False,,,,,,,,,,,,,,,
tune,satimage,7,power,1.0,32,0.34232365145228216,0.33713692946058094,False,,,,,,,,,,,,,,,
tune,satimage,7,power,1.0,64,0.3381742738589212,0.3381742738589212,False,,,,,,,,,,,,,,,
tune,satimage,7,power,1.0,128,0.27282157676348545,0.2800829875518672,False,,,,,,,,,,,,,,,
tune,satimage,7,power,1.5,0.5,0.6026970954356846,0.6026970954356846,False,,,,,,,,,,,,,,,
tune,satimage,7,power,1.5,1,0.7136929460580913,0.7157676348547718,False,,,,,,,,,,,,,,,
tune,satimage,7,power,1.5,2,0.31431535269709543,0.2966804979253112,False,,,,,,,,,,,,,,,
tune,satimage,7,power,1.5,4,0.23029045643153526,0.23340248962655602,False,,,,,,,,,,,,,,,
tune,satimage,7,power,1.5,8,0.13174273858921162,0.12551867219917012,False,,,,,,,,,,,,,,,
tune,satimage,7,power,1.5,16,0.32987551867219916,0.33195020746887965,False,,,,,,,,,,,,,,,
tune,satimage,7,power,1.5,32,0.23236514522821577,0.2354771784232365,False,,,,,,,,,,,,,,,
tune,satimage,7,power,1.5,64,0.30809128630705396,0.3215767634854772,False,,,,,,,,,,,,,,,
tune,satimage,7,power,1.5,128,0.2354771784232365,0.2354771784232365,False,,,,,,,,,,,,,,,
best,satimage,7,gradient descent,,8,0.8973029045643154,0.9107883817427386,False,0,,,,,,,,,,,,,,
best,satimage,7,power,-0.4,16,0.9045643153526971,0.9087136929460581,False,0,,,,,,,,,,,,,,
seed,satimage,7,power,-0.4,16,0.8682572614107884,0.8692946058091287,False,,100,,,,,,,,,,,,,
seed,satimage,7,gradient descent,,8,0.9035269709543569,0.9107883817427386,False,,100,,,,,,,,,,,,,
seed,satimage,7,power,-0.4,16,0.8921161825726142,0.8962655601659751,False,,101,,,,,,,,,,,,,
seed,satimage,7,gradient descent,,8,0.8941908713692946,0.8910788381742739,False,,101,,,,,,,,,,,,,
seed,satimage,7,power,-0.4,16,0.8900414937759336,0.9107883817427386,False,,102,,,,,,,,,,,,,
seed,satimage,7,gradient descent,,8,0.9004149377593361,0.9097510373443983,False,,102,,,,,,,,,,,,,
seed,satimage,7,power,-0.4,16,0.8983402489626556,0.8869294605809128,False,,103,,,,,,,,,,,,,
seed,satimage,7,gradient descent,,8,0.8931535269709544,0.9066390041493776,False,,103,,,,,,,,,,,,,
seed,satimage,7,power,-0.4,16,0.8962655601659751,0.9014522821576764,False,,104,,,,,,,,,,,,,
seed,satimage,7,gradient descent,,8,0.9076763485477178,0.9045643153526971,False,,104,,,,,,,,,,,,,
seed,satimage,7,power,-0.4,16,0.8921161825726142,0.8931535269709544,False,,105,,,,,,,,,,,,,
seed,satimage,7,gradient descent,,8,0.9004149377593361,0.8983402489626556,False,,105,,,,,,,,,,,,,
seed,satimage,7,power,-0.4,16,0.8890041493775933,0.8838174273858921,False,,106,,,,,,,,,,,,,
seed,satimage,7,gradient descent,,8,0.9024896265560166,0.9004149377593361,False,,106,,,,,,,,,,,,,
seed,satimage,7,power,-0.4,16,0.8910788381742739,0.8838174273858921,False,,107,,,,,,,,,,,,,
seed,satimage,7,gradient descent,,8,0.8941908713692946,0.9107883817427386,False,,107,,,,,,,,,,,,,
split_summary,satimage,7,,,,,,,,,0.6,16,8,-1.3355809128630711,0.5591213104097651,8,2,0,,,,,
tune,satimage,8,gradient descent,,0.5,0.8516597510373444,0.8589211618257261,False,,,,,,,,,,,,,,,
tune,satimage,8,gradient descent,,1,0.8578838174273858,0.8724066390041494,False,,,,,,,,,,,,,,,
tune,satimage,8,gradient descent,,2,0.8755186721991701,0.8807053941908713,False,,,,,,,,,,,,,,,
tune,satimage,8,gradient descent,,4,0.8921161825726142,0.9024896265560166,False,,,,,,,,,,,,,,,
tune,satimage,8,gradient descent,,8,0.8931535269709544,0.9097510373443983,False,,,,,,,,,,,,,,,
tune,satimage,8,gradient descent,,16,0.8973029045643154,0.9045643153526971,False,,,,,,,,,,,,,,,
tune,satimage,8,gradient descent,,32,0.8786307053941909,0.9014522821576764,False,,,,,,,,,,,,,,,
tune,satimage,8,gradient descent,,64,0.9045643153526971,0.9097510373443983,False,,,,,,,,,,,,,,,
tune,satimage,8,gradient descent,,128,0.3848547717842324,0.3900414937759336,False,,,,,,,,,,,,,,,
tune,satimage,8,power,-1.5,0.5,0.7977178423236515,0.8101659751037344,False,,,,,,,,,,,,,,,
tune,satimage,8,power,-1.5,1,0.6587136929460581,0.6597510373443983,False,,,,,,,,,,,,,,,
tune,satimage,8,power,-1.5,2,0.8578838174273858,0.8703319502074689,False,,,,,,,,,,,,,,,
tune,satimage,8,power,-1.5,4,0.8008298755186722,0.8070539419087137,False,,,,,,,,,,,,,,,
tune,satimage,8,power,-1.5,8,0.5715767634854771,0.58298755186722,False,,,,,,,,,,,,,,,
tune,satimage,8,power,-1.5,16,0.4066390041493776,0.40767634854771784,False,,,,,,,,,,,,,,,
tune,satimage,8,power,-1.5,32,0.18672199170124482,0.18153526970954356,False,,,,,,,,,,,,,,,
tune,satimage,8,power,-1.5,64,0.21161825726141079,0.21161825726141079,False,,,,,,,,,,,,,,,
tune,satimage,8,power,-1.5,128,0.3392116182572614,0.3412863070539419,False,,,,,,,,,,,,,,,
tune,satimage,8,power,-1.0,0.5,0.8890041493775933,0.9024896265560166,False,,,,,,,,,,,,,,,
tune,satimage,8,power,-1.0,1,0.8983402489626556,0.9066390041493776,False,,,,,,,,,,,,,,,
tune,satimage,8,power,-1.0,2,0.7510373443983402,0.7614107883817427,False,,,,,,,,,,,,,,,
tune,satimage,8,power,-1.0,4,0.779045643153527,0.7811203319502075,False,,,,,,,,,,,,,,,
tune,satimage,8,power,-1.0,8,0.8558091286307054,0.8558091286307054,False,,,,,,,,,,,,,,,
tune,satimage,8,power,-1.0,16,0.6742738589211619,0.6659751037344398,False,,,,,,,,,,,,,,,
tune,satimage,8,power,-1.0,32,0.37344398340248963,0.38900414937759337,False,,,,,,,,,,,,,,,
tune,satimage,8,power,-1.0,64,0.3257261410788382,0.32468879668049794,False,,,,,,,,,,,,,,,
tune,satimage,8,power,-1.0,128,0.2717842323651452,0.274896265560166,False,,,,,,,,,,,,,,,
tune,satimage,8,power,-0.8,0.5,0.8869294605809128,0.8921161825726142,False,,,,,,,,,,,,,,,
tune,satimage,8,power,-0.8,1,0.8838174273858921,0.9004149377593361,False,,,,,,,,,,,,,,,
tune,satimage,8,power,-0.8,2,0.8858921161825726,0.9004149377593361,False,,,,,,,,,,,,,,,
tune,satimage,8,power,-0.8,4,0.8890041493775933,0.8962655601659751,False,,,,,,,,,,,,,,,
tune,satimage,8,power,-0.8,8,0.8661825726141079,0.8734439834024896,False,,,,,,,,,,,,,,,
tune,satimage,8,power,-0.8,16,0.8661825726141079,0.8765560165975104,False,,,,,,,,,,,,,,,
tune,satimage,8,power,-0.8,32,0.8205394190871369,0.8236514522821576,False,,,,,,,,,,,,,,,
tune,satimage,8,power,-0.8,64,0.4387966804979253,0.4574688796680498,False,,,,,,,,,,,,,,,
tune,satimage,8,power,-0.8,128,0.33713692946058094,0.33713692946058094,False,,,,,,,,,,,,,,,
tune,satimage,8,power,-0.6,0.5,0.8734439834024896,0.8827800829875518,False,,,,,,,,,,,,,,,
tune,satimage,8,power,-0.6,1,0.8848547717842323,0.8993775933609959,False,,,,,,,,,,,,,,,
tune,satimage,8,power,-0.6,2,0.8879668049792531,0.9004149377593361,False,,,,,,,,,,,,,,,
tune,satimage,8,power,-0.6,4,0.9004149377593361,0.9035269709543569,False,,,,,,,,,,,,,,,
tune,satimage,8,power,-0.6,8,0.8910788381742739,0.9097510373443983,False,,,,,,,,,,,,,,,
tune,satimage,8,power,-0.6,16,0.8838174273858921,0.8900414937759336,False,,,,,,,,,,,,,,,
tune,satimage,8,power,-0.6,32,0.8755186721991701,0.8786307053941909,False,,,,,,,,,,,,,,,
tune,satimage,8,power,-0.6,64,0.7043568464730291,0.7022821576763485,False,,,,,,,,,,,,,,,
tune,satimage,8,power,-0.6,128,0.5031120331950207,0.5093360995850622,False,,,,,,,,,,,,,,,
tune,satimage,8,power,-0.4,0.5,0.8661825726141079,0.8713692946058091,False,,,,,,,,,,,,,,,
tune,satimage,8,power,-0.4,1,0.8807053941908713,0.8900414937759336,False,,,,,,,,,,,,,,,
tune,satimage,8,power,-0.4,2,0.8869294605809128,0.8983402489626556,False,,,,,,,,,,,,,,,
tune,satimage,8,power,-0.4,4,0.8931535269709544,0.9035269709543569,False,,,,,,,,,,,,,,,
tune,satimage,8,power,-0.4,8,0.9066390041493776,0.9107883817427386,False,,,,,,,,,,,,,,,
tune,satimage,8,power,-0.4,16,0.8962655601659751,0.9056016597510373,False,,,,,,,,,,,,,,,
tune,satimage,8,power,-0.4,32,0.8807053941908713,0.8931535269709544,False,,,,,,,,,,,,,,,
tune,satimage,8,power,-0.4,64,0.8848547717842323,0.8952282157676349,False,,,,,,,,,,,,,,,
tune,satimage,8,power,-0.4,128,0.7230290456431535,0.741701244813278,False,,,,,,,,,,,,,,,
tune,satimage,8,power,-0.2,0.5,0.8537344398340249,0.8630705394190872,False,,,,,,,,,,,,,,,
tune,satimage,8,power,-0.2,1,0.8713692946058091,0.8703319502074689,False,,,,,,,,,,,,,,,
tune,satimage,8,power,-0.2,2,0.8858921161825726,0.8941908713692946,False,,,,,,,,,,,,,,,
tune,satimage,8,power,-0.2,4,0.8910788381742739,0.9056016597510373,False,,,,,,,,,,,,,,,
tune,satimage,8,power,-0.2,8,0.8952282157676349,0.9076763485477178,False,,,,,,,,,,,,,,,
tune,satimage,8,power,-0.2,16,0.8900414937759336,0.9066390041493776,False,,,,,,,,,,,,,,,
tune,satimage,8,power,-0.2,32,0.8879668049792531,0.9024896265560166,False,,,,,,,,,,,,,,,
tune,satimage,8,power,-0.2,64,0.8910788381742739,0.9014522821576764,False,,,,,,,,,,,,,,,
tune,satimage,8,power,-0.2,128,0.5726141078838174,0.5850622406639004,False,,,,,,,,,,,,,,,
tune,satimage,8,power,0.2,0.5,0.8464730290456431,0.8506224066390041,False,,,,,,,,,,,,,,,
tune,satimage,8,power,0.2,1,0.8547717842323651,0.8641078838174274,False,,,,,,,,,,,,,,,
tune,satimage,8,power,0.2,2,0.8661825726141079,0.8734439834024896,False,,,,,,,,,,,,,,,
tune,satimage,8,power,0.2,4,0.8848547717842323,0.8931535269709544,False,,,,,,,,,,,,,,,
tune,satimage,8,power,0.2,8,0.8890041493775933,0.9076763485477178,False,,,,,,,,,,,,,,,
tune,satimage,8,power,0.2,16,0.8993775933609959,0.9128630705394191,False,,,,,,,,,,,,,,,
tune,satimage,8,power,0.2,32,0.7987551867219918,0.8143153526970954,False,,,,,,,,,,,,,,,
tune,satimage,8,power,0.2,64,0.6327800829875518,0.6369294605809128,False,,,,,,,,,,,,,,,
tune,satimage,8,power,0.2,128,0.35892116182572614,0.3558091286307054,False,,,,,,,,,,,,,,,
tune,satimage,8,power,0.5,0.5,0.8433609958506224,0.8423236514522822,False,,,,,,,,,,,,,,,
tune,satimage,8,power,0.5,1,0.8506224066390041,0.8537344398340249,False,,,,,,,,,,,,,,,
tune,satimage,8,power,0.5,2,0.8578838174273858,0.8661825726141079,False,,,,,,,,,,,,,,,
tune,satimage,8,power,0.5,4,0.8734439834024896,0.8734439834024896,False,,,,,,,,,,,,,,,
tune,satimage,8,power,0.5,8,0.8827800829875518,0.8973029045643154,False,,,,,,,,,,,,,,,
tune,satimage,8,power,0.5,16,0.8869294605809128,0.9045643153526971,False,,,,,,,,,,,,,,,
tune,satimage,8,power,0.5,32,0.6701244813278008,0.6576763485477178,False,,,,,,,,,,,,,,,
tune,satimage,8,power,0.5,64,0.34232365145228216,0.34024896265560167,False,,,,,,,,,,,,,,,
tune,satimage,8,power,0.5,128,0.29564315352697096,0.29979253112033194,False,,,,,,,,,,,,,,,
tune,satimage,8,power,1.0,0.5,0.8360995850622407,0.8371369294605809,False,,,,,,,,,,,,,,,
tune,satimage,8,power,1.0,1,0.8516597510373444,0.8454356846473029,False,,,,,,,,,,,,,,,
tune,satimage,8,power,1.0,2,0.8558091286307054,0.8506224066390041,False,,,,,,,,,,,,,,,
tune,satimage,8,power,1.0,4,0.8558091286307054,0.8661825726141079,False,,,,,,,,,,,,,,,
tune,satimage,8,power,1.0,8,0.8713692946058091,0.8786307053941909,False,,,,,,,,,,,,,,,
tune,satimage,8,power,1.0,16,0.34024896265560167,0.3392116182572614,False,,,,,,,,,,,,,,,
tune,satimage,8,power,1.0,32,0.2863070539419087,0.2883817427385892,False,,,,,,,,,,,,,,,
tune,satimage,8,power,1.0,64,0.23443983402489627,0.23443983402489627,False,,,,,,,,,,,,,,,
tune,satimage,8,power,1.0,128,0.23651452282157676,0.2354771784232365,False,,,,,,,,,,,,,,,
tune,satimage,8,power,1.5,0.5,0.5072614107883817,0.5145228215767634,False,,,,,,,,,,,,,,,
tune,satimage,8,power,1.5,1,0.7593360995850622,0.7634854771784232,False,,,,,,,,,,,,,,,
tune,satimage,8,power,1.5,2,0.524896265560166,0.5238589211618258,False,,,,,,,,,,,,,,,
tune,satimage,8,power,1.5,4,0.4346473029045643,0.42738589211618255,False,,,,,,,,,,,,,,,
tune,satimage,8,power,1.5,8,0.3309128630705394,0.32987551867219916,False,,,,,,,,,,,,,,,
tune,satimage,8,power,1.5,16,0.5155601659751037,0.5197095435684648,False,,,,,,,,,,,,,,,
tune,satimage,8,power,1.5,32,0.3288381742738589,0.3091286307053942,False,,,,,,,,,,,,,,,
tune,satimage,8,power,1.5,64,0.08298755186721991,0.08713692946058091,False,,,,,,,,,,,,,,,
tune,satimage,8,power,1.5,128,0.2354771784232365,0.2354771784232365,False,,,,,,,,,,,,,,,
best,satimage,8,gradient descent,,64,0.9045643153526971,0.9097510373443983,False,0,,,,,,,,,,,,,,
best,satimage,8,power,-0.4,8,0.9066390041493776,0.9107883817427386,False,0,,,,,,,,,,,,,,
seed,satimage,8,power,-0.4,8,0.8962655601659751,0.8962655601659751,False,,100,,,,,,,,,,,,,
seed,satimage,8,gradient descent,,64,0.8153526970954357,0.8215767634854771,False,,100,,,,,,,,,,,,,
seed,satimage,8,power,-0.4,8,0.8993775933609959,0.9045643153526971,False,,101,,,,,,,,,,,,,
seed,satimage,8,gradient descent,,64,0.7012448132780082,0.7188796680497925,False,,101,,,,,,,,,,,,,
seed,satimage,8,power,-0.4,8,0.9024896265560166,0.8962655601659751,False,,102,,,,,,,,,,,,,
seed,satimage,8,gradient descent,,64,0.66701244813278,0.6556016597510373,False,,102,,,,,,,,,,,,,
seed,satimage,8,power,-0.4,8,0.8952282157676349,0.8890041493775933,False,,103,,,,,,,,,,,,,
seed,satimage,8,gradient descent,,64,0.4730290456431535,0.4823651452282158,False,,103,,,,,,,,,,,,,
seed,satimage,8,power,-0.4,8,0.8879668049792531,0.8973029045643154,False,,104,,,,,,,,,,,,,
seed,satimage,8,gradient descent,,64,0.5456431535269709,0.5529045643153527,False,,104,,,,,,,,,,,,,
seed,satimage,8,power,-0.4,8,0.8931535269709544,0.8931535269709544,False,,105,,,,,,,,,,,,,
seed,satimage,8,gradient descent,,64,0.35269709543568467,0.35684647302904565,False,,105,,,,,,,,,,,,,
seed,satimage,8,power,-0.4,8,0.8941908713692946,0.9066390041493776,False,,106,,,,,,,,,,,,,
seed,satimage,8,gradient descent,,64,0.3900414937759336,0.38278008298755184,False,,106,,,,,,,,,,,,,
seed,satimage,8,power,-0.4,8,0.8858921161825726,0.9045643153526971,False,,107,,,,,,,,,,,,,
seed,satimage,8,gradient descent,,64,0.3475103734439834,0.3475103734439834,False,,107,,,,,,,,,,,,,
split_summary,satimage,8,,,,,,,,,0.6,8,64,35.86618257261411,6.34144378188608,8,8,0,,,,,
tune,satimage,9,gradient descent,,0.5,0.8506224066390041,0.8589211618257261,False,,,,,,,,,,,,,,,
tune,satimage,9,gradient descent,,1,0.8568464730290456,0.8786307053941909,False,,,,,,,,,,,,,,,
tune,satimage,9,gradient descent,,2,0.8703319502074689,0.8941908713692946,False,,,,,,,,,,,,,,,
tune,satimage,9,gradient descent,,4,0.8869294605809128,0.9066390041493776,False,,,,,,,,,,,,,,,
tune,satimage,9,gradient descent,,8,0.8910788381742739,0.9097510373443983,False,,,,,,,,,,,,,,,
tune,satimage,9,gradient descent,,16,0.8983402489626556,0.9118257261410788,False,,,,,,,,,,,,,,,
tune,satimage,9,gradient descent,,32,0.8869294605809128,0.9024896265560166,False,,,,,,,,,,,,,,,
tune,satimage,9,gradient descent,,64,0.6338174273858921,0.6379668049792531,False,,,,,,,,,,,,,,,
tune,satimage,9,gradient descent,,128,0.5715767634854771,0.5674273858921162,False,,,,,,,,,,,,,,,
tune,satimage,9,power,-1.5,0.5,0.8703319502074689,0.8879668049792531,False,,,,,,,,,,,,,,,
tune,satimage,9,power,-1.5,1,0.8620331950207469,0.8724066390041494,False,,,,,,,,,,,,,,,
tune,satimage,9,power,-1.5,2,0.8485477178423236,0.8724066390041494,False,,,,,,,,,,,,,,,
tune,satimage,9,power,-1.5,4,0.8049792531120332,0.8205394190871369,False,,,,,,,,,,,,,,,
tune,satimage,9,power,-1.5,8,0.6649377593360996,0.6639004149377593,False,,,,,,,,,,,,,,,
tune,satimage,9,power,-1.5,16,0.47199170124481327,0.49066390041493774,False,,,,,,,,,,,,,,,
tune,satimage,9,power,-1.5,32,0.2053941908713693,0.20435684647302904,False,,,,,,,,,,,,,,,
tune,satimage,9,power,-1.5,64,0.11410788381742738,0.10892116182572614,False,,,,,,,,,,,,,,,
tune,satimage,9,power,-1.5,128,0.10477178423236515,0.11099585062240663,False,,,,,,,,,,,,,,,
tune,satimage,9,power,-1.0,0.5,0.8838174273858921,0.9024896265560166,False,,,,,,,,,,,,,,,
tune,satimage,9,power,-1.0,1,0.8786307053941909,0.9087136929460581,False,,,,,,,,,,,,,,,
tune,satimage,9,power,-1.0,2,0.8713692946058091,0.8993775933609959,False,,,,,,,,,,,,,,,
tune,satimage,9,power,-1.0,4,0.8661825726141079,0.8786307053941909,False,,,,,,,,,,,,,,,
tune,satimage,9,power,-1.0,8,0.8392116182572614,0.8641078838174274,False,,,,,,,,,,,,,,,
tune,satimage,9,power,-1.0,16,0.7365145228215768,0.7489626556016598,False,,,,,,,,,,,,,,,
tune,satimage,9,power,-1.0,32,0.20850622406639005,0.2074688796680498,False,,,,,,,,,,,,,,,
tune,satimage,9,power,-1.0,64,0.19605809128630705,0.1950207468879668,False,,,,,,,,,,,,,,,
tune,satimage,9,power,-1.0,128,0.3329875518672199,0.3620331950207469,False,,,,,,,,,,,,,,,
tune,satimage,9,power,-0.8,0.5,0.8807053941908713,0.9014522821576764,False,,,,,,,,,,,,,,,
tune,satimage,9,power,-0.8,1,0.8848547717842323,0.9024896265560166,False,,,,,,,,,,,,,,,
tune,satimage,9,power,-0.8,2,0.8827800829875518,0.9056016597510373,False,,,,,,,,,,,,,,,
tune,satimage,9,power,-0.8,4,0.8838174273858921,0.8931535269709544,False,,,,,,,,,,,,,,,
tune,satimage,9,power,-0.8,8,0.8703319502074689,0.8910788381742739,False,,,,,,,,,,,,,,,
tune,satimage,9,power,-0.8,16,0.8703319502074689,0.8921161825726142,False,,,,,,,,,,,,,,,
tune,satimage,9,power,-0.8,32,0.6379668049792531,0.6452282157676349,False,,,,,,,,,,,,,,,
tune,satimage,9,power,-0.8,64,0.44190871369294604,0.4491701244813278,False,,,,,,,,,,,,,,,
tune,satimage,9,power,-0.8,128,0.41286307053941906,0.42531120331950206,False,,,,,,,,,,,,,,,
tune,satimage,9,power,-0.6,0.5,0.8786307053941909,0.8921161825726142,False,,,,,,,,,,,,,,,
tune,satimage,9,power,-0.6,1,0.8827800829875518,0.9076763485477178,False,,,,,,,,,,,,,,,
tune,satimage,9,power,-0.6,2,0.8900414937759336,0.9087136929460581,False,,,,,,,,,,,,,,,
tune,satimage,9,power,-0.6,4,0.8858921161825726,0.9190871369294605,False,,,,,,,,,,,,,,,
tune,satimage,9,power,-0.6,8,0.8879668049792531,0.9056016597510373,False,,,,,,,,,,,,,,,
tune,satimage,9,power,-0.6,16,0.8827800829875518,0.8952282157676349,False,,,,,,,,,,,,,,,
tune,satimage,9,power,-0.6,32,0.8755186721991701,0.8807053941908713,False,,,,,,,,,,,,,,,
tune,satimage,9,power,-0.6,64,0.671161825726141,0.6566390041493776,False,,,,,,,,,,,,,,,
tune,satimage,9,power,-0.6,128,0.5715767634854771,0.5736514522821576,False,,,,,,,,,,,,,,,
tune,satimage,9,power,-0.4,0.5,0.8609958506224067,0.8765560165975104,False,,,,,,,,,,,,,,,
tune,satimage,9,power,-0.4,1,0.8807053941908713,0.8973029045643154,False,,,,,,,,,,,,,,,
tune,satimage,9,power,-0.4,2,0.8838174273858921,0.9076763485477178,False,,,,,,,,,,,,,,,
tune,satimage,9,power,-0.4,4,0.9024896265560166,0.91701244813278,False,,,,,,,,,,,,,,,
tune,satimage,9,power,-0.4,8,0.8910788381742739,0.9139004149377593,False,,,,,,,,,,,,,,,
tune,satimage,9,power,-0.4,16,0.8869294605809128,0.9024896265560166,False,,,,,,,,,,,,,,,
tune,satimage,9,power,-0.4,32,0.8786307053941909,0.8952282157676349,False,,,,,,,,,,,,,,,
tune,satimage,9,power,-0.4,64,0.6950207468879668,0.7126556016597511,False,,,,,,,,,,,,,,,
tune,satimage,9,power,-0.4,128,0.5933609958506224,0.6109958506224067,False,,,,,,,,,,,,,,,
tune,satimage,9,power,-0.2,0.5,0.8558091286307054,0.8672199170124482,False,,,,,,,,,,,,,,,
tune,satimage,9,power,-0.2,1,0.8713692946058091,0.8879668049792531,False,,,,,,,,,,,,,,,
tune,satimage,9,power,-0.2,2,0.8848547717842323,0.9045643153526971,False,,,,,,,,,,,,,,,
tune,satimage,9,power,-0.2,4,0.8962655601659751,0.9097510373443983,False,,,,,,,,,,,,,,,
tune,satimage,9,power,-0.2,8,0.9004149377593361,0.9066390041493776,False,,,,,,,,,,,,,,,
tune,satimage,9,power,-0.2,16,0.8900414937759336,0.9087136929460581,False,,,,,,,,,,,,,,,
tune,satimage,9,power,-0.2,32,0.8724066390041494,0.8910788381742739,False,,,,,,,,,,,,,,,
tune,satimage,9,power,-0.2,64,0.7105809128630706,0.7116182572614108,False,,,,,,,,,,,,,,,
tune,satimage,9,power,-0.2,128,0.5778008298755186,0.578838174273859,False,,,,,,,,,,,,,,,
tune,satimage,9,power,0.2,0.5,0.8423236514522822,0.8558091286307054,False,,,,,,,,,,,,,,,
tune,satimage,9,power,0.2,1,0.8547717842323651,0.8661825726141079,False,,,,,,,,,,,,,,,
tune,satimage,9,power,0.2,2,0.8609958506224067,0.8817427385892116,False,,,,,,,,,,,,,,,
tune,satimage,9,power,0.2,4,0.8817427385892116,0.8973029045643154,False,,,,,,,,,,,,,,,
tune,satimage,9,power,0.2,8,0.8931535269709544,0.9076763485477178,False,,,,,,,,,,,,,,,
tune,satimage,9,power,0.2,16,0.8941908713692946,0.9045643153526971,False,,,,,,,,,,,,,,,
tune,satimage,9,power,0.2,32,0.7157676348547718,0.7230290456431535,False,,,,,,,,,,,,,,,
tune,satimage,9,power,0.2,64,0.34647302904564314,0.34439834024896265,False,,,,,,,,,,,,,,,
tune,satimage,9,power,0.2,128,0.578838174273859,0.5778008298755186,False,,,,,,,,,,,,,,,
tune,satimage,9,power,0.5,0.5,0.8423236514522822,0.8537344398340249,False,,,,,,,,,,,,,,,
tune,satimage,9,power,0.5,1,0.8454356846473029,0.8589211618257261,False,,,,,,,,,,,,,,,
tune,satimage,9,power,0.5,2,0.8547717842323651,0.8682572614107884,False,,,,,,,,,,,,,,,
tune,satimage,9,power,0.5,4,0.8620331950207469,0.8858921161825726,False,,,,,,,,,,,,,,,
tune,satimage,9,power,0.5,8,0.8838174273858921,0.9045643153526971,False,,,,,,,,,,,,,,,
tune,satimage,9,power,0.5,16,0.8900414937759336,0.9024896265560166,False,,,,,,,,,,,,,,,
tune,satimage,9,power,0.5,32,0.6618257261410788,0.6690871369294605,False,,,,,,,,,,,,,,,
tune,satimage,9,power,0.5,64,0.5778008298755186,0.5778008298755186,False,,,,,,,,,,,,,,,
tune,satimage,9,power,0.5,128,0.5757261410788381,0.5767634854771784,False,,,,,,,,,,,,,,,
tune,satimage,9,power,1.0,0.5,0.83298755186722,0.8392116182572614,False,,,,,,,,,,,,,,,
tune,satimage,9,power,1.0,1,0.8392116182572614,0.8568464730290456,False,,,,,,,,,,,,,,,
tune,satimage,9,power,1.0,2,0.8537344398340249,0.8609958506224067,False,,,,,,,,,,,,,,,
tune,satimage,9,power,1.0,4,0.8309128630705395,0.8578838174273858,False,,,,,,,,,,,,,,,
tune,satimage,9,power,1.0,8,0.6846473029045643,0.6939834024896265,False,,,,,,,,,,,,,,,
tune,satimage,9,power,1.0,16,0.5850622406639004,0.5923236514522822,False,,,,,,,,,,,,,,,
tune,satimage,9,power,1.0,32,0.5684647302904564,0.5736514522821576,False,,,,,,,,,,,,,,,
tune,satimage,9,power,1.0,64,0.5715767634854771,0.5736514522821576,False,,,,,,,,,,,,,,,
tune,satimage,9,power,1.0,128,0.4605809128630705,0.4616182572614108,False,,,,,,,,,,,,,,,
tune,satimage,9,power,1.5,0.5,0.48443983402489627,0.4678423236514523,False,,,,,,,,,,,,,,,
tune,satimage,9,power,1.5,1,0.6784232365145229,0.696058091286307,False,,,,,,,,,,,,,,,
tune,satimage,9,power,1.5,2,0.6566390041493776,0.6493775933609959,False,,,,,,,,,,,,,,,
tune,satimage,9,power,1.5,4,0.5695020746887967,0.5840248962655602,False,,,,,,,,,,,,,,,
tune,satimage,9,power,1.5,8,0.47717842323651455,0.4979253112033195,False,,,,,,,,,,,,,,,
tune,satimage,9,power,1.5,16,0.38381742738589214,0.3900414937759336,False,,,,,,,,,,,,,,,
tune,satimage,9,power,1.5,32,0.4004149377593361,0.40560165975103735,False,,,,,,,,,,,,,,,
tune,satimage,9,power,1.5,64,0.43049792531120334,0.43775933609958506,False,,,,,,,,,,,,,,,
tune,satimage,9,power,1.5,128,0.22199170124481327,0.21991701244813278,False,,,,,,,,,,,,,,,
best,satimage,9,gradient descent,,16,0.8983402489626556,0.9118257261410788,False,0,,,,,,,,,,,,,,
best,satimage,9,power,-0.4,4,0.9024896265560166,0.91701244813278,False,0,,,,,,,,,,,,,,
seed,satimage,9,power,-0.4,4,0.8973029045643154,0.9076763485477178,False,,100,,,,,,,,,,,,,
seed,satimage,9,gradient descent,,16,0.8973029045643154,0.9149377593360996,False,,100,,,,,,,,,,,,,
seed,satimage,9,power,-0.4,4,0.8921161825726142,0.9035269709543569,False,,101,,,,,,,,,,,,,
seed,satimage,9,gradient descent,,16,0.8921161825726142,0.9190871369294605,False,,101,,,,,,,,,,,,,
seed,satimage,9,power,-0.4,4,0.8890041493775933,0.9128630705394191,False,,102,,,,,,,,,,,,,
seed,satimage,9,gradient descent,,16,0.8931535269709544,0.9232365145228216,False,,102,,,,,,,,,,,,,
seed,satimage,9,power,-0.4,4,0.8962655601659751,0.9087136929460581,False,,103,,,,,,,,,,,,,
seed,satimage,9,gradient descent,,16,0.8921161825726142,0.9139004149377593,False,,103,,,,,,,,,,,,,
seed,satimage,9,power,-0.4,4,0.8879668049792531,0.9056016597510373,False,,104,,,,,,,,,,,,,
seed,satimage,9,gradient descent,,16,0.9024896265560166,0.9159751037344398,False,,104,,,,,,,,,,,,,
seed,satimage,9,power,-0.4,4,0.8858921161825726,0.9107883817427386,False,,105,,,,,,,,,,,,,
seed,satimage,9,gradient descent,,16,0.8993775933609959,0.9149377593360996,False,,105,,,,,,,,,,,,,
seed,satimage,9,power,-0.4,4,0.8931535269709544,0.9076763485477178,False,,106,,,,,,,,,,,,,
seed,satimage,9,gradient descent,,16,0.8838174273858921,0.9149377593360996,False,,106,,,,,,,,,,,,,
seed,satimage,9,power,-0.4,4,0.8869294605809128,0.9097510373443983,False,,107,,,,,,,,,,,,,
seed,satimage,9,gradient descent,,16,0.8993775933609959,0.9201244813278008,False,,107,,,,,,,,,,,,,
split_summary,satimage,9,,,,,,,,,0.6,4,16,-0.8817427385892098,0.12855180477843392,8,0,0,,,,,
across_splits,satimage,,,,,,,,,,,,,3.6488589211618256,,,,,10,11.35782771346431,-1.3355809128630711,35.86618257261411,4
