stage,dataset,split,method,shape,scale,val,test,diverged,grid_edge,seed,alpha,power_scale,sgd_lr,mean_difference,seed_se,n_seeds,n_favouring_power,n_tied,n_splits,between_split_sd,min_difference,max_difference,n_splits_favouring_power
tune,segment,0,gradient descent,,0.5,0.9228571428571428,0.9228571428571428,False,,,,,,,,,,,,,,,
tune,segment,0,gradient descent,,1,0.9285714285714286,0.9228571428571428,False,,,,,,,,,,,,,,,
tune,segment,0,gradient descent,,2,0.9342857142857143,0.9342857142857143,False,,,,,,,,,,,,,,,
tune,segment,0,gradient descent,,4,0.9514285714285714,0.9571428571428572,False,,,,,,,,,,,,,,,
tune,segment,0,gradient descent,,8,0.9571428571428572,0.9628571428571429,False,,,,,,,,,,,,,,,
tune,segment,0,gradient descent,,16,0.9657142857142857,0.9742857142857143,False,,,,,,,,,,,,,,,
tune,segment,0,gradient descent,,32,0.5857142857142857,0.5857142857142857,False,,,,,,,,,,,,,,,
tune,segment,0,gradient descent,,64,0.14285714285714285,0.14285714285714285,False,,,,,,,,,,,,,,,
tune,segment,0,gradient descent,,128,0.14285714285714285,0.14285714285714285,False,,,,,,,,,,,,,,,
tune,segment,0,power,-1.5,0.5,0.14285714285714285,0.14285714285714285,False,,,,,,,,,,,,,,,
tune,segment,0,power,-1.5,1,0.15714285714285714,0.1742857142857143,False,,,,,,,,,,,,,,,
tune,segment,0,power,-1.5,2,0.5314285714285715,0.5285714285714286,False,,,,,,,,,,,,,,,
tune,segment,0,power,-1.5,4,0.42857142857142855,0.4342857142857143,False,,,,,,,,,,,,,,,
tune,segment,0,power,-1.5,8,0.38857142857142857,0.4,False,,,,,,,,,,,,,,,
tune,segment,0,power,-1.5,16,0.14285714285714285,0.14285714285714285,False,,,,,,,,,,,,,,,
tune,segment,0,power,-1.5,32,0.1457142857142857,0.17714285714285713,False,,,,,,,,,,,,,,,
tune,segment,0,power,-1.5,64,0.05142857142857143,0.04285714285714286,False,,,,,,,,,,,,,,,
tune,segment,0,power,-1.5,128,0.24571428571428572,0.24,False,,,,,,,,,,,,,,,
tune,segment,0,power,-1.0,0.5,0.9257142857142857,0.92,False,,,,,,,,,,,,,,,
tune,segment,0,power,-1.0,1,0.7942857142857143,0.7942857142857143,False,,,,,,,,,,,,,,,
tune,segment,0,power,-1.0,2,0.7057142857142857,0.7142857142857143,False,,,,,,,,,,,,,,,
tune,segment,0,power,-1.0,4,0.5428571428571428,0.5571428571428572,False,,,,,,,,,,,,,,,
tune,segment,0,power,-1.0,8,0.4942857142857143,0.5,False,,,,,,,,,,,,,,,
tune,segment,0,power,-1.0,16,0.62,0.64,False,,,,,,,,,,,,,,,
tune,segment,0,power,-1.0,32,0.6228571428571429,0.6342857142857142,False,,,,,,,,,,,,,,,
tune,segment,0,power,-1.0,64,0.4085714285714286,0.4085714285714286,False,,,,,,,,,,,,,,,
tune,segment,0,power,-1.0,128,0.23142857142857143,0.22857142857142856,False,,,,,,,,,,,,,,,
tune,segment,0,power,-0.8,0.5,0.9514285714285714,0.9657142857142857,False,,,,,,,,,,,,,,,
tune,segment,0,power,-0.8,1,0.9514285714285714,0.9657142857142857,False,,,,,,,,,,,,,,,
tune,segment,0,power,-0.8,2,0.9428571428571428,0.9542857142857143,False,,,,,,,,,,,,,,,
tune,segment,0,power,-0.8,4,0.7885714285714286,0.7885714285714286,False,,,,,,,,,,,,,,,
tune,segment,0,power,-0.8,8,0.7771428571428571,0.7742857142857142,False,,,,,,,,,,,,,,,
tune,segment,0,power,-0.8,16,0.7142857142857143,0.6914285714285714,False,,,,,,,,,,,,,,,
tune,segment,0,power,-0.8,32,0.41714285714285715,0.41714285714285715,False,,,,,,,,,,,,,,,
tune,segment,0,power,-0.8,64,0.7142857142857143,0.7057142857142857,False,,,,,,,,,,,,,,,
tune,segment,0,power,-0.8,128,0.16,0.16,False,,,,,,,,,,,,,,,
tune,segment,0,power,-0.6,0.5,0.9485714285714286,0.9657142857142857,False,,,,,,,,,,,,,,,
tune,segment,0,power,-0.6,1,0.9457142857142857,0.9657142857142857,False,,,,,,,,,,,,,,,
tune,segment,0,power,-0.6,2,0.9657142857142857,0.9714285714285714,False,,,,,,,,,,,,,,,
tune,segment,0,power,-0.6,4,0.9514285714285714,0.9628571428571429,False,,,,,,,,,,,,,,,
tune,segment,0,power,-0.6,8,0.94,0.9685714285714285,False,,,,,,,,,,,,,,,
tune,segment,0,power,-0.6,16,0.8485714285714285,0.8428571428571429,False,,,,,,,,,,,,,,,
tune,segment,0,power,-0.6,32,0.9171428571428571,0.9257142857142857,False,,,,,,,,,,,,,,,
tune,segment,0,power,-0.6,64,0.6771428571428572,0.6571428571428571,False,,,,,,,,,,,,,,,
tune,segment,0,power,-0.6,128,0.14285714285714285,0.14285714285714285,False,,,,,,,,,,,,,,,
tune,segment,0,power,-0.4,0.5,0.9371428571428572,0.9371428571428572,False,,,,,,,,,,,,,,,
tune,segment,0,power,-0.4,1,0.9514285714285714,0.96,False,,,,,,,,,,,,,,,
tune,segment,0,power,-0.4,2,0.96,0.9657142857142857,False,,,,,,,,,,,,,,,
tune,segment,0,power,-0.4,4,0.9714285714285714,0.9685714285714285,False,,,,,,,,,,,,,,,
tune,segment,0,power,-0.4,8,0.9742857142857143,0.98,False,,,,,,,,,,,,,,,
tune,segment,0,power,-0.4,16,0.9771428571428571,0.9771428571428571,False,,,,,,,,,,,,,,,
tune,segment,0,power,-0.4,32,0.9428571428571428,0.9657142857142857,False,,,,,,,,,,,,,,,
tune,segment,0,power,-0.4,64,0.20857142857142857,0.20857142857142857,False,,,,,,,,,,,,,,,
tune,segment,0,power,-0.4,128,0.14285714285714285,0.14285714285714285,False,,,,,,,,,,,,,,,
tune,segment,0,power,-0.2,0.5,0.9257142857142857,0.9228571428571428,False,,,,,,,,,,,,,,,
tune,segment,0,power,-0.2,1,0.9371428571428572,0.9342857142857143,False,,,,,,,,,,,,,,,
tune,segment,0,power,-0.2,2,0.9514285714285714,0.9514285714285714,False,,,,,,,,,,,,,,,
tune,segment,0,power,-0.2,4,0.96,0.9628571428571429,False,,,,,,,,,,,,,,,
tune,segment,0,power,-0.2,8,0.9714285714285714,0.9657142857142857,False,,,,,,,,,,,,,,,
tune,segment,0,power,-0.2,16,0.9714285714285714,0.9742857142857143,False,,,,,,,,,,,,,,,
tune,segment,0,power,-0.2,32,0.9685714285714285,0.9714285714285714,False,,,,,,,,,,,,,,,
tune,segment,0,power,-0.2,64,0.14285714285714285,0.14285714285714285,False,,,,,,,,,,,,,,,
tune,segment,0,power,-0.2,128,0.14285714285714285,0.14285714285714285,False,,,,,,,,,,,,,,,
tune,segment,0,power,0.2,0.5,0.9114285714285715,0.9228571428571428,False,,,,,,,,,,,,,,,
tune,segment,0,power,0.2,1,0.9228571428571428,0.9228571428571428,False,,,,,,,,,,,,,,,
tune,segment,0,power,0.2,2,0.9285714285714286,0.9228571428571428,False,,,,,,,,,,,,,,,
tune,segment,0,power,0.2,4,0.9342857142857143,0.9342857142857143,False,,,,,,,,,,,,,,,
tune,segment,0,power,0.2,8,0.9428571428571428,0.9542857142857143,False,,,,,,,,,,,,,,,
tune,segment,0,power,0.2,16,0.9542857142857143,0.9628571428571429,False,,,,,,,,,,,,,,,
tune,segment,0,power,0.2,32,0.26,0.26857142857142857,False,,,,,,,,,,,,,,,
tune,segment,0,power,0.2,64,0.14285714285714285,0.14285714285714285,False,,,,,,,,,,,,,,,
tune,segment,0,power,0.2,128,0.14285714285714285,0.14285714285714285,False,,,,,,,,,,,,,,,
tune,segment,0,power,0.5,0.5,0.9,0.9142857142857143,False,,,,,,,,,,,,,,,
tune,segment,0,power,0.5,1,0.9142857142857143,0.92,False,,,,,,,,,,,,,,,
tune,segment,0,power,0.5,2,0.9228571428571428,0.9228571428571428,False,,,,,,,,,,,,,,,
tune,segment,0,power,0.5,4,0.9285714285714286,0.9257142857142857,False,,,,,,,,,,,,,,,
tune,segment,0,power,0.5,8,0.9314285714285714,0.9371428571428572,False,,,,,,,,,,,,,,,
tune,segment,0,power,0.5,16,0.5714285714285714,0.5685714285714286,False,,,,,,,,,,,,,,,
tune,segment,0,power,0.5,32,0.16,0.15714285714285714,False,,,,,,,,,,,,,,,
tune,segment,0,power,0.5,64,0.14285714285714285,0.14285714285714285,False,,,,,,,,,,,,,,,
tune,segment,0,power,0.5,128,0.14285714285714285,0.14285714285714285,False,,,,,,,,,,,,,,,
tune,segment,0,power,1.0,0.5,0.8685714285714285,0.8828571428571429,False,,,,,,,,,,,,,,,
tune,segment,0,power,1.0,1,0.9057142857142857,0.9142857142857143,False,,,,,,,,,,,,,,,
tune,segment,0,power,1.0,2,0.9257142857142857,0.92,False,,,,,,,,,,,,,,,
tune,segment,0,power,1.0,4,0.8,0.7857142857142857,False,,,,,,,,,,,,,,,
tune,segment,0,power,1.0,8,0.42857142857142855,0.4257142857142857,False,,,,,,,,,,,,,,,
tune,segment,0,power,1.0,16,0.22,0.2257142857142857,False,,,,,,,,,,,,,,,
tune,segment,0,power,1.0,32,0.18285714285714286,0.19142857142857142,False,,,,,,,,,,,,,,,
tune,segment,0,power,1.0,64,0.12571428571428572,0.13714285714285715,False,,,,,,,,,,,,,,,
tune,segment,0,power,1.0,128,0.11714285714285715,0.11428571428571428,False,,,,,,,,,,,,,,,
tune,segment,0,power,1.5,0.5,0.7057142857142857,0.7171428571428572,False,,,,,,,,,,,,,,,
tune,segment,0,power,1.5,1,0.2857142857142857,0.2885714285714286,False,,,,,,,,,,,,,,,
tune,segment,0,power,1.5,2,0.3342857142857143,0.32285714285714284,False,,,,,,,,,,,,,,,
tune,segment,0,power,1.5,4,0.14285714285714285,0.14285714285714285,False,,,,,,,,,,,,,,,
tune,segment,0,power,1.5,8,0.13142857142857142,0.13714285714285715,False,,,,,,,,,,,,,,,
tune,segment,0,power,1.5,16,0.04857142857142857,0.05714285714285714,False,,,,,,,,,,,,,,,
tune,segment,0,power,1.5,32,0.06285714285714286,0.06571428571428571,False,,,,,,,,,,,,,,,
tune,segment,0,power,1.5,64,0.06285714285714286,0.08,False,,,,,,,,,,,,,,,
tune,segment,0,power,1.5,128,0.08285714285714285,0.10285714285714286,False,,,,,,,,,,,,,,,
best,segment,0,gradient descent,,16,0.9657142857142857,0.9742857142857143,False,0,,,,,,,,,,,,,,
best,segment,0,power,-0.4,16,0.9771428571428571,0.9771428571428571,False,0,,,,,,,,,,,,,,
seed,segment,0,power,-0.4,16,0.9514285714285714,0.9657142857142857,False,,100,,,,,,,,,,,,,
seed,segment,0,gradient descent,,16,0.9714285714285714,0.98,False,,100,,,,,,,,,,,,,
seed,segment,0,power,-0.4,16,0.9742857142857143,0.9685714285714285,False,,101,,,,,,,,,,,,,
seed,segment,0,gradient descent,,16,0.9657142857142857,0.9685714285714285,False,,101,,,,,,,,,,,,,
seed,segment,0,power,-0.4,16,0.9542857142857143,0.96,False,,102,,,,,,,,,,,,,
seed,segment,0,gradient descent,,16,0.9714285714285714,0.9742857142857143,False,,102,,,,,,,,,,,,,
seed,segment,0,power,-0.4,16,0.9771428571428571,0.9714285714285714,False,,103,,,,,,,,,,,,,
seed,segment,0,gradient descent,,16,0.96,0.9714285714285714,False,,103,,,,,,,,,,,,,
seed,segment,0,power,-0.4,16,0.9657142857142857,0.9742857142857143,False,,104,,,,,,,,,,,,,
seed,segment,0,gradient descent,,16,0.9714285714285714,0.9714285714285714,False,,104,,,,,,,,,,,,,
seed,segment,0,power,-0.4,16,0.9828571428571429,0.9885714285714285,False,,105,,,,,,,,,,,,,
seed,segment,0,gradient descent,,16,0.9628571428571429,0.98,False,,105,,,,,,,,,,,,,
seed,segment,0,power,-0.4,16,0.9571428571428572,0.9685714285714285,False,,106,,,,,,,,,,,,,
seed,segment,0,gradient descent,,16,0.9542857142857143,0.9657142857142857,False,,106,,,,,,,,,,,,,
seed,segment,0,power,-0.4,16,0.9714285714285714,0.9714285714285714,False,,107,,,,,,,,,,,,,
seed,segment,0,gradient descent,,16,0.9628571428571429,0.9685714285714285,False,,107,,,,,,,,,,,,,
split_summary,segment,0,,,,,,,,,0.6,16,16,-0.14285714285714318,0.2957423825752946,8,4,2,,,,,
tune,segment,1,gradient descent,,0.5,0.9314285714285714,0.9228571428571428,False,,,,,,,,,,,,,,,
tune,segment,1,gradient descent,,1,0.9257142857142857,0.9228571428571428,False,,,,,,,,,,,,,,,
tune,segment,1,gradient descent,,2,0.94,0.9285714285714286,False,,,,,,,,,,,,,,,
tune,segment,1,gradient descent,,4,0.9514285714285714,0.9485714285714286,False,,,,,,,,,,,,,,,
tune,segment,1,gradient descent,,8,0.9657142857142857,0.9657142857142857,False,,,,,,,,,,,,,,,
tune,segment,1,gradient descent,,16,0.9542857142857143,0.9542857142857143,False,,,,,,,,,,,,,,,
tune,segment,1,gradient descent,,32,0.6771428571428572,0.6685714285714286,False,,,,,,,,,,,,,,,
tune,segment,1,gradient descent,,64,0.18571428571428572,0.2057142857142857,False,,,,,,,,,,,,,,,
tune,segment,1,gradient descent,,128,0.15714285714285714,0.17142857142857143,False,,,,,,,,,,,,,,,
tune,segment,1,power,-1.5,0.5,0.16,0.17714285714285713,False,,,,,,,,,,,,,,,
tune,segment,1,power,-1.5,1,0.5685714285714286,0.5685714285714286,False,,,,,,,,,,,,,,,
tune,segment,1,power,-1.5,2,0.4514285714285714,0.4542857142857143,False,,,,,,,,,,,,,,,
tune,segment,1,power,-1.5,4,0.21714285714285714,0.21714285714285714,False,,,,,,,,,,,,,,,
tune,segment,1,power,-1.5,8,0.20285714285714285,0.20857142857142857,False,,,,,,,,,,,,,,,
tune,segment,1,power,-1.5,16,0.24571428571428572,0.24571428571428572,False,,,,,,,,,,,,,,,
tune,segment,1,power,-1.5,32,0.09142857142857143,0.09714285714285714,False,,,,,,,,,,,,,,,
tune,segment,1,power,-1.5,64,0.13714285714285715,0.12571428571428572,False,,,,,,,,,,,,,,,
tune,segment,1,power,-1.5,128,0.14285714285714285,0.14285714285714285,False,,,,,,,,,,,,,,,
tune,segment,1,power,-1.0,0.5,0.8828571428571429,0.8514285714285714,False,,,,,,,,,,,,,,,
tune,segment,1,power,-1.0,1,0.7742857142857142,0.78,False,,,,,,,,,,,,,,,
tune,segment,1,power,-1.0,2,0.19142857142857142,0.16285714285714287,False,,,,,,,,,,,,,,,
tune,segment,1,power,-1.0,4,0.7085714285714285,0.7114285714285714,False,,,,,,,,,,,,,,,
tune,segment,1,power,-1.0,8,0.5228571428571429,0.5171428571428571,False,,,,,,,,,,,,,,,
tune,segment,1,power,-1.0,16,0.6285714285714286,0.5742857142857143,False,,,,,,,,,,,,,,,
tune,segment,1,power,-1.0,32,0.4085714285714286,0.4057142857142857,False,,,,,,,,,,,,,,,
tune,segment,1,power,-1.0,64,0.33714285714285713,0.32857142857142857,False,,,,,,,,,,,,,,,
tune,segment,1,power,-1.0,128,0.14285714285714285,0.14285714285714285,False,,,,,,,,,,,,,,,
tune,segment,1,power,-0.8,0.5,0.9542857142857143,0.9428571428571428,False,,,,,,,,,,,,,,,
tune,segment,1,power,-0.8,1,0.9628571428571429,0.96,False,,,,,,,,,,,,,,,
tune,segment,1,power,-0.8,2,0.9428571428571428,0.9428571428571428,False,,,,,,,,,,,,,,,
tune,segment,1,power,-0.8,4,0.8028571428571428,0.7914285714285715,False,,,,,,,,,,,,,,,
tune,segment,1,power,-0.8,8,0.7485714285714286,0.7371428571428571,False,,,,,,,,,,,,,,,
tune,segment,1,power,-0.8,16,0.7714285714285715,0.7685714285714286,False,,,,,,,,,,,,,,,
tune,segment,1,power,-0.8,32,0.7314285714285714,0.72,False,,,,,,,,,,,,,,,
tune,segment,1,power,-0.8,64,0.46,0.4685714285714286,False,,,,,,,,,,,,,,,
tune,segment,1,power,-0.8,128,0.14285714285714285,0.14285714285714285,False,,,,,,,,,,,,,,,
tune,segment,1,power,-0.6,0.5,0.9542857142857143,0.9371428571428572,False,,,,,,,,,,,,,,,
tune,segment,1,power,-0.6,1,0.9571428571428572,0.9485714285714286,False,,,,,,,,,,,,,,,
tune,segment,1,power,-0.6,2,0.9857142857142858,0.9657142857142857,False,,,,,,,,,,,,,,,
tune,segment,1,power,-0.6,4,0.96,0.9485714285714286,False,,,,,,,,,,,,,,,
tune,segment,1,power,-0.6,8,0.9685714285714285,0.9571428571428572,False,,,,,,,,,,,,,,,
tune,segment,1,power,-0.6,16,0.9542857142857143,0.9514285714285714,False,,,,,,,,,,,,,,,
tune,segment,1,power,-0.6,32,0.8028571428571428,0.7828571428571428,False,,,,,,,,,,,,,,,
tune,segment,1,power,-0.6,64,0.6857142857142857,0.6428571428571429,False,,,,,,,,,,,,,,,
tune,segment,1,power,-0.6,128,0.17142857142857143,0.16285714285714287,False,,,,,,,,,,,,,,,
tune,segment,1,power,-0.4,0.5,0.94,0.9228571428571428,False,,,,,,,,,,,,,,,
tune,segment,1,power,-0.4,1,0.9542857142857143,0.9457142857142857,False,,,,,,,,,,,,,,,
tune,segment,1,power,-0.4,2,0.9571428571428572,0.9485714285714286,False,,,,,,,,,,,,,,,
tune,segment,1,power,-0.4,4,0.9628571428571429,0.9628571428571429,False,,,,,,,,,,,,,,,
tune,segment,1,power,-0.4,8,0.9542857142857143,0.9657142857142857,False,,,,,,,,,,,,,,,
tune,segment,1,power,-0.4,16,0.9742857142857143,0.9742857142857143,False,,,,,,,,,,,,,,,
tune,segment,1,power,-0.4,32,0.9657142857142857,0.9571428571428572,False,,,,,,,,,,,,,,,
tune,segment,1,power,-0.4,64,0.26285714285714284,0.2571428571428571,False,,,,,,,,,,,,,,,
tune,segment,1,power,-0.4,128,0.26571428571428574,0.24,False,,,,,,,,,,,,,,,
tune,segment,1,power,-0.2,0.5,0.9285714285714286,0.9257142857142857,False,,,,,,,,,,,,,,,
tune,segment,1,power,-0.2,1,0.9371428571428572,0.92,False,,,,,,,,,,,,,,,
tune,segment,1,power,-0.2,2,0.9542857142857143,0.9485714285714286,False,,,,,,,,,,,,,,,
tune,segment,1,power,-0.2,4,0.9628571428571429,0.96,False,,,,,,,,,,,,,,,
tune,segment,1,power,-0.2,8,0.9628571428571429,0.9571428571428572,False,,,,,,,,,,,,,,,
tune,segment,1,power,-0.2,16,0.9457142857142857,0.9571428571428572,False,,,,,,,,,,,,,,,
tune,segment,1,power,-0.2,32,0.8085714285714286,0.8085714285714286,False,,,,,,,,,,,,,,,
tune,segment,1,power,-0.2,64,0.14285714285714285,0.14285714285714285,False,,,,,,,,,,,,,,,
tune,segment,1,power,-0.2,128,0.26,0.26,False,,,,,,,,,,,,,,,
tune,segment,1,power,0.2,0.5,0.9228571428571428,0.9114285714285715,False,,,,,,,,,,,,,,,
tune,segment,1,power,0.2,1,0.9285714285714286,0.9257142857142857,False,,,,,,,,,,,,,,,
tune,segment,1,power,0.2,2,0.9257142857142857,0.9228571428571428,False,,,,,,,,,,,,,,,
tune,segment,1,power,0.2,4,0.94,0.9257142857142857,False,,,,,,,,,,,,,,,
tune,segment,1,power,0.2,8,0.9514285714285714,0.9457142857142857,False,,,,,,,,,,,,,,,
tune,segment,1,power,0.2,16,0.9542857142857143,0.9571428571428572,False,,,,,,,,,,,,,,,
tune,segment,1,power,0.2,32,0.44,0.44571428571428573,False,,,,,,,,,,,,,,,
tune,segment,1,power,0.2,64,0.14285714285714285,0.14285714285714285,False,,,,,,,,,,,,,,,
tune,segment,1,power,0.2,128,0.14285714285714285,0.14285714285714285,False,,,,,,,,,,,,,,,
tune,segment,1,power,0.5,0.5,0.9057142857142857,0.9057142857142857,False,,,,,,,,,,,,,,,
tune,segment,1,power,0.5,1,0.9228571428571428,0.9114285714285715,False,,,,,,,,,,,,,,,
tune,segment,1,power,0.5,2,0.9285714285714286,0.92,False,,,,,,,,,,,,,,,
tune,segment,1,power,0.5,4,0.9228571428571428,0.9257142857142857,False,,,,,,,,,,,,,,,
tune,segment,1,power,0.5,8,0.9314285714285714,0.9257142857142857,False,,,,,,,,,,,,,,,
tune,segment,1,power,0.5,16,0.5714285714285714,0.5657142857142857,False,,,,,,,,,,,,,,,
tune,segment,1,power,0.5,32,0.14285714285714285,0.14285714285714285,False,,,,,,,,,,,,,,,
tune,segment,1,power,0.5,64,0.14285714285714285,0.14285714285714285,False,,,,,,,,,,,,,,,
tune,segment,1,power,0.5,128,0.14285714285714285,0.14285714285714285,False,,,,,,,,,,,,,,,
tune,segment,1,power,1.0,0.5,0.8828571428571429,0.8828571428571429,False,,,,,,,,,,,,,,,
tune,segment,1,power,1.0,1,0.8971428571428571,0.9028571428571428,False,,,,,,,,,,,,,,,
tune,segment,1,power,1.0,2,0.92,0.9171428571428571,False,,,,,,,,,,,,,,,
tune,segment,1,power,1.0,4,0.7114285714285714,0.7085714285714285,False,,,,,,,,,,,,,,,
tune,segment,1,power,1.0,8,0.2857142857142857,0.2885714285714286,False,,,,,,,,,,,,,,,
tune,segment,1,power,1.0,16,0.2571428571428571,0.26285714285714284,False,,,,,,,,,,,,,,,
tune,segment,1,power,1.0,32,0.28,0.27714285714285714,False,,,,,,,,,,,,,,,
tune,segment,1,power,1.0,64,0.28,0.2914285714285714,False,,,,,,,,,,,,,,,
tune,segment,1,power,1.0,128,0.2571428571428571,0.25142857142857145,False,,,,,,,,,,,,,,,
tune,segment,1,power,1.5,0.5,0.6771428571428572,0.6742857142857143,False,,,,,,,,,,,,,,,
tune,segment,1,power,1.5,1,0.6428571428571429,0.6371428571428571,False,,,,,,,,,,,,,,,
tune,segment,1,power,1.5,2,0.2914285714285714,0.29428571428571426,False,,,,,,,,,,,,,,,
tune,segment,1,power,1.5,4,0.15142857142857144,0.15714285714285714,False,,,,,,,,,,,,,,,
tune,segment,1,power,1.5,8,0.18571428571428572,0.18857142857142858,False,,,,,,,,,,,,,,,
tune,segment,1,power,1.5,16,0.25142857142857145,0.24571428571428572,False,,,,,,,,,,,,,,,
tune,segment,1,power,1.5,32,0.2542857142857143,0.24285714285714285,False,,,,,,,,,,,,,,,
tune,segment,1,power,1.5,64,0.25142857142857145,0.23714285714285716,False,,,,,,,,,,,,,,,
tune,segment,1,power,1.5,128,0.2571428571428571,0.24,False,,,,,,,,,,,,,,,
best,segment,1,gradient descent,,8,0.9657142857142857,0.9657142857142857,False,0,,,,,,,,,,,,,,
best,segment,1,power,-0.6,2,0.9857142857142858,0.9657142857142857,False,0,,,,,,,,,,,,,,
seed,segment,1,power,-0.6,2,0.96,0.9342857142857143,False,,100,,,,,,,,,,,,,
seed,segment,1,gradient descent,,8,0.9542857142857143,0.9628571428571429,False,,100,,,,,,,,,,,,,
seed,segment,1,power,-0.6,2,0.96,0.9457142857142857,False,,101,,,,,,,,,,,,,
seed,segment,1,gradient descent,,8,0.9514285714285714,0.9628571428571429,False,,101,,,,,,,,,,,,,
seed,segment,1,power,-0.6,2,0.9514285714285714,0.9314285714285714,False,,102,,,,,,,,,,,,,
seed,segment,1,gradient descent,,8,0.9542857142857143,0.9628571428571429,False,,102,,,,,,,,,,,,,
seed,segment,1,power,-0.6,2,0.96,0.9457142857142857,False,,103,,,,,,,,,,,,,
seed,segment,1,gradient descent,,8,0.96,0.9628571428571429,False,,103,,,,,,,,,,,,,
seed,segment,1,power,-0.6,2,0.9657142857142857,0.9457142857142857,False,,104,,,,,,,,,,,,,
seed,segment,1,gradient descent,,8,0.9571428571428572,0.96,False,,104,,,,,,,,,,,,,
seed,segment,1,power,-0.6,2,0.9714285714285714,0.9714285714285714,False,,105,,,,,,,,,,,,,
seed,segment,1,gradient descent,,8,0.9657142857142857,0.96,False,,105,,,,,,,,,,,,,
seed,segment,1,power,-0.6,2,0.9571428571428572,0.9485714285714286,False,,106,,,,,,,,,,,,,
seed,segment,1,gradient descent,,8,0.9542857142857143,0.9657142857142857,False,,106,,,,,,,,,,,,,
seed,segment,1,power,-0.6,2,0.9885714285714285,0.9714285714285714,False,,107,,,,,,,,,,,,,
seed,segment,1,gradient descent,,8,0.9542857142857143,0.9628571428571429,False,,107,,,,,,,,,,,,,
split_summary,segment,1,,,,,,,,,0.4,2,8,-1.3214285714285707,0.5504768672170596,8,2,0,,,,,
tune,segment,2,gradient descent,,0.5,0.9285714285714286,0.9428571428571428,False,,,,,,,,,,,,,,,
tune,segment,2,gradient descent,,1,0.9371428571428572,0.9485714285714286,False,,,,,,,,,,,,,,,
tune,segment,2,gradient descent,,2,0.9428571428571428,0.9542857142857143,False,,,,,,,,,,,,,,,
tune,segment,2,gradient descent,,4,0.96,0.9485714285714286,False,,,,,,,,,,,,,,,
tune,segment,2,gradient descent,,8,0.9628571428571429,0.9514285714285714,False,,,,,,,,,,,,,,,
tune,segment,2,gradient descent,,16,0.9685714285714285,0.9571428571428572,False,,,,,,,,,,,,,,,
tune,segment,2,gradient descent,,32,0.43142857142857144,0.42857142857142855,False,,,,,,,,,,,,,,,
tune,segment,2,gradient descent,,64,0.14285714285714285,0.14285714285714285,False,,,,,,,,,,,,,,,
tune,segment,2,gradient descent,,128,0.14285714285714285,0.14285714285714285,False,,,,,,,,,,,,,,,
tune,segment,2,power,-1.5,0.5,0.22857142857142856,0.21142857142857144,False,,,,,,,,,,,,,,,
tune,segment,2,power,-1.5,1,0.14285714285714285,0.14285714285714285,False,,,,,,,,,,,,,,,
tune,segment,2,power,-1.5,2,0.49142857142857144,0.48,False,,,,,,,,,,,,,,,
tune,segment,2,power,-1.5,4,0.56,0.54,False,,,,,,,,,,,,,,,
tune,segment,2,power,-1.5,8,0.4657142857142857,0.44857142857142857,False,,,,,,,,,,,,,,,
tune,segment,2,power,-1.5,16,0.4142857142857143,0.4142857142857143,False,,,,,,,,,,,,,,,
tune,segment,2,power,-1.5,32,0.19714285714285715,0.16857142857142857,False,,,,,,,,,,,,,,,
tune,segment,2,power,-1.5,64,0.03142857142857143,0.05142857142857143,False,,,,,,,,,,,,,,,
tune,segment,2,power,-1.5,128,0.2914285714285714,0.2885714285714286,False,,,,,,,,,,,,,,,
tune,segment,2,power,-1.0,0.5,0.8085714285714286,0.7914285714285715,False,,,,,,,,,,,,,,,
tune,segment,2,power,-1.0,1,0.8714285714285714,0.8657142857142858,False,,,,,,,,,,,,,,,
tune,segment,2,power,-1.0,2,0.72,0.7142857142857143,False,,,,,,,,,,,,,,,
tune,segment,2,power,-1.0,4,0.5142857142857142,0.5057142857142857,False,,,,,,,,,,,,,,,
tune,segment,2,power,-1.0,8,0.47714285714285715,0.4828571428571429,False,,,,,,,,,,,,,,,
tune,segment,2,power,-1.0,16,0.5257142857142857,0.5,False,,,,,,,,,,,,,,,
tune,segment,2,power,-1.0,32,0.6257142857142857,0.6342857142857142,False,,,,,,,,,,,,,,,
tune,segment,2,power,-1.0,64,0.46285714285714286,0.4828571428571429,False,,,,,,,,,,,,,,,
tune,segment,2,power,-1.0,128,0.14285714285714285,0.14285714285714285,False,,,,,,,,,,,,,,,
tune,segment,2,power,-0.8,0.5,0.9542857142857143,0.9314285714285714,False,,,,,,,,,,,,,,,
tune,segment,2,power,-0.8,1,0.9542857142857143,0.9485714285714286,False,,,,,,,,,,,,,,,
tune,segment,2,power,-0.8,2,0.94,0.9285714285714286,False,,,,,,,,,,,,,,,
tune,segment,2,power,-0.8,4,0.8514285714285714,0.8342857142857143,False,,,,,,,,,,,,,,,
tune,segment,2,power,-0.8,8,0.6285714285714286,0.62,False,,,,,,,,,,,,,,,
tune,segment,2,power,-0.8,16,0.8542857142857143,0.8542857142857143,False,,,,,,,,,,,,,,,
tune,segment,2,power,-0.8,32,0.7142857142857143,0.7057142857142857,False,,,,,,,,,,,,,,,
tune,segment,2,power,-0.8,64,0.4685714285714286,0.4942857142857143,False,,,,,,,,,,,,,,,
tune,segment,2,power,-0.8,128,0.14285714285714285,0.14285714285714285,False,,,,,,,,,,,,,,,
tune,segment,2,power,-0.6,0.5,0.9514285714285714,0.9171428571428571,False,,,,,,,,,,,,,,,
tune,segment,2,power,-0.6,1,0.96,0.94,False,,,,,,,,,,,,,,,
tune,segment,2,power,-0.6,2,0.9657142857142857,0.9514285714285714,False,,,,,,,,,,,,,,,
tune,segment,2,power,-0.6,4,0.9685714285714285,0.9514285714285714,False,,,,,,,,,,,,,,,
tune,segment,2,power,-0.6,8,0.9342857142857143,0.9142857142857143,False,,,,,,,,,,,,,,,
tune,segment,2,power,-0.6,16,0.9714285714285714,0.9285714285714286,False,,,,,,,,,,,,,,,
tune,segment,2,power,-0.6,32,0.9228571428571428,0.8714285714285714,False,,,,,,,,,,,,,,,
tune,segment,2,power,-0.6,64,0.78,0.7742857142857142,False,,,,,,,,,,,,,,,
tune,segment,2,power,-0.6,128,0.14285714285714285,0.14285714285714285,False,,,,,,,,,,,,,,,
tune,segment,2,power,-0.4,0.5,0.9514285714285714,0.9514285714285714,False,,,,,,,,,,,,,,,
tune,segment,2,power,-0.4,1,0.9542857142857143,0.9514285714285714,False,,,,,,,,,,,,,,,
tune,segment,2,power,-0.4,2,0.96,0.9342857142857143,False,,,,,,,,,,,,,,,
tune,segment,2,power,-0.4,4,0.9714285714285714,0.9485714285714286,False,,,,,,,,,,,,,,,
tune,segment,2,power,-0.4,8,0.9657142857142857,0.9485714285714286,False,,,,,,,,,,,,,,,
tune,segment,2,power,-0.4,16,0.9657142857142857,0.9514285714285714,False,,,,,,,,,,,,,,,
tune,segment,2,power,-0.4,32,0.96,0.9457142857142857,False,,,,,,,,,,,,,,,
tune,segment,2,power,-0.4,64,0.24571428571428572,0.24,False,,,,,,,,,,,,,,,
tune,segment,2,power,-0.4,128,0.14285714285714285,0.14285714285714285,False,,,,,,,,,,,,,,,
tune,segment,2,power,-0.2,0.5,0.9314285714285714,0.9457142857142857,False,,,,,,,,,,,,,,,
tune,segment,2,power,-0.2,1,0.9485714285714286,0.9542857142857143,False,,,,,,,,,,,,,,,
tune,segment,2,power,-0.2,2,0.9628571428571429,0.9457142857142857,False,,,,,,,,,,,,,,,
tune,segment,2,power,-0.2,4,0.9657142857142857,0.9457142857142857,False,,,,,,,,,,,,,,,
tune,segment,2,power,-0.2,8,0.9657142857142857,0.9485714285714286,False,,,,,,,,,,,,,,,
tune,segment,2,power,-0.2,16,0.9657142857142857,0.9542857142857143,False,,,,,,,,,,,,,,,
tune,segment,2,power,-0.2,32,0.9628571428571429,0.9542857142857143,False,,,,,,,,,,,,,,,
tune,segment,2,power,-0.2,64,0.21142857142857144,0.21428571428571427,False,,,,,,,,,,,,,,,
tune,segment,2,power,-0.2,128,0.14285714285714285,0.14285714285714285,False,,,,,,,,,,,,,,,
tune,segment,2,power,0.2,0.5,0.9142857142857143,0.9314285714285714,False,,,,,,,,,,,,,,,
tune,segment,2,power,0.2,1,0.9342857142857143,0.94,False,,,,,,,,,,,,,,,
tune,segment,2,power,0.2,2,0.94,0.9485714285714286,False,,,,,,,,,,,,,,,
tune,segment,2,power,0.2,4,0.9457142857142857,0.9514285714285714,False,,,,,,,,,,,,,,,
tune,segment,2,power,0.2,8,0.96,0.9485714285714286,False,,,,,,,,,,,,,,,
tune,segment,2,power,0.2,16,0.9657142857142857,0.9428571428571428,False,,,,,,,,,,,,,,,
tune,segment,2,power,0.2,32,0.34285714285714286,0.3514285714285714,False,,,,,,,,,,,,,,,
tune,segment,2,power,0.2,64,0.14285714285714285,0.14285714285714285,False,,,,,,,,,,,,,,,
tune,segment,2,power,0.2,128,0.14285714285714285,0.14285714285714285,False,,,,,,,,,,,,,,,
tune,segment,2,power,0.5,0.5,0.9114285714285715,0.9114285714285715,False,,,,,,,,,,,,,,,
tune,segment,2,power,0.5,1,0.9142857142857143,0.9342857142857143,False,,,,,,,,,,,,,,,
tune,segment,2,power,0.5,2,0.9371428571428572,0.9371428571428572,False,,,,,,,,,,,,,,,
tune,segment,2,power,0.5,4,0.94,0.9371428571428572,False,,,,,,,,,,,,,,,
tune,segment,2,power,0.5,8,0.94,0.94,False,,,,,,,,,,,,,,,
tune,segment,2,power,0.5,16,0.4257142857142857,0.4228571428571429,False,,,,,,,,,,,,,,,
tune,segment,2,power,0.5,32,0.14285714285714285,0.14285714285714285,False,,,,,,,,,,,,,,,
tune,segment,2,power,0.5,64,0.14285714285714285,0.14285714285714285,False,,,,,,,,,,,,,,,
tune,segment,2,power,0.5,128,0.14285714285714285,0.14285714285714285,False,,,,,,,,,,,,,,,
tune,segment,2,power,1.0,0.5,0.8857142857142857,0.8771428571428571,False,,,,,,,,,,,,,,,
tune,segment,2,power,1.0,1,0.9028571428571428,0.9028571428571428,False,,,,,,,,,,,,,,,
tune,segment,2,power,1.0,2,0.9,0.92,False,,,,,,,,,,,,,,,
tune,segment,2,power,1.0,4,0.7057142857142857,0.7057142857142857,False,,,,,,,,,,,,,,,
tune,segment,2,power,1.0,8,0.4257142857142857,0.4228571428571429,False,,,,,,,,,,,,,,,
tune,segment,2,power,1.0,16,0.2257142857142857,0.22857142857142856,False,,,,,,,,,,,,,,,
tune,segment,2,power,1.0,32,0.20285714285714285,0.2,False,,,,,,,,,,,,,,,
tune,segment,2,power,1.0,64,0.1657142857142857,0.16857142857142857,False,,,,,,,,,,,,,,,
tune,segment,2,power,1.0,128,0.14857142857142858,0.14857142857142858,False,,,,,,,,,,,,,,,
tune,segment,2,power,1.5,0.5,0.7085714285714285,0.6914285714285714,False,,,,,,,,,,,,,,,
tune,segment,2,power,1.5,1,0.22857142857142856,0.22,False,,,,,,,,,,,,,,,
tune,segment,2,power,1.5,2,0.14285714285714285,0.14285714285714285,False,,,,,,,,,,,,,,,
tune,segment,2,power,1.5,4,0.2542857142857143,0.2542857142857143,False,,,,,,,,,,,,,,,
tune,segment,2,power,1.5,8,0.24,0.24571428571428572,False,,,,,,,,,,,,,,,
tune,segment,2,power,1.5,16,0.16285714285714287,0.1742857142857143,False,,,,,,,,,,,,,,,
tune,segment,2,power,1.5,32,0.12571428571428572,0.12285714285714286,False,,,,,,,,,,,,,,,
tune,segment,2,power,1.5,64,0.1,0.08857142857142856,False,,,,,,,,,,,,,,,
tune,segment,2,power,1.5,128,0.09714285714285714,0.09142857142857143,False,,,,,,,,,,,,,,,
best,segment,2,gradient descent,,16,0.9685714285714285,0.9571428571428572,False,0,,,,,,,,,,,,,,
best,segment,2,power,-0.6,16,0.9714285714285714,0.9285714285714286,False,0,,,,,,,,,,,,,,
seed,segment,2,power,-0.6,16,0.9514285714285714,0.9342857142857143,False,,100,,,,,,,,,,,,,
seed,segment,2,gradient descent,,16,0.98,0.9514285714285714,False,,100,,,,,,,,,,,,,
seed,segment,2,power,-0.6,16,0.9457142857142857,0.9571428571428572,False,,101,,,,,,,,,,,,,
seed,segment,2,gradient descent,,16,0.9714285714285714,0.9657142857142857,False,,101,,,,,,,,,,,,,
seed,segment,2,power,-0.6,16,0.9457142857142857,0.9371428571428572,False,,102,,,,,,,,,,,,,
seed,segment,2,gradient descent,,16,0.9771428571428571,0.9657142857142857,False,,102,,,,,,,,,,,,,
seed,segment,2,power,-0.6,16,0.9485714285714286,0.9342857142857143,False,,103,,,,,,,,,,,,,
seed,segment,2,gradient descent,,16,0.9742857142857143,0.9628571428571429,False,,103,,,,,,,,,,,,,
seed,segment,2,power,-0.6,16,0.9514285714285714,0.9257142857142857,False,,104,,,,,,,,,,,,,
seed,segment,2,gradient descent,,16,0.9771428571428571,0.9685714285714285,False,,104,,,,,,,,,,,,,
seed,segment,2,power,-0.6,16,0.84,0.8371428571428572,False,,105,,,,,,,,,,,,,
seed,segment,2,gradient descent,,16,0.9742857142857143,0.9685714285714285,False,,105,,,,,,,,,,,,,
seed,segment,2,power,-0.6,16,0.9342857142857143,0.9057142857142857,False,,106,,,,,,,,,,,,,
seed,segment,2,gradient descent,,16,0.9771428571428571,0.96,False,,106,,,,,,,,,,,,,
seed,segment,2,power,-0.6,16,0.9314285714285714,0.9114285714285715,False,,107,,,,,,,,,,,,,
seed,segment,2,gradient descent,,16,0.9742857142857143,0.9457142857142857,False,,107,,,,,,,,,,,,,
split_summary,segment,2,,,,,,,,,0.4,16,16,-4.321428571428569,1.3557323497215923,8,0,0,,,,,
tune,segment,3,gradient descent,,0.5,0.9285714285714286,0.9314285714285714,False,,,,,,,,,,,,,,,
tune,segment,3,gradient descent,,1,0.9257142857142857,0.9257142857142857,False,,,,,,,,,,,,,,,
tune,segment,3,gradient descent,,2,0.9257142857142857,0.9342857142857143,False,,,,,,,,,,,,,,,
tune,segment,3,gradient descent,,4,0.9285714285714286,0.9514285714285714,False,,,,,,,,,,,,,,,
tune,segment,3,gradient descent,,8,0.9628571428571429,0.96,False,,,,,,,,,,,,,,,
tune,segment,3,gradient descent,,16,0.9685714285714285,0.9685714285714285,False,,,,,,,,,,,,,,,
tune,segment,3,gradient descent,,32,0.8314285714285714,0.8257142857142857,False,,,,,,,,,,,,,,,
tune,segment,3,gradient descent,,64,0.14285714285714285,0.14285714285714285,False,,,,,,,,,,,,,,,
tune,segment,3,gradient descent,,128,0.14285714285714285,0.14285714285714285,False,,,,,,,,,,,,,,,
tune,segment,3,power,-1.5,0.5,0.14285714285714285,0.14285714285714285,False,,,,,,,,,,,,,,,
tune,segment,3,power,-1.5,1,0.6114285714285714,0.62,False,,,,,,,,,,,,,,,
tune,segment,3,power,-1.5,2,0.46,0.5,False,,,,,,,,,,,,,,,
tune,segment,3,power,-1.5,4,0.39714285714285713,0.4057142857142857,False,,,,,,,,,,,,,,,
tune,segment,3,power,-1.5,8,0.36,0.37142857142857144,False,,,,,,,,,,,,,,,
tune,segment,3,power,-1.5,16,0.24571428571428572,0.26285714285714284,False,,,,,,,,,,,,,,,
tune,segment,3,power,-1.5,32,0.16,0.16,False,,,,,,,,,,,,,,,
tune,segment,3,power,-1.5,64,0.2542857142857143,0.2571428571428571,False,,,,,,,,,,,,,,,
tune,segment,3,power,-1.5,128,0.08,0.08571428571428572,False,,,,,,,,,,,,,,,
tune,segment,3,power,-1.0,0.5,0.7771428571428571,0.7657142857142857,False,,,,,,,,,,,,,,,
tune,segment,3,power,-1.0,1,0.58,0.5885714285714285,False,,,,,,,,,,,,,,,
tune,segment,3,power,-1.0,2,0.5685714285714286,0.5628571428571428,False,,,,,,,,,,,,,,,
tune,segment,3,power,-1.0,4,0.7514285714285714,0.7371428571428571,False,,,,,,,,,,,,,,,
tune,segment,3,power,-1.0,8,0.2057142857142857,0.2257142857142857,False,,,,,,,,,,,,,,,
tune,segment,3,power,-1.0,16,0.6285714285714286,0.6514285714285715,False,,,,,,,,,,,,,,,
tune,segment,3,power,-1.0,32,0.4142857142857143,0.38285714285714284,False,,,,,,,,,,,,,,,
tune,segment,3,power,-1.0,64,0.2857142857142857,0.2914285714285714,False,,,,,,,,,,,,,,,
tune,segment,3,power,-1.0,128,0.14285714285714285,0.1457142857142857,False,,,,,,,,,,,,,,,
tune,segment,3,power,-0.8,0.5,0.96,0.9628571428571429,False,,,,,,,,,,,,,,,
tune,segment,3,power,-0.8,1,0.9514285714285714,0.9371428571428572,False,,,,,,,,,,,,,,,
tune,segment,3,power,-0.8,2,0.8085714285714286,0.7742857142857142,False,,,,,,,,,,,,,,,
tune,segment,3,power,-0.8,4,0.9028571428571428,0.8971428571428571,False,,,,,,,,,,,,,,,
tune,segment,3,power,-0.8,8,0.8828571428571429,0.9,False,,,,,,,,,,,,,,,
tune,segment,3,power,-0.8,16,0.8085714285714286,0.8,False,,,,,,,,,,,,,,,
tune,segment,3,power,-0.8,32,0.8028571428571428,0.7885714285714286,False,,,,,,,,,,,,,,,
tune,segment,3,power,-0.8,64,0.6942857142857143,0.7057142857142857,False,,,,,,,,,,,,,,,
tune,segment,3,power,-0.8,128,0.14285714285714285,0.1457142857142857,False,,,,,,,,,,,,,,,
tune,segment,3,power,-0.6,0.5,0.9457142857142857,0.9571428571428572,False,,,,,,,,,,,,,,,
tune,segment,3,power,-0.6,1,0.9685714285714285,0.9685714285714285,False,,,,,,,,,,,,,,,
tune,segment,3,power,-0.6,2,0.96,0.9657142857142857,False,,,,,,,,,,,,,,,
tune,segment,3,power,-0.6,4,0.9771428571428571,0.9771428571428571,False,,,,,,,,,,,,,,,
tune,segment,3,power,-0.6,8,0.9514285714285714,0.9514285714285714,False,,,,,,,,,,,,,,,
tune,segment,3,power,-0.6,16,0.8371428571428572,0.8371428571428572,False,,,,,,,,,,,,,,,
tune,segment,3,power,-0.6,32,0.6971428571428572,0.7085714285714285,False,,,,,,,,,,,,,,,
tune,segment,3,power,-0.6,64,0.8257142857142857,0.8257142857142857,False,,,,,,,,,,,,,,,
tune,segment,3,power,-0.6,128,0.14285714285714285,0.14285714285714285,False,,,,,,,,,,,,,,,
tune,segment,3,power,-0.4,0.5,0.9314285714285714,0.9371428571428572,False,,,,,,,,,,,,,,,
tune,segment,3,power,-0.4,1,0.9485714285714286,0.9571428571428572,False,,,,,,,,,,,,,,,
tune,segment,3,power,-0.4,2,0.9714285714285714,0.9685714285714285,False,,,,,,,,,,,,,,,
tune,segment,3,power,-0.4,4,0.9685714285714285,0.9771428571428571,False,,,,,,,,,,,,,,,
tune,segment,3,power,-0.4,8,0.9742857142857143,0.9685714285714285,False,,,,,,,,,,,,,,,
tune,segment,3,power,-0.4,16,0.9685714285714285,0.9685714285714285,False,,,,,,,,,,,,,,,
tune,segment,3,power,-0.4,32,0.8657142857142858,0.8514285714285714,False,,,,,,,,,,,,,,,
tune,segment,3,power,-0.4,64,0.14285714285714285,0.14285714285714285,False,,,,,,,,,,,,,,,
tune,segment,3,power,-0.4,128,0.14285714285714285,0.14285714285714285,False,,,,,,,,,,,,,,,
tune,segment,3,power,-0.2,0.5,0.9257142857142857,0.9228571428571428,False,,,,,,,,,,,,,,,
tune,segment,3,power,-0.2,1,0.9257142857142857,0.94,False,,,,,,,,,,,,,,,
tune,segment,3,power,-0.2,2,0.9371428571428572,0.96,False,,,,,,,,,,,,,,,
tune,segment,3,power,-0.2,4,0.9657142857142857,0.9657142857142857,False,,,,,,,,,,,,,,,
tune,segment,3,power,-0.2,8,0.9628571428571429,0.9685714285714285,False,,,,,,,,,,,,,,,
tune,segment,3,power,-0.2,16,0.9742857142857143,0.9714285714285714,False,,,,,,,,,,,,,,,
tune,segment,3,power,-0.2,32,0.8228571428571428,0.8285714285714286,False,,,,,,,,,,,,,,,
tune,segment,3,power,-0.2,64,0.20857142857142857,0.22285714285714286,False,,,,,,,,,,,,,,,
tune,segment,3,power,-0.2,128,0.14285714285714285,0.14285714285714285,False,,,,,,,,,,,,,,,
tune,segment,3,power,0.2,0.5,0.92,0.9285714285714286,False,,,,,,,,,,,,,,,
tune,segment,3,power,0.2,1,0.9257142857142857,0.9228571428571428,False,,,,,,,,,,,,,,,
tune,segment,3,power,0.2,2,0.9228571428571428,0.9285714285714286,False,,,,,,,,,,,,,,,
tune,segment,3,power,0.2,4,0.9257142857142857,0.9314285714285714,False,,,,,,,,,,,,,,,
tune,segment,3,power,0.2,8,0.9285714285714286,0.9514285714285714,False,,,,,,,,,,,,,,,
tune,segment,3,power,0.2,16,0.9571428571428572,0.9657142857142857,False,,,,,,,,,,,,,,,
tune,segment,3,power,0.2,32,0.24571428571428572,0.24857142857142858,False,,,,,,,,,,,,,,,
tune,segment,3,power,0.2,64,0.14285714285714285,0.14285714285714285,False,,,,,,,,,,,,,,,
tune,segment,3,power,0.2,128,0.14285714285714285,0.14285714285714285,False,,,,,,,,,,,,,,,
tune,segment,3,power,0.5,0.5,0.9142857142857143,0.9028571428571428,False,,,,,,,,,,,,,,,
tune,segment,3,power,0.5,1,0.92,0.9285714285714286,False,,,,,,,,,,,,,,,
tune,segment,3,power,0.5,2,0.9257142857142857,0.9285714285714286,False,,,,,,,,,,,,,,,
tune,segment,3,power,0.5,4,0.9228571428571428,0.9285714285714286,False,,,,,,,,,,,,,,,
tune,segment,3,power,0.5,8,0.9228571428571428,0.9314285714285714,False,,,,,,,,,,,,,,,
tune,segment,3,power,0.5,16,0.5657142857142857,0.5685714285714286,False,,,,,,,,,,,,,,,
tune,segment,3,power,0.5,32,0.14285714285714285,0.14285714285714285,False,,,,,,,,,,,,,,,
tune,segment,3,power,0.5,64,0.14285714285714285,0.14285714285714285,False,,,,,,,,,,,,,,,
tune,segment,3,power,0.5,128,0.14285714285714285,0.14285714285714285,False,,,,,,,,,,,,,,,
tune,segment,3,power,1.0,0.5,0.9028571428571428,0.8771428571428571,False,,,,,,,,,,,,,,,
tune,segment,3,power,1.0,1,0.9171428571428571,0.9057142857142857,False,,,,,,,,,,,,,,,
tune,segment,3,power,1.0,2,0.9285714285714286,0.9257142857142857,False,,,,,,,,,,,,,,,
tune,segment,3,power,1.0,4,0.5685714285714286,0.5714285714285714,False,,,,,,,,,,,,,,,
tune,segment,3,power,1.0,8,0.28285714285714286,0.2857142857142857,False,,,,,,,,,,,,,,,
tune,segment,3,power,1.0,16,0.18571428571428572,0.17714285714285713,False,,,,,,,,,,,,,,,
tune,segment,3,power,1.0,32,0.14285714285714285,0.14285714285714285,False,,,,,,,,,,,,,,,
tune,segment,3,power,1.0,64,0.14285714285714285,0.14285714285714285,False,,,,,,,,,,,,,,,
tune,segment,3,power,1.0,128,0.14285714285714285,0.14285714285714285,False,,,,,,,,,,,,,,,
tune,segment,3,power,1.5,0.5,0.5771428571428572,0.5828571428571429,False,,,,,,,,,,,,,,,
tune,segment,3,power,1.5,1,0.3628571428571429,0.3457142857142857,False,,,,,,,,,,,,,,,
tune,segment,3,power,1.5,2,0.28285714285714286,0.2857142857142857,False,,,,,,,,,,,,,,,
tune,segment,3,power,1.5,4,0.15428571428571428,0.14857142857142858,False,,,,,,,,,,,,,,,
tune,segment,3,power,1.5,8,0.12571428571428572,0.12285714285714286,False,,,,,,,,,,,,,,,
tune,segment,3,power,1.5,16,0.03428571428571429,0.037142857142857144,False,,,,,,,,,,,,,,,
tune,segment,3,power,1.5,32,0.07142857142857142,0.08571428571428572,False,,,,,,,,,,,,,,,
tune,segment,3,power,1.5,64,0.09428571428571429,0.09714285714285714,False,,,,,,,,,,,,,,,
tune,segment,3,power,1.5,128,0.11142857142857143,0.14,False,,,,,,,,,,,,,,,
best,segment,3,gradient descent,,16,0.9685714285714285,0.9685714285714285,False,0,,,,,,,,,,,,,,
best,segment,3,power,-0.6,4,0.9771428571428571,0.9771428571428571,False,0,,,,,,,,,,,,,,
seed,segment,3,power,-0.6,4,0.9228571428571428,0.9171428571428571,False,,100,,,,,,,,,,,,,
seed,segment,3,gradient descent,,16,0.92,0.9342857142857143,False,,100,,,,,,,,,,,,,
seed,segment,3,power,-0.6,4,0.9628571428571429,0.94,False,,101,,,,,,,,,,,,,
seed,segment,3,gradient descent,,16,0.9657142857142857,0.9571428571428572,False,,101,,,,,,,,,,,,,
seed,segment,3,power,-0.6,4,0.9485714285714286,0.94,False,,102,,,,,,,,,,,,,
seed,segment,3,gradient descent,,16,0.96,0.9685714285714285,False,,102,,,,,,,,,,,,,
seed,segment,3,power,-0.6,4,0.9542857142857143,0.9342857142857143,False,,103,,,,,,,,,,,,,
seed,segment,3,gradient descent,,16,0.9742857142857143,0.9771428571428571,False,,103,,,,,,,,,,,,,
seed,segment,3,power,-0.6,4,0.9742857142857143,0.9857142857142858,False,,104,,,,,,,,,,,,,
seed,segment,3,gradient descent,,16,0.9714285714285714,0.9771428571428571,False,,104,,,,,,,,,,,,,
seed,segment,3,power,-0.6,4,0.9571428571428572,0.9571428571428572,False,,105,,,,,,,,,,,,,
seed,segment,3,gradient descent,,16,0.96,0.9742857142857143,False,,105,,,,,,,,,,,,,
seed,segment,3,power,-0.6,4,0.9657142857142857,0.9514285714285714,False,,106,,,,,,,,,,,,,
seed,segment,3,gradient descent,,16,0.9685714285714285,0.9571428571428572,False,,106,,,,,,,,,,,,,
seed,segment,3,power,-0.6,4,0.9485714285714286,0.9371428571428572,False,,107,,,,,,,,,,,,,
seed,segment,3,gradient descent,,16,0.9714285714285714,0.9657142857142857,False,,107,,,,,,,,,,,,,
split_summary,segment,3,,,,,,,,,0.4,4,16,-1.857142857142857,0.5506423495196754,8,1,0,,,,,
tune,segment,4,gradient descent,,0.5,0.9314285714285714,0.9057142857142857,False,,,,,,,,,,,,,,,
tune,segment,4,gradient descent,,1,0.9342857142857143,0.9142857142857143,False,,,,,,,,,,,,,,,
tune,segment,4,gradient descent,,2,0.9571428571428572,0.9114285714285715,False,,,,,,,,,,,,,,,
tune,segment,4,gradient descent,,4,0.9657142857142857,0.9428571428571428,False,,,,,,,,,,,,,,,
tune,segment,4,gradient descent,,8,0.9742857142857143,0.9514285714285714,False,,,,,,,,,,,,,,,
tune,segment,4,gradient descent,,16,0.9771428571428571,0.9685714285714285,False,,,,,,,,,,,,,,,
tune,segment,4,gradient descent,,32,0.38285714285714284,0.4114285714285714,False,,,,,,,,,,,,,,,
tune,segment,4,gradient descent,,64,0.14285714285714285,0.14285714285714285,False,,,,,,,,,,,,,,,
tune,segment,4,gradient descent,,128,0.14285714285714285,0.14285714285714285,False,,,,,,,,,,,,,,,
tune,segment,4,power,-1.5,0.5,0.14285714285714285,0.14285714285714285,False,,,,,,,,,,,,,,,
tune,segment,4,power,-1.5,1,0.7114285714285714,0.7057142857142857,False,,,,,,,,,,,,,,,
tune,segment,4,power,-1.5,2,0.5714285714285714,0.5714285714285714,False,,,,,,,,,,,,,,,
tune,segment,4,power,-1.5,4,0.42857142857142855,0.41714285714285715,False,,,,,,,,,,,,,,,
tune,segment,4,power,-1.5,8,0.36857142857142855,0.38857142857142857,False,,,,,,,,,,,,,,,
tune,segment,4,power,-1.5,16,0.2857142857142857,0.2857142857142857,False,,,,,,,,,,,,,,,
tune,segment,4,power,-1.5,32,0.02857142857142857,0.03142857142857143,False,,,,,,,,,,,,,,,
tune,segment,4,power,-1.5,64,0.12285714285714286,0.13428571428571429,False,,,,,,,,,,,,,,,
tune,segment,4,power,-1.5,128,0.10285714285714286,0.09142857142857143,False,,,,,,,,,,,,,,,
tune,segment,4,power,-1.0,0.5,0.7971428571428572,0.78,False,,,,,,,,,,,,,,,
tune,segment,4,power,-1.0,1,0.68,0.6628571428571428,False,,,,,,,,,,,,,,,
tune,segment,4,power,-1.0,2,0.5342857142857143,0.5228571428571429,False,,,,,,,,,,,,,,,
tune,segment,4,power,-1.0,4,0.5257142857142857,0.5342857142857143,False,,,,,,,,,,,,,,,
tune,segment,4,power,-1.0,8,0.5742857142857143,0.5542857142857143,False,,,,,,,,,,,,,,,
tune,segment,4,power,-1.0,16,0.5657142857142857,0.5485714285714286,False,,,,,,,,,,,,,,,
tune,segment,4,power,-1.0,32,0.6828571428571428,0.6428571428571429,False,,,,,,,,,,,,,,,
tune,segment,4,power,-1.0,64,0.2857142857142857,0.2857142857142857,False,,,,,,,,,,,,,,,
tune,segment,4,power,-1.0,128,0.14,0.14285714285714285,False,,,,,,,,,,,,,,,
tune,segment,4,power,-0.8,0.5,0.98,0.9685714285714285,False,,,,,,,,,,,,,,,
tune,segment,4,power,-0.8,1,0.9742857142857143,0.9742857142857143,False,,,,,,,,,,,,,,,
tune,segment,4,power,-0.8,2,0.9514285714285714,0.9428571428571428,False,,,,,,,,,,,,,,,
tune,segment,4,power,-0.8,4,0.9371428571428572,0.9314285714285714,False,,,,,,,,,,,,,,,
tune,segment,4,power,-0.8,8,0.7971428571428572,0.7657142857142857,False,,,,,,,,,,,,,,,
tune,segment,4,power,-0.8,16,0.8114285714285714,0.8,False,,,,,,,,,,,,,,,
tune,segment,4,power,-0.8,32,0.7,0.6885714285714286,False,,,,,,,,,,,,,,,
tune,segment,4,power,-0.8,64,0.5085714285714286,0.48857142857142855,False,,,,,,,,,,,,,,,
tune,segment,4,power,-0.8,128,0.1657142857142857,0.16,False,,,,,,,,,,,,,,,
tune,segment,4,power,-0.6,0.5,0.96,0.94,False,,,,,,,,,,,,,,,
tune,segment,4,power,-0.6,1,0.9771428571428571,0.9571428571428572,False,,,,,,,,,,,,,,,
tune,segment,4,power,-0.6,2,0.98,0.9742857142857143,False,,,,,,,,,,,,,,,
tune,segment,4,power,-0.6,4,0.9771428571428571,0.9542857142857143,False,,,,,,,,,,,,,,,
tune,segment,4,power,-0.6,8,0.96,0.9628571428571429,False,,,,,,,,,,,,,,,
tune,segment,4,power,-0.6,16,0.9571428571428572,0.9457142857142857,False,,,,,,,,,,,,,,,
tune,segment,4,power,-0.6,32,0.9342857142857143,0.9028571428571428,False,,,,,,,,,,,,,,,
tune,segment,4,power,-0.6,64,0.24857142857142858,0.26,False,,,,,,,,,,,,,,,
tune,segment,4,power,-0.6,128,0.14285714285714285,0.14285714285714285,False,,,,,,,,,,,,,,,
tune,segment,4,power,-0.4,0.5,0.9628571428571429,0.92,False,,,,,,,,,,,,,,,
tune,segment,4,power,-0.4,1,0.9657142857142857,0.9485714285714286,False,,,,,,,,,,,,,,,
tune,segment,4,power,-0.4,2,0.98,0.9628571428571429,False,,,,,,,,,,,,,,,
tune,segment,4,power,-0.4,4,0.9828571428571429,0.9685714285714285,False,,,,,,,,,,,,,,,
tune,segment,4,power,-0.4,8,0.9828571428571429,0.9742857142857143,False,,,,,,,,,,,,,,,
tune,segment,4,power,-0.4,16,0.9828571428571429,0.9542857142857143,False,,,,,,,,,,,,,,,
tune,segment,4,power,-0.4,32,0.9771428571428571,0.9571428571428572,False,,,,,,,,,,,,,,,
tune,segment,4,power,-0.4,64,0.14,0.14857142857142858,False,,,,,,,,,,,,,,,
tune,segment,4,power,-0.4,128,0.14285714285714285,0.14285714285714285,False,,,,,,,,,,,,,,,
tune,segment,4,power,-0.2,0.5,0.9342857142857143,0.9142857142857143,False,,,,,,,,,,,,,,,
tune,segment,4,power,-0.2,1,0.9628571428571429,0.9171428571428571,False,,,,,,,,,,,,,,,
tune,segment,4,power,-0.2,2,0.9714285714285714,0.9428571428571428,False,,,,,,,,,,,,,,,
tune,segment,4,power,-0.2,4,0.9771428571428571,0.9514285714285714,False,,,,,,,,,,,,,,,
tune,segment,4,power,-0.2,8,0.9771428571428571,0.9742857142857143,False,,,,,,,,,,,,,,,
tune,segment,4,power,-0.2,16,0.9771428571428571,0.9685714285714285,False,,,,,,,,,,,,,,,
tune,segment,4,power,-0.2,32,0.9742857142857143,0.96,False,,,,,,,,,,,,,,,
tune,segment,4,power,-0.2,64,0.38,0.36,False,,,,,,,,,,,,,,,
tune,segment,4,power,-0.2,128,0.14285714285714285,0.14285714285714285,False,,,,,,,,,,,,,,,
tune,segment,4,power,0.2,0.5,0.9142857142857143,0.8971428571428571,False,,,,,,,,,,,,,,,
tune,segment,4,power,0.2,1,0.9342857142857143,0.9057142857142857,False,,,,,,,,,,,,,,,
tune,segment,4,power,0.2,2,0.9428571428571428,0.9142857142857143,False,,,,,,,,,,,,,,,
tune,segment,4,power,0.2,4,0.9571428571428572,0.9114285714285715,False,,,,,,,,,,,,,,,
tune,segment,4,power,0.2,8,0.9628571428571429,0.9457142857142857,False,,,,,,,,,,,,,,,
tune,segment,4,power,0.2,16,0.9742857142857143,0.9542857142857143,False,,,,,,,,,,,,,,,
tune,segment,4,power,0.2,32,0.3628571428571429,0.35714285714285715,False,,,,,,,,,,,,,,,
tune,segment,4,power,0.2,64,0.14285714285714285,0.14285714285714285,False,,,,,,,,,,,,,,,
tune,segment,4,power,0.2,128,0.14285714285714285,0.14285714285714285,False,,,,,,,,,,,,,,,
tune,segment,4,power,0.5,0.5,0.9085714285714286,0.8828571428571429,False,,,,,,,,,,,,,,,
tune,segment,4,power,0.5,1,0.9171428571428571,0.8971428571428571,False,,,,,,,,,,,,,,,
tune,segment,4,power,0.5,2,0.9342857142857143,0.9057142857142857,False,,,,,,,,,,,,,,,
tune,segment,4,power,0.5,4,0.9371428571428572,0.9114285714285715,False,,,,,,,,,,,,,,,
tune,segment,4,power,0.5,8,0.9485714285714286,0.9057142857142857,False,,,,,,,,,,,,,,,
tune,segment,4,power,0.5,16,0.42857142857142855,0.42857142857142855,False,,,,,,,,,,,,,,,
tune,segment,4,power,0.5,32,0.14285714285714285,0.14285714285714285,False,,,,,,,,,,,,,,,
tune,segment,4,power,0.5,64,0.14285714285714285,0.14285714285714285,False,,,,,,,,,,,,,,,
tune,segment,4,power,0.5,128,0.14285714285714285,0.14285714285714285,False,,,,,,,,,,,,,,,
tune,segment,4,power,1.0,0.5,0.8885714285714286,0.8771428571428571,False,,,,,,,,,,,,,,,
tune,segment,4,power,1.0,1,0.7971428571428572,0.7857142857142857,False,,,,,,,,,,,,,,,
tune,segment,4,power,1.0,2,0.9314285714285714,0.9085714285714286,False,,,,,,,,,,,,,,,
tune,segment,4,power,1.0,4,0.7085714285714285,0.7028571428571428,False,,,,,,,,,,,,,,,
tune,segment,4,power,1.0,8,0.2857142857142857,0.2857142857142857,False,,,,,,,,,,,,,,,
tune,segment,4,power,1.0,16,0.14285714285714285,0.14285714285714285,False,,,,,,,,,,,,,,,
tune,segment,4,power,1.0,32,0.14857142857142858,0.1457142857142857,False,,,,,,,,,,,,,,,
tune,segment,4,power,1.0,64,0.1457142857142857,0.14285714285714285,False,,,,,,,,,,,,,,,
tune,segment,4,power,1.0,128,0.14285714285714285,0.14285714285714285,False,,,,,,,,,,,,,,,
tune,segment,4,power,1.5,0.5,0.7085714285714285,0.7028571428571428,False,,,,,,,,,,,,,,,
tune,segment,4,power,1.5,1,0.5314285714285715,0.5142857142857142,False,,,,,,,,,,,,,,,
tune,segment,4,power,1.5,2,0.42857142857142855,0.42857142857142855,False,,,,,,,,,,,,,,,
tune,segment,4,power,1.5,4,0.2857142857142857,0.2857142857142857,False,,,,,,,,,,,,,,,
tune,segment,4,power,1.5,8,0.2742857142857143,0.2714285714285714,False,,,,,,,,,,,,,,,
tune,segment,4,power,1.5,16,0.26571428571428574,0.27714285714285714,False,,,,,,,,,,,,,,,
tune,segment,4,power,1.5,32,0.2714285714285714,0.26857142857142857,False,,,,,,,,,,,,,,,
tune,segment,4,power,1.5,64,0.23142857142857143,0.2257142857142857,False,,,,,,,,,,,,,,,
tune,segment,4,power,1.5,128,0.14857142857142858,0.15714285714285714,False,,,,,,,,,,,,,,,
best,segment,4,gradient descent,,16,0.9771428571428571,0.9685714285714285,False,0,,,,,,,,,,,,,,
best,segment,4,power,-0.4,4,0.9828571428571429,0.9685714285714285,False,0,,,,,,,,,,,,,,
seed,segment,4,power,-0.4,4,0.9685714285714285,0.9628571428571429,False,,100,,,,,,,,,,,,,
seed,segment,4,gradient descent,,16,0.98,0.9485714285714286,False,,100,,,,,,,,,,,,,
seed,segment,4,power,-0.4,4,0.9542857142857143,0.9542857142857143,False,,101,,,,,,,,,,,,,
seed,segment,4,gradient descent,,16,0.9571428571428572,0.9485714285714286,False,,101,,,,,,,,,,,,,
seed,segment,4,power,-0.4,4,0.9571428571428572,0.9485714285714286,False,,102,,,,,,,,,,,,,
seed,segment,4,gradient descent,,16,0.98,0.9542857142857143,False,,102,,,,,,,,,,,,,
seed,segment,4,power,-0.4,4,0.9685714285714285,0.9571428571428572,False,,103,,,,,,,,,,,,,
seed,segment,4,gradient descent,,16,0.98,0.9685714285714285,False,,103,,,,,,,,,,,,,
seed,segment,4,power,-0.4,4,0.9771428571428571,0.9685714285714285,False,,104,,,,,,,,,,,,,
seed,segment,4,gradient descent,,16,0.9771428571428571,0.96,False,,104,,,,,,,,,,,,,
seed,segment,4,power,-0.4,4,0.9742857142857143,0.9714285714285714,False,,105,,,,,,,,,,,,,
seed,segment,4,gradient descent,,16,0.9771428571428571,0.9571428571428572,False,,105,,,,,,,,,,,,,
seed,segment,4,power,-0.4,4,0.9571428571428572,0.9428571428571428,False,,106,,,,,,,,,,,,,
seed,segment,4,gradient descent,,16,0.9857142857142858,0.9714285714285714,False,,106,,,,,,,,,,,,,
seed,segment,4,power,-0.4,4,0.9685714285714285,0.9628571428571429,False,,107,,,,,,,,,,,,,
seed,segment,4,gradient descent,,16,0.9514285714285714,0.9228571428571428,False,,107,,,,,,,,,,,,,
split_summary,segment,4,,,,,,,,,0.6,4,16,0.4642857142857143,0.7222767291484526,8,5,0,,,,,
tune,segment,5,gradient descent,,0.5,0.9142857142857143,0.9142857142857143,False,,,,,,,,,,,,,,,
tune,segment,5,gradient descent,,1,0.9171428571428571,0.92,False,,,,,,,,,,,,,,,
tune,segment,5,gradient descent,,2,0.9257142857142857,0.9257142857142857,False,,,,,,,,,,,,,,,
tune,segment,5,gradient descent,,4,0.9371428571428572,0.9428571428571428,False,,,,,,,,,,,,,,,
tune,segment,5,gradient descent,,8,0.9657142857142857,0.9714285714285714,False,,,,,,,,,,,,,,,
tune,segment,5,gradient descent,,16,0.9685714285714285,0.9571428571428572,False,,,,,,,,,,,,,,,
tune,segment,5,gradient descent,,32,0.45714285714285713,0.46285714285714286,False,,,,,,,,,,,,,,,
tune,segment,5,gradient descent,,64,0.14285714285714285,0.14285714285714285,False,,,,,,,,,,,,,,,
tune,segment,5,gradient descent,,128,0.14285714285714285,0.14285714285714285,False,,,,,,,,,,,,,,,
tune,segment,5,power,-1.5,0.5,0.56,0.5714285714285714,False,,,,,,,,,,,,,,,
tune,segment,5,power,-1.5,1,0.34,0.36,False,,,,,,,,,,,,,,,
tune,segment,5,power,-1.5,2,0.5371428571428571,0.5371428571428571,False,,,,,,,,,,,,,,,
tune,segment,5,power,-1.5,4,0.5657142857142857,0.5685714285714286,False,,,,,,,,,,,,,,,
tune,segment,5,power,-1.5,8,0.3657142857142857,0.36857142857142855,False,,,,,,,,,,,,,,,
tune,segment,5,power,-1.5,16,0.1657142857142857,0.15142857142857144,False,,,,,,,,,,,,,,,
tune,segment,5,power,-1.5,32,0.22857142857142856,0.2057142857142857,False,,,,,,,,,,,,,,,
tune,segment,5,power,-1.5,64,0.03142857142857143,0.02,False,,,,,,,,,,,,,,,
tune,segment,5,power,-1.5,128,0.14285714285714285,0.14285714285714285,False,,,,,,,,,,,,,,,
tune,segment,5,power,-1.0,0.5,0.7057142857142857,0.7057142857142857,False,,,,,,,,,,,,,,,
tune,segment,5,power,-1.0,1,0.7371428571428571,0.7257142857142858,False,,,,,,,,,,,,,,,
tune,segment,5,power,-1.0,2,0.5342857142857143,0.5371428571428571,False,,,,,,,,,,,,,,,
tune,segment,5,power,-1.0,4,0.6257142857142857,0.6342857142857142,False,,,,,,,,,,,,,,,
tune,segment,5,power,-1.0,8,0.56,0.5685714285714286,False,,,,,,,,,,,,,,,
tune,segment,5,power,-1.0,16,0.5914285714285714,0.5571428571428572,False,,,,,,,,,,,,,,,
tune,segment,5,power,-1.0,32,0.5114285714285715,0.52,False,,,,,,,,,,,,,,,
tune,segment,5,power,-1.0,64,0.25142857142857145,0.25142857142857145,False,,,,,,,,,,,,,,,
tune,segment,5,power,-1.0,128,0.14285714285714285,0.14285714285714285,False,,,,,,,,,,,,,,,
tune,segment,5,power,-0.8,0.5,0.9485714285714286,0.9457142857142857,False,,,,,,,,,,,,,,,
tune,segment,5,power,-0.8,1,0.9514285714285714,0.9514285714285714,False,,,,,,,,,,,,,,,
tune,segment,5,power,-0.8,2,0.9228571428571428,0.9228571428571428,False,,,,,,,,,,,,,,,
tune,segment,5,power,-0.8,4,0.82,0.8228571428571428,False,,,,,,,,,,,,,,,
tune,segment,5,power,-0.8,8,0.7714285714285715,0.7514285714285714,False,,,,,,,,,,,,,,,
tune,segment,5,power,-0.8,16,0.8514285714285714,0.8542857142857143,False,,,,,,,,,,,,,,,
tune,segment,5,power,-0.8,32,0.76,0.7685714285714286,False,,,,,,,,,,,,,,,
tune,segment,5,power,-0.8,64,0.6657142857142857,0.6714285714285714,False,,,,,,,,,,,,,,,
tune,segment,5,power,-0.8,128,0.14285714285714285,0.14285714285714285,False,,,,,,,,,,,,,,,
tune,segment,5,power,-0.6,0.5,0.9485714285714286,0.94,False,,,,,,,,,,,,,,,
tune,segment,5,power,-0.6,1,0.9542857142857143,0.9457142857142857,False,,,,,,,,,,,,,,,
tune,segment,5,power,-0.6,2,0.96,0.9542857142857143,False,,,,,,,,,,,,,,,
tune,segment,5,power,-0.6,4,0.96,0.9428571428571428,False,,,,,,,,,,,,,,,
tune,segment,5,power,-0.6,8,0.8657142857142858,0.8685714285714285,False,,,,,,,,,,,,,,,
tune,segment,5,power,-0.6,16,0.9428571428571428,0.94,False,,,,,,,,,,,,,,,
tune,segment,5,power,-0.6,32,0.8228571428571428,0.82,False,,,,,,,,,,,,,,,
tune,segment,5,power,-0.6,64,0.28,0.27714285714285714,False,,,,,,,,,,,,,,,
tune,segment,5,power,-0.6,128,0.14285714285714285,0.14285714285714285,False,,,,,,,,,,,,,,,
tune,segment,5,power,-0.4,0.5,0.9285714285714286,0.9228571428571428,False,,,,,,,,,,,,,,,
tune,segment,5,power,-0.4,1,0.94,0.9485714285714286,False,,,,,,,,,,,,,,,
tune,segment,5,power,-0.4,2,0.9628571428571429,0.9742857142857143,False,,,,,,,,,,,,,,,
tune,segment,5,power,-0.4,4,0.9714285714285714,0.9771428571428571,False,,,,,,,,,,,,,,,
tune,segment,5,power,-0.4,8,0.9685714285714285,0.9742857142857143,False,,,,,,,,,,,,,,,
tune,segment,5,power,-0.4,16,0.9828571428571429,0.98,False,,,,,,,,,,,,,,,
tune,segment,5,power,-0.4,32,0.9457142857142857,0.9457142857142857,False,,,,,,,,,,,,,,,
tune,segment,5,power,-0.4,64,0.22857142857142856,0.21714285714285714,False,,,,,,,,,,,,,,,
tune,segment,5,power,-0.4,128,0.14285714285714285,0.14285714285714285,False,,,,,,,,,,,,,,,
tune,segment,5,power,-0.2,0.5,0.9171428571428571,0.92,False,,,,,,,,,,,,,,,
tune,segment,5,power,-0.2,1,0.9257142857142857,0.9257142857142857,False,,,,,,,,,,,,,,,
tune,segment,5,power,-0.2,2,0.9371428571428572,0.9457142857142857,False,,,,,,,,,,,,,,,
tune,segment,5,power,-0.2,4,0.96,0.9714285714285714,False,,,,,,,,,,,,,,,
tune,segment,5,power,-0.2,8,0.9685714285714285,0.9714285714285714,False,,,,,,,,,,,,,,,
tune,segment,5,power,-0.2,16,0.9714285714285714,0.9685714285714285,False,,,,,,,,,,,,,,,
tune,segment,5,power,-0.2,32,0.9742857142857143,0.9828571428571429,False,,,,,,,,,,,,,,,
tune,segment,5,power,-0.2,64,0.2257142857142857,0.21142857142857144,False,,,,,,,,,,,,,,,
tune,segment,5,power,-0.2,128,0.14285714285714285,0.14285714285714285,False,,,,,,,,,,,,,,,
tune,segment,5,power,0.2,0.5,0.9028571428571428,0.9028571428571428,False,,,,,,,,,,,,,,,
tune,segment,5,power,0.2,1,0.9142857142857143,0.9114285714285715,False,,,,,,,,,,,,,,,
tune,segment,5,power,0.2,2,0.9171428571428571,0.92,False,,,,,,,,,,,,,,,
tune,segment,5,power,0.2,4,0.9228571428571428,0.9257142857142857,False,,,,,,,,,,,,,,,
tune,segment,5,power,0.2,8,0.9314285714285714,0.9314285714285714,False,,,,,,,,,,,,,,,
tune,segment,5,power,0.2,16,0.9571428571428572,0.9685714285714285,False,,,,,,,,,,,,,,,
tune,segment,5,power,0.2,32,0.29428571428571426,0.3057142857142857,False,,,,,,,,,,,,,,,
tune,segment,5,power,0.2,64,0.14285714285714285,0.14285714285714285,False,,,,,,,,,,,,,,,
tune,segment,5,power,0.2,128,0.14285714285714285,0.14285714285714285,False,,,,,,,,,,,,,,,
tune,segment,5,power,0.5,0.5,0.8885714285714286,0.8971428571428571,False,,,,,,,,,,,,,,,
tune,segment,5,power,0.5,1,0.9028571428571428,0.9028571428571428,False,,,,,,,,,,,,,,,
tune,segment,5,power,0.5,2,0.9142857142857143,0.9114285714285715,False,,,,,,,,,,,,,,,
tune,segment,5,power,0.5,4,0.9171428571428571,0.9171428571428571,False,,,,,,,,,,,,,,,
tune,segment,5,power,0.5,8,0.9171428571428571,0.92,False,,,,,,,,,,,,,,,
tune,segment,5,power,0.5,16,0.43142857142857144,0.42857142857142855,False,,,,,,,,,,,,,,,
tune,segment,5,power,0.5,32,0.14285714285714285,0.14285714285714285,False,,,,,,,,,,,,,,,
tune,segment,5,power,0.5,64,0.14285714285714285,0.14285714285714285,False,,,,,,,,,,,,,,,
tune,segment,5,power,0.5,128,0.14285714285714285,0.14285714285714285,False,,,,,,,,,,,,,,,
tune,segment,5,power,1.0,0.5,0.88,0.86,False,,,,,,,,,,,,,,,
tune,segment,5,power,1.0,1,0.8942857142857142,0.8971428571428571,False,,,,,,,,,,,,,,,
tune,segment,5,power,1.0,2,0.9028571428571428,0.9028571428571428,False,,,,,,,,,,,,,,,
tune,segment,5,power,1.0,4,0.7028571428571428,0.7028571428571428,False,,,,,,,,,,,,,,,
tune,segment,5,power,1.0,8,0.29714285714285715,0.2885714285714286,False,,,,,,,,,,,,,,,
tune,segment,5,power,1.0,16,0.2742857142857143,0.2742857142857143,False,,,,,,,,,,,,,,,
tune,segment,5,power,1.0,32,0.26571428571428574,0.26,False,,,,,,,,,,,,,,,
tune,segment,5,power,1.0,64,0.2542857142857143,0.2571428571428571,False,,,,,,,,,,,,,,,
tune,segment,5,power,1.0,128,0.24571428571428572,0.24571428571428572,False,,,,,,,,,,,,,,,
tune,segment,5,power,1.5,0.5,0.6914285714285714,0.6885714285714286,False,,,,,,,,,,,,,,,
tune,segment,5,power,1.5,1,0.5714285714285714,0.5714285714285714,False,,,,,,,,,,,,,,,
tune,segment,5,power,1.5,2,0.2885714285714286,0.3057142857142857,False,,,,,,,,,,,,,,,
tune,segment,5,power,1.5,4,0.21142857142857144,0.21142857142857144,False,,,,,,,,,,,,,,,
tune,segment,5,power,1.5,8,0.24285714285714285,0.22285714285714286,False,,,,,,,,,,,,,,,
tune,segment,5,power,1.5,16,0.24857142857142858,0.2542857142857143,False,,,,,,,,,,,,,,,
tune,segment,5,power,1.5,32,0.24857142857142858,0.25142857142857145,False,,,,,,,,,,,,,,,
tune,segment,5,power,1.5,64,0.22857142857142856,0.23714285714285716,False,,,,,,,,,,,,,,,
tune,segment,5,power,1.5,128,0.20285714285714285,0.19142857142857142,False,,,,,,,,,,,,,,,
best,segment,5,gradient descent,,16,0.9685714285714285,0.9571428571428572,False,0,,,,,,,,,,,,,,
best,segment,5,power,-0.4,16,0.9828571428571429,0.98,False,0,,,,,,,,,,,,,,
seed,segment,5,power,-0.4,16,0.9428571428571428,0.9485714285714286,False,,100,,,,,,,,,,,,,
seed,segment,5,gradient descent,,16,0.9657142857142857,0.98,False,,100,,,,,,,,,,,,,
seed,segment,5,power,-0.4,16,0.9628571428571429,0.9657142857142857,False,,101,,,,,,,,,,,,,
seed,segment,5,gradient descent,,16,0.9657142857142857,0.9742857142857143,False,,101,,,,,,,,,,,,,
seed,segment,5,power,-0.4,16,0.9457142857142857,0.9371428571428572,False,,102,,,,,,,,,,,,,
seed,segment,5,gradient descent,,16,0.9628571428571429,0.9657142857142857,False,,102,,,,,,,,,,,,,
seed,segment,5,power,-0.4,16,0.9657142857142857,0.98,False,,103,,,,,,,,,,,,,
seed,segment,5,gradient descent,,16,0.9628571428571429,0.9657142857142857,False,,103,,,,,,,,,,,,,
seed,segment,5,power,-0.4,16,0.9714285714285714,0.9771428571428571,False,,104,,,,,,,,,,,,,
seed,segment,5,gradient descent,,16,0.9457142857142857,0.9428571428571428,False,,104,,,,,,,,,,,,,
seed,segment,5,power,-0.4,16,0.9628571428571429,0.9514285714285714,False,,105,,,,,,,,,,,,,
seed,segment,5,gradient descent,,16,0.9628571428571429,0.9685714285714285,False,,105,,,,,,,,,,,,,
seed,segment,5,power,-0.4,16,0.9685714285714285,0.9742857142857143,False,,106,,,,,,,,,,,,,
seed,segment,5,gradient descent,,16,0.9685714285714285,0.9714285714285714,False,,106,,,,,,,,,,,,,
seed,segment,5,power,-0.4,16,0.96,0.9628571428571429,False,,107,,,,,,,,,,,,,
seed,segment,5,gradient descent,,16,0.9714285714285714,0.9657142857142857,False,,107,,,,,,,,,,,,,
split_summary,segment,5,,,,,,,,,0.6,16,16,-0.4642857142857143,0.7786088738420944,8,3,0,,,,,
tune,segment,6,gradient descent,,0.5,0.9142857142857143,0.9342857142857143,False,,,,,,,,,,,,,,,
tune,segment,6,gradient descent,,1,0.92,0.9457142857142857,False,,,,,,,,,,,,,,,
tune,segment,6,gradient descent,,2,0.92,0.9571428571428572,False,,,,,,,,,,,,,,,
tune,segment,6,gradient descent,,4,0.9314285714285714,0.9714285714285714,False,,,,,,,,,,,,,,,
tune,segment,6,gradient descent,,8,0.9514285714285714,0.9771428571428571,False,,,,,,,,,,,,,,,
tune,segment,6,gradient descent,,16,0.9571428571428572,0.9714285714285714,False,,,,,,,,,,,,,,,
tune,segment,6,gradient descent,,32,0.42857142857142855,0.42857142857142855,False,,,,,,,,,,,,,,,
tune,segment,6,gradient descent,,64,0.14285714285714285,0.14285714285714285,False,,,,,,,,,,,,,,,
tune,segment,6,gradient descent,,128,0.14285714285714285,0.14285714285714285,False,,,,,,,,,,,,,,,
tune,segment,6,power,-1.5,0.5,0.4742857142857143,0.4857142857142857,False,,,,,,,,,,,,,,,
tune,segment,6,power,-1.5,1,0.7742857142857142,0.8,False,,,,,,,,,,,,,,,
tune,segment,6,power,-1.5,2,0.68,0.7,False,,,,,,,,,,,,,,,
tune,segment,6,power,-1.5,4,0.46285714285714286,0.48857142857142855,False,,,,,,,,,,,,,,,
tune,segment,6,power,-1.5,8,0.2342857142857143,0.26,False,,,,,,,,,,,,,,,
tune,segment,6,power,-1.5,16,0.2571428571428571,0.2571428571428571,False,,,,,,,,,,,,,,,
tune,segment,6,power,-1.5,32,0.18,0.20857142857142857,False,,,,,,,,,,,,,,,
tune,segment,6,power,-1.5,64,0.07714285714285714,0.09142857142857143,False,,,,,,,,,,,,,,,
tune,segment,6,power,-1.5,128,0.1457142857142857,0.15142857142857144,False,,,,,,,,,,,,,,,
tune,segment,6,power,-1.0,0.5,0.6857142857142857,0.7085714285714285,False,,,,,,,,,,,,,,,
tune,segment,6,power,-1.0,1,0.7314285714285714,0.7485714285714286,False,,,,,,,,,,,,,,,
tune,segment,6,power,-1.0,2,0.6485714285714286,0.6485714285714286,False,,,,,,,,,,,,,,,
tune,segment,6,power,-1.0,4,0.6171428571428571,0.62,False,,,,,,,,,,,,,,,
tune,segment,6,power,-1.0,8,0.14285714285714285,0.14285714285714285,False,,,,,,,,,,,,,,,
tune,segment,6,power,-1.0,16,0.2914285714285714,0.3171428571428571,False,,,,,,,,,,,,,,,
tune,segment,6,power,-1.0,32,0.44857142857142857,0.42,False,,,,,,,,,,,,,,,
tune,segment,6,power,-1.0,64,0.2057142857142857,0.25142857142857145,False,,,,,,,,,,,,,,,
tune,segment,6,power,-1.0,128,0.14285714285714285,0.14285714285714285,False,,,,,,,,,,,,,,,
tune,segment,6,power,-0.8,0.5,0.9457142857142857,0.9771428571428571,False,,,,,,,,,,,,,,,
tune,segment,6,power,-0.8,1,0.9428571428571428,0.9714285714285714,False,,,,,,,,,,,,,,,
tune,segment,6,power,-0.8,2,0.8428571428571429,0.8571428571428571,False,,,,,,,,,,,,,,,
tune,segment,6,power,-0.8,4,0.8342857142857143,0.8342857142857143,False,,,,,,,,,,,,,,,
tune,segment,6,power,-0.8,8,0.8028571428571428,0.8228571428571428,False,,,,,,,,,,,,,,,
tune,segment,6,power,-0.8,16,0.8028571428571428,0.8171428571428572,False,,,,,,,,,,,,,,,
tune,segment,6,power,-0.8,32,0.6428571428571429,0.6371428571428571,False,,,,,,,,,,,,,,,
tune,segment,6,power,-0.8,64,0.7771428571428571,0.78,False,,,,,,,,,,,,,,,
tune,segment,6,power,-0.8,128,0.14285714285714285,0.14285714285714285,False,,,,,,,,,,,,,,,
tune,segment,6,power,-0.6,0.5,0.94,0.98,False,,,,,,,,,,,,,,,
tune,segment,6,power,-0.6,1,0.9542857142857143,0.9857142857142858,False,,,,,,,,,,,,,,,
tune,segment,6,power,-0.6,2,0.9714285714285714,0.98,False,,,,,,,,,,,,,,,
tune,segment,6,power,-0.6,4,0.9542857142857143,0.9628571428571429,False,,,,,,,,,,,,,,,
tune,segment,6,power,-0.6,8,0.9628571428571429,0.9771428571428571,False,,,,,,,,,,,,,,,
tune,segment,6,power,-0.6,16,0.92,0.9371428571428572,False,,,,,,,,,,,,,,,
tune,segment,6,power,-0.6,32,0.9314285714285714,0.94,False,,,,,,,,,,,,,,,
tune,segment,6,power,-0.6,64,0.6914285714285714,0.6828571428571428,False,,,,,,,,,,,,,,,
tune,segment,6,power,-0.6,128,0.14285714285714285,0.14285714285714285,False,,,,,,,,,,,,,,,
tune,segment,6,power,-0.4,0.5,0.9228571428571428,0.9485714285714286,False,,,,,,,,,,,,,,,
tune,segment,6,power,-0.4,1,0.9514285714285714,0.9828571428571429,False,,,,,,,,,,,,,,,
tune,segment,6,power,-0.4,2,0.9628571428571429,0.9857142857142858,False,,,,,,,,,,,,,,,
tune,segment,6,power,-0.4,4,0.9628571428571429,0.9857142857142858,False,,,,,,,,,,,,,,,
tune,segment,6,power,-0.4,8,0.9542857142857143,0.98,False,,,,,,,,,,,,,,,
tune,segment,6,power,-0.4,16,0.9514285714285714,0.98,False,,,,,,,,,,,,,,,
tune,segment,6,power,-0.4,32,0.9485714285714286,0.9628571428571429,False,,,,,,,,,,,,,,,
tune,segment,6,power,-0.4,64,0.14285714285714285,0.14285714285714285,False,,,,,,,,,,,,,,,
tune,segment,6,power,-0.4,128,0.14285714285714285,0.14285714285714285,False,,,,,,,,,,,,,,,
tune,segment,6,power,-0.2,0.5,0.9171428571428571,0.9457142857142857,False,,,,,,,,,,,,,,,
tune,segment,6,power,-0.2,1,0.9228571428571428,0.9485714285714286,False,,,,,,,,,,,,,,,
tune,segment,6,power,-0.2,2,0.94,0.9742857142857143,False,,,,,,,,,,,,,,,
tune,segment,6,power,-0.2,4,0.9571428571428572,0.9742857142857143,False,,,,,,,,,,,,,,,
tune,segment,6,power,-0.2,8,0.9657142857142857,0.9742857142857143,False,,,,,,,,,,,,,,,
tune,segment,6,power,-0.2,16,0.9542857142857143,0.98,False,,,,,,,,,,,,,,,
tune,segment,6,power,-0.2,32,0.9428571428571428,0.9771428571428571,False,,,,,,,,,,,,,,,
tune,segment,6,power,-0.2,64,0.14285714285714285,0.14285714285714285,False,,,,,,,,,,,,,,,
tune,segment,6,power,-0.2,128,0.14285714285714285,0.14285714285714285,False,,,,,,,,,,,,,,,
tune,segment,6,power,0.2,0.5,0.9,0.92,False,,,,,,,,,,,,,,,
tune,segment,6,power,0.2,1,0.9114285714285715,0.94,False,,,,,,,,,,,,,,,
tune,segment,6,power,0.2,2,0.9228571428571428,0.9428571428571428,False,,,,,,,,,,,,,,,
tune,segment,6,power,0.2,4,0.92,0.9571428571428572,False,,,,,,,,,,,,,,,
tune,segment,6,power,0.2,8,0.9285714285714286,0.9657142857142857,False,,,,,,,,,,,,,,,
tune,segment,6,power,0.2,16,0.9514285714285714,0.9771428571428571,False,,,,,,,,,,,,,,,
tune,segment,6,power,0.2,32,0.37142857142857144,0.38,False,,,,,,,,,,,,,,,
tune,segment,6,power,0.2,64,0.14285714285714285,0.14285714285714285,False,,,,,,,,,,,,,,,
tune,segment,6,power,0.2,128,0.14285714285714285,0.14285714285714285,False,,,,,,,,,,,,,,,
tune,segment,6,power,0.5,0.5,0.9,0.9114285714285715,False,,,,,,,,,,,,,,,
tune,segment,6,power,0.5,1,0.9,0.92,False,,,,,,,,,,,,,,,
tune,segment,6,power,0.5,2,0.9142857142857143,0.9371428571428572,False,,,,,,,,,,,,,,,
tune,segment,6,power,0.5,4,0.9171428571428571,0.94,False,,,,,,,,,,,,,,,
tune,segment,6,power,0.5,8,0.92,0.9485714285714286,False,,,,,,,,,,,,,,,
tune,segment,6,power,0.5,16,0.4228571428571429,0.42857142857142855,False,,,,,,,,,,,,,,,
tune,segment,6,power,0.5,32,0.14285714285714285,0.14285714285714285,False,,,,,,,,,,,,,,,
tune,segment,6,power,0.5,64,0.14285714285714285,0.14285714285714285,False,,,,,,,,,,,,,,,
tune,segment,6,power,0.5,128,0.14285714285714285,0.14285714285714285,False,,,,,,,,,,,,,,,
tune,segment,6,power,1.0,0.5,0.8714285714285714,0.8828571428571429,False,,,,,,,,,,,,,,,
tune,segment,6,power,1.0,1,0.7628571428571429,0.7885714285714286,False,,,,,,,,,,,,,,,
tune,segment,6,power,1.0,2,0.9,0.92,False,,,,,,,,,,,,,,,
tune,segment,6,power,1.0,4,0.5657142857142857,0.5714285714285714,False,,,,,,,,,,,,,,,
tune,segment,6,power,1.0,8,0.4228571428571429,0.42857142857142855,False,,,,,,,,,,,,,,,
tune,segment,6,power,1.0,16,0.2542857142857143,0.26571428571428574,False,,,,,,,,,,,,,,,
tune,segment,6,power,1.0,32,0.2542857142857143,0.26571428571428574,False,,,,,,,,,,,,,,,
tune,segment,6,power,1.0,64,0.24857142857142858,0.2571428571428571,False,,,,,,,,,,,,,,,
tune,segment,6,power,1.0,128,0.2057142857142857,0.22,False,,,,,,,,,,,,,,,
tune,segment,6,power,1.5,0.5,0.6942857142857143,0.6942857142857143,False,,,,,,,,,,,,,,,
tune,segment,6,power,1.5,1,0.5657142857142857,0.5714285714285714,False,,,,,,,,,,,,,,,
tune,segment,6,power,1.5,2,0.4228571428571429,0.42857142857142855,False,,,,,,,,,,,,,,,
tune,segment,6,power,1.5,4,0.14,0.11142857142857143,False,,,,,,,,,,,,,,,
tune,segment,6,power,1.5,8,0.2057142857142857,0.20857142857142857,False,,,,,,,,,,,,,,,
tune,segment,6,power,1.5,16,0.21714285714285714,0.22857142857142856,False,,,,,,,,,,,,,,,
tune,segment,6,power,1.5,32,0.21714285714285714,0.22285714285714286,False,,,,,,,,,,,,,,,
tune,segment,6,power,1.5,64,0.18857142857142858,0.20285714285714285,False,,,,,,,,,,,,,,,
tune,segment,6,power,1.5,128,0.18,0.18857142857142858,False,,,,,,,,,,,,,,,
best,segment,6,gradient descent,,16,0.9571428571428572,0.9714285714285714,False,0,,,,,,,,,,,,,,
best,segment,6,power,-0.6,2,0.9714285714285714,0.98,False,0,,,,,,,,,,,,,,
seed,segment,6,power,-0.6,2,0.9257142857142857,0.9571428571428572,False,,100,,,,,,,,,,,,,
seed,segment,6,gradient descent,,16,0.9542857142857143,0.9714285714285714,False,,100,,,,,,,,,,,,,
seed,segment,6,power,-0.6,2,0.9428571428571428,0.9685714285714285,False,,101,,,,,,,,,,,,,
seed,segment,6,gradient descent,,16,0.9485714285714286,0.9657142857142857,False,,101,,,,,,,,,,,,,
seed,segment,6,power,-0.6,2,0.9428571428571428,0.9714285714285714,False,,102,,,,,,,,,,,,,
seed,segment,6,gradient descent,,16,0.9571428571428572,0.9685714285714285,False,,102,,,,,,,,,,,,,
seed,segment,6,power,-0.6,2,0.9428571428571428,0.9742857142857143,False,,103,,,,,,,,,,,,,
seed,segment,6,gradient descent,,16,0.9542857142857143,0.9742857142857143,False,,103,,,,,,,,,,,,,
seed,segment,6,power,-0.6,2,0.9371428571428572,0.9657142857142857,False,,104,,,,,,,,,,,,,
seed,segment,6,gradient descent,,16,0.9485714285714286,0.9714285714285714,False,,104,,,,,,,,,,,,,
seed,segment,6,power,-0.6,2,0.9485714285714286,0.9685714285714285,False,,105,,,,,,,,,,,,,
seed,segment,6,gradient descent,,16,0.9542857142857143,0.9685714285714285,False,,105,,,,,,,,,,,,,
seed,segment,6,power,-0.6,2,0.9342857142857143,0.9542857142857143,False,,106,,,,,,,,,,,,,
seed,segment,6,gradient descent,,16,0.9314285714285714,0.9542857142857143,False,,106,,,,,,,,,,,,,
seed,segment,6,power,-0.6,2,0.9514285714285714,0.9742857142857143,False,,107,,,,,,,,,,,,,
seed,segment,6,gradient descent,,16,0.9542857142857143,0.9771428571428571,False,,107,,,,,,,,,,,,,
split_summary,segment,6,,,,,,,,,0.4,2,16,-0.2142857142857127,0.20021853949335194,8,2,3,,,,,
tune,segment,7,gradient descent,,0.5,0.9142857142857143,0.9457142857142857,False,,,,,,,,,,,,,,,
tune,segment,7,gradient descent,,1,0.9314285714285714,0.9314285714285714,False,,,,,,,,,,,,,,,
tune,segment,7,gradient descent,,2,0.9342857142857143,0.94,False,,,,,,,,,,,,,,,
tune,segment,7,gradient descent,,4,0.9514285714285714,0.96,False,,,,,,,,,,,,,,,
tune,segment,7,gradient descent,,8,0.96,0.9657142857142857,False,,,,,,,,,,,,,,,
tune,segment,7,gradient descent,,16,0.9628571428571429,0.9714285714285714,False,,,,,,,,,,,,,,,
tune,segment,7,gradient descent,,32,0.9742857142857143,0.9685714285714285,False,,,,,,,,,,,,,,,
tune,segment,7,gradient descent,,64,0.26857142857142857,0.27714285714285714,False,,,,,,,,,,,,,,,
tune,segment,7,gradient descent,,128,0.25142857142857145,0.26285714285714284,False,,,,,,,,,,,,,,,
tune,segment,7,power,-1.5,0.5,0.12571428571428572,0.15142857142857144,False,,,,,,,,,,,,,,,
tune,segment,7,power,-1.5,1,0.7428571428571429,0.7114285714285714,False,,,,,,,,,,,,,,,
tune,segment,7,power,-1.5,2,0.14285714285714285,0.14285714285714285,False,,,,,,,,,,,,,,,
tune,segment,7,power,-1.5,4,0.42857142857142855,0.4257142857142857,False,,,,,,,,,,,,,,,
tune,segment,7,power,-1.5,8,0.35714285714285715,0.3628571428571429,False,,,,,,,,,,,,,,,
tune,segment,7,power,-1.5,16,0.14285714285714285,0.14285714285714285,False,,,,,,,,,,,,,,,
tune,segment,7,power,-1.5,32,0.06285714285714286,0.054285714285714284,False,,,,,,,,,,,,,,,
tune,segment,7,power,-1.5,64,0.12857142857142856,0.12571428571428572,False,,,,,,,,,,,,,,,
tune,segment,7,power,-1.5,128,0.08,0.08857142857142856,False,,,,,,,,,,,,,,,
tune,segment,7,power,-1.0,0.5,0.8257142857142857,0.8514285714285714,False,,,,,,,,,,,,,,,
tune,segment,7,power,-1.0,1,0.8,0.7857142857142857,False,,,,,,,,,,,,,,,
tune,segment,7,power,-1.0,2,0.6514285714285715,0.6657142857142857,False,,,,,,,,,,,,,,,
tune,segment,7,power,-1.0,4,0.5857142857142857,0.5857142857142857,False,,,,,,,,,,,,,,,
tune,segment,7,power,-1.0,8,0.6571428571428571,0.66,False,,,,,,,,,,,,,,,
tune,segment,7,power,-1.0,16,0.4942857142857143,0.52,False,,,,,,,,,,,,,,,
tune,segment,7,power,-1.0,32,0.5771428571428572,0.5971428571428572,False,,,,,,,,,,,,,,,
tune,segment,7,power,-1.0,64,0.4114285714285714,0.41714285714285715,False,,,,,,,,,,,,,,,
tune,segment,7,power,-1.0,128,0.14285714285714285,0.14285714285714285,False,,,,,,,,,,,,,,,
tune,segment,7,power,-0.8,0.5,0.9714285714285714,0.9628571428571429,False,,,,,,,,,,,,,,,
tune,segment,7,power,-0.8,1,0.98,0.9657142857142857,False,,,,,,,,,,,,,,,
tune,segment,7,power,-0.8,2,0.9542857142857143,0.9485714285714286,False,,,,,,,,,,,,,,,
tune,segment,7,power,-0.8,4,0.92,0.9142857142857143,False,,,,,,,,,,,,,,,
tune,segment,7,power,-0.8,8,0.7,0.7028571428571428,False,,,,,,,,,,,,,,,
tune,segment,7,power,-0.8,16,0.7685714285714286,0.7828571428571428,False,,,,,,,,,,,,,,,
tune,segment,7,power,-0.8,32,0.7542857142857143,0.74,False,,,,,,,,,,,,,,,
tune,segment,7,power,-0.8,64,0.5,0.4942857142857143,False,,,,,,,,,,,,,,,
tune,segment,7,power,-0.8,128,0.14285714285714285,0.14285714285714285,False,,,,,,,,,,,,,,,
tune,segment,7,power,-0.6,0.5,0.9657142857142857,0.9542857142857143,False,,,,,,,,,,,,,,,
tune,segment,7,power,-0.6,1,0.9771428571428571,0.9628571428571429,False,,,,,,,,,,,,,,,
tune,segment,7,power,-0.6,2,0.9828571428571429,0.9685714285714285,False,,,,,,,,,,,,,,,
tune,segment,7,power,-0.6,4,0.98,0.96,False,,,,,,,,,,,,,,,
tune,segment,7,power,-0.6,8,0.9657142857142857,0.9628571428571429,False,,,,,,,,,,,,,,,
tune,segment,7,power,-0.6,16,0.8971428571428571,0.8771428571428571,False,,,,,,,,,,,,,,,
tune,segment,7,power,-0.6,32,0.8542857142857143,0.84,False,,,,,,,,,,,,,,,
tune,segment,7,power,-0.6,64,0.5314285714285715,0.5457142857142857,False,,,,,,,,,,,,,,,
tune,segment,7,power,-0.6,128,0.14285714285714285,0.14285714285714285,False,,,,,,,,,,,,,,,
tune,segment,7,power,-0.4,0.5,0.9371428571428572,0.9371428571428572,False,,,,,,,,,,,,,,,
tune,segment,7,power,-0.4,1,0.96,0.96,False,,,,,,,,,,,,,,,
tune,segment,7,power,-0.4,2,0.9742857142857143,0.9628571428571429,False,,,,,,,,,,,,,,,
tune,segment,7,power,-0.4,4,0.9771428571428571,0.9657142857142857,False,,,,,,,,,,,,,,,
tune,segment,7,power,-0.4,8,0.9828571428571429,0.9657142857142857,False,,,,,,,,,,,,,,,
tune,segment,7,power,-0.4,16,0.96,0.9657142857142857,False,,,,,,,,,,,,,,,
tune,segment,7,power,-0.4,32,0.9714285714285714,0.9742857142857143,False,,,,,,,,,,,,,,,
tune,segment,7,power,-0.4,64,0.1657142857142857,0.15714285714285714,False,,,,,,,,,,,,,,,
tune,segment,7,power,-0.4,128,0.15428571428571428,0.14857142857142858,False,,,,,,,,,,,,,,,
tune,segment,7,power,-0.2,0.5,0.9314285714285714,0.9314285714285714,False,,,,,,,,,,,,,,,
tune,segment,7,power,-0.2,1,0.9371428571428572,0.94,False,,,,,,,,,,,,,,,
tune,segment,7,power,-0.2,2,0.9514285714285714,0.9514285714285714,False,,,,,,,,,,,,,,,
tune,segment,7,power,-0.2,4,0.9685714285714285,0.9628571428571429,False,,,,,,,,,,,,,,,
tune,segment,7,power,-0.2,8,0.98,0.9628571428571429,False,,,,,,,,,,,,,,,
tune,segment,7,power,-0.2,16,0.98,0.9742857142857143,False,,,,,,,,,,,,,,,
tune,segment,7,power,-0.2,32,0.9742857142857143,0.9685714285714285,False,,,,,,,,,,,,,,,
tune,segment,7,power,-0.2,64,0.21714285714285714,0.22,False,,,,,,,,,,,,,,,
tune,segment,7,power,-0.2,128,0.24571428571428572,0.25142857142857145,False,,,,,,,,,,,,,,,
tune,segment,7,power,0.2,0.5,0.9114285714285715,0.9314285714285714,False,,,,,,,,,,,,,,,
tune,segment,7,power,0.2,1,0.9171428571428571,0.94,False,,,,,,,,,,,,,,,
tune,segment,7,power,0.2,2,0.9314285714285714,0.9371428571428572,False,,,,,,,,,,,,,,,
tune,segment,7,power,0.2,4,0.9342857142857143,0.94,False,,,,,,,,,,,,,,,
tune,segment,7,power,0.2,8,0.94,0.9514285714285714,False,,,,,,,,,,,,,,,
tune,segment,7,power,0.2,16,0.9542857142857143,0.9657142857142857,False,,,,,,,,,,,,,,,
tune,segment,7,power,0.2,32,0.38285714285714284,0.38285714285714284,False,,,,,,,,,,,,,,,
tune,segment,7,power,0.2,64,0.2057142857142857,0.2,False,,,,,,,,,,,,,,,
tune,segment,7,power,0.2,128,0.1457142857142857,0.14285714285714285,False,,,,,,,,,,,,,,,
tune,segment,7,power,0.5,0.5,0.8914285714285715,0.9257142857142857,False,,,,,,,,,,,,,,,
tune,segment,7,power,0.5,1,0.9114285714285715,0.9314285714285714,False,,,,,,,,,,,,,,,
tune,segment,7,power,0.5,2,0.9142857142857143,0.9371428571428572,False,,,,,,,,,,,,,,,
tune,segment,7,power,0.5,4,0.9285714285714286,0.9314285714285714,False,,,,,,,,,,,,,,,
tune,segment,7,power,0.5,8,0.9285714285714286,0.9342857142857143,False,,,,,,,,,,,,,,,
tune,segment,7,power,0.5,16,0.43142857142857144,0.42857142857142855,False,,,,,,,,,,,,,,,
tune,segment,7,power,0.5,32,0.16285714285714287,0.16285714285714287,False,,,,,,,,,,,,,,,
tune,segment,7,power,0.5,64,0.1457142857142857,0.14285714285714285,False,,,,,,,,,,,,,,,
tune,segment,7,power,0.5,128,0.14285714285714285,0.14285714285714285,False,,,,,,,,,,,,,,,
tune,segment,7,power,1.0,0.5,0.8714285714285714,0.8885714285714286,False,,,,,,,,,,,,,,,
tune,segment,7,power,1.0,1,0.8828571428571429,0.9171428571428571,False,,,,,,,,,,,,,,,
tune,segment,7,power,1.0,2,0.8942857142857142,0.92,False,,,,,,,,,,,,,,,
tune,segment,7,power,1.0,4,0.6971428571428572,0.7057142857142857,False,,,,,,,,,,,,,,,
tune,segment,7,power,1.0,8,0.42857142857142855,0.4257142857142857,False,,,,,,,,,,,,,,,
tune,segment,7,power,1.0,16,0.22857142857142856,0.23714285714285716,False,,,,,,,,,,,,,,,
tune,segment,7,power,1.0,32,0.23714285714285716,0.24285714285714285,False,,,,,,,,,,,,,,,
tune,segment,7,power,1.0,64,0.2342857142857143,0.2342857142857143,False,,,,,,,,,,,,,,,
tune,segment,7,power,1.0,128,0.1657142857142857,0.19428571428571428,False,,,,,,,,,,,,,,,
tune,segment,7,power,1.5,0.5,0.7,0.7057142857142857,False,,,,,,,,,,,,,,,
tune,segment,7,power,1.5,1,0.44,0.44571428571428573,False,,,,,,,,,,,,,,,
tune,segment,7,power,1.5,2,0.2857142857142857,0.2857142857142857,False,,,,,,,,,,,,,,,
tune,segment,7,power,1.5,4,0.14857142857142858,0.15428571428571428,False,,,,,,,,,,,,,,,
tune,segment,7,power,1.5,8,0.12571428571428572,0.12857142857142856,False,,,,,,,,,,,,,,,
tune,segment,7,power,1.5,16,0.04,0.03142857142857143,False,,,,,,,,,,,,,,,
tune,segment,7,power,1.5,32,0.04,0.025714285714285714,False,,,,,,,,,,,,,,,
tune,segment,7,power,1.5,64,0.06285714285714286,0.07142857142857142,False,,,,,,,,,,,,,,,
tune,segment,7,power,1.5,128,0.08285714285714285,0.08571428571428572,False,,,,,,,,,,,,,,,
best,segment,7,gradient descent,,32,0.9742857142857143,0.9685714285714285,False,0,,,,,,,,,,,,,,
best,segment,7,power,-0.6,2,0.9828571428571429,0.9685714285714285,False,0,,,,,,,,,,,,,,
seed,segment,7,power,-0.6,2,0.9571428571428572,0.9628571428571429,False,,100,,,,,,,,,,,,,
seed,segment,7,gradient descent,,32,0.7114285714285714,0.7114285714285714,False,,100,,,,,,,,,,,,,
seed,segment,7,power,-0.6,2,0.9457142857142857,0.9542857142857143,False,,101,,,,,,,,,,,,,
seed,segment,7,gradient descent,,32,0.6857142857142857,0.6885714285714286,False,,101,,,,,,,,,,,,,
seed,segment,7,power,-0.6,2,0.9714285714285714,0.9542857142857143,False,,102,,,,,,,,,,,,,
seed,segment,7,gradient descent,,32,0.6885714285714286,0.6942857142857143,False,,102,,,,,,,,,,,,,
seed,segment,7,power,-0.6,2,0.96,0.9685714285714285,False,,103,,,,,,,,,,,,,
seed,segment,7,gradient descent,,32,0.6857142857142857,0.6914285714285714,False,,103,,,,,,,,,,,,,
seed,segment,7,power,-0.6,2,0.98,0.98,False,,104,,,,,,,,,,,,,
seed,segment,7,gradient descent,,32,0.5857142857142857,0.5885714285714285,False,,104,,,,,,,,,,,,,
seed,segment,7,power,-0.6,2,0.9742857142857143,0.9771428571428571,False,,105,,,,,,,,,,,,,
seed,segment,7,gradient descent,,32,0.5885714285714285,0.5771428571428572,False,,105,,,,,,,,,,,,,
seed,segment,7,power,-0.6,2,0.9714285714285714,0.9657142857142857,False,,106,,,,,,,,,,,,,
seed,segment,7,gradient descent,,32,0.6914285714285714,0.6857142857142857,False,,106,,,,,,,,,,,,,
seed,segment,7,power,-0.6,2,0.9771428571428571,0.9742857142857143,False,,107,,,,,,,,,,,,,
seed,segment,7,gradient descent,,32,0.8342857142857143,0.8285714285714286,False,,107,,,,,,,,,,,,,
split_summary,segment,7,,,,,,,,,0.4,2,32,28.392857142857142,2.870853582394126,8,8,0,,,,,
tune,segment,8,gradient descent,,0.5,0.9257142857142857,0.9257142857142857,False,,,,,,,,,,,,,,,
tune,segment,8,gradient descent,,1,0.9314285714285714,0.92,False,,,,,,,,,,,,,,,
tune,segment,8,gradient descent,,2,0.94,0.9314285714285714,False,,,,,,,,,,,,,,,
tune,segment,8,gradient descent,,4,0.9457142857142857,0.9457142857142857,False,,,,,,,,,,,,,,,
tune,segment,8,gradient descent,,8,0.9571428571428572,0.9571428571428572,False,,,,,,,,,,,,,,,
tune,segment,8,gradient descent,,16,0.9657142857142857,0.9685714285714285,False,,,,,,,,,,,,,,,
tune,segment,8,gradient descent,,32,0.8257142857142857,0.8142857142857143,False,,,,,,,,,,,,,,,
tune,segment,8,gradient descent,,64,0.14285714285714285,0.14285714285714285,False,,,,,,,,,,,,,,,
tune,segment,8,gradient descent,,128,0.14285714285714285,0.14285714285714285,False,,,,,,,,,,,,,,,
tune,segment,8,power,-1.5,0.5,0.5114285714285715,0.5,False,,,,,,,,,,,,,,,
tune,segment,8,power,-1.5,1,0.17142857142857143,0.17714285714285713,False,,,,,,,,,,,,,,,
tune,segment,8,power,-1.5,2,0.28285714285714286,0.26285714285714284,False,,,,,,,,,,,,,,,
tune,segment,8,power,-1.5,4,0.5971428571428572,0.5942857142857143,False,,,,,,,,,,,,,,,
tune,segment,8,power,-1.5,8,0.40285714285714286,0.40285714285714286,False,,,,,,,,,,,,,,,
tune,segment,8,power,-1.5,16,0.4,0.40285714285714286,False,,,,,,,,,,,,,,,
tune,segment,8,power,-1.5,32,0.21428571428571427,0.18285714285714286,False,,,,,,,,,,,,,,,
tune,segment,8,power,-1.5,64,0.15142857142857144,0.16857142857142857,False,,,,,,,,,,,,,,,
tune,segment,8,power,-1.5,128,0.08857142857142856,0.09428571428571429,False,,,,,,,,,,,,,,,
tune,segment,8,power,-1.0,0.5,0.9085714285714286,0.9171428571428571,False,,,,,,,,,,,,,,,
tune,segment,8,power,-1.0,1,0.8285714285714286,0.8228571428571428,False,,,,,,,,,,,,,,,
tune,segment,8,power,-1.0,2,0.74,0.7457142857142857,False,,,,,,,,,,,,,,,
tune,segment,8,power,-1.0,4,0.74,0.7142857142857143,False,,,,,,,,,,,,,,,
tune,segment,8,power,-1.0,8,0.7085714285714285,0.7257142857142858,False,,,,,,,,,,,,,,,
tune,segment,8,power,-1.0,16,0.6171428571428571,0.6171428571428571,False,,,,,,,,,,,,,,,
tune,segment,8,power,-1.0,32,0.36857142857142855,0.36,False,,,,,,,,,,,,,,,
tune,segment,8,power,-1.0,64,0.35428571428571426,0.36857142857142855,False,,,,,,,,,,,,,,,
tune,segment,8,power,-1.0,128,0.14285714285714285,0.14285714285714285,False,,,,,,,,,,,,,,,
tune,segment,8,power,-0.8,0.5,0.94,0.9371428571428572,False,,,,,,,,,,,,,,,
tune,segment,8,power,-0.8,1,0.9485714285714286,0.9514285714285714,False,,,,,,,,,,,,,,,
tune,segment,8,power,-0.8,2,0.9457142857142857,0.9457142857142857,False,,,,,,,,,,,,,,,
tune,segment,8,power,-0.8,4,0.88,0.8885714285714286,False,,,,,,,,,,,,,,,
tune,segment,8,power,-0.8,8,0.7142857142857143,0.7028571428571428,False,,,,,,,,,,,,,,,
tune,segment,8,power,-0.8,16,0.6542857142857142,0.6485714285714286,False,,,,,,,,,,,,,,,
tune,segment,8,power,-0.8,32,0.82,0.82,False,,,,,,,,,,,,,,,
tune,segment,8,power,-0.8,64,0.7571428571428571,0.74,False,,,,,,,,,,,,,,,
tune,segment,8,power,-0.8,128,0.14285714285714285,0.14285714285714285,False,,,,,,,,,,,,,,,
tune,segment,8,power,-0.6,0.5,0.9514285714285714,0.9514285714285714,False,,,,,,,,,,,,,,,
tune,segment,8,power,-0.6,1,0.9514285714285714,0.9457142857142857,False,,,,,,,,,,,,,,,
tune,segment,8,power,-0.6,2,0.9542857142857143,0.9571428571428572,False,,,,,,,,,,,,,,,
tune,segment,8,power,-0.6,4,0.9571428571428572,0.9542857142857143,False,,,,,,,,,,,,,,,
tune,segment,8,power,-0.6,8,0.9342857142857143,0.9485714285714286,False,,,,,,,,,,,,,,,
tune,segment,8,power,-0.6,16,0.9514285714285714,0.9428571428571428,False,,,,,,,,,,,,,,,
tune,segment,8,power,-0.6,32,0.8171428571428572,0.82,False,,,,,,,,,,,,,,,
tune,segment,8,power,-0.6,64,0.8485714285714285,0.8457142857142858,False,,,,,,,,,,,,,,,
tune,segment,8,power,-0.6,128,0.14285714285714285,0.14285714285714285,False,,,,,,,,,,,,,,,
tune,segment,8,power,-0.4,0.5,0.9428571428571428,0.94,False,,,,,,,,,,,,,,,
tune,segment,8,power,-0.4,1,0.9457142857142857,0.9457142857142857,False,,,,,,,,,,,,,,,
tune,segment,8,power,-0.4,2,0.9457142857142857,0.9514285714285714,False,,,,,,,,,,,,,,,
tune,segment,8,power,-0.4,4,0.9514285714285714,0.9542857142857143,False,,,,,,,,,,,,,,,
tune,segment,8,power,-0.4,8,0.9542857142857143,0.9628571428571429,False,,,,,,,,,,,,,,,
tune,segment,8,power,-0.4,16,0.9571428571428572,0.96,False,,,,,,,,,,,,,,,
tune,segment,8,power,-0.4,32,0.9514285714285714,0.9485714285714286,False,,,,,,,,,,,,,,,
tune,segment,8,power,-0.4,64,0.6914285714285714,0.68,False,,,,,,,,,,,,,,,
tune,segment,8,power,-0.4,128,0.14285714285714285,0.14285714285714285,False,,,,,,,,,,,,,,,
tune,segment,8,power,-0.2,0.5,0.9314285714285714,0.9171428571428571,False,,,,,,,,,,,,,,,
tune,segment,8,power,-0.2,1,0.9342857142857143,0.9342857142857143,False,,,,,,,,,,,,,,,
tune,segment,8,power,-0.2,2,0.9457142857142857,0.9485714285714286,False,,,,,,,,,,,,,,,
tune,segment,8,power,-0.2,4,0.9542857142857143,0.9514285714285714,False,,,,,,,,,,,,,,,
tune,segment,8,power,-0.2,8,0.9742857142857143,0.9685714285714285,False,,,,,,,,,,,,,,,
tune,segment,8,power,-0.2,16,0.9657142857142857,0.9714285714285714,False,,,,,,,,,,,,,,,
tune,segment,8,power,-0.2,32,0.8028571428571428,0.8028571428571428,False,,,,,,,,,,,,,,,
tune,segment,8,power,-0.2,64,0.4085714285714286,0.3942857142857143,False,,,,,,,,,,,,,,,
tune,segment,8,power,-0.2,128,0.14285714285714285,0.14285714285714285,False,,,,,,,,,,,,,,,
tune,segment,8,power,0.2,0.5,0.9228571428571428,0.9085714285714286,False,,,,,,,,,,,,,,,
tune,segment,8,power,0.2,1,0.9285714285714286,0.9228571428571428,False,,,,,,,,,,,,,,,
tune,segment,8,power,0.2,2,0.9371428571428572,0.92,False,,,,,,,,,,,,,,,
tune,segment,8,power,0.2,4,0.9428571428571428,0.9285714285714286,False,,,,,,,,,,,,,,,
tune,segment,8,power,0.2,8,0.9428571428571428,0.9428571428571428,False,,,,,,,,,,,,,,,
tune,segment,8,power,0.2,16,0.9485714285714286,0.9485714285714286,False,,,,,,,,,,,,,,,
tune,segment,8,power,0.2,32,0.2885714285714286,0.2914285714285714,False,,,,,,,,,,,,,,,
tune,segment,8,power,0.2,64,0.14285714285714285,0.14285714285714285,False,,,,,,,,,,,,,,,
tune,segment,8,power,0.2,128,0.14285714285714285,0.14285714285714285,False,,,,,,,,,,,,,,,
tune,segment,8,power,0.5,0.5,0.9228571428571428,0.8942857142857142,False,,,,,,,,,,,,,,,
tune,segment,8,power,0.5,1,0.9257142857142857,0.9085714285714286,False,,,,,,,,,,,,,,,
tune,segment,8,power,0.5,2,0.9314285714285714,0.9228571428571428,False,,,,,,,,,,,,,,,
tune,segment,8,power,0.5,4,0.9342857142857143,0.9257142857142857,False,,,,,,,,,,,,,,,
tune,segment,8,power,0.5,8,0.9371428571428572,0.9228571428571428,False,,,,,,,,,,,,,,,
tune,segment,8,power,0.5,16,0.42857142857142855,0.42857142857142855,False,,,,,,,,,,,,,,,
tune,segment,8,power,0.5,32,0.14285714285714285,0.14285714285714285,False,,,,,,,,,,,,,,,
tune,segment,8,power,0.5,64,0.14285714285714285,0.14285714285714285,False,,,,,,,,,,,,,,,
tune,segment,8,power,0.5,128,0.14285714285714285,0.14285714285714285,False,,,,,,,,,,,,,,,
tune,segment,8,power,1.0,0.5,0.82,0.7885714285714286,False,,,,,,,,,,,,,,,
tune,segment,8,power,1.0,1,0.9257142857142857,0.8942857142857142,False,,,,,,,,,,,,,,,
tune,segment,8,power,1.0,2,0.9371428571428572,0.9114285714285715,False,,,,,,,,,,,,,,,
tune,segment,8,power,1.0,4,0.5257142857142857,0.5285714285714286,False,,,,,,,,,,,,,,,
tune,segment,8,power,1.0,8,0.42857142857142855,0.4257142857142857,False,,,,,,,,,,,,,,,
tune,segment,8,power,1.0,16,0.18571428571428572,0.19142857142857142,False,,,,,,,,,,,,,,,
tune,segment,8,power,1.0,32,0.17142857142857143,0.18571428571428572,False,,,,,,,,,,,,,,,
tune,segment,8,power,1.0,64,0.1742857142857143,0.2,False,,,,,,,,,,,,,,,
tune,segment,8,power,1.0,128,0.2742857142857143,0.3171428571428571,False,,,,,,,,,,,,,,,
tune,segment,8,power,1.5,0.5,0.5714285714285714,0.5714285714285714,False,,,,,,,,,,,,,,,
tune,segment,8,power,1.5,1,0.2857142857142857,0.2857142857142857,False,,,,,,,,,,,,,,,
tune,segment,8,power,1.5,2,0.42857142857142855,0.42857142857142855,False,,,,,,,,,,,,,,,
tune,segment,8,power,1.5,4,0.1457142857142857,0.14285714285714285,False,,,,,,,,,,,,,,,
tune,segment,8,power,1.5,8,0.1457142857142857,0.14285714285714285,False,,,,,,,,,,,,,,,
tune,segment,8,power,1.5,16,0.1457142857142857,0.1457142857142857,False,,,,,,,,,,,,,,,
tune,segment,8,power,1.5,32,0.15428571428571428,0.16857142857142857,False,,,,,,,,,,,,,,,
tune,segment,8,power,1.5,64,0.19142857142857142,0.21142857142857144,False,,,,,,,,,,,,,,,
tune,segment,8,power,1.5,128,0.22,0.22857142857142856,False,,,,,,,,,,,,,,,
best,segment,8,gradient descent,,16,0.9657142857142857,0.9685714285714285,False,0,,,,,,,,,,,,,,
best,segment,8,power,-0.2,8,0.9742857142857143,0.9685714285714285,False,0,,,,,,,,,,,,,,
seed,segment,8,power,-0.2,8,0.9571428571428572,0.9571428571428572,False,,100,,,,,,,,,,,,,
seed,segment,8,gradient descent,,16,0.9514285714285714,0.9542857142857143,False,,100,,,,,,,,,,,,,
seed,segment,8,power,-0.2,8,0.9514285714285714,0.9571428571428572,False,,101,,,,,,,,,,,,,
seed,segment,8,gradient descent,,16,0.9514285714285714,0.9571428571428572,False,,101,,,,,,,,,,,,,
seed,segment,8,power,-0.2,8,0.9571428571428572,0.9542857142857143,False,,102,,,,,,,,,,,,,
seed,segment,8,gradient descent,,16,0.9714285714285714,0.9685714285714285,False,,102,,,,,,,,,,,,,
seed,segment,8,power,-0.2,8,0.96,0.9685714285714285,False,,103,,,,,,,,,,,,,
seed,segment,8,gradient descent,,16,0.9428571428571428,0.9485714285714286,False,,103,,,,,,,,,,,,,
seed,segment,8,power,-0.2,8,0.9714285714285714,0.9685714285714285,False,,104,,,,,,,,,,,,,
seed,segment,8,gradient descent,,16,0.9628571428571429,0.9685714285714285,False,,104,,,,,,,,,,,,,
seed,segment,8,power,-0.2,8,0.9542857142857143,0.96,False,,105,,,,,,,,,,,,,
seed,segment,8,gradient descent,,16,0.9485714285714286,0.9542857142857143,False,,105,,,,,,,,,,,,,
seed,segment,8,power,-0.2,8,0.9485714285714286,0.9571428571428572,False,,106,,,,,,,,,,,,,
seed,segment,8,gradient descent,,16,0.96,0.9714285714285714,False,,106,,,,,,,,,,,,,
seed,segment,8,power,-0.2,8,0.9542857142857143,0.96,False,,107,,,,,,,,,,,,,
seed,segment,8,gradient descent,,16,0.9485714285714286,0.9428571428571428,False,,107,,,,,,,,,,,,,
split_summary,segment,8,,,,,,,,,0.8,8,16,0.21428571428571408,0.44443432123229576,8,4,2,,,,,
tune,segment,9,gradient descent,,0.5,0.9228571428571428,0.9371428571428572,False,,,,,,,,,,,,,,,
tune,segment,9,gradient descent,,1,0.9228571428571428,0.9371428571428572,False,,,,,,,,,,,,,,,
tune,segment,9,gradient descent,,2,0.9285714285714286,0.9542857142857143,False,,,,,,,,,,,,,,,
tune,segment,9,gradient descent,,4,0.9314285714285714,0.9657142857142857,False,,,,,,,,,,,,,,,
tune,segment,9,gradient descent,,8,0.9514285714285714,0.9742857142857143,False,,,,,,,,,,,,,,,
tune,segment,9,gradient descent,,16,0.9571428571428572,0.9628571428571429,False,,,,,,,,,,,,,,,
tune,segment,9,gradient descent,,32,0.82,0.8285714285714286,False,,,,,,,,,,,,,,,
tune,segment,9,gradient descent,,64,0.14285714285714285,0.14285714285714285,False,,,,,,,,,,,,,,,
tune,segment,9,gradient descent,,128,0.14285714285714285,0.14285714285714285,False,,,,,,,,,,,,,,,
tune,segment,9,power,-1.5,0.5,0.14285714285714285,0.14285714285714285,False,,,,,,,,,,,,,,,
tune,segment,9,power,-1.5,1,0.14285714285714285,0.14285714285714285,False,,,,,,,,,,,,,,,
tune,segment,9,power,-1.5,2,0.4257142857142857,0.42857142857142855,False,,,,,,,,,,,,,,,
tune,segment,9,power,-1.5,4,0.2914285714285714,0.2885714285714286,False,,,,,,,,,,,,,,,
tune,segment,9,power,-1.5,8,0.32857142857142857,0.35428571428571426,False,,,,,,,,,,,,,,,
tune,segment,9,power,-1.5,16,0.22285714285714286,0.23142857142857143,False,,,,,,,,,,,,,,,
tune,segment,9,power,-1.5,32,0.0,0.0,False,,,,,,,,,,,,,,,
tune,segment,9,power,-1.5,64,0.08285714285714285,0.06285714285714286,False,,,,,,,,,,,,,,,
tune,segment,9,power,-1.5,128,0.14285714285714285,0.17714285714285713,False,,,,,,,,,,,,,,,
tune,segment,9,power,-1.0,0.5,0.9057142857142857,0.9171428571428571,False,,,,,,,,,,,,,,,
tune,segment,9,power,-1.0,1,0.6714285714285714,0.6914285714285714,False,,,,,,,,,,,,,,,
tune,segment,9,power,-1.0,2,0.6657142857142857,0.6628571428571428,False,,,,,,,,,,,,,,,
tune,segment,9,power,-1.0,4,0.6885714285714286,0.6742857142857143,False,,,,,,,,,,,,,,,
tune,segment,9,power,-1.0,8,0.6057142857142858,0.6257142857142857,False,,,,,,,,,,,,,,,
tune,segment,9,power,-1.0,16,0.52,0.5257142857142857,False,,,,,,,,,,,,,,,
tune,segment,9,power,-1.0,32,0.48,0.48,False,,,,,,,,,,,,,,,
tune,segment,9,power,-1.0,64,0.40285714285714286,0.4,False,,,,,,,,,,,,,,,
tune,segment,9,power,-1.0,128,0.14285714285714285,0.14285714285714285,False,,,,,,,,,,,,,,,
tune,segment,9,power,-0.8,0.5,0.9542857142857143,0.9628571428571429,False,,,,,,,,,,,,,,,
tune,segment,9,power,-0.8,1,0.9542857142857143,0.9685714285714285,False,,,,,,,,,,,,,,,
tune,segment,9,power,-0.8,2,0.9485714285714286,0.9571428571428572,False,,,,,,,,,,,,,,,
tune,segment,9,power,-0.8,4,0.94,0.9485714285714286,False,,,,,,,,,,,,,,,
tune,segment,9,power,-0.8,8,0.8342857142857143,0.8514285714285714,False,,,,,,,,,,,,,,,
tune,segment,9,power,-0.8,16,0.6342857142857142,0.6571428571428571,False,,,,,,,,,,,,,,,
tune,segment,9,power,-0.8,32,0.74,0.7485714285714286,False,,,,,,,,,,,,,,,
tune,segment,9,power,-0.8,64,0.6,0.5857142857142857,False,,,,,,,,,,,,,,,
tune,segment,9,power,-0.8,128,0.14285714285714285,0.14285714285714285,False,,,,,,,,,,,,,,,
tune,segment,9,power,-0.6,0.5,0.94,0.9657142857142857,False,,,,,,,,,,,,,,,
tune,segment,9,power,-0.6,1,0.9657142857142857,0.9685714285714285,False,,,,,,,,,,,,,,,
tune,segment,9,power,-0.6,2,0.9628571428571429,0.9771428571428571,False,,,,,,,,,,,,,,,
tune,segment,9,power,-0.6,4,0.9714285714285714,0.98,False,,,,,,,,,,,,,,,
tune,segment,9,power,-0.6,8,0.9657142857142857,0.9542857142857143,False,,,,,,,,,,,,,,,
tune,segment,9,power,-0.6,16,0.9314285714285714,0.9371428571428572,False,,,,,,,,,,,,,,,
tune,segment,9,power,-0.6,32,0.8371428571428572,0.8342857142857143,False,,,,,,,,,,,,,,,
tune,segment,9,power,-0.6,64,0.6742857142857143,0.6857142857142857,False,,,,,,,,,,,,,,,
tune,segment,9,power,-0.6,128,0.14285714285714285,0.14285714285714285,False,,,,,,,,,,,,,,,
tune,segment,9,power,-0.4,0.5,0.9228571428571428,0.9542857142857143,False,,,,,,,,,,,,,,,
tune,segment,9,power,-0.4,1,0.94,0.9657142857142857,False,,,,,,,,,,,,,,,
tune,segment,9,power,-0.4,2,0.9657142857142857,0.9685714285714285,False,,,,,,,,,,,,,,,
tune,segment,9,power,-0.4,4,0.9742857142857143,0.9685714285714285,False,,,,,,,,,,,,,,,
tune,segment,9,power,-0.4,8,0.9628571428571429,0.9771428571428571,False,,,,,,,,,,,,,,,
tune,segment,9,power,-0.4,16,0.9628571428571429,0.9714285714285714,False,,,,,,,,,,,,,,,
tune,segment,9,power,-0.4,32,0.9685714285714285,0.9742857142857143,False,,,,,,,,,,,,,,,
tune,segment,9,power,-0.4,64,0.14285714285714285,0.14285714285714285,False,,,,,,,,,,,,,,,
tune,segment,9,power,-0.4,128,0.14285714285714285,0.14285714285714285,False,,,,,,,,,,,,,,,
tune,segment,9,power,-0.2,0.5,0.9228571428571428,0.94,False,,,,,,,,,,,,,,,
tune,segment,9,power,-0.2,1,0.9285714285714286,0.9485714285714286,False,,,,,,,,,,,,,,,
tune,segment,9,power,-0.2,2,0.9314285714285714,0.9685714285714285,False,,,,,,,,,,,,,,,
tune,segment,9,power,-0.2,4,0.96,0.9685714285714285,False,,,,,,,,,,,,,,,
tune,segment,9,power,-0.2,8,0.9742857142857143,0.9771428571428571,False,,,,,,,,,,,,,,,
tune,segment,9,power,-0.2,16,0.9571428571428572,0.9714285714285714,False,,,,,,,,,,,,,,,
tune,segment,9,power,-0.2,32,0.82,0.8342857142857143,False,,,,,,,,,,,,,,,
tune,segment,9,power,-0.2,64,0.14285714285714285,0.14285714285714285,False,,,,,,,,,,,,,,,
tune,segment,9,power,-0.2,128,0.14285714285714285,0.14285714285714285,False,,,,,,,,,,,,,,,
tune,segment,9,power,0.2,0.5,0.9142857142857143,0.9228571428571428,False,,,,,,,,,,,,,,,
tune,segment,9,power,0.2,1,0.9228571428571428,0.9371428571428572,False,,,,,,,,,,,,,,,
tune,segment,9,power,0.2,2,0.9257142857142857,0.9342857142857143,False,,,,,,,,,,,,,,,
tune,segment,9,power,0.2,4,0.9314285714285714,0.9514285714285714,False,,,,,,,,,,,,,,,
tune,segment,9,power,0.2,8,0.9371428571428572,0.96,False,,,,,,,,,,,,,,,
tune,segment,9,power,0.2,16,0.9314285714285714,0.9628571428571429,False,,,,,,,,,,,,,,,
tune,segment,9,power,0.2,32,0.1657142857142857,0.16857142857142857,False,,,,,,,,,,,,,,,
tune,segment,9,power,0.2,64,0.14285714285714285,0.14285714285714285,False,,,,,,,,,,,,,,,
tune,segment,9,power,0.2,128,0.14285714285714285,0.14285714285714285,False,,,,,,,,,,,,,,,
tune,segment,9,power,0.5,0.5,0.8942857142857142,0.9114285714285715,False,,,,,,,,,,,,,,,
tune,segment,9,power,0.5,1,0.9142857142857143,0.9228571428571428,False,,,,,,,,,,,,,,,
tune,segment,9,power,0.5,2,0.9228571428571428,0.9342857142857143,False,,,,,,,,,,,,,,,
tune,segment,9,power,0.5,4,0.9257142857142857,0.9457142857142857,False,,,,,,,,,,,,,,,
tune,segment,9,power,0.5,8,0.9285714285714286,0.9457142857142857,False,,,,,,,,,,,,,,,
tune,segment,9,power,0.5,16,0.5685714285714286,0.5714285714285714,False,,,,,,,,,,,,,,,
tune,segment,9,power,0.5,32,0.1457142857142857,0.14285714285714285,False,,,,,,,,,,,,,,,
tune,segment,9,power,0.5,64,0.1457142857142857,0.14285714285714285,False,,,,,,,,,,,,,,,
tune,segment,9,power,0.5,128,0.14857142857142858,0.14285714285714285,False,,,,,,,,,,,,,,,
tune,segment,9,power,1.0,0.5,0.8742857142857143,0.8657142857142858,False,,,,,,,,,,,,,,,
tune,segment,9,power,1.0,1,0.8942857142857142,0.92,False,,,,,,,,,,,,,,,
tune,segment,9,power,1.0,2,0.7657142857142857,0.7771428571428571,False,,,,,,,,,,,,,,,
tune,segment,9,power,1.0,4,0.7942857142857143,0.8257142857142857,False,,,,,,,,,,,,,,,
tune,segment,9,power,1.0,8,0.3457142857142857,0.34,False,,,,,,,,,,,,,,,
tune,segment,9,power,1.0,16,0.14857142857142858,0.14285714285714285,False,,,,,,,,,,,,,,,
tune,segment,9,power,1.0,32,0.13714285714285715,0.14,False,,,,,,,,,,,,,,,
tune,segment,9,power,1.0,64,0.09714285714285714,0.08571428571428572,False,,,,,,,,,,,,,,,
tune,segment,9,power,1.0,128,0.06285714285714286,0.054285714285714284,False,,,,,,,,,,,,,,,
tune,segment,9,power,1.5,0.5,0.6942857142857143,0.6914285714285714,False,,,,,,,,,,,,,,,
tune,segment,9,power,1.5,1,0.3485714285714286,0.35428571428571426,False,,,,,,,,,,,,,,,
tune,segment,9,power,1.5,2,0.42857142857142855,0.42857142857142855,False,,,,,,,,,,,,,,,
tune,segment,9,power,1.5,4,0.2742857142857143,0.2571428571428571,False,,,,,,,,,,,,,,,
tune,segment,9,power,1.5,8,0.14285714285714285,0.14285714285714285,False,,,,,,,,,,,,,,,
tune,segment,9,power,1.5,16,0.14,0.13714285714285715,False,,,,,,,,,,,,,,,
tune,segment,9,power,1.5,32,0.06285714285714286,0.054285714285714284,False,,,,,,,,,,,,,,,
tune,segment,9,power,1.5,64,0.022857142857142857,0.014285714285714285,False,,,,,,,,,,,,,,,
tune,segment,9,power,1.5,128,0.03142857142857143,0.02857142857142857,False,,,,,,,,,,,,,,,
best,segment,9,gradient descent,,16,0.9571428571428572,0.9628571428571429,False,0,,,,,,,,,,,,,,
best,segment,9,power,-0.4,4,0.9742857142857143,0.9685714285714285,False,0,,,,,,,,,,,,,,
seed,segment,9,power,-0.4,4,0.9685714285714285,0.9685714285714285,False,,100,,,,,,,,,,,,,
seed,segment,9,gradient descent,,16,0.96,0.98,False,,100,,,,,,,,,,,,,
seed,segment,9,power,-0.4,4,0.9542857142857143,0.9685714285714285,False,,101,,,,,,,,,,,,,
seed,segment,9,gradient descent,,16,0.94,0.9571428571428572,False,,101,,,,,,,,,,,,,
seed,segment,9,power,-0.4,4,0.9714285714285714,0.9742857142857143,False,,102,,,,,,,,,,,,,
seed,segment,9,gradient descent,,16,0.9657142857142857,0.9685714285714285,False,,102,,,,,,,,,,,,,
seed,segment,9,power,-0.4,4,0.9657142857142857,0.9742857142857143,False,,103,,,,,,,,,,,,,
seed,segment,9,gradient descent,,16,0.9428571428571428,0.9485714285714286,False,,103,,,,,,,,,,,,,
seed,segment,9,power,-0.4,4,0.9514285714285714,0.9628571428571429,False,,104,,,,,,,,,,,,,
seed,segment,9,gradient descent,,16,0.96,0.9628571428571429,False,,104,,,,,,,,,,,,,
seed,segment,9,power,-0.4,4,0.9571428571428572,0.9571428571428572,False,,105,,,,,,,,,,,,,
seed,segment,9,gradient descent,,16,0.9657142857142857,0.9628571428571429,False,,105,,,,,,,,,,,,,
seed,segment,9,power,-0.4,4,0.9628571428571429,0.9628571428571429,False,,106,,,,,,,,,,,,,
seed,segment,9,gradient descent,,16,0.9485714285714286,0.9542857142857143,False,,106,,,,,,,,,,,,,
seed,segment,9,power,-0.4,4,0.9771428571428571,0.9742857142857143,False,,107,,,,,,,,,,,,,
seed,segment,9,gradient descent,,16,0.9714285714285714,0.9657142857142857,False,,107,,,,,,,,,,,,,
split_summary,segment,9,,,,,,,,,0.6,4,16,0.5357142857142851,0.4020265717977936,8,5,1,,,,,
across_splits,segment,,,,,,,,,,,,,2.128571428571429,,,,,10,9.34253373062878,-4.321428571428569,28.392857142857142,4
